"","D102300","D103780","D104130","D104300","D104310","D107650","D109100","D109350","D109800","D114480","D114500","D115645","D125320","D125852","D125853","D126200","D127350","D127750","D131200","D131440","D132090","D132300","D133239","D137750","D137760","D140600","D143465","D144700","D145500","D153800","D155600","D155601","D157300","D161400","D164230","D165199","D165720","D166760","D168600","D168601","D176807","D181000","D181500","D182830","D188470","D190310","D205700","D208550","D209850","D210050","D211980","D219700","D222100","D226150","D236000","D254200","D254500","D260480","D266600","D267740","D300125","D600319","D600803","D600807","D601208","D601318","D601367","D601518","D601665","D601666","D601682","D601941","D601942","D602080","D602096","D602404","D603266","D604827","D605055","D605526","D605839","D605841","D605844","D606889","D607060","D607154","D607373","D607498","D607499","D607501","D607508","D607516","D607682","D607688","D607822","D607850","D608049","D608895","D608907"
"D102300",49829481,0,0,0,0,0,0,0,0,0,0,0,0,0,0,0,0,0,0,0,2259.63545256666,2259.63545256666,0,0,0,0,0,0,0,0,0,0,0,0,6816.61846785226,0,0,0,0,0,0,0,29.5075981524249,0,0,0,0,0,0,0,0,0,0,0,0,0,0,0,0,2259.63545256666,0,0,0,0,0,0,0,0,0,0,0,0,0,0,0,0,0,0,0,0,0,0,0,0,0,0,0,0,0,0,0,0,0,0,0,0,0,0,0
"D103780",0,4982.9481,236.607222222222,6.34588570155051,6.34588570155051,106.246228144989,30.7931535038932,130.511998428497,54.7215912585109,26.7810445414847,21.2530219299805,377.496068181818,18.6153171697549,95.7154840568575,28.4713453750723,26.2094892699348,89.621368705036,15.5830754716981,47.7659902223926,0,27.0790321441187,27.0790321441187,2442.62161764706,55.2188397606383,55.2188397606383,13.7795146839224,10.2000902726603,0,32.2677552209811,0,17.7962432142857,17.7962432142857,144.172096925859,99.0252007154213,127.34342192691,0,13.7795146839224,0,15.7738148148148,15.7738148148148,29.0869763939479,0,1.92614924623116,0,0,106.246228144989,0,7.26843471030982,79.194979338843,0,30.7931535038932,160.740261290323,95.7154840568575,209.367567226891,0,153.32148,81.6074041925974,7.72733792012571,5.49678782597185,27.0790321441187,144.172096925859,95.7154840568575,0,7.26843471030982,95.7154840568575,95.7154840568575,64.8700701134462,29.0869763939479,39.1003460451977,95.7154840568575,55.2188397606383,95.7154840568575,95.7154840568575,0,6.34588570155051,15.7738148148148,95.7154840568575,53.4536376314096,0,6.34588570155051,0,99.0252007154213,92.5854347826087,6.34588570155051,15.7738148148148,23.6607222222222,79.194979338843,144.172096925859,0,228.549391124871,144.172096925859,144.172096925859,53.4536376314096,15.7738148148148,6.34588570155051,13.7795146839224,79.194979338843,0,6.34588570155051
"D104130",0,236.607222222222,153794.694444444,13.146812082529,13.146812082529,1521.04642857143,305.957614942529,944.008354646206,636.39183908046,148.631138592598,48.2043671696109,3226.46212121212,45.2455625653766,1324.5476076555,48.2043671696109,505.118967247514,1214.16864035088,37.0440853740131,1081.3689453125,0,111.92304115792,111.92304115792,0,535.455415860735,535.455415860735,231.067526397062,244.377162782486,0,115.288376645011,0,155.960816901408,155.960816901408,365.019053270042,1385.53778778779,631.168376652987,0,231.067526397062,0,271.602109394162,271.602109394162,83.9070849435478,0,3.23626899696049,0,0,1521.04642857143,0,5.57846983766181,2097.20037878788,0,305.957614942529,2636.48047619048,1324.5476076555,3740.95202702703,0,2476.12209302326,1072.98624031008,34.2739197721926,106.83667732972,111.92304115792,365.019053270042,1324.5476076555,0,5.57846983766181,1324.5476076555,1324.5476076555,213.219858793325,83.9070849435478,173.779315756434,1324.5476076555,535.455415860735,1324.5476076555,1324.5476076555,0,13.146812082529,271.602109394162,1324.5476076555,617.373884924175,0,13.146812082529,0,1385.53778778779,1267.53869047619,13.146812082529,271.602109394162,95.4653596799779,2097.20037878788,365.019053270042,0,656.307373162636,365.019053270042,365.019053270042,617.373884924175,271.602109394162,13.146812082529,231.067526397062,2097.20037878788,0,13.146812082529
"D104300",0,6.34588570155051,13.146812082529,121.2747267457,121.2747267457,6.59068247935513,2.46151482992919,6.38314241031274,7.71392704976371,5.9554968087025,2.44132314488301,5.33762014858512,72.2799626629417,6.04346574236133,3.68111734385181,5.46666712451258,8.59923670840639,62.9163638779857,5.19077856864275,17.1642967198043,6.01220169113719,6.01220169113719,0,6.80650554627386,6.80650554627386,6.79722118846456,5.98651697564343,24.1045270834089,8.84009777963154,0,4.08604992609691,4.08604992609691,2.74098585536454,15.609232529616,6.25983217193791,0,6.79722118846456,0,6.75681006901293,6.75681006901293,4.26693195619803,0,1.71122391731917,0,6.56341606247836,9.90071320449931,0,2.38911733493127,12.9908255086888,0,3.69736503419709,14.0700633201799,6.04346574236133,11.7962215241265,19.750279431909,22.5822390901678,5.3015822030958,2.90150417452948,1.19235473297768,6.01220169113719,2.74098585536454,6.04346574236133,0,2.38911733493127,6.04346574236133,6.04346574236133,7.01101203257046,4.26693195619803,6.13234424481559,6.04346574236133,6.80650554627386,6.04346574236133,6.04346574236133,0,121.2747267457,6.75681006901293,6.04346574236133,11.3911639492005,121.2747267457,121.2747267457,24.1045270834089,15.609232529616,2.93558022144155,121.2747267457,6.75681006901293,4.82876619886598,12.9908255086888,2.74098585536454,0,3.91899071607147,2.74098585536454,2.74098585536454,11.3911639492005,6.75681006901293,121.2747267457,6.79722118846456,12.9908255086888,0,121.2747267457
"D104310",0,6.34588570155051,13.146812082529,121.2747267457,121.2747267457,6.59068247935513,2.46151482992919,6.38314241031274,7.71392704976371,5.9554968087025,2.44132314488301,5.33762014858512,72.2799626629417,6.04346574236133,3.68111734385181,5.46666712451258,8.59923670840639,62.9163638779857,5.19077856864275,17.1642967198043,6.01220169113719,6.01220169113719,0,6.80650554627386,6.80650554627386,6.79722118846456,5.98651697564343,24.1045270834089,8.84009777963154,0,4.08604992609691,4.08604992609691,2.74098585536454,15.609232529616,6.25983217193791,0,6.79722118846456,0,6.75681006901293,6.75681006901293,4.26693195619803,0,1.71122391731917,0,6.56341606247836,9.90071320449931,0,2.38911733493127,12.9908255086888,0,3.69736503419709,14.0700633201799,6.04346574236133,11.7962215241265,19.750279431909,22.5822390901678,5.3015822030958,2.90150417452948,1.19235473297768,6.01220169113719,2.74098585536454,6.04346574236133,0,2.38911733493127,6.04346574236133,6.04346574236133,7.01101203257046,4.26693195619803,6.13234424481559,6.04346574236133,6.80650554627386,6.04346574236133,6.04346574236133,0,121.2747267457,6.75681006901293,6.04346574236133,11.3911639492005,121.2747267457,121.2747267457,24.1045270834089,15.609232529616,2.93558022144155,121.2747267457,6.75681006901293,4.82876619886598,12.9908255086888,2.74098585536454,0,3.91899071607147,2.74098585536454,2.74098585536454,11.3911639492005,6.75681006901293,121.2747267457,6.79722118846456,12.9908255086888,0,121.2747267457
"D107650",0,106.246228144989,1521.04642857143,6.59068247935513,6.59068247935513,40677.1273469388,135.242657655824,404.575009134088,266.810243092739,23.6388904833855,23.633004500894,1155.60020871985,43.8007462817763,520.357988721804,35.5471637947331,112.040564818042,480.979546332046,36.0567166555111,226.992898141399,0,52.213278216997,52.213278216997,0,238.515573319293,238.515573319293,107.611448007775,76.6047595987548,0,18.4908040410787,0,71.6326770889488,71.6326770889488,159.482408103826,541.948784599489,137.955373754153,0,107.611448007775,0,62.4019047619048,62.4019047619048,40.5508404438422,0,2.46656177606178,0,1521.04642857143,589.523584738243,0,2.80211670827991,414.830844155844,0,135.242657655824,965.21997094431,520.357988721804,1318.24023809524,0,912.627857142857,429.990775337619,8.44264111878444,2.83384181504255,52.213278216997,159.482408103826,520.357988721804,0,2.80211670827991,520.357988721804,520.357988721804,33.4515849892589,40.5508404438422,79.3766423473939,520.357988721804,238.515573319293,520.357988721804,520.357988721804,0,6.59068247935513,62.4019047619048,520.357988721804,259.467734124815,0,6.59068247935513,0,541.948784599489,1014.03095238095,6.59068247935513,62.4019047619048,44.8381033365727,414.830844155844,159.482408103826,0,274.474543501611,159.482408103826,159.482408103826,259.467734124815,62.4019047619048,6.59068247935513,107.611448007775,414.830844155844,0,6.59068247935513
"D109100",0,30.7931535038932,305.957614942529,2.46151482992919,2.46151482992919,135.242657655824,6583.36385255648,107.802118421309,68.5767067974633,40.2106639500985,38.0766137772603,241.057514803204,7.37370653585341,1030.59407138536,33.7633279889419,303.668565334417,229.101062068966,6.15763753343454,59.6617349137931,879.80438582552,16.3573512829477,16.3573512829477,0,33.8506297383223,33.8506297383223,67.7613315791084,12.3037669474859,0,12.6847087717851,0,65.7706398284111,65.7706398284111,43.9395976350145,383.796731185446,77.8937379535446,0,67.7613315791084,0,38.5692023685127,38.5692023685127,6.86630288524143,0,2.87751138581653,0,305.957614942529,135.242657655824,0,29.3900171989129,305.088417172806,0,76.550742471587,206.397353215284,1030.59407138536,545.478719211823,0,600.789498432602,103.254489845396,124.695493901478,49.5480256922382,16.3573512829477,43.9395976350145,1030.59407138536,0,29.3900171989129,1030.59407138536,1030.59407138536,33.0053393299509,6.86630288524143,47.8210449338243,1030.59407138536,33.8506297383223,1030.59407138536,1030.59407138536,0,2.46151482992919,38.5692023685127,1030.59407138536,66.949462907354,0,2.46151482992919,0,383.796731185446,358.194280908326,2.46151482992919,38.5692023685127,102.266824461966,305.088417172806,43.9395976350145,0,70.2677775944564,43.9395976350145,43.9395976350145,66.949462907354,38.5692023685127,2.46151482992919,67.7613315791084,305.088417172806,0,2.46151482992919
"D109350",0,130.511998428497,944.008354646206,6.38314241031274,6.38314241031274,404.575009134088,107.802118421309,10466.179584121,98.8186085528664,42.9056466330599,33.2249478416894,364.730500658762,29.7208200001789,931.587192085072,16.4869388534328,137.024803865223,167.168146135266,24.6993008483503,260.396535326087,0,44.8773546671854,44.8773546671854,2507.52219202899,144.049147201665,144.049147201665,92.6923875374596,84.648052055272,0,33.9499514046658,0,29.9343581887813,29.9343581887813,125.223927744815,185.885815007554,109.768413330954,0,92.6923875374596,0,26.351628947431,26.351628947431,27.621586968994,0,5.32571085032705,0,0,200.323548212024,1273.6620657925,12.3523260691083,295.727432966563,0,53.5533104415534,310.60920056101,931.587192085072,410.321813241107,0,295.485430157262,151.302407564288,28.1367705223664,13.8960459523015,44.8773546671854,125.223927744815,931.587192085072,0,12.3523260691083,931.587192085072,931.587192085072,59.6215802934446,27.621586968994,32.9035170085816,931.587192085072,144.049147201665,931.587192085072,931.587192085072,0,6.38314241031274,26.351628947431,931.587192085072,96.3788057259239,0,6.38314241031274,0,185.885815007554,529.059627329192,6.38314241031274,26.351628947431,98.6242750060565,295.727432966563,125.223927744815,0,204.348158263822,125.223927744815,125.223927744815,96.3788057259239,26.351628947431,6.38314241031274,92.6923875374596,295.727432966563,0,6.38314241031274
"D109800",0,54.7215912585109,636.39183908046,7.71392704976371,7.71392704976371,266.810243092739,68.5767067974633,98.8186085528664,14812.5686682521,66.5187047259609,61.4736909272347,494.320473393913,49.0741561259869,481.035264702475,13.4137252669246,115.777775454298,221.424995556346,40.6519894840537,110.941242608293,0,27.9901278021314,27.9901278021314,0,60.5276160883909,60.5276160883909,28.6490923955789,62.7651214756444,5633.63267382702,63.0993340500621,0,314.19574226601,314.19574226601,161.111857995053,247.018108901271,69.8592440037909,0,28.6490923955789,0,33.1454082854406,33.1454082854406,57.124456950891,0,3.42418885117027,0,1961.48169579594,818.218078817734,0,4.9309482916951,193.323353456035,0,280.143142661978,419.087308662742,481.035264702475,557.875962830273,636.39183908046,398.113523057748,823.906960209658,14.5692455217791,4.98600751421072,27.9901278021314,161.111857995053,481.035264702475,14812.5686682521,4.9309482916951,481.035264702475,481.035264702475,18.3066052153978,57.124456950891,126.255851292048,481.035264702475,60.5276160883909,481.035264702475,481.035264702475,0,7.71392704976371,33.1454082854406,481.035264702475,125.530242951289,0,7.71392704976371,5633.63267382702,247.018108901271,229.468211206897,7.71392704976371,33.1454082854406,73.3170321521267,193.323353456035,161.111857995053,0,132.214371000095,161.111857995053,161.111857995053,125.530242951289,33.1454082854406,7.71392704976371,28.6490923955789,193.323353456035,0,7.71392704976371
"D114480",0,26.7810445414847,148.631138592598,5.9554968087025,5.9554968087025,23.6388904833855,40.2106639500985,42.9056466330599,66.5187047259609,950.200816155298,20.5812609665035,39.5629067090115,3.90748266021806,21.5271059457423,16.8561458594441,49.2250883332884,20.2981331063025,5.01700772930631,35.1717651238518,0,7.76795612236053,7.76795612236053,0,43.8142130813269,43.8142130813269,24.0039698730903,12.2323965989017,186.777671158423,22.7214136059047,0,50.6037178836194,50.6037178836194,18.0024809216152,67.0833378582561,40.8094499061447,0,24.0039698730903,69.4529163420247,22.4487761167403,22.4487761167403,34.1952834310471,0,1.88193517363277,0,98.6829872560378,23.6388904833855,0,6.90912513175727,73.5370013178653,0,32.0654268935401,34.4025275730535,21.5271059457423,88.0955412548839,49.1409184506692,66.1587068712567,18.6729586286418,6.27584180028736,4.50196682936251,7.76795612236053,18.0024809216152,21.5271059457423,0,6.90912513175727,21.5271059457423,21.5271059457423,19.4579957626079,34.1952834310471,32.4463422982599,21.5271059457423,43.8142130813269,21.5271059457423,21.5271059457423,0,5.9554968087025,22.4487761167403,21.5271059457423,12.8504096674873,15.0387716427924,5.9554968087025,186.777671158423,67.0833378582561,20.896570335116,5.9554968087025,22.4487761167403,20.9327548724929,73.5370013178653,18.0024809216152,0,26.8836158759036,18.0024809216152,18.0024809216152,12.8504096674873,22.4487761167403,5.9554968087025,24.0039698730903,73.5370013178653,0,5.9554968087025
"D114500",0,21.2530219299805,48.2043671696109,2.44132314488301,2.44132314488301,23.633004500894,38.0766137772603,33.2249478416894,61.4736909272347,20.5812609665035,454.810388733217,19.4398552002447,2.21790085848746,43.415209421974,8.39649948430555,25.8049237381508,10.1717728831551,1.91274046973756,48.6247540926017,0,6.35440625852412,6.35440625852412,112.681316370281,34.6481216253134,34.6481216253134,10.8255482209874,5.05260072732656,89.8759633854895,11.9335900650571,0,32.5496732260962,32.5496732260962,23.5259007142827,56.0428258025072,8.43610191486102,0,10.8255482209874,0,2.39812407281075,2.39812407281075,14.9544562801718,0,1.87591574667533,0,96.9676255527825,11.7841282716787,62.6998078595147,6.28516360515593,18.3453861407135,0,29.4710314258709,16.9625057657121,43.415209421974,43.1353119400272,24.0329244365733,65.6100408240117,37.8484572396467,7.52351139593812,5.00357151651153,6.35440625852412,23.5259007142827,43.415209421974,0,6.28516360515593,43.415209421974,43.415209421974,15.5054319364193,14.9544562801718,14.3669108519139,43.415209421974,34.6481216253134,43.415209421974,43.415209421974,149.793272309149,2.44132314488301,2.39812407281075,43.415209421974,6.5592888619535,7.87766816696467,2.44132314488301,89.8759633854895,56.0428258025072,52.8774986549683,2.44132314488301,2.39812407281075,23.1835279388149,18.3453861407135,23.5259007142827,0,27.5113740260773,23.5259007142827,23.5259007142827,6.5592888619535,2.39812407281075,2.44132314488301,10.8255482209874,18.3453861407135,0,2.44132314488301
"D115645",0,377.496068181818,3226.46212121212,5.33762014858512,5.33762014858512,1155.60020871985,241.057514803204,364.730500658762,494.320473393913,39.5629067090115,19.4398552002447,102953.473140496,36.449572080639,1010.24817533047,78.4278398909585,197.883663209061,928.269020119225,29.8848978637143,416.355957553476,0,89.4187291390015,89.4187291390015,0,209.526032293331,209.526032293331,91.7143022793533,129.913470939282,0,30.7732997621112,0,124.108296388543,124.108296388543,286.705874568469,1055.44101075998,246.13957934046,0,91.7143022793533,0,107.548737373737,107.548737373737,33.6899659243033,0,1.31891714266052,0,0,1155.60020871985,0,4.53873981847038,791.94979338843,0,241.057514803204,1969.54470355731,1010.24817533047,2762.16635254989,0,1853.49951644101,823.029218419662,13.8522194917186,4.59058526840694,89.4187291390015,286.705874568469,1010.24817533047,0,4.53873981847038,1010.24817533047,1010.24817533047,56.4972913217987,33.6899659243033,138.091477203445,1010.24817533047,209.526032293331,1010.24817533047,1010.24817533047,0,5.33762014858512,107.548737373737,1010.24817533047,479.867883281972,0,5.33762014858512,0,1055.44101075998,967.938636363636,5.33762014858512,107.548737373737,76.400742396644,791.94979338843,286.705874568469,0,509.441387559809,286.705874568469,286.705874568469,479.867883281972,107.548737373737,5.33762014858512,91.7143022793533,791.94979338843,0,5.33762014858512
"D125320",0,18.6153171697549,45.2455625653766,72.2799626629417,72.2799626629417,43.8007462817763,7.37370653585341,29.7208200001789,49.0741561259869,3.90748266021806,2.21790085848746,36.449572080639,872.349591218641,19.8790572369618,5.57419330805698,6.41611178031252,56.6553131253411,7232.14528301887,10.7870215387653,121.569418251461,18.267260614826,18.267260614826,0,20.1635930658854,20.1635930658854,22.3943665200059,17.2378298719517,171.597985433132,14.6422889459411,0,4.5948551471351,4.5948551471351,16.7033770470482,20.4905702507376,7.48247029504935,0,22.3943665200059,0,20.9265835894063,20.9265835894063,10.4230141629383,105.94082942137,1.68486531482402,0,0,21.8201519938519,0,3.23845219480049,33.7255827080646,0,14.7929297787183,95.8581849660944,19.8790572369618,40.4053395932665,90.8459922881286,60.9802726824379,17.2549492924982,5.91719590222664,2.61138349189631,18.267260614826,16.7033770470482,19.8790572369618,0,3.23845219480049,19.8790572369618,19.8790572369618,10.3277549127557,10.4230141629383,9.95423978521152,19.8790572369618,20.1635930658854,19.8790572369618,19.8790572369618,0,72.2799626629417,20.9265835894063,19.8790572369618,48.0783010034026,109.10075996926,72.2799626629417,171.597985433132,20.4905702507376,19.2994124133347,72.2799626629417,20.9265835894063,3.21746222687122,33.7255827080646,16.7033770470482,0,12.399140785088,16.7033770470482,16.7033770470482,48.0783010034026,20.9265835894063,72.2799626629417,22.3943665200059,33.7255827080646,0,72.2799626629417
"D125852",0,95.7154840568575,1324.5476076555,6.04346574236133,6.04346574236133,520.357988721804,1030.59407138536,931.587192085072,481.035264702475,21.5271059457423,43.415209421974,1010.24817533047,19.8790572369618,34507.9508310249,76.6062569565909,203.286897384536,862.698770775623,16.3851322201543,202.86233471209,0,47.3155131550461,47.3155131550461,0,214.615733482643,214.615733482643,97.4909580743428,34.6190963508883,0,50.9203996419287,0,64.7556608187135,64.7556608187135,143.092768614027,970.975291802256,123.965034182166,0,97.4909580743428,0,113.606422488971,113.606422488971,74.4349628381482,0,3.783548189679,0,0,1055.3739489569,0,18.140830133782,367.929891015417,0,121.551921725894,846.001375212224,34507.9508310249,1150.26502770083,1324.5476076555,2480.3949525453,381.192480110159,62.7958113005913,18.3466347689313,47.3155131550461,143.092768614027,34507.9508310249,0,18.140830133782,34507.9508310249,34507.9508310249,92.0212022160665,74.4349628381482,144.321167904353,34507.9508310249,214.615733482643,34507.9508310249,34507.9508310249,0,6.04346574236133,113.606422488971,34507.9508310249,231.515206846566,0,6.04346574236133,0,970.975291802256,896.616842105263,6.04346574236133,113.606422488971,293.581363815411,367.929891015417,143.092768614027,0,244.737239936347,143.092768614027,143.092768614027,231.515206846566,113.606422488971,6.04346574236133,97.4909580743428,367.929891015417,0,6.04346574236133
"D125853",0,28.4713453750723,48.2043671696109,3.68111734385181,3.68111734385181,35.5471637947331,33.7633279889419,16.4869388534328,13.4137252669246,16.8561458594441,8.39649948430555,78.4278398909585,5.57419330805698,76.6062569565909,454.810388733217,44.7687069797863,10.1717728831551,6.75142179386145,30.1566984516616,0,10.6352694221614,10.6352694221614,0,15.2162772194567,15.2162772194567,28.6306649509039,5.05260072732656,0,8.90413666946796,0,18.7758694110444,18.7758694110444,14.0461765935398,11.0864009625668,12.6847184589396,0,28.6306649509039,0,7.22544942023973,7.22544942023973,14.9544562801718,0,2.68799480301887,0,0,11.7841282716787,31.2587704881011,4.29585541070823,27.5920525422828,0,12.5087028392767,16.9625057657121,76.6062569565909,64.8888959787478,0,32.6202033956002,28.3098298760161,10.2827919311744,5.00357151651153,10.6352694221614,14.0461765935398,76.6062569565909,0,4.29585541070823,76.6062569565909,76.6062569565909,15.5054319364193,14.9544562801718,29.0610861879261,76.6062569565909,15.2162772194567,76.6062569565909,76.6062569565909,0,3.68111734385181,7.22544942023973,76.6062569565909,19.779560986821,0,3.68111734385181,0,11.0864009625668,42.186419691942,3.68111734385181,7.22544942023973,21.207476888705,27.5920525422828,14.0461765935398,0,13.6844140233338,14.0461765935398,14.0461765935398,19.779560986821,7.22544942023973,3.68111734385181,28.6306649509039,27.5920525422828,0,3.68111734385181
"D126200",0,26.2094892699348,505.118967247514,5.46666712451258,5.46666712451258,112.040564818042,303.668565334417,137.024803865223,115.777775454298,49.2250883332884,25.8049237381508,197.883663209061,6.41611178031252,203.286897384536,44.7687069797863,5295.93803804868,386.245105030618,5.3698425724217,100.964227533554,0,14.0722090039918,14.0722090039918,0,57.8302363718025,57.8302363718025,88.0991235964194,21.3403950519575,0,16.6328635159696,0,18.5956919345058,18.5956919345058,37.1577569396544,765.256847804863,99.555424358667,0,88.0991235964194,0,49.8501688200603,49.8501688200603,24.1295469452416,617.435083762887,3.71174848042429,0,250.344049556882,112.040564818042,0,20.077395970135,340.879886987871,0,32.2659374216897,169.82016188123,203.286897384536,446.700860600627,0,837.200113576795,173.139868449856,69.9475487585676,24.2915476467558,14.0722090039918,37.1577569396544,203.286897384536,0,20.077395970135,203.286897384536,203.286897384536,18.97344375589,24.1295469452416,40.8773764375525,203.286897384536,57.8302363718025,203.286897384536,203.286897384536,0,5.46666712451258,49.8501688200603,203.286897384536,56.1734269754753,60.7002232885173,5.46666712451258,0,765.256847804863,196.596245576242,5.46666712451258,49.8501688200603,62.4217446401674,340.879886987871,37.1577569396544,0,58.9044822486781,37.1577569396544,37.1577569396544,56.1734269754753,49.8501688200603,5.46666712451258,88.0991235964194,340.879886987871,0,5.46666712451258
"D127350",0,89.621368705036,1214.16864035088,8.59923670840639,8.59923670840639,480.979546332046,229.101062068966,167.168146135266,221.424995556346,20.2981331063025,10.1717728831551,928.269020119225,56.6553131253411,862.698770775623,10.1717728831551,386.245105030618,31143.425625,46.6976268274397,381.659627757353,0,89.4187291390015,89.4187291390015,0,99.6430191169413,99.6430191169413,138.169590173026,32.5836217043314,0,15.9097959770115,0,60.7676597560976,60.7676597560976,133.634094078524,1364.94195580716,115.882513953488,0,138.169590173026,0,160.947936046512,160.947936046512,70.2169816106531,3313.1303856383,2.86903967065868,0,0,480.979546332046,0,14.7111127184695,341.110904983571,0,113.641399835796,778.585640625,862.698770775623,1055.70934322034,0,1497.280078125,715.324160206718,14.6378199027073,14.8776695289734,89.4187291390015,133.634094078524,862.698770775623,0,14.7111127184695,862.698770775623,862.698770775623,28.6310509078373,70.2169816106531,67.2426333261362,862.698770775623,99.6430191169413,862.698770775623,862.698770775623,0,8.59923670840639,160.947936046512,862.698770775623,215.450886371498,0,8.59923670840639,0,1364.94195580716,409.5125,8.59923670840639,160.947936046512,76.8973472222222,341.110904983571,133.634094078524,0,227.656620065789,133.634094078524,133.634094078524,215.450886371498,160.947936046512,8.59923670840639,138.169590173026,341.110904983571,0,8.59923670840639
"D127750",0,15.5830754716981,37.0440853740131,62.9163638779857,62.9163638779857,36.0567166555111,6.15763753343454,24.6993008483503,40.6519894840537,5.01700772930631,1.91274046973756,29.8848978637143,709.568971164115,16.3851322201543,6.75142179386145,5.3698425724217,46.6976268274397,709.568971164115,8.95749701593419,99.1227081489144,15.4276905005243,15.4276905005243,0,16.8571399735678,16.8571399735678,18.9037677046839,14.6194819902418,139.803551939398,13.9620851048806,0,7.75405267457693,7.75405267457693,13.9192965695825,16.883880520651,6.24703579264088,0,18.9037677046839,0,17.6311089881379,17.6311089881379,10.4263241645829,86.4135006243063,1.68298144918345,0,0,17.9680628149537,0,3.12824191007773,27.8406540359033,0,12.3504615670601,78.6212309512853,16.3851322201543,33.1048903800159,74.3518297186598,50.0494483253901,14.2440555532528,5.86480080964048,2.57969622116902,15.4276905005243,13.9192965695825,16.3851322201543,0,3.12824191007773,16.3851322201543,16.3851322201543,8.77748989886757,10.4263241645829,8.36495294979717,16.3851322201543,16.8571399735678,16.3851322201543,16.3851322201543,0,62.9163638779857,17.6311089881379,16.3851322201543,39.838088423409,90.8941594011588,62.9163638779857,139.803551939398,16.883880520651,15.9123108537269,62.9163638779857,17.6311089881379,5.46218670612899,27.8406540359033,13.9192965695825,0,10.2768638224021,13.9192965695825,13.9192965695825,39.838088423409,17.6311089881379,62.9163638779857,18.9037677046839,27.8406540359033,0,62.9163638779857
"D131200",0,47.7659902223926,1081.3689453125,5.19077856864275,5.19077856864275,226.992898141399,59.6617349137931,260.396535326087,110.941242608293,35.1717651238518,48.6247540926017,416.355957553476,10.7870215387653,202.86233471209,30.1566984516616,100.964227533554,381.659627757353,8.95749701593419,12165.4006347656,0,24.6481461512283,24.6481461512283,0,215.13833672976,215.13833672976,50.6842196806952,55.4469192867825,0,27.7927336554937,0,134.674272972973,134.674272972973,139.794531039591,210.42855152027,122.342181116436,0,50.6842196806952,0,29.1277830387205,29.1277830387205,40.4770221663352,0,2.20350269039735,0,0,458.666062223859,0,2.95160298056364,333.870343321183,0,59.6617349137931,353.902563920454,202.86233471209,469.02749435241,0,680.581853693182,170.817384955024,13.0292682650471,7.49083727116253,24.6481461512283,139.794531039591,202.86233471209,0,2.95160298056364,202.86233471209,202.86233471209,48.9779182611659,40.4770221663352,36.4540519067797,202.86233471209,215.13833672976,202.86233471209,202.86233471209,0,5.19077856864275,29.1277830387205,202.86233471209,108.166940903723,0,5.19077856864275,0,210.42855152027,195.722886029412,5.19077856864275,29.1277830387205,42.9114660838294,333.870343321183,139.794531039591,0,229.569700906678,139.794531039591,139.794531039591,108.166940903723,29.1277830387205,5.19077856864275,50.6842196806952,333.870343321183,0,5.19077856864275
"D131440",0,0,0,17.1642967198043,17.1642967198043,0,879.80438582552,0,0,0,0,0,121.569418251461,0,0,0,0,99.1227081489144,0,1016928.18367347,0,0,0,0,0,0,0,0,0,0,0,0,0,0,0,0,0,0,0,0,112.111147109446,0,0,0,0,0,0,43.8331113652358,0,0,0,0,0,0,34388.8757763975,0,0,45.1681299854967,14.7376014163388,0,0,0,0,43.8331113652358,0,0,0,112.111147109446,0,0,0,0,0,0,17.1642967198043,0,0,0,0,17.1642967198043,0,0,0,17.1642967198043,0,0,0,0,0,0,0,0,0,0,17.1642967198043,0,0,0,17.1642967198043
"D132090",2244.47011395883,27.0790321441187,111.92304115792,6.01220169113719,6.01220169113719,52.213278216997,16.3573512829477,44.8773546671854,27.9901278021314,7.76795612236053,6.35440625852412,89.4187291390015,18.267260614826,47.3155131550461,10.6352694221614,14.0722090039918,89.4187291390015,15.4276905005243,24.6481461512283,0,2244.47011395883,2244.47011395883,0,29.5246797015861,29.5246797015861,15.4762389272926,35.4264880275282,437.15823134623,9.44466228867988,0,9.80003068072867,9.80003068072867,56.4432146801461,48.8569827581981,33.3791842479155,0,15.4762389272926,0,8.75346281847574,8.75346281847574,10.2005809662915,0,3.78310007895776,0,0,105.000328722093,147.454165335038,0.569309471488849,39.5864165459121,0,32.8545089871172,77.3239414982348,47.3155131550461,99.5315616011505,111.92304115792,148.699887496605,81.8668413659402,3.13788197246935,1.73010012302137,2244.47011395883,56.4432146801461,47.3155131550461,0,0.569309471488849,47.3155131550461,47.3155131550461,26.3493576252652,10.2005809662915,10.654582865422,47.3155131550461,29.5246797015861,47.3155131550461,47.3155131550461,0,6.01220169113719,8.75346281847574,47.3155131550461,2244.47011395883,15.3766171768755,6.01220169113719,437.15823134623,48.8569827581981,45.8557585328213,6.01220169113719,8.75346281847574,13.3615424899063,39.5864165459121,56.4432146801461,0,57.5208199139776,56.4432146801461,56.4432146801461,2244.47011395883,8.75346281847574,6.01220169113719,15.4762389272926,39.5864165459121,0,6.01220169113719
"D132300",2244.47011395883,27.0790321441187,111.92304115792,6.01220169113719,6.01220169113719,52.213278216997,16.3573512829477,44.8773546671854,27.9901278021314,7.76795612236053,6.35440625852412,89.4187291390015,18.267260614826,47.3155131550461,10.6352694221614,14.0722090039918,89.4187291390015,15.4276905005243,24.6481461512283,0,2244.47011395883,2244.47011395883,0,29.5246797015861,29.5246797015861,15.4762389272926,35.4264880275282,437.15823134623,9.44466228867988,0,9.80003068072867,9.80003068072867,56.4432146801461,48.8569827581981,33.3791842479155,0,15.4762389272926,0,8.75346281847574,8.75346281847574,10.2005809662915,0,3.78310007895776,0,0,105.000328722093,147.454165335038,0.569309471488849,39.5864165459121,0,32.8545089871172,77.3239414982348,47.3155131550461,99.5315616011505,111.92304115792,148.699887496605,81.8668413659402,3.13788197246935,1.73010012302137,2244.47011395883,56.4432146801461,47.3155131550461,0,0.569309471488849,47.3155131550461,47.3155131550461,26.3493576252652,10.2005809662915,10.654582865422,47.3155131550461,29.5246797015861,47.3155131550461,47.3155131550461,0,6.01220169113719,8.75346281847574,47.3155131550461,2244.47011395883,15.3766171768755,6.01220169113719,437.15823134623,48.8569827581981,45.8557585328213,6.01220169113719,8.75346281847574,13.3615424899063,39.5864165459121,56.4432146801461,0,57.5208199139776,56.4432146801461,56.4432146801461,2244.47011395883,8.75346281847574,6.01220169113719,15.4762389272926,39.5864165459121,0,6.01220169113719
"D133239",0,2442.62161764706,0,0,0,0,0,2507.52219202899,0,0,112.681316370281,0,0,0,0,0,0,0,0,0,0,0,3114342.5625,0,0,0,0,0,180.793136102403,0,0,0,0,0,0,0,0,0,0,0,0,0,0,0,0,0,0,25.6058948127867,0,0,0,0,0,0,0,0,0,0,51.8789052739418,0,0,0,0,25.6058948127867,0,0,682.969860197368,0,0,0,0,0,0,0,0,0,0,0,0,0,0,0,0,0,0,0,0,0,0,0,0,0,0,0,0,0,0,0,0
"D137750",0,55.2188397606383,535.455415860735,6.80650554627386,6.80650554627386,238.515573319293,33.8506297383223,144.049147201665,60.5276160883909,43.8142130813269,34.6481216253134,209.526032293331,20.1635930658854,214.615733482643,15.2162772194567,57.8302363718025,99.6430191169413,16.8571399735678,215.13833672976,0,29.5246797015861,29.5246797015861,0,5639.37086917157,5639.37086917157,92.0713611293318,33.525225253107,0,40.8542083048718,0,39.085777821355,39.085777821355,118.414190998241,110.208079355952,69.258016945666,0,92.0713611293318,0,52.1239785351158,52.1239785351158,37.90360456917,0,2.35365017960763,1908.55395752341,0,118.326085201368,0,6.80903471747863,177.172747895096,0,68.0794788033298,179.695207356653,214.615733482643,234.557903408021,0,345.567706455103,90.6465221788864,8.32227005655127,4.90423628464811,29.5246797015861,118.414190998241,214.615733482643,0,6.80903471747863,214.615733482643,214.615733482643,60.2159252217487,37.90360456917,42.7845731801556,214.615733482643,5639.37086917157,214.615733482643,214.615733482643,0,6.80650554627386,52.1239785351158,214.615733482643,59.1102655778465,0,6.80650554627386,0,110.208079355952,102.972195357834,6.80650554627386,52.1239785351158,65.1838155651625,177.172747895096,118.414190998241,0,188.51381995097,118.414190998241,118.414190998241,59.1102655778465,52.1239785351158,6.80650554627386,92.0713611293318,177.172747895096,0,6.80650554627386
"D137760",0,55.2188397606383,535.455415860735,6.80650554627386,6.80650554627386,238.515573319293,33.8506297383223,144.049147201665,60.5276160883909,43.8142130813269,34.6481216253134,209.526032293331,20.1635930658854,214.615733482643,15.2162772194567,57.8302363718025,99.6430191169413,16.8571399735678,215.13833672976,0,29.5246797015861,29.5246797015861,0,5639.37086917157,5639.37086917157,92.0713611293318,33.525225253107,0,40.8542083048718,0,39.085777821355,39.085777821355,118.414190998241,110.208079355952,69.258016945666,0,92.0713611293318,0,52.1239785351158,52.1239785351158,37.90360456917,0,2.35365017960763,1908.55395752341,0,118.326085201368,0,6.80903471747863,177.172747895096,0,68.0794788033298,179.695207356653,214.615733482643,234.557903408021,0,345.567706455103,90.6465221788864,8.32227005655127,4.90423628464811,29.5246797015861,118.414190998241,214.615733482643,0,6.80903471747863,214.615733482643,214.615733482643,60.2159252217487,37.90360456917,42.7845731801556,214.615733482643,5639.37086917157,214.615733482643,214.615733482643,0,6.80650554627386,52.1239785351158,214.615733482643,59.1102655778465,0,6.80650554627386,0,110.208079355952,102.972195357834,6.80650554627386,52.1239785351158,65.1838155651625,177.172747895096,118.414190998241,0,188.51381995097,118.414190998241,118.414190998241,59.1102655778465,52.1239785351158,6.80650554627386,92.0713611293318,177.172747895096,0,6.80650554627386
"D140600",0,13.7795146839224,231.067526397062,6.79722118846456,6.79722118846456,107.611448007775,67.7613315791084,92.6923875374596,28.6490923955789,24.0039698730903,10.8255482209874,91.7143022793533,22.3943665200059,97.4909580743428,28.6306649509039,88.0991235964194,138.169590173026,18.9037677046839,50.6842196806952,0,15.4762389272926,15.4762389272926,0,92.0713611293318,92.0713611293318,2305.9596001666,30.0175390277252,0,22.6716009647474,0,20.0874702947846,20.0874702947846,57.7242540542357,100.675990859664,51.4119405294979,0,2305.9596001666,0,26.9992880306244,26.9992880306244,13.8913228925699,553.882452981193,3.83994890803446,196.280290228425,114.829289032686,53.5084548104956,151.328598760933,5.25576874882923,122.936192417005,0,50.6009943610225,79.2926459004654,97.4909580743428,205.440037105751,0,230.07424969988,41.7098635689049,9.64873270718221,5.3116243314653,15.4762389272926,57.7242540542357,97.4909580743428,0,5.25576874882923,97.4909580743428,97.4909580743428,37.8442173615858,13.8913228925699,21.8454637639034,97.4909580743428,92.0713611293318,97.4909580743428,97.4909580743428,0,6.79722118846456,26.9992880306244,97.4909580743428,28.02613156052,0,6.79722118846456,0,100.675990859664,46.9821290678434,6.79722118846456,26.9992880306244,27.441899309815,122.936192417005,57.7242540542357,0,58.8806776488605,57.7242540542357,57.7242540542357,28.02613156052,26.9992880306244,6.79722118846456,2305.9596001666,122.936192417005,0,6.79722118846456
"D143465",0,10.2000902726603,244.377162782486,5.98651697564343,5.98651697564343,76.6047595987548,12.3037669474859,84.648052055272,62.7651214756444,12.2323965989017,5.05260072732656,129.913470939282,17.2378298719517,34.6190963508883,5.05260072732656,21.3403950519575,32.5836217043314,14.6194819902418,55.4469192867825,0,35.4264880275282,35.4264880275282,0,33.525225253107,33.525225253107,30.0175390277252,1590.52255099109,0,12.4553145003417,219.767752947247,7.48232535615744,7.48232535615744,28.0596522999525,35.7216713012846,50.5562524064692,1590.52255099109,30.0175390277252,0,27.0824907672365,27.0824907672365,10.7167053626991,0,4.18465241955294,0,0,38.1208519330296,105.835523129859,1.39478047723654,58.4314013128733,0,12.3037669474859,56.0243764229699,34.6190963508883,71.8169621238326,0,53.6029115623427,29.8951355554236,3.77389484242632,2.35430792661354,35.4264880275282,28.0596522999525,34.6190963508883,0,1.39478047723654,34.6190963508883,34.6190963508883,20.4654326494202,10.7167053626991,8.11491097444436,34.6190963508883,33.525225253107,34.6190963508883,34.6190963508883,0,5.98651697564343,27.0824907672365,34.6190963508883,40.7826295125922,0,5.98651697564343,0,35.7216713012846,67.4628544273721,5.98651697564343,27.0824907672365,10.3133125078003,58.4314013128733,28.0596522999525,0,42.5775093051155,28.0596522999525,28.0596522999525,40.7826295125922,27.0824907672365,5.98651697564343,30.0175390277252,58.4314013128733,219.767752947247,5.98651697564343
"D144700",0,0,0,24.1045270834089,24.1045270834089,0,0,0,5633.63267382702,186.777671158423,89.8759633854895,0,171.597985433132,0,0,0,0,139.803551939398,0,0,437.15823134623,437.15823134623,0,0,0,0,0,1993179.24,0,0,0,0,0,0,0,0,0,0,0,0,158.196361731511,0,5.87889110429448,0,0,0,0,40.9694317004588,0,0,0,0,0,0,25166.4045454545,0,0,63.5531477182869,0,437.15823134623,0,0,0,40.9694317004588,0,0,0,158.196361731511,0,0,0,0,0,0,24.1045270834089,0,0,2681.16658595642,0,24.1045270834089,1993179.24,0,0,24.1045270834089,0,745.671245791246,0,0,0,0,0,0,2681.16658595642,0,24.1045270834089,0,0,0,24.1045270834089
"D145500",0,32.2677552209811,115.288376645011,8.84009777963154,8.84009777963154,18.4908040410787,12.6847087717851,33.9499514046658,63.0993340500621,22.7214136059047,11.9335900650571,30.7732997621112,14.6422889459411,50.9203996419287,8.90413666946796,16.6328635159696,15.9097959770115,13.9620851048806,27.7927336554937,0,9.44466228867988,9.44466228867988,180.793136102403,40.8542083048718,40.8542083048718,22.6716009647474,12.4553145003417,0,731.484872506276,0,24.1159012704174,24.1159012704174,14.2998690528154,17.3735145804111,39.0610826687863,0,22.6716009647474,0,14.4306539474027,14.4306539474027,9.12782327998364,0,3.36834071496362,0,76.5814487461444,18.4908040410787,99.9045273281726,4.07242373346548,43.1029993356723,0,12.6847087717851,26.7954458560194,50.9203996419287,68.4292300086516,0,51.529703569268,14.6532774368054,5.99149692761242,5.91409251417635,9.44466228867988,14.2998690528154,50.9203996419287,0,4.07242373346548,50.9203996419287,50.9203996419287,53.9978318944315,9.12782327998364,8.5832644753018,50.9203996419287,40.8542083048718,50.9203996419287,50.9203996419287,0,8.84009777963154,14.4306539474027,50.9203996419287,30.623571361408,30.2304765690436,8.84009777963154,0,17.3735145804111,49.4476953442471,8.84009777963154,14.4306539474027,16.9568835353173,43.1029993356723,14.2998690528154,0,21.1989286835596,14.2998690528154,14.2998690528154,30.623571361408,14.4306539474027,8.84009777963154,22.6716009647474,43.1029993356723,0,8.84009777963154
"D153800",0,0,0,0,0,0,0,0,0,0,0,0,0,0,0,0,0,0,0,0,0,0,0,0,0,0,219.767752947247,0,0,1016928.18367347,0,0,0,0,0,0,0,0,0,0,0,0,0,0,0,0,0,0,0,0,0,0,0,0,0,0,0,0,0,0,0,0,0,0,0,0,0,0,0,0,0,0,0,0,0,0,0,0,0,0,0,0,0,0,0,0,0,0,0,0,0,0,0,0,0,0,0,1016928.18367347,0
"D155600",0,17.7962432142857,155.960816901408,4.08604992609691,4.08604992609691,71.6326770889488,65.7706398284111,29.9343581887813,314.19574226601,50.6037178836194,32.5496732260962,124.108296388543,4.5948551471351,64.7556608187135,18.7758694110444,18.5956919345058,60.7676597560976,7.75405267457693,134.674272972973,0,9.80003068072867,9.80003068072867,0,39.085777821355,39.085777821355,20.0874702947846,7.48232535615744,0,24.1159012704174,0,3189.086784,3189.086784,75.313781976195,66.9188934027195,22.0728598006645,0,20.0874702947846,0,34.4691610894942,34.4691610894942,26.1023996856993,0,0.863175116115412,0,802.407101449276,71.6326770889488,206.333254658385,6.34824371496518,53.9280097402597,0,65.7706398284111,107.016335033557,64.7556608187135,138.415225,0,102.21432,284.374267370524,9.84208279839618,10.0434459505179,9.80003068072867,75.313781976195,64.7556608187135,0,6.34824371496518,64.7556608187135,64.7556608187135,33.840055008489,26.1023996856993,28.0354348407061,64.7556608187135,39.085777821355,64.7556608187135,64.7556608187135,0,4.08604992609691,34.4691610894942,64.7556608187135,36.9209824951375,0,4.08604992609691,0,66.9188934027195,126.190518518519,4.08604992609691,34.4691610894942,25.9934694835681,53.9280097402597,75.313781976195,0,117.211363716554,75.313781976195,75.313781976195,36.9209824951375,34.4691610894942,4.08604992609691,20.0874702947846,53.9280097402597,0,4.08604992609691
"D155601",0,17.7962432142857,155.960816901408,4.08604992609691,4.08604992609691,71.6326770889488,65.7706398284111,29.9343581887813,314.19574226601,50.6037178836194,32.5496732260962,124.108296388543,4.5948551471351,64.7556608187135,18.7758694110444,18.5956919345058,60.7676597560976,7.75405267457693,134.674272972973,0,9.80003068072867,9.80003068072867,0,39.085777821355,39.085777821355,20.0874702947846,7.48232535615744,0,24.1159012704174,0,3189.086784,3189.086784,75.313781976195,66.9188934027195,22.0728598006645,0,20.0874702947846,0,34.4691610894942,34.4691610894942,26.1023996856993,0,0.863175116115412,0,802.407101449276,71.6326770889488,206.333254658385,6.34824371496518,53.9280097402597,0,65.7706398284111,107.016335033557,64.7556608187135,138.415225,0,102.21432,284.374267370524,9.84208279839618,10.0434459505179,9.80003068072867,75.313781976195,64.7556608187135,0,6.34824371496518,64.7556608187135,64.7556608187135,33.840055008489,26.1023996856993,28.0354348407061,64.7556608187135,39.085777821355,64.7556608187135,64.7556608187135,0,4.08604992609691,34.4691610894942,64.7556608187135,36.9209824951375,0,4.08604992609691,0,66.9188934027195,126.190518518519,4.08604992609691,34.4691610894942,25.9934694835681,53.9280097402597,75.313781976195,0,117.211363716554,75.313781976195,75.313781976195,36.9209824951375,34.4691610894942,4.08604992609691,20.0874702947846,53.9280097402597,0,4.08604992609691
"D157300",0,144.172096925859,365.019053270042,2.74098585536454,2.74098585536454,159.482408103826,43.9395976350145,125.223927744815,161.111857995053,18.0024809216152,23.5259007142827,286.705874568469,16.7033770470482,143.092768614027,14.0461765935398,37.1577569396544,133.634094078524,13.9192965695825,139.794531039591,0,56.4432146801461,56.4432146801461,0,118.414190998241,118.414190998241,57.7242540542357,28.0596522999525,0,14.2998690528154,0,75.313781976195,75.313781976195,7984.21422848902,148.238055006024,44.7215629644521,0,57.7242540542357,0,21.9354172857115,21.9354172857115,23.3828702150374,0,3.18740949829068,0,0,321.812716352364,489.715003144901,5.88476754040373,117.502407610028,0,43.9395976350145,244.952591864323,143.092768614027,321.812716352364,0,233.266613924051,121.228699606118,3.39172827610467,3.56051822192599,56.4432146801461,7984.21422848902,143.092768614027,0,5.88476754040373,143.092768614027,143.092768614027,62.874095300103,23.3828702150374,27.2722640976579,143.092768614027,118.414190998241,143.092768614027,143.092768614027,0,2.74098585536454,21.9354172857115,143.092768614027,78.0345074911089,0,2.74098585536454,0,148.238055006024,138.232067510549,2.74098585536454,21.9354172857115,32.5818959683162,117.502407610028,7984.21422848902,0,7984.21422848902,7984.21422848902,7984.21422848902,78.0345074911089,21.9354172857115,2.74098585536454,57.7242540542357,117.502407610028,0,2.74098585536454
"D161400",0,99.0252007154213,1385.53778778779,15.609232529616,15.609232529616,541.948784599489,383.796731185446,185.885815007554,247.018108901271,67.0833378582561,56.0428258025072,1055.44101075998,20.4905702507376,970.975291802256,11.0864009625668,765.256847804863,1364.94195580716,16.883880520651,210.42855152027,0,48.8569827581981,48.8569827581981,0,110.208079355952,110.208079355952,100.675990859664,35.7216713012846,0,17.3735145804111,0,66.9188934027195,66.9188934027195,148.238055006024,36398.4521548576,128.359009695933,0,100.675990859664,0,177.086486486486,177.086486486486,38.0887700019721,0,3.88872352081812,0,0,541.948784599489,0,21.3514503326156,774.880742076945,0,125.852044643466,883.10998670802,970.975291802256,1202.44886583012,0,3511.71507100321,396.450612225414,48.2559353740124,18.8685873939365,48.8569827581981,148.238055006024,970.975291802256,0,21.3514503326156,970.975291802256,970.975291802256,31.3633611953826,38.0887700019721,74.1108700049378,970.975291802256,110.208079355952,970.975291802256,970.975291802256,0,15.609232529616,177.086486486486,970.975291802256,240.275241700219,234.910645339217,15.609232529616,0,36398.4521548576,460.424864864865,15.609232529616,177.086486486486,127.243266225409,774.880742076945,148.238055006024,0,254.054467030698,148.238055006024,148.238055006024,240.275241700219,177.086486486486,15.609232529616,100.675990859664,774.880742076945,0,15.609232529616
"D164230",6737.35546241211,127.34342192691,631.168376652987,6.25983217193791,6.25983217193791,137.955373754153,77.8937379535446,109.768413330954,69.8592440037909,40.8094499061447,8.43610191486102,246.13957934046,7.48247029504935,123.965034182166,12.6847184589396,99.555424358667,115.882513953488,6.24703579264088,122.342181116436,0,33.3791842479155,33.3791842479155,0,69.258016945666,69.258016945666,51.4119405294979,50.5562524064692,0,39.0610826687863,0,22.0728598006645,22.0728598006645,44.7215629644521,128.359009695933,6737.35546241211,0,51.4119405294979,0,19.5088407329105,19.5088407329105,13.9757243934885,0,2.58752961825362,0,0,137.955373754153,0,4.2801507680129,311.066161292471,0,38.7204336920236,210.695479915433,123.965034182166,557.127470930233,0,405.183615221987,105.271179100189,12.3579015008199,4.32713902531285,33.3791842479155,44.7215629644521,123.965034182166,0,4.2801507680129,123.965034182166,123.965034182166,22.2594148969436,13.9757243934885,48.6165942077061,123.965034182166,69.258016945666,123.965034182166,123.965034182166,0,6.25983217193791,19.5088407329105,123.965034182166,68.19827798581,0,6.25983217193791,0,128.359009695933,119.812359339835,6.25983217193791,19.5088407329105,43.7953567473501,311.066161292471,44.7215629644521,0,71.5854422742083,44.7215629644521,44.7215629644521,68.19827798581,19.5088407329105,6.25983217193791,51.4119405294979,311.066161292471,0,6.25983217193791
"D165199",0,0,0,0,0,0,0,0,0,0,0,0,0,0,0,0,0,0,0,0,0,0,0,0,0,0,1599.55961093991,0,0,0,0,0,0,0,0,49829481,0,0,0,0,0,0,0,0,0,0,0,0,0,0,0,0,0,0,0,0,0,0,0,0,0,0,0,0,0,0,0,0,0,0,0,0,0,0,0,0,0,0,0,0,0,0,0,0,0,0,0,0,0,0,0,0,0,0,0,0,0,0,0
"D165720",0,13.7795146839224,231.067526397062,6.79722118846456,6.79722118846456,107.611448007775,67.7613315791084,92.6923875374596,28.6490923955789,24.0039698730903,10.8255482209874,91.7143022793533,22.3943665200059,97.4909580743428,28.6306649509039,88.0991235964194,138.169590173026,18.9037677046839,50.6842196806952,0,15.4762389272926,15.4762389272926,0,92.0713611293318,92.0713611293318,2305.9596001666,30.0175390277252,0,22.6716009647474,0,20.0874702947846,20.0874702947846,57.7242540542357,100.675990859664,51.4119405294979,0,2305.9596001666,0,26.9992880306244,26.9992880306244,13.8913228925699,553.882452981193,3.83994890803446,196.280290228425,114.829289032686,53.5084548104956,151.328598760933,5.25576874882923,122.936192417005,0,50.6009943610225,79.2926459004654,97.4909580743428,205.440037105751,0,230.07424969988,41.7098635689049,9.64873270718221,5.3116243314653,15.4762389272926,57.7242540542357,97.4909580743428,0,5.25576874882923,97.4909580743428,97.4909580743428,37.8442173615858,13.8913228925699,21.8454637639034,97.4909580743428,92.0713611293318,97.4909580743428,97.4909580743428,0,6.79722118846456,26.9992880306244,97.4909580743428,28.02613156052,0,6.79722118846456,0,100.675990859664,46.9821290678434,6.79722118846456,26.9992880306244,27.441899309815,122.936192417005,57.7242540542357,0,58.8806776488605,57.7242540542357,57.7242540542357,28.02613156052,26.9992880306244,6.79722118846456,2305.9596001666,122.936192417005,0,6.79722118846456
"D166760",0,0,0,0,0,0,0,0,0,69.4529163420247,0,0,0,0,0,0,0,0,0,0,0,0,0,0,0,0,0,0,0,0,0,0,0,0,0,0,0,294849,0,0,118.413253012048,0,0,0,0,0,0,0,0,0,0,0,0,0,0,0,0,0,0,0,0,0,0,0,0,0,0,118.413253012048,0,0,0,0,0,0,0,0,0,0,0,0,0,0,0,0,0,0,0,0,0,0,0,0,0,0,0,0,0,0,0
"D168600",0,15.7738148148148,271.602109394162,6.75681006901293,6.75681006901293,62.4019047619048,38.5692023685127,26.351628947431,33.1454082854406,22.4487761167403,2.39812407281075,107.548737373737,20.9265835894063,113.606422488971,7.22544942023973,49.8501688200603,160.947936046512,17.6311089881379,29.1277830387205,0,8.75346281847574,8.75346281847574,0,52.1239785351158,52.1239785351158,26.9992880306244,27.0824907672365,0,14.4306539474027,0,34.4691610894942,34.4691610894942,21.9354172857115,177.086486486486,19.5088407329105,0,26.9992880306244,0,2734.12790123457,2734.12790123457,23.5295000106245,0,1.59175145993927,0,0,189.447698887938,0,5.15505742471008,94.7887176853279,0,19.1973405454136,186.889755274262,113.606422488971,119.840021645022,134.907626705653,178.571488469602,97.5442036645525,7.13767980017726,7.8536245966169,8.75346281847574,21.9354172857115,113.606422488971,0,5.15505742471008,113.606422488971,113.606422488971,5.99589452025125,23.5295000106245,12.4128082683167,113.606422488971,52.1239785351158,113.606422488971,113.606422488971,0,6.75681006901293,2734.12790123457,113.606422488971,32.4147946488686,18.0272169312169,6.75681006901293,0,177.086486486486,54.7068721901092,6.75681006901293,2734.12790123457,31.1049818115423,94.7887176853279,21.9354172857115,0,33.9034873396405,21.9354172857115,21.9354172857115,32.4147946488686,2734.12790123457,6.75681006901293,26.9992880306244,94.7887176853279,0,6.75681006901293
"D168601",0,15.7738148148148,271.602109394162,6.75681006901293,6.75681006901293,62.4019047619048,38.5692023685127,26.351628947431,33.1454082854406,22.4487761167403,2.39812407281075,107.548737373737,20.9265835894063,113.606422488971,7.22544942023973,49.8501688200603,160.947936046512,17.6311089881379,29.1277830387205,0,8.75346281847574,8.75346281847574,0,52.1239785351158,52.1239785351158,26.9992880306244,27.0824907672365,0,14.4306539474027,0,34.4691610894942,34.4691610894942,21.9354172857115,177.086486486486,19.5088407329105,0,26.9992880306244,0,2734.12790123457,2734.12790123457,23.5295000106245,0,1.59175145993927,0,0,189.447698887938,0,5.15505742471008,94.7887176853279,0,19.1973405454136,186.889755274262,113.606422488971,119.840021645022,134.907626705653,178.571488469602,97.5442036645525,7.13767980017726,7.8536245966169,8.75346281847574,21.9354172857115,113.606422488971,0,5.15505742471008,113.606422488971,113.606422488971,5.99589452025125,23.5295000106245,12.4128082683167,113.606422488971,52.1239785351158,113.606422488971,113.606422488971,0,6.75681006901293,2734.12790123457,113.606422488971,32.4147946488686,18.0272169312169,6.75681006901293,0,177.086486486486,54.7068721901092,6.75681006901293,2734.12790123457,31.1049818115423,94.7887176853279,21.9354172857115,0,33.9034873396405,21.9354172857115,21.9354172857115,32.4147946488686,2734.12790123457,6.75681006901293,26.9992880306244,94.7887176853279,0,6.75681006901293
"D176807",0,29.0869763939479,83.9070849435478,4.26693195619803,4.26693195619803,40.5508404438422,6.86630288524143,27.621586968994,57.124456950891,34.1952834310471,14.9544562801718,33.6899659243033,10.4230141629383,74.4349628381482,14.9544562801718,24.1295469452416,70.2169816106531,10.4263241645829,40.4770221663352,112.111147109446,10.2005809662915,10.2005809662915,0,37.90360456917,37.90360456917,13.8913228925699,10.7167053626991,158.196361731511,9.12782327998364,0,26.1023996856993,26.1023996856993,23.3828702150374,38.0887700019721,13.9757243934885,0,13.8913228925699,118.413253012048,23.5295000106245,23.5295000106245,803.688343736391,97.7140613234187,1.50525321625485,0,41.7958223872935,40.5508404438422,0,6.21678774744832,31.2587312699721,0,27.7133911633238,58.8583522324592,74.4349628381482,37.3355219385003,41.7958223872935,28.0907352035881,32.0959739519425,9.65923387695117,4.05113110529621,10.2005809662915,23.3828702150374,74.4349628381482,0,6.21678774744832,74.4349628381482,74.4349628381482,14.5947536835076,803.688343736391,9.29270478710757,74.4349628381482,37.90360456917,74.4349628381482,74.4349628381482,0,4.26693195619803,23.5295000106245,74.4349628381482,22.1688708973481,13.0124453859394,4.26693195619803,158.196361731511,38.0887700019721,54.0130627774255,4.26693195619803,23.5295000106245,21.4036912225359,31.2587312699721,23.3828702150374,0,34.7608819854718,23.3828702150374,23.3828702150374,22.1688708973481,23.5295000106245,4.26693195619803,13.8913228925699,31.2587312699721,0,4.26693195619803
"D181000",0,0,0,0,0,0,0,0,0,0,0,0,105.94082942137,0,0,617.435083762887,3313.1303856383,86.4135006243063,0,0,0,0,0,0,0,553.882452981193,0,0,0,0,0,0,0,0,0,0,553.882452981193,0,0,0,97.7140613234187,778585.640625,3.66587318286151,0,0,0,0,12.7300999104822,0,0,0,0,0,0,0,0,0,39.4235548501842,12.8769528827309,0,0,0,0,12.7300999104822,0,0,0,97.7140613234187,0,0,0,0,0,0,0,0,0,0,0,0,0,0,0,0,0,0,0,0,0,0,0,0,0,0,0,553.882452981193,0,0,0
"D181500",29.4849,1.92614924623116,3.23626899696049,1.71122391731917,1.71122391731917,2.46656177606178,2.87751138581653,5.32571085032705,3.42418885117027,1.88193517363277,1.87591574667533,1.31891714266052,1.68486531482402,3.783548189679,2.68799480301887,3.71174848042429,2.86903967065868,1.68298144918345,2.20350269039735,0,3.78310007895776,3.78310007895776,0,2.35365017960763,2.35365017960763,3.83994890803446,4.18465241955294,5.87889110429448,3.36834071496362,0,0.863175116115412,0.863175116115412,3.18740949829068,3.88872352081812,2.58752961825362,0,3.83994890803446,0,1.59175145993927,1.59175145993927,1.50525321625485,3.66587318286151,29.4849,0,0,4.11711815252417,8.35994983642312,1.79490913266853,4.56096739647787,0,3.19955675756893,2.31778503401361,3.783548189679,4.36564578587699,1.61690584662111,5.5800340651022,1.99568049288442,1.28006846112744,1.01946088513777,3.78310007895776,3.18740949829068,3.783548189679,14.7311183704842,1.79490913266853,3.783548189679,3.783548189679,3.02333335723505,1.50525321625485,1.61150638446107,3.783548189679,2.35365017960763,3.783548189679,3.783548189679,0,1.71122391731917,1.59175145993927,3.783548189679,5.78768185421464,1.51952690166976,1.71122391731917,5.87889110429448,3.88872352081812,3.68377061469265,1.71122391731917,1.59175145993927,3.78176936143927,4.56096739647787,3.18740949829068,9.81320276497696,3.4868432748538,3.18740949829068,3.18740949829068,5.78768185421464,1.59175145993927,1.71122391731917,3.83994890803446,4.56096739647787,0,1.71122391731917
"D182830",0,0,0,0,0,0,0,0,0,0,0,0,0,0,0,0,0,0,0,0,0,0,0,1908.55395752341,1908.55395752341,196.280290228425,0,0,0,0,0,0,0,0,0,0,196.280290228425,0,0,0,0,0,0,411813.892561983,0,0,0,0,0,0,0,0,0,0,0,0,0,0,0,0,0,0,0,0,0,0,0,0,0,0,1908.55395752341,0,0,0,0,0,0,0,0,0,0,0,0,0,0,0,0,0,0,0,0,0,0,0,0,196.280290228425,0,0,0
"D188470",0,0,0,6.56341606247836,6.56341606247836,1521.04642857143,305.957614942529,0,1961.48169579594,98.6829872560378,96.9676255527825,0,0,0,0,250.344049556882,0,0,0,0,0,0,0,0,0,114.829289032686,0,0,76.5814487461444,0,802.407101449276,802.407101449276,0,0,0,0,114.829289032686,0,0,0,41.7958223872935,0,0,0,153794.694444444,0,0,5.57846983766181,0,0,617.856154447048,0,0,0,0,0,2182.34489554592,17.0952641199501,5.64236957531979,0,0,0,0,5.57846983766181,0,0,70.3865878464277,41.7958223872935,0,0,0,0,0,0,6.56341606247836,0,0,0,0,6.56341606247836,0,0,0,6.56341606247836,0,95.4653596799779,0,0,0,0,0,0,0,0,6.56341606247836,114.829289032686,0,0,6.56341606247836
"D190310",0,106.246228144989,1521.04642857143,9.90071320449931,9.90071320449931,589.523584738243,135.242657655824,200.323548212024,818.218078817734,23.6388904833855,11.7841282716787,1155.60020871985,21.8201519938519,1055.3739489569,11.7841282716787,112.040564818042,480.979546332046,17.9680628149537,458.666062223859,0,105.000328722093,105.000328722093,0,118.326085201368,118.326085201368,53.5084548104956,38.1208519330296,0,18.4908040410787,0,71.6326770889488,71.6326770889488,321.812716352364,541.948784599489,137.955373754153,0,53.5084548104956,0,189.447698887938,189.447698887938,40.5508404438422,0,4.11711815252417,0,0,40677.1273469388,0,11.2547191034076,840.436515432619,0,135.242657655824,965.21997094431,1055.3739489569,1318.24023809524,0,912.627857142857,429.990775337619,8.44264111878444,2.83384181504255,105.000328722093,321.812716352364,1055.3739489569,0,11.2547191034076,1055.3739489569,1055.3739489569,33.4515849892589,40.5508404438422,79.3766423473939,1055.3739489569,118.326085201368,1055.3739489569,1055.3739489569,0,9.90071320449931,189.447698887938,1055.3739489569,524.576071165386,0,9.90071320449931,0,541.948784599489,500.070058708415,9.90071320449931,189.447698887938,44.8381033365727,840.436515432619,321.812716352364,0,555.048521303258,321.812716352364,321.812716352364,524.576071165386,189.447698887938,9.90071320449931,53.5084548104956,840.436515432619,0,9.90071320449931
"D205700",0,0,0,0,0,0,0,1273.6620657925,0,0,62.6998078595147,0,0,0,31.2587704881011,0,0,0,0,0,147.454165335038,147.454165335038,0,0,0,151.328598760933,105.835523129859,0,99.9045273281726,0,206.333254658385,206.333254658385,489.715003144901,0,0,0,151.328598760933,0,0,0,0,0,8.35994983642312,0,0,0,254232.045918367,43.5840595961151,0,0,0,0,0,0,0,0,0,0,21.9491730909057,147.454165335038,489.715003144901,0,0,43.5840595961151,0,0,0,0,0,0,0,0,0,0,0,0,0,837.86455811138,0,0,0,0,1755.05357142857,0,0,125.546689342404,0,489.715003144901,0,0,489.715003144901,489.715003144901,837.86455811138,0,0,151.328598760933,0,0,0
"D208550",0,7.26843471030982,5.57846983766181,2.38911733493127,2.38911733493127,2.80211670827991,29.3900171989129,12.3523260691083,4.9309482916951,6.90912513175727,6.28516360515593,4.53873981847038,3.23845219480049,18.140830133782,4.29585541070823,20.077395970135,14.7111127184695,3.12824191007773,2.95160298056364,43.8331113652358,0.569309471488849,0.569309471488849,25.6058948127867,6.80903471747863,6.80903471747863,5.25576874882923,1.39478047723654,40.9694317004588,4.07242373346548,0,6.34824371496518,6.34824371496518,5.88476754040373,21.3514503326156,4.2801507680129,0,5.25576874882923,0,5.15505742471008,5.15505742471008,6.21678774744832,12.7300999104822,1.79490913266853,0,5.57846983766181,11.2547191034076,43.5840595961151,102.865060196195,6.62335776765928,0,4.22552237006193,15.9763641610157,18.140830133782,15.0618685616869,33.7071948665498,42.6016932198458,2.25606862975206,11.3347909712434,7.85972579856395,0.569309471488849,5.88476754040373,18.140830133782,0,102.865060196195,18.140830133782,18.140830133782,3.4333572423715,6.21678774744832,7.54638691042159,18.140830133782,6.80903471747863,18.140830133782,18.140830133782,17.0218929853903,2.38911733493127,5.15505742471008,18.140830133782,1.60936208911909,10.1254588508283,2.38911733493127,40.9694317004588,21.3514503326156,59.3007736826811,2.38911733493127,5.15505742471008,50.5072888159095,6.62335776765928,5.88476754040373,0,6.70780520427721,5.88476754040373,5.88476754040373,1.60936208911909,5.15505742471008,2.38911733493127,5.25576874882923,6.62335776765928,0,2.38911733493127
"D209850",0,79.194979338843,2097.20037878788,12.9908255086888,12.9908255086888,414.830844155844,305.088417172806,295.727432966563,193.323353456035,73.5370013178653,18.3453861407135,791.94979338843,33.7255827080646,367.929891015417,27.5920525422828,340.879886987871,341.110904983571,27.8406540359033,333.870343321183,0,39.5864165459121,39.5864165459121,0,177.172747895096,177.172747895096,122.936192417005,58.4314013128733,0,43.1029993356723,0,53.9280097402597,53.9280097402597,117.502407610028,774.880742076945,311.066161292471,0,122.936192417005,0,94.7887176853279,94.7887176853279,31.2587312699721,0,4.56096739647787,0,0,840.436515432619,0,6.62335776765928,25738.368285124,0,100.1315830721,666.169532085562,367.929891015417,1826.59387829912,0,1281.0952540107,306.243430109642,19.8230037553904,11.1938690026476,39.5864165459121,117.502407610028,367.929891015417,0,6.62335776765928,367.929891015417,367.929891015417,51.3833123659462,31.2587312699721,119.966970820493,367.929891015417,177.172747895096,367.929891015417,367.929891015417,0,12.9908255086888,94.7887176853279,367.929891015417,188.183483639989,0,12.9908255086888,0,774.880742076945,354.12389135255,12.9908255086888,94.7887176853279,68.5359600911071,25738.368285124,117.502407610028,0,198.682141148325,117.502407610028,117.502407610028,188.183483639989,94.7887176853279,12.9908255086888,122.936192417005,25738.368285124,0,12.9908255086888
"D210050",0,0,0,0,0,0,0,0,0,0,0,0,0,0,0,0,0,0,0,0,0,0,0,0,0,0,0,0,0,0,0,0,0,0,0,0,0,0,0,0,0,0,0,0,0,0,0,0,0,49829481,0,0,0,0,0,0,0,0,0,0,0,0,0,0,0,0,0,0,3609.26271186441,0,0,0,0,0,0,0,0,0,0,0,0,0,0,0,0,0,0,0,0,0,0,0,0,0,0,0,0,0,0
"D211980",0,30.7931535038932,305.957614942529,3.69736503419709,3.69736503419709,135.242657655824,76.550742471587,53.5533104415534,280.143142661978,32.0654268935401,29.4710314258709,241.057514803204,14.7929297787183,121.551921725894,12.5087028392767,32.2659374216897,113.641399835796,12.3504615670601,59.6617349137931,0,32.8545089871172,32.8545089871172,0,68.0794788033298,68.0794788033298,50.6009943610225,12.3037669474859,0,12.6847087717851,0,65.7706398284111,65.7706398284111,43.9395976350145,125.852044643466,38.7204336920236,0,50.6009943610225,0,19.1973405454136,19.1973405454136,27.7133911633238,0,3.19955675756893,0,617.856154447048,135.242657655824,0,4.22552237006193,100.1315830721,0,6583.36385255648,416.547385579937,121.551921725894,270.16634677944,617.856154447048,196.68703817734,314.641634410775,6.06967407959066,6.42440295492093,32.8545089871172,43.9395976350145,121.551921725894,0,4.22552237006193,121.551921725894,121.551921725894,10.9220567347905,27.7133911633238,47.8210449338243,121.551921725894,68.0794788033298,121.551921725894,121.551921725894,0,3.69736503419709,19.1973405454136,121.551921725894,66.949462907354,71.5225593372145,3.69736503419709,0,125.852044643466,117.487724137931,3.69736503419709,19.1973405454136,28.6276130940378,100.1315830721,43.9395976350145,0,70.2677775944564,43.9395976350145,43.9395976350145,66.949462907354,19.1973405454136,3.69736503419709,50.6009943610225,100.1315830721,0,3.69736503419709
"D219700",0,160.740261290323,2636.48047619048,14.0700633201799,14.0700633201799,965.21997094431,206.397353215284,310.60920056101,419.087308662742,34.4025275730535,16.9625057657121,1969.54470355731,95.8581849660944,846.001375212224,16.9625057657121,169.82016188123,778.585640625,78.6212309512853,353.902563920454,0,77.3239414982348,77.3239414982348,0,179.695207356653,179.695207356653,79.2926459004654,56.0243764229699,0,26.7954458560194,0,107.016335033557,107.016335033557,244.952591864323,883.10998670802,210.695479915433,0,79.2926459004654,0,186.889755274262,186.889755274262,58.8583522324592,0,2.31778503401361,0,0,965.21997094431,0,15.9763641610157,666.169532085562,0,416.547385579937,79727.1696,846.001375212224,2264.97640909091,5401.56975609756,1533.2148,691.835904199931,12.1024654506594,8.0568302679979,77.3239414982348,244.952591864323,846.001375212224,0,15.9763641610157,846.001375212224,846.001375212224,49.0206404328578,58.8583522324592,118.953165433278,846.001375212224,179.695207356653,846.001375212224,846.001375212224,0,14.0700633201799,186.889755274262,846.001375212224,407.020469675311,384.264360902256,14.0700633201799,0,883.10998670802,811.224761904762,14.0700633201799,186.889755274262,66.1482556750299,666.169532085562,244.952591864323,0,431.70440545809,244.952591864323,244.952591864323,407.020469675311,186.889755274262,14.0700633201799,79.2926459004654,666.169532085562,0,14.0700633201799
"D222100",0,95.7154840568575,1324.5476076555,6.04346574236133,6.04346574236133,520.357988721804,1030.59407138536,931.587192085072,481.035264702475,21.5271059457423,43.415209421974,1010.24817533047,19.8790572369618,34507.9508310249,76.6062569565909,203.286897384536,862.698770775623,16.3851322201543,202.86233471209,0,47.3155131550461,47.3155131550461,0,214.615733482643,214.615733482643,97.4909580743428,34.6190963508883,0,50.9203996419287,0,64.7556608187135,64.7556608187135,143.092768614027,970.975291802256,123.965034182166,0,97.4909580743428,0,113.606422488971,113.606422488971,74.4349628381482,0,3.783548189679,0,0,1055.3739489569,0,18.140830133782,367.929891015417,0,121.551921725894,846.001375212224,34507.9508310249,1150.26502770083,1324.5476076555,2480.3949525453,381.192480110159,62.7958113005913,18.3466347689313,47.3155131550461,143.092768614027,34507.9508310249,0,18.140830133782,34507.9508310249,34507.9508310249,92.0212022160665,74.4349628381482,144.321167904353,34507.9508310249,214.615733482643,34507.9508310249,34507.9508310249,0,6.04346574236133,113.606422488971,34507.9508310249,231.515206846566,0,6.04346574236133,0,970.975291802256,896.616842105263,6.04346574236133,113.606422488971,293.581363815411,367.929891015417,143.092768614027,0,244.737239936347,143.092768614027,143.092768614027,231.515206846566,113.606422488971,6.04346574236133,97.4909580743428,367.929891015417,0,6.04346574236133
"D226150",0,209.367567226891,3740.95202702703,11.7962215241265,11.7962215241265,1318.24023809524,545.478719211823,410.321813241107,557.875962830273,88.0955412548839,43.1353119400272,2762.16635254989,40.4053395932665,1150.26502770083,64.8888959787478,446.700860600627,1055.70934322034,33.1048903800159,469.02749435241,0,99.5315616011505,99.5315616011505,0,234.557903408021,234.557903408021,205.440037105751,71.8169621238326,0,68.4292300086516,0,138.415225,138.415225,321.812716352364,1202.44886583012,557.127470930233,0,205.440037105751,0,119.840021645022,119.840021645022,37.3355219385003,0,4.36564578587699,0,0,1318.24023809524,0,15.0618685616869,1826.59387829912,0,270.16634677944,2264.97640909091,1150.26502770083,124573.7025,0,4355.72386363636,934.536402850713,15.3112305035582,10.1419606366523,99.5315616011505,321.812716352364,1150.26502770083,0,15.0618685616869,1150.26502770083,1150.26502770083,126.086743421053,37.3355219385003,310.502748005982,1150.26502770083,234.557903408021,1150.26502770083,1150.26502770083,0,11.7962215241265,119.840021645022,1150.26502770083,541.389406779661,0,11.7962215241265,0,1202.44886583012,1101.4474137931,11.7962215241265,119.840021645022,257.75647113594,1826.59387829912,321.812716352364,0,575.132513850416,321.812716352364,321.812716352364,541.389406779661,119.840021645022,11.7962215241265,205.440037105751,1826.59387829912,0,11.7962215241265
"D236000",0,0,0,19.750279431909,19.750279431909,0,0,0,636.39183908046,49.1409184506692,24.0329244365733,0,90.8459922881286,1324.5476076555,0,0,0,74.3518297186598,0,34388.8757763975,111.92304115792,111.92304115792,0,0,0,0,0,25166.4045454545,0,0,0,0,0,0,0,0,0,0,134.907626705653,134.907626705653,41.7958223872935,0,1.61690584662111,0,0,0,0,33.7071948665498,0,0,617.856154447048,5401.56975609756,1324.5476076555,0,153794.694444444,0,0,34.2739197721926,5.64236957531979,111.92304115792,0,1324.5476076555,0,33.7071948665498,1324.5476076555,1324.5476076555,0,41.7958223872935,0,1324.5476076555,0,1324.5476076555,1324.5476076555,0,19.750279431909,134.907626705653,1324.5476076555,617.373884924175,568.615487316422,19.750279431909,25166.4045454545,0,3943.4537037037,19.750279431909,134.907626705653,289.632192927391,0,0,0,0,0,0,617.373884924175,134.907626705653,19.750279431909,0,0,0,19.750279431909
"D254200",0,153.32148,2476.12209302326,22.5822390901678,22.5822390901678,912.627857142857,600.789498432602,295.485430157262,398.113523057748,66.1587068712567,65.6100408240117,1853.49951644101,60.9802726824379,2480.3949525453,32.6202033956002,837.200113576795,1497.280078125,50.0494483253901,680.581853693182,0,148.699887496605,148.699887496605,0,345.567706455103,345.567706455103,230.07424969988,53.6029115623427,0,51.529703569268,0,102.21432,102.21432,233.266613924051,3511.71507100321,405.183615221987,0,230.07424969988,0,178.571488469602,178.571488469602,28.0907352035881,0,5.5800340651022,0,0,912.627857142857,0,42.6016932198458,1281.0952540107,0,196.68703817734,1533.2148,2480.3949525453,4355.72386363636,0,73712.25,655.444083447332,46.7717322335025,31.2060327281609,148.699887496605,233.266613924051,2480.3949525453,0,42.6016932198458,2480.3949525453,2480.3949525453,94.2704623708805,28.0907352035881,228.756087371688,2480.3949525453,345.567706455103,2480.3949525453,2480.3949525453,10303.8629032258,22.5822390901678,178.571488469602,2480.3949525453,782.731672452522,554.227443609023,22.5822390901678,0,3511.71507100321,767.8359375,22.5822390901678,178.571488469602,390.011904761905,1281.0952540107,233.266613924051,0,410.038189987163,233.266613924051,233.266613924051,782.731672452522,178.571488469602,22.5822390901678,230.07424969988,1281.0952540107,0,22.5822390901678
"D254500",0,81.6074041925974,1072.98624031008,5.3015822030958,5.3015822030958,429.990775337619,103.254489845396,151.302407564288,823.906960209658,18.6729586286418,37.8484572396467,823.029218419662,17.2549492924982,381.192480110159,28.3098298760161,173.139868449856,715.324160206718,14.2440555532528,170.817384955024,0,81.8668413659402,81.8668413659402,0,90.6465221788864,90.6465221788864,41.7098635689049,29.8951355554236,0,14.6532774368054,0,284.374267370524,284.374267370524,121.228699606118,396.450612225414,105.271179100189,0,41.7098635689049,0,97.5442036645525,97.5442036645525,32.0959739519425,0,1.99568049288442,0,2182.34489554592,429.990775337619,0,2.25606862975206,306.243430109642,0,314.641634410775,691.835904199931,381.192480110159,934.536402850713,0,655.444083447332,26949.4218496485,20.3307411787682,23.097969693739,81.8668413659402,121.228699606118,381.192480110159,0,2.25606862975206,381.192480110159,381.192480110159,26.2891365593213,32.0959739519425,61.378450187229,381.192480110159,90.6465221788864,381.192480110159,381.192480110159,0,5.3015822030958,97.5442036645525,381.192480110159,194.466376830825,0,5.3015822030958,0,396.450612225414,366.832902670112,5.3015822030958,97.5442036645525,35.0649098140548,306.243430109642,121.228699606118,0,205.356218241163,121.228699606118,121.228699606118,194.466376830825,97.5442036645525,5.3015822030958,41.7098635689049,306.243430109642,0,5.3015822030958
"D260480",0,7.72733792012571,34.2739197721926,2.90150417452948,2.90150417452948,8.44264111878444,124.695493901478,28.1367705223664,14.5692455217791,6.27584180028736,7.52351139593812,13.8522194917186,5.91719590222664,62.7958113005913,10.2827919311744,69.9475487585676,14.6378199027073,5.86480080964048,13.0292682650471,45.1681299854967,3.13788197246935,3.13788197246935,0,8.32227005655127,8.32227005655127,9.64873270718221,3.77389484242632,63.5531477182869,5.99149692761242,0,9.84208279839618,9.84208279839618,3.39172827610467,48.2559353740124,12.3579015008199,0,9.64873270718221,0,7.13767980017726,7.13767980017726,9.65923387695117,39.4235548501842,1.28006846112744,0,17.0952641199501,8.44264111878444,0,11.3347909712434,19.8230037553904,0,6.06967407959066,12.1024654506594,62.7958113005913,15.3112305035582,34.2739197721926,46.7717322335025,20.3307411787682,320.991786698962,32.2752749663085,3.13788197246935,3.39172827610467,62.7958113005913,0,11.3347909712434,62.7958113005913,62.7958113005913,5.74814853010594,9.65923387695117,6.31701062032854,62.7958113005913,8.32227005655127,62.7958113005913,62.7958113005913,0,2.90150417452948,7.13767980017726,62.7958113005913,9.50586372726452,8.65013660750017,2.90150417452948,63.5531477182869,48.2559353740124,68.8338700794943,2.90150417452948,7.13767980017726,33.6880408017278,19.8230037553904,3.39172827610467,0,4.93063407249087,3.39172827610467,3.39172827610467,9.50586372726452,7.13767980017726,2.90150417452948,9.64873270718221,19.8230037553904,0,2.90150417452948
"D266600",0,5.49678782597185,104.057688613051,1.19235473297768,1.19235473297768,2.83384181504255,49.5480256922382,13.8960459523015,4.98600751421072,4.50196682936251,5.00357151651153,4.59058526840694,2.61138349189631,18.3466347689313,5.00357151651153,24.2915476467558,14.8776695289734,2.57969622116902,7.49083727116253,14.7376014163388,1.73010012302137,1.73010012302137,51.8789052739418,4.90423628464811,4.90423628464811,5.3116243314653,2.35430792661354,0,5.91409251417635,0,10.0434459505179,10.0434459505179,3.56051822192599,18.8685873939365,4.32713902531285,0,5.3116243314653,0,7.8536245966169,7.8536245966169,4.05113110529621,12.8769528827309,1.01946088513777,0,5.64236957531979,2.83384181504255,21.9491730909057,7.85972579856395,11.1938690026476,0,6.42440295492093,8.0568302679979,18.3466347689313,10.1419606366523,5.64236957531979,31.2060327281609,23.097969693739,32.2752749663085,104.057688613051,1.73010012302137,3.56051822192599,18.3466347689313,0,7.85972579856395,18.3466347689313,18.3466347689313,6.11272669951029,4.05113110529621,3.7902895315418,18.3466347689313,4.90423628464811,18.3466347689313,18.3466347689313,0,1.19235473297768,7.8536245966169,18.3466347689313,3.25894053179295,4.06313648211887,1.19235473297768,0,18.8685873939365,36.0515998742351,1.19235473297768,7.8536245966169,17.8663582289562,11.1938690026476,3.56051822192599,0,3.382320886833,3.56051822192599,3.56051822192599,3.25894053179295,7.8536245966169,1.19235473297768,5.3116243314653,11.1938690026476,0,1.19235473297768
"D267740",2244.47011395883,27.0790321441187,111.92304115792,6.01220169113719,6.01220169113719,52.213278216997,16.3573512829477,44.8773546671854,27.9901278021314,7.76795612236053,6.35440625852412,89.4187291390015,18.267260614826,47.3155131550461,10.6352694221614,14.0722090039918,89.4187291390015,15.4276905005243,24.6481461512283,0,2244.47011395883,2244.47011395883,0,29.5246797015861,29.5246797015861,15.4762389272926,35.4264880275282,437.15823134623,9.44466228867988,0,9.80003068072867,9.80003068072867,56.4432146801461,48.8569827581981,33.3791842479155,0,15.4762389272926,0,8.75346281847574,8.75346281847574,10.2005809662915,0,3.78310007895776,0,0,105.000328722093,147.454165335038,0.569309471488849,39.5864165459121,0,32.8545089871172,77.3239414982348,47.3155131550461,99.5315616011505,111.92304115792,148.699887496605,81.8668413659402,3.13788197246935,1.73010012302137,2244.47011395883,56.4432146801461,47.3155131550461,0,0.569309471488849,47.3155131550461,47.3155131550461,26.3493576252652,10.2005809662915,10.654582865422,47.3155131550461,29.5246797015861,47.3155131550461,47.3155131550461,0,6.01220169113719,8.75346281847574,47.3155131550461,2244.47011395883,15.3766171768755,6.01220169113719,437.15823134623,48.8569827581981,45.8557585328213,6.01220169113719,8.75346281847574,13.3615424899063,39.5864165459121,56.4432146801461,0,57.5208199139776,56.4432146801461,56.4432146801461,2244.47011395883,8.75346281847574,6.01220169113719,15.4762389272926,39.5864165459121,0,6.01220169113719
"D300125",0,144.172096925859,365.019053270042,2.74098585536454,2.74098585536454,159.482408103826,43.9395976350145,125.223927744815,161.111857995053,18.0024809216152,23.5259007142827,286.705874568469,16.7033770470482,143.092768614027,14.0461765935398,37.1577569396544,133.634094078524,13.9192965695825,139.794531039591,0,56.4432146801461,56.4432146801461,0,118.414190998241,118.414190998241,57.7242540542357,28.0596522999525,0,14.2998690528154,0,75.313781976195,75.313781976195,7984.21422848902,148.238055006024,44.7215629644521,0,57.7242540542357,0,21.9354172857115,21.9354172857115,23.3828702150374,0,3.18740949829068,0,0,321.812716352364,489.715003144901,5.88476754040373,117.502407610028,0,43.9395976350145,244.952591864323,143.092768614027,321.812716352364,0,233.266613924051,121.228699606118,3.39172827610467,3.56051822192599,56.4432146801461,7984.21422848902,143.092768614027,0,5.88476754040373,143.092768614027,143.092768614027,62.874095300103,23.3828702150374,27.2722640976579,143.092768614027,118.414190998241,143.092768614027,143.092768614027,0,2.74098585536454,21.9354172857115,143.092768614027,78.0345074911089,0,2.74098585536454,0,148.238055006024,138.232067510549,2.74098585536454,21.9354172857115,32.5818959683162,117.502407610028,7984.21422848902,0,7984.21422848902,7984.21422848902,7984.21422848902,78.0345074911089,21.9354172857115,2.74098585536454,57.7242540542357,117.502407610028,0,2.74098585536454
"D600319",0,95.7154840568575,1324.5476076555,6.04346574236133,6.04346574236133,520.357988721804,1030.59407138536,931.587192085072,481.035264702475,21.5271059457423,43.415209421974,1010.24817533047,19.8790572369618,34507.9508310249,76.6062569565909,203.286897384536,862.698770775623,16.3851322201543,202.86233471209,0,47.3155131550461,47.3155131550461,0,214.615733482643,214.615733482643,97.4909580743428,34.6190963508883,0,50.9203996419287,0,64.7556608187135,64.7556608187135,143.092768614027,970.975291802256,123.965034182166,0,97.4909580743428,0,113.606422488971,113.606422488971,74.4349628381482,0,3.783548189679,0,0,1055.3739489569,0,18.140830133782,367.929891015417,0,121.551921725894,846.001375212224,34507.9508310249,1150.26502770083,1324.5476076555,2480.3949525453,381.192480110159,62.7958113005913,18.3466347689313,47.3155131550461,143.092768614027,34507.9508310249,0,18.140830133782,34507.9508310249,34507.9508310249,92.0212022160665,74.4349628381482,144.321167904353,34507.9508310249,214.615733482643,34507.9508310249,34507.9508310249,0,6.04346574236133,113.606422488971,34507.9508310249,231.515206846566,0,6.04346574236133,0,970.975291802256,896.616842105263,6.04346574236133,113.606422488971,293.581363815411,367.929891015417,143.092768614027,0,244.737239936347,143.092768614027,143.092768614027,231.515206846566,113.606422488971,6.04346574236133,97.4909580743428,367.929891015417,0,6.04346574236133
"D600803",0,0,0,0,0,0,0,0,15341.5889778325,0,0,0,0,0,0,0,0,0,0,0,0,0,0,0,0,0,0,0,0,0,0,0,0,0,0,0,0,0,0,0,0,0,14.7311183704842,0,0,0,0,0,0,0,0,0,0,0,0,0,0,0,0,0,0,0,12457370.25,0,0,0,0,0,0,0,0,0,0,0,0,0,0,0,0,0,0,0,0,0,0,0,0,0,0,0,0,0,0,0,0,0,0,0,0
"D600807",0,7.26843471030982,5.57846983766181,2.38911733493127,2.38911733493127,2.80211670827991,29.3900171989129,12.3523260691083,4.9309482916951,6.90912513175727,6.28516360515593,4.53873981847038,3.23845219480049,18.140830133782,4.29585541070823,20.077395970135,14.7111127184695,3.12824191007773,2.95160298056364,43.8331113652358,0.569309471488849,0.569309471488849,25.6058948127867,6.80903471747863,6.80903471747863,5.25576874882923,1.39478047723654,40.9694317004588,4.07242373346548,0,6.34824371496518,6.34824371496518,5.88476754040373,21.3514503326156,4.2801507680129,0,5.25576874882923,0,5.15505742471008,5.15505742471008,6.21678774744832,12.7300999104822,1.79490913266853,0,5.57846983766181,11.2547191034076,43.5840595961151,102.865060196195,6.62335776765928,0,4.22552237006193,15.9763641610157,18.140830133782,15.0618685616869,33.7071948665498,42.6016932198458,2.25606862975206,11.3347909712434,7.85972579856395,0.569309471488849,5.88476754040373,18.140830133782,0,102.865060196195,18.140830133782,18.140830133782,3.4333572423715,6.21678774744832,7.54638691042159,18.140830133782,6.80903471747863,18.140830133782,18.140830133782,17.0218929853903,2.38911733493127,5.15505742471008,18.140830133782,1.60936208911909,10.1254588508283,2.38911733493127,40.9694317004588,21.3514503326156,59.3007736826811,2.38911733493127,5.15505742471008,50.5072888159095,6.62335776765928,5.88476754040373,0,6.70780520427721,5.88476754040373,5.88476754040373,1.60936208911909,5.15505742471008,2.38911733493127,5.25576874882923,6.62335776765928,0,2.38911733493127
"D601208",0,95.7154840568575,1324.5476076555,6.04346574236133,6.04346574236133,520.357988721804,1030.59407138536,931.587192085072,481.035264702475,21.5271059457423,43.415209421974,1010.24817533047,19.8790572369618,34507.9508310249,76.6062569565909,203.286897384536,862.698770775623,16.3851322201543,202.86233471209,0,47.3155131550461,47.3155131550461,0,214.615733482643,214.615733482643,97.4909580743428,34.6190963508883,0,50.9203996419287,0,64.7556608187135,64.7556608187135,143.092768614027,970.975291802256,123.965034182166,0,97.4909580743428,0,113.606422488971,113.606422488971,74.4349628381482,0,3.783548189679,0,0,1055.3739489569,0,18.140830133782,367.929891015417,0,121.551921725894,846.001375212224,34507.9508310249,1150.26502770083,1324.5476076555,2480.3949525453,381.192480110159,62.7958113005913,18.3466347689313,47.3155131550461,143.092768614027,34507.9508310249,0,18.140830133782,34507.9508310249,34507.9508310249,92.0212022160665,74.4349628381482,144.321167904353,34507.9508310249,214.615733482643,34507.9508310249,34507.9508310249,0,6.04346574236133,113.606422488971,34507.9508310249,231.515206846566,0,6.04346574236133,0,970.975291802256,896.616842105263,6.04346574236133,113.606422488971,293.581363815411,367.929891015417,143.092768614027,0,244.737239936347,143.092768614027,143.092768614027,231.515206846566,113.606422488971,6.04346574236133,97.4909580743428,367.929891015417,0,6.04346574236133
"D601318",0,95.7154840568575,1324.5476076555,6.04346574236133,6.04346574236133,520.357988721804,1030.59407138536,931.587192085072,481.035264702475,21.5271059457423,43.415209421974,1010.24817533047,19.8790572369618,34507.9508310249,76.6062569565909,203.286897384536,862.698770775623,16.3851322201543,202.86233471209,0,47.3155131550461,47.3155131550461,0,214.615733482643,214.615733482643,97.4909580743428,34.6190963508883,0,50.9203996419287,0,64.7556608187135,64.7556608187135,143.092768614027,970.975291802256,123.965034182166,0,97.4909580743428,0,113.606422488971,113.606422488971,74.4349628381482,0,3.783548189679,0,0,1055.3739489569,0,18.140830133782,367.929891015417,0,121.551921725894,846.001375212224,34507.9508310249,1150.26502770083,1324.5476076555,2480.3949525453,381.192480110159,62.7958113005913,18.3466347689313,47.3155131550461,143.092768614027,34507.9508310249,0,18.140830133782,34507.9508310249,34507.9508310249,92.0212022160665,74.4349628381482,144.321167904353,34507.9508310249,214.615733482643,34507.9508310249,34507.9508310249,0,6.04346574236133,113.606422488971,34507.9508310249,231.515206846566,0,6.04346574236133,0,970.975291802256,896.616842105263,6.04346574236133,113.606422488971,293.581363815411,367.929891015417,143.092768614027,0,244.737239936347,143.092768614027,143.092768614027,231.515206846566,113.606422488971,6.04346574236133,97.4909580743428,367.929891015417,0,6.04346574236133
"D601367",0,64.8700701134462,213.219858793325,7.01101203257046,7.01101203257046,33.4515849892589,33.0053393299509,59.6215802934446,18.3066052153978,19.4579957626079,15.5054319364193,56.4972913217987,10.3277549127557,92.0212022160665,15.5054319364193,18.97344375589,28.6310509078373,8.77748989886757,48.9779182611659,0,26.3493576252652,26.3493576252652,682.969860197368,60.2159252217487,60.2159252217487,37.8442173615858,20.4654326494202,0,53.9978318944315,0,33.840055008489,33.840055008489,62.874095300103,31.3633611953826,22.2594148969436,0,37.8442173615858,0,5.99589452025125,5.99589452025125,14.5947536835076,0,3.02333335723505,0,70.3865878464277,33.4515849892589,0,3.4333572423715,51.3833123659462,0,10.9220567347905,49.0206404328578,92.0212022160665,126.086743421053,0,94.2704623708805,26.2891365593213,5.74814853010594,6.11272669951029,26.3493576252652,62.874095300103,92.0212022160665,0,3.4333572423715,92.0212022160665,92.0212022160665,1380.318033241,14.5947536835076,29.2440261279872,92.0212022160665,60.2159252217487,92.0212022160665,92.0212022160665,0,7.01101203257046,5.99589452025125,92.0212022160665,54.208438676269,0,7.01101203257046,0,31.3633611953826,29.4939750692521,7.01101203257046,5.99589452025125,23.3269671537152,51.3833123659462,62.874095300103,0,95.0632254298207,62.874095300103,62.874095300103,54.208438676269,5.99589452025125,7.01101203257046,37.8442173615858,51.3833123659462,0,7.01101203257046
"D601518",0,29.0869763939479,83.9070849435478,4.26693195619803,4.26693195619803,40.5508404438422,6.86630288524143,27.621586968994,57.124456950891,34.1952834310471,14.9544562801718,33.6899659243033,10.4230141629383,74.4349628381482,14.9544562801718,24.1295469452416,70.2169816106531,10.4263241645829,40.4770221663352,112.111147109446,10.2005809662915,10.2005809662915,0,37.90360456917,37.90360456917,13.8913228925699,10.7167053626991,158.196361731511,9.12782327998364,0,26.1023996856993,26.1023996856993,23.3828702150374,38.0887700019721,13.9757243934885,0,13.8913228925699,118.413253012048,23.5295000106245,23.5295000106245,803.688343736391,97.7140613234187,1.50525321625485,0,41.7958223872935,40.5508404438422,0,6.21678774744832,31.2587312699721,0,27.7133911633238,58.8583522324592,74.4349628381482,37.3355219385003,41.7958223872935,28.0907352035881,32.0959739519425,9.65923387695117,4.05113110529621,10.2005809662915,23.3828702150374,74.4349628381482,0,6.21678774744832,74.4349628381482,74.4349628381482,14.5947536835076,803.688343736391,9.29270478710757,74.4349628381482,37.90360456917,74.4349628381482,74.4349628381482,0,4.26693195619803,23.5295000106245,74.4349628381482,22.1688708973481,13.0124453859394,4.26693195619803,158.196361731511,38.0887700019721,54.0130627774255,4.26693195619803,23.5295000106245,21.4036912225359,31.2587312699721,23.3828702150374,0,34.7608819854718,23.3828702150374,23.3828702150374,22.1688708973481,23.5295000106245,4.26693195619803,13.8913228925699,31.2587312699721,0,4.26693195619803
"D601665",0,39.1003460451977,173.779315756434,6.13234424481559,6.13234424481559,79.3766423473939,47.8210449338243,32.9035170085816,126.255851292048,32.4463422982599,14.3669108519139,138.091477203445,9.95423978521152,144.321167904353,29.0610861879261,40.8773764375525,67.2426333261362,8.36495294979717,36.4540519067797,0,10.654582865422,10.654582865422,0,42.7845731801556,42.7845731801556,21.8454637639034,8.11491097444436,0,8.5832644753018,0,28.0354348407061,28.0354348407061,27.2722640976579,74.1108700049378,48.6165942077061,0,21.8454637639034,0,12.4128082683167,12.4128082683167,9.29270478710757,0,1.61150638446107,0,0,79.3766423473939,0,7.54638691042159,119.966970820493,3578.67573972996,47.8210449338243,118.953165433278,144.321167904353,310.502748005982,0,228.756087371688,61.378450187229,6.31701062032854,3.7902895315418,10.654582865422,27.2722640976579,144.321167904353,0,7.54638691042159,144.321167904353,144.321167904353,29.2440261279872,9.29270478710757,3578.67573972996,144.321167904353,42.7845731801556,144.321167904353,144.321167904353,0,6.13234424481559,12.4128082683167,144.321167904353,40.6667697696587,0,6.13234424481559,0,74.1108700049378,69.4088983050847,6.13234424481559,12.4128082683167,66.8381983678594,119.966970820493,27.2722640976579,0,42.5775093051155,27.2722640976579,27.2722640976579,40.6667697696587,12.4128082683167,6.13234424481559,21.8454637639034,119.966970820493,0,6.13234424481559
"D601666",0,95.7154840568575,1324.5476076555,6.04346574236133,6.04346574236133,520.357988721804,1030.59407138536,931.587192085072,481.035264702475,21.5271059457423,43.415209421974,1010.24817533047,19.8790572369618,34507.9508310249,76.6062569565909,203.286897384536,862.698770775623,16.3851322201543,202.86233471209,0,47.3155131550461,47.3155131550461,0,214.615733482643,214.615733482643,97.4909580743428,34.6190963508883,0,50.9203996419287,0,64.7556608187135,64.7556608187135,143.092768614027,970.975291802256,123.965034182166,0,97.4909580743428,0,113.606422488971,113.606422488971,74.4349628381482,0,3.783548189679,0,0,1055.3739489569,0,18.140830133782,367.929891015417,0,121.551921725894,846.001375212224,34507.9508310249,1150.26502770083,1324.5476076555,2480.3949525453,381.192480110159,62.7958113005913,18.3466347689313,47.3155131550461,143.092768614027,34507.9508310249,0,18.140830133782,34507.9508310249,34507.9508310249,92.0212022160665,74.4349628381482,144.321167904353,34507.9508310249,214.615733482643,34507.9508310249,34507.9508310249,0,6.04346574236133,113.606422488971,34507.9508310249,231.515206846566,0,6.04346574236133,0,970.975291802256,896.616842105263,6.04346574236133,113.606422488971,293.581363815411,367.929891015417,143.092768614027,0,244.737239936347,143.092768614027,143.092768614027,231.515206846566,113.606422488971,6.04346574236133,97.4909580743428,367.929891015417,0,6.04346574236133
"D601682",0,55.2188397606383,535.455415860735,6.80650554627386,6.80650554627386,238.515573319293,33.8506297383223,144.049147201665,60.5276160883909,43.8142130813269,34.6481216253134,209.526032293331,20.1635930658854,214.615733482643,15.2162772194567,57.8302363718025,99.6430191169413,16.8571399735678,215.13833672976,0,29.5246797015861,29.5246797015861,0,5639.37086917157,5639.37086917157,92.0713611293318,33.525225253107,0,40.8542083048718,0,39.085777821355,39.085777821355,118.414190998241,110.208079355952,69.258016945666,0,92.0713611293318,0,52.1239785351158,52.1239785351158,37.90360456917,0,2.35365017960763,1908.55395752341,0,118.326085201368,0,6.80903471747863,177.172747895096,0,68.0794788033298,179.695207356653,214.615733482643,234.557903408021,0,345.567706455103,90.6465221788864,8.32227005655127,4.90423628464811,29.5246797015861,118.414190998241,214.615733482643,0,6.80903471747863,214.615733482643,214.615733482643,60.2159252217487,37.90360456917,42.7845731801556,214.615733482643,5639.37086917157,214.615733482643,214.615733482643,0,6.80650554627386,52.1239785351158,214.615733482643,59.1102655778465,0,6.80650554627386,0,110.208079355952,102.972195357834,6.80650554627386,52.1239785351158,65.1838155651625,177.172747895096,118.414190998241,0,188.51381995097,118.414190998241,118.414190998241,59.1102655778465,52.1239785351158,6.80650554627386,92.0713611293318,177.172747895096,0,6.80650554627386
"D601941",0,95.7154840568575,1324.5476076555,6.04346574236133,6.04346574236133,520.357988721804,1030.59407138536,931.587192085072,481.035264702475,21.5271059457423,43.415209421974,1010.24817533047,19.8790572369618,34507.9508310249,76.6062569565909,203.286897384536,862.698770775623,16.3851322201543,202.86233471209,0,47.3155131550461,47.3155131550461,0,214.615733482643,214.615733482643,97.4909580743428,34.6190963508883,0,50.9203996419287,0,64.7556608187135,64.7556608187135,143.092768614027,970.975291802256,123.965034182166,0,97.4909580743428,0,113.606422488971,113.606422488971,74.4349628381482,0,3.783548189679,0,0,1055.3739489569,0,18.140830133782,367.929891015417,0,121.551921725894,846.001375212224,34507.9508310249,1150.26502770083,1324.5476076555,2480.3949525453,381.192480110159,62.7958113005913,18.3466347689313,47.3155131550461,143.092768614027,34507.9508310249,0,18.140830133782,34507.9508310249,34507.9508310249,92.0212022160665,74.4349628381482,144.321167904353,34507.9508310249,214.615733482643,34507.9508310249,34507.9508310249,0,6.04346574236133,113.606422488971,34507.9508310249,231.515206846566,0,6.04346574236133,0,970.975291802256,896.616842105263,6.04346574236133,113.606422488971,293.581363815411,367.929891015417,143.092768614027,0,244.737239936347,143.092768614027,143.092768614027,231.515206846566,113.606422488971,6.04346574236133,97.4909580743428,367.929891015417,0,6.04346574236133
"D601942",0,95.7154840568575,1324.5476076555,6.04346574236133,6.04346574236133,520.357988721804,1030.59407138536,931.587192085072,481.035264702475,21.5271059457423,43.415209421974,1010.24817533047,19.8790572369618,34507.9508310249,76.6062569565909,203.286897384536,862.698770775623,16.3851322201543,202.86233471209,0,47.3155131550461,47.3155131550461,0,214.615733482643,214.615733482643,97.4909580743428,34.6190963508883,0,50.9203996419287,0,64.7556608187135,64.7556608187135,143.092768614027,970.975291802256,123.965034182166,0,97.4909580743428,0,113.606422488971,113.606422488971,74.4349628381482,0,3.783548189679,0,0,1055.3739489569,0,18.140830133782,367.929891015417,0,121.551921725894,846.001375212224,34507.9508310249,1150.26502770083,1324.5476076555,2480.3949525453,381.192480110159,62.7958113005913,18.3466347689313,47.3155131550461,143.092768614027,34507.9508310249,0,18.140830133782,34507.9508310249,34507.9508310249,92.0212022160665,74.4349628381482,144.321167904353,34507.9508310249,214.615733482643,34507.9508310249,34507.9508310249,0,6.04346574236133,113.606422488971,34507.9508310249,231.515206846566,0,6.04346574236133,0,970.975291802256,896.616842105263,6.04346574236133,113.606422488971,293.581363815411,367.929891015417,143.092768614027,0,244.737239936347,143.092768614027,143.092768614027,231.515206846566,113.606422488971,6.04346574236133,97.4909580743428,367.929891015417,0,6.04346574236133
"D602080",0,0,0,0,0,0,0,0,0,0,149.793272309149,0,0,0,0,0,0,0,0,0,0,0,0,0,0,0,0,0,0,0,0,0,0,0,0,0,0,0,0,0,0,0,0,0,0,0,0,17.0218929853903,0,0,0,0,0,0,0,10303.8629032258,0,0,0,0,0,0,0,17.0218929853903,0,0,0,0,0,0,0,0,0,1384152.25,0,0,0,0,0,0,0,0,0,0,0,0,0,0,0,0,0,0,0,0,0,0,0,0,0
"D602096",0,6.34588570155051,13.146812082529,121.2747267457,121.2747267457,6.59068247935513,2.46151482992919,6.38314241031274,7.71392704976371,5.9554968087025,2.44132314488301,5.33762014858512,72.2799626629417,6.04346574236133,3.68111734385181,5.46666712451258,8.59923670840639,62.9163638779857,5.19077856864275,17.1642967198043,6.01220169113719,6.01220169113719,0,6.80650554627386,6.80650554627386,6.79722118846456,5.98651697564343,24.1045270834089,8.84009777963154,0,4.08604992609691,4.08604992609691,2.74098585536454,15.609232529616,6.25983217193791,0,6.79722118846456,0,6.75681006901293,6.75681006901293,4.26693195619803,0,1.71122391731917,0,6.56341606247836,9.90071320449931,0,2.38911733493127,12.9908255086888,0,3.69736503419709,14.0700633201799,6.04346574236133,11.7962215241265,19.750279431909,22.5822390901678,5.3015822030958,2.90150417452948,1.19235473297768,6.01220169113719,2.74098585536454,6.04346574236133,0,2.38911733493127,6.04346574236133,6.04346574236133,7.01101203257046,4.26693195619803,6.13234424481559,6.04346574236133,6.80650554627386,6.04346574236133,6.04346574236133,0,121.2747267457,6.75681006901293,6.04346574236133,11.3911639492005,121.2747267457,121.2747267457,24.1045270834089,15.609232529616,2.93558022144155,121.2747267457,6.75681006901293,4.82876619886598,12.9908255086888,2.74098585536454,0,3.91899071607147,2.74098585536454,2.74098585536454,11.3911639492005,6.75681006901293,121.2747267457,6.79722118846456,12.9908255086888,0,121.2747267457
"D602404",0,15.7738148148148,271.602109394162,6.75681006901293,6.75681006901293,62.4019047619048,38.5692023685127,26.351628947431,33.1454082854406,22.4487761167403,2.39812407281075,107.548737373737,20.9265835894063,113.606422488971,7.22544942023973,49.8501688200603,160.947936046512,17.6311089881379,29.1277830387205,0,8.75346281847574,8.75346281847574,0,52.1239785351158,52.1239785351158,26.9992880306244,27.0824907672365,0,14.4306539474027,0,34.4691610894942,34.4691610894942,21.9354172857115,177.086486486486,19.5088407329105,0,26.9992880306244,0,2734.12790123457,2734.12790123457,23.5295000106245,0,1.59175145993927,0,0,189.447698887938,0,5.15505742471008,94.7887176853279,0,19.1973405454136,186.889755274262,113.606422488971,119.840021645022,134.907626705653,178.571488469602,97.5442036645525,7.13767980017726,7.8536245966169,8.75346281847574,21.9354172857115,113.606422488971,0,5.15505742471008,113.606422488971,113.606422488971,5.99589452025125,23.5295000106245,12.4128082683167,113.606422488971,52.1239785351158,113.606422488971,113.606422488971,0,6.75681006901293,2734.12790123457,113.606422488971,32.4147946488686,18.0272169312169,6.75681006901293,0,177.086486486486,54.7068721901092,6.75681006901293,2734.12790123457,31.1049818115423,94.7887176853279,21.9354172857115,0,33.9034873396405,21.9354172857115,21.9354172857115,32.4147946488686,2734.12790123457,6.75681006901293,26.9992880306244,94.7887176853279,0,6.75681006901293
"D603266",0,95.7154840568575,1324.5476076555,6.04346574236133,6.04346574236133,520.357988721804,1030.59407138536,931.587192085072,481.035264702475,21.5271059457423,43.415209421974,1010.24817533047,19.8790572369618,34507.9508310249,76.6062569565909,203.286897384536,862.698770775623,16.3851322201543,202.86233471209,0,47.3155131550461,47.3155131550461,0,214.615733482643,214.615733482643,97.4909580743428,34.6190963508883,0,50.9203996419287,0,64.7556608187135,64.7556608187135,143.092768614027,970.975291802256,123.965034182166,0,97.4909580743428,0,113.606422488971,113.606422488971,74.4349628381482,0,3.783548189679,0,0,1055.3739489569,0,18.140830133782,367.929891015417,0,121.551921725894,846.001375212224,34507.9508310249,1150.26502770083,1324.5476076555,2480.3949525453,381.192480110159,62.7958113005913,18.3466347689313,47.3155131550461,143.092768614027,34507.9508310249,0,18.140830133782,34507.9508310249,34507.9508310249,92.0212022160665,74.4349628381482,144.321167904353,34507.9508310249,214.615733482643,34507.9508310249,34507.9508310249,0,6.04346574236133,113.606422488971,34507.9508310249,231.515206846566,0,6.04346574236133,0,970.975291802256,896.616842105263,6.04346574236133,113.606422488971,293.581363815411,367.929891015417,143.092768614027,0,244.737239936347,143.092768614027,143.092768614027,231.515206846566,113.606422488971,6.04346574236133,97.4909580743428,367.929891015417,0,6.04346574236133
"D604827",0,53.4536376314096,617.373884924175,11.3911639492005,11.3911639492005,259.467734124815,66.949462907354,96.3788057259239,125.530242951289,12.8504096674873,6.5592888619535,479.867883281972,48.0783010034026,231.515206846566,19.779560986821,56.1734269754753,215.450886371498,39.838088423409,108.166940903723,0,3715.84496644295,3715.84496644295,0,59.1102655778465,59.1102655778465,28.02613156052,40.7826295125922,2681.16658595642,30.623571361408,0,36.9209824951375,36.9209824951375,78.0345074911089,240.275241700219,68.19827798581,0,28.02613156052,0,32.4147946488686,32.4147946488686,22.1688708973481,0,5.78768185421464,0,0,524.576071165386,837.86455811138,1.60936208911909,188.183483639989,0,66.949462907354,407.020469675311,231.515206846566,541.389406779661,617.373884924175,782.731672452522,194.466376830825,9.50586372726452,3.25894053179295,3715.84496644295,78.0345074911089,231.515206846566,0,1.60936208911909,231.515206846566,231.515206846566,54.208438676269,22.1688708973481,40.6667697696587,231.515206846566,59.1102655778465,231.515206846566,231.515206846566,0,11.3911639492005,32.4147946488686,231.515206846566,14314.7029589199,62.2883305978517,11.3911639492005,2681.16658595642,240.275241700219,223.253363620479,11.3911639492005,32.4147946488686,47.610771440119,188.183483639989,78.0345074911089,0,128.843245549393,78.0345074911089,78.0345074911089,14314.7029589199,32.4147946488686,11.3911639492005,28.02613156052,188.183483639989,0,11.3911639492005
"D605055",0,0,0,141.340181534534,141.340181534534,0,0,0,0,15.0387716427924,7.87766816696467,0,109.10075996926,0,0,60.7002232885173,0,90.8941594011588,0,0,15.3766171768755,15.3766171768755,0,0,0,0,0,0,30.2304765690436,0,0,0,0,234.910645339217,0,0,0,0,18.0272169312169,18.0272169312169,13.0124453859394,0,1.51952690166976,0,0,0,0,10.1254588508283,0,0,71.5225593372145,384.264360902256,0,0,568.615487316422,554.227443609023,0,8.65013660750017,4.06313648211887,15.3766171768755,0,0,0,10.1254588508283,0,0,0,13.0124453859394,0,0,0,0,0,0,141.340181534534,18.0272169312169,0,62.2883305978517,6017.32653061225,141.340181534534,0,234.910645339217,0,141.340181534534,18.0272169312169,13.4131078357269,0,0,0,0,0,0,62.2883305978517,18.0272169312169,141.340181534534,0,0,0,141.340181534534
"D605526",0,6.34588570155051,13.146812082529,121.2747267457,121.2747267457,6.59068247935513,2.46151482992919,6.38314241031274,7.71392704976371,5.9554968087025,2.44132314488301,5.33762014858512,72.2799626629417,6.04346574236133,3.68111734385181,5.46666712451258,8.59923670840639,62.9163638779857,5.19077856864275,17.1642967198043,6.01220169113719,6.01220169113719,0,6.80650554627386,6.80650554627386,6.79722118846456,5.98651697564343,24.1045270834089,8.84009777963154,0,4.08604992609691,4.08604992609691,2.74098585536454,15.609232529616,6.25983217193791,0,6.79722118846456,0,6.75681006901293,6.75681006901293,4.26693195619803,0,1.71122391731917,0,6.56341606247836,9.90071320449931,0,2.38911733493127,12.9908255086888,0,3.69736503419709,14.0700633201799,6.04346574236133,11.7962215241265,19.750279431909,22.5822390901678,5.3015822030958,2.90150417452948,1.19235473297768,6.01220169113719,2.74098585536454,6.04346574236133,0,2.38911733493127,6.04346574236133,6.04346574236133,7.01101203257046,4.26693195619803,6.13234424481559,6.04346574236133,6.80650554627386,6.04346574236133,6.04346574236133,0,121.2747267457,6.75681006901293,6.04346574236133,11.3911639492005,121.2747267457,121.2747267457,24.1045270834089,15.609232529616,2.93558022144155,121.2747267457,6.75681006901293,4.82876619886598,12.9908255086888,2.74098585536454,0,3.91899071607147,2.74098585536454,2.74098585536454,11.3911639492005,6.75681006901293,121.2747267457,6.79722118846456,12.9908255086888,0,121.2747267457
"D605839",0,0,0,24.1045270834089,24.1045270834089,0,0,0,5633.63267382702,186.777671158423,89.8759633854895,0,171.597985433132,0,0,0,0,139.803551939398,0,0,437.15823134623,437.15823134623,0,0,0,0,0,1993179.24,0,0,0,0,0,0,0,0,0,0,0,0,158.196361731511,0,5.87889110429448,0,0,0,0,40.9694317004588,0,0,0,0,0,0,25166.4045454545,0,0,63.5531477182869,0,437.15823134623,0,0,0,40.9694317004588,0,0,0,158.196361731511,0,0,0,0,0,0,24.1045270834089,0,0,2681.16658595642,0,24.1045270834089,1993179.24,0,0,24.1045270834089,0,745.671245791246,0,0,0,0,0,0,2681.16658595642,0,24.1045270834089,0,0,0,24.1045270834089
"D605841",0,99.0252007154213,1385.53778778779,15.609232529616,15.609232529616,541.948784599489,383.796731185446,185.885815007554,247.018108901271,67.0833378582561,56.0428258025072,1055.44101075998,20.4905702507376,970.975291802256,11.0864009625668,765.256847804863,1364.94195580716,16.883880520651,210.42855152027,0,48.8569827581981,48.8569827581981,0,110.208079355952,110.208079355952,100.675990859664,35.7216713012846,0,17.3735145804111,0,66.9188934027195,66.9188934027195,148.238055006024,36398.4521548576,128.359009695933,0,100.675990859664,0,177.086486486486,177.086486486486,38.0887700019721,0,3.88872352081812,0,0,541.948784599489,0,21.3514503326156,774.880742076945,0,125.852044643466,883.10998670802,970.975291802256,1202.44886583012,0,3511.71507100321,396.450612225414,48.2559353740124,18.8685873939365,48.8569827581981,148.238055006024,970.975291802256,0,21.3514503326156,970.975291802256,970.975291802256,31.3633611953826,38.0887700019721,74.1108700049378,970.975291802256,110.208079355952,970.975291802256,970.975291802256,0,15.609232529616,177.086486486486,970.975291802256,240.275241700219,234.910645339217,15.609232529616,0,36398.4521548576,460.424864864865,15.609232529616,177.086486486486,127.243266225409,774.880742076945,148.238055006024,0,254.054467030698,148.238055006024,148.238055006024,240.275241700219,177.086486486486,15.609232529616,100.675990859664,774.880742076945,0,15.609232529616
"D605844",0,92.5854347826087,1267.53869047619,2.93558022144155,2.93558022144155,1014.03095238095,358.194280908326,529.059627329192,229.468211206897,20.896570335116,52.8774986549683,967.938636363636,19.2994124133347,896.616842105263,42.186419691942,196.596245576242,409.5125,15.9123108537269,195.722886029412,0,45.8557585328213,45.8557585328213,0,102.972195357834,102.972195357834,46.9821290678434,67.4628544273721,0,49.4476953442471,0,126.190518518519,126.190518518519,138.232067510549,460.424864864865,119.812359339835,0,46.9821290678434,0,54.7068721901092,54.7068721901092,54.0130627774255,0,3.68377061469265,0,0,500.070058708415,1755.05357142857,59.3007736826811,354.12389135255,0,117.487724137931,811.224761904762,896.616842105263,1101.4474137931,3943.4537037037,767.8359375,366.832902670112,68.8338700794943,36.0515998742351,45.8557585328213,138.232067510549,896.616842105263,0,59.3007736826811,896.616842105263,896.616842105263,29.4939750692521,54.0130627774255,69.4088983050847,896.616842105263,102.972195357834,896.616842105263,896.616842105263,0,2.93558022144155,54.7068721901092,896.616842105263,223.253363620479,0,2.93558022144155,0,460.424864864865,32761,2.93558022144155,54.7068721901092,545.371256895193,354.12389135255,138.232067510549,0,235.951800554017,138.232067510549,138.232067510549,223.253363620479,54.7068721901092,2.93558022144155,46.9821290678434,354.12389135255,0,2.93558022144155
"D606889",0,6.34588570155051,13.146812082529,121.2747267457,121.2747267457,6.59068247935513,2.46151482992919,6.38314241031274,7.71392704976371,5.9554968087025,2.44132314488301,5.33762014858512,72.2799626629417,6.04346574236133,3.68111734385181,5.46666712451258,8.59923670840639,62.9163638779857,5.19077856864275,17.1642967198043,6.01220169113719,6.01220169113719,0,6.80650554627386,6.80650554627386,6.79722118846456,5.98651697564343,24.1045270834089,8.84009777963154,0,4.08604992609691,4.08604992609691,2.74098585536454,15.609232529616,6.25983217193791,0,6.79722118846456,0,6.75681006901293,6.75681006901293,4.26693195619803,0,1.71122391731917,0,6.56341606247836,9.90071320449931,0,2.38911733493127,12.9908255086888,0,3.69736503419709,14.0700633201799,6.04346574236133,11.7962215241265,19.750279431909,22.5822390901678,5.3015822030958,2.90150417452948,1.19235473297768,6.01220169113719,2.74098585536454,6.04346574236133,0,2.38911733493127,6.04346574236133,6.04346574236133,7.01101203257046,4.26693195619803,6.13234424481559,6.04346574236133,6.80650554627386,6.04346574236133,6.04346574236133,0,121.2747267457,6.75681006901293,6.04346574236133,11.3911639492005,121.2747267457,121.2747267457,24.1045270834089,15.609232529616,2.93558022144155,121.2747267457,6.75681006901293,4.82876619886598,12.9908255086888,2.74098585536454,0,3.91899071607147,2.74098585536454,2.74098585536454,11.3911639492005,6.75681006901293,121.2747267457,6.79722118846456,12.9908255086888,0,121.2747267457
"D607060",0,15.7738148148148,271.602109394162,6.75681006901293,6.75681006901293,62.4019047619048,38.5692023685127,26.351628947431,33.1454082854406,22.4487761167403,2.39812407281075,107.548737373737,20.9265835894063,113.606422488971,7.22544942023973,49.8501688200603,160.947936046512,17.6311089881379,29.1277830387205,0,8.75346281847574,8.75346281847574,0,52.1239785351158,52.1239785351158,26.9992880306244,27.0824907672365,0,14.4306539474027,0,34.4691610894942,34.4691610894942,21.9354172857115,177.086486486486,19.5088407329105,0,26.9992880306244,0,2734.12790123457,2734.12790123457,23.5295000106245,0,1.59175145993927,0,0,189.447698887938,0,5.15505742471008,94.7887176853279,0,19.1973405454136,186.889755274262,113.606422488971,119.840021645022,134.907626705653,178.571488469602,97.5442036645525,7.13767980017726,7.8536245966169,8.75346281847574,21.9354172857115,113.606422488971,0,5.15505742471008,113.606422488971,113.606422488971,5.99589452025125,23.5295000106245,12.4128082683167,113.606422488971,52.1239785351158,113.606422488971,113.606422488971,0,6.75681006901293,2734.12790123457,113.606422488971,32.4147946488686,18.0272169312169,6.75681006901293,0,177.086486486486,54.7068721901092,6.75681006901293,2734.12790123457,31.1049818115423,94.7887176853279,21.9354172857115,0,33.9034873396405,21.9354172857115,21.9354172857115,32.4147946488686,2734.12790123457,6.75681006901293,26.9992880306244,94.7887176853279,0,6.75681006901293
"D607154",0,23.6607222222222,95.4653596799779,4.82876619886598,4.82876619886598,44.8381033365727,102.266824461966,98.6242750060565,73.3170321521267,20.9327548724929,23.1835279388149,76.400742396644,3.21746222687122,293.581363815411,21.207476888705,62.4217446401674,76.8973472222222,5.46218670612899,42.9114660838294,0,13.3615424899063,13.3615424899063,0,65.1838155651625,65.1838155651625,27.441899309815,10.3133125078003,745.671245791246,16.9568835353173,0,25.9934694835681,25.9934694835681,32.5818959683162,127.243266225409,43.7953567473501,0,27.441899309815,0,31.1049818115423,31.1049818115423,21.4036912225359,0,3.78176936143927,0,95.4653596799779,44.8381033365727,125.546689342404,50.5072888159095,68.5359600911071,0,28.6276130940378,66.1482556750299,293.581363815411,257.75647113594,289.632192927391,390.011904761905,35.0649098140548,33.6880408017278,17.8663582289562,13.3615424899063,32.5818959683162,293.581363815411,0,50.5072888159095,293.581363815411,293.581363815411,23.3269671537152,21.4036912225359,66.8381983678594,293.581363815411,65.1838155651625,293.581363815411,293.581363815411,0,4.82876619886598,31.1049818115423,293.581363815411,47.610771440119,13.4131078357269,4.82876619886598,745.671245791246,127.243266225409,545.371256895193,4.82876619886598,31.1049818115423,1898.69993141289,68.5359600911071,32.5818959683162,0,49.7355305827292,32.5818959683162,32.5818959683162,47.610771440119,31.1049818115423,4.82876619886598,27.441899309815,68.5359600911071,0,4.82876619886598
"D607373",0,79.194979338843,2097.20037878788,12.9908255086888,12.9908255086888,414.830844155844,305.088417172806,295.727432966563,193.323353456035,73.5370013178653,18.3453861407135,791.94979338843,33.7255827080646,367.929891015417,27.5920525422828,340.879886987871,341.110904983571,27.8406540359033,333.870343321183,0,39.5864165459121,39.5864165459121,0,177.172747895096,177.172747895096,122.936192417005,58.4314013128733,0,43.1029993356723,0,53.9280097402597,53.9280097402597,117.502407610028,774.880742076945,311.066161292471,0,122.936192417005,0,94.7887176853279,94.7887176853279,31.2587312699721,0,4.56096739647787,0,0,840.436515432619,0,6.62335776765928,25738.368285124,0,100.1315830721,666.169532085562,367.929891015417,1826.59387829912,0,1281.0952540107,306.243430109642,19.8230037553904,11.1938690026476,39.5864165459121,117.502407610028,367.929891015417,0,6.62335776765928,367.929891015417,367.929891015417,51.3833123659462,31.2587312699721,119.966970820493,367.929891015417,177.172747895096,367.929891015417,367.929891015417,0,12.9908255086888,94.7887176853279,367.929891015417,188.183483639989,0,12.9908255086888,0,774.880742076945,354.12389135255,12.9908255086888,94.7887176853279,68.5359600911071,25738.368285124,117.502407610028,0,198.682141148325,117.502407610028,117.502407610028,188.183483639989,94.7887176853279,12.9908255086888,122.936192417005,25738.368285124,0,12.9908255086888
"D607498",0,144.172096925859,365.019053270042,2.74098585536454,2.74098585536454,159.482408103826,43.9395976350145,125.223927744815,161.111857995053,18.0024809216152,23.5259007142827,286.705874568469,16.7033770470482,143.092768614027,14.0461765935398,37.1577569396544,133.634094078524,13.9192965695825,139.794531039591,0,56.4432146801461,56.4432146801461,0,118.414190998241,118.414190998241,57.7242540542357,28.0596522999525,0,14.2998690528154,0,75.313781976195,75.313781976195,7984.21422848902,148.238055006024,44.7215629644521,0,57.7242540542357,0,21.9354172857115,21.9354172857115,23.3828702150374,0,3.18740949829068,0,0,321.812716352364,489.715003144901,5.88476754040373,117.502407610028,0,43.9395976350145,244.952591864323,143.092768614027,321.812716352364,0,233.266613924051,121.228699606118,3.39172827610467,3.56051822192599,56.4432146801461,7984.21422848902,143.092768614027,0,5.88476754040373,143.092768614027,143.092768614027,62.874095300103,23.3828702150374,27.2722640976579,143.092768614027,118.414190998241,143.092768614027,143.092768614027,0,2.74098585536454,21.9354172857115,143.092768614027,78.0345074911089,0,2.74098585536454,0,148.238055006024,138.232067510549,2.74098585536454,21.9354172857115,32.5818959683162,117.502407610028,7984.21422848902,0,7984.21422848902,7984.21422848902,7984.21422848902,78.0345074911089,21.9354172857115,2.74098585536454,57.7242540542357,117.502407610028,0,2.74098585536454
"D607499",0,0,0,0,0,0,0,0,0,0,0,0,0,0,0,0,0,0,0,0,0,0,0,0,0,0,0,0,0,0,0,0,0,0,0,0,0,0,0,0,0,0,9.81320276497696,0,0,0,0,0,0,0,0,0,0,0,0,0,0,0,0,0,0,0,0,0,0,0,0,0,0,0,0,0,0,0,0,0,0,0,0,0,0,0,0,0,0,0,0,0,5536609,0,0,0,0,0,0,0,0,0,0
"D607501",0,228.549391124871,656.307373162636,3.91899071607147,3.91899071607147,274.474543501611,70.2677775944564,204.348158263822,132.214371000095,26.8836158759036,27.5113740260773,509.441387559809,12.399140785088,244.737239936347,13.6844140233338,58.9044822486781,227.656620065789,10.2768638224021,229.569700906678,0,57.5208199139776,57.5208199139776,0,188.51381995097,188.51381995097,58.8806776488605,42.5775093051155,0,21.1989286835596,0,117.211363716554,117.211363716554,28670.587456847,254.054467030698,71.5854422742083,0,58.8806776488605,0,33.9034873396405,33.9034873396405,34.7608819854718,0,3.4868432748538,0,0,555.048521303258,0,6.70780520427721,198.682141148325,0,70.2677775944564,431.70440545809,244.737239936347,575.132513850416,0,410.038189987163,205.356218241163,4.93063407249087,3.382320886833,57.5208199139776,28670.587456847,244.737239936347,0,6.70780520427721,244.737239936347,244.737239936347,95.0632254298207,34.7608819854718,42.5775093051155,244.737239936347,188.51381995097,244.737239936347,244.737239936347,0,3.91899071607147,33.9034873396405,244.737239936347,128.843245549393,0,3.91899071607147,0,254.054467030698,235.951800554017,3.91899071607147,33.9034873396405,49.7355305827292,198.682141148325,28670.587456847,0,15336.8670360111,28670.587456847,28670.587456847,128.843245549393,33.9034873396405,3.91899071607147,58.8806776488605,198.682141148325,0,3.91899071607147
"D607508",0,144.172096925859,365.019053270042,2.74098585536454,2.74098585536454,159.482408103826,43.9395976350145,125.223927744815,161.111857995053,18.0024809216152,23.5259007142827,286.705874568469,16.7033770470482,143.092768614027,14.0461765935398,37.1577569396544,133.634094078524,13.9192965695825,139.794531039591,0,56.4432146801461,56.4432146801461,0,118.414190998241,118.414190998241,57.7242540542357,28.0596522999525,0,14.2998690528154,0,75.313781976195,75.313781976195,7984.21422848902,148.238055006024,44.7215629644521,0,57.7242540542357,0,21.9354172857115,21.9354172857115,23.3828702150374,0,3.18740949829068,0,0,321.812716352364,489.715003144901,5.88476754040373,117.502407610028,0,43.9395976350145,244.952591864323,143.092768614027,321.812716352364,0,233.266613924051,121.228699606118,3.39172827610467,3.56051822192599,56.4432146801461,7984.21422848902,143.092768614027,0,5.88476754040373,143.092768614027,143.092768614027,62.874095300103,23.3828702150374,27.2722640976579,143.092768614027,118.414190998241,143.092768614027,143.092768614027,0,2.74098585536454,21.9354172857115,143.092768614027,78.0345074911089,0,2.74098585536454,0,148.238055006024,138.232067510549,2.74098585536454,21.9354172857115,32.5818959683162,117.502407610028,7984.21422848902,0,7984.21422848902,7984.21422848902,7984.21422848902,78.0345074911089,21.9354172857115,2.74098585536454,57.7242540542357,117.502407610028,0,2.74098585536454
"D607516",0,144.172096925859,365.019053270042,2.74098585536454,2.74098585536454,159.482408103826,43.9395976350145,125.223927744815,161.111857995053,18.0024809216152,23.5259007142827,286.705874568469,16.7033770470482,143.092768614027,14.0461765935398,37.1577569396544,133.634094078524,13.9192965695825,139.794531039591,0,56.4432146801461,56.4432146801461,0,118.414190998241,118.414190998241,57.7242540542357,28.0596522999525,0,14.2998690528154,0,75.313781976195,75.313781976195,7984.21422848902,148.238055006024,44.7215629644521,0,57.7242540542357,0,21.9354172857115,21.9354172857115,23.3828702150374,0,3.18740949829068,0,0,321.812716352364,489.715003144901,5.88476754040373,117.502407610028,0,43.9395976350145,244.952591864323,143.092768614027,321.812716352364,0,233.266613924051,121.228699606118,3.39172827610467,3.56051822192599,56.4432146801461,7984.21422848902,143.092768614027,0,5.88476754040373,143.092768614027,143.092768614027,62.874095300103,23.3828702150374,27.2722640976579,143.092768614027,118.414190998241,143.092768614027,143.092768614027,0,2.74098585536454,21.9354172857115,143.092768614027,78.0345074911089,0,2.74098585536454,0,148.238055006024,138.232067510549,2.74098585536454,21.9354172857115,32.5818959683162,117.502407610028,7984.21422848902,0,7984.21422848902,7984.21422848902,7984.21422848902,78.0345074911089,21.9354172857115,2.74098585536454,57.7242540542357,117.502407610028,0,2.74098585536454
"D607682",0,53.4536376314096,617.373884924175,11.3911639492005,11.3911639492005,259.467734124815,66.949462907354,96.3788057259239,125.530242951289,12.8504096674873,6.5592888619535,479.867883281972,48.0783010034026,231.515206846566,19.779560986821,56.1734269754753,215.450886371498,39.838088423409,108.166940903723,0,3715.84496644295,3715.84496644295,0,59.1102655778465,59.1102655778465,28.02613156052,40.7826295125922,2681.16658595642,30.623571361408,0,36.9209824951375,36.9209824951375,78.0345074911089,240.275241700219,68.19827798581,0,28.02613156052,0,32.4147946488686,32.4147946488686,22.1688708973481,0,5.78768185421464,0,0,524.576071165386,837.86455811138,1.60936208911909,188.183483639989,0,66.949462907354,407.020469675311,231.515206846566,541.389406779661,617.373884924175,782.731672452522,194.466376830825,9.50586372726452,3.25894053179295,3715.84496644295,78.0345074911089,231.515206846566,0,1.60936208911909,231.515206846566,231.515206846566,54.208438676269,22.1688708973481,40.6667697696587,231.515206846566,59.1102655778465,231.515206846566,231.515206846566,0,11.3911639492005,32.4147946488686,231.515206846566,14314.7029589199,62.2883305978517,11.3911639492005,2681.16658595642,240.275241700219,223.253363620479,11.3911639492005,32.4147946488686,47.610771440119,188.183483639989,78.0345074911089,0,128.843245549393,78.0345074911089,78.0345074911089,14314.7029589199,32.4147946488686,11.3911639492005,28.02613156052,188.183483639989,0,11.3911639492005
"D607688",0,15.7738148148148,271.602109394162,6.75681006901293,6.75681006901293,62.4019047619048,38.5692023685127,26.351628947431,33.1454082854406,22.4487761167403,2.39812407281075,107.548737373737,20.9265835894063,113.606422488971,7.22544942023973,49.8501688200603,160.947936046512,17.6311089881379,29.1277830387205,0,8.75346281847574,8.75346281847574,0,52.1239785351158,52.1239785351158,26.9992880306244,27.0824907672365,0,14.4306539474027,0,34.4691610894942,34.4691610894942,21.9354172857115,177.086486486486,19.5088407329105,0,26.9992880306244,0,2734.12790123457,2734.12790123457,23.5295000106245,0,1.59175145993927,0,0,189.447698887938,0,5.15505742471008,94.7887176853279,0,19.1973405454136,186.889755274262,113.606422488971,119.840021645022,134.907626705653,178.571488469602,97.5442036645525,7.13767980017726,7.8536245966169,8.75346281847574,21.9354172857115,113.606422488971,0,5.15505742471008,113.606422488971,113.606422488971,5.99589452025125,23.5295000106245,12.4128082683167,113.606422488971,52.1239785351158,113.606422488971,113.606422488971,0,6.75681006901293,2734.12790123457,113.606422488971,32.4147946488686,18.0272169312169,6.75681006901293,0,177.086486486486,54.7068721901092,6.75681006901293,2734.12790123457,31.1049818115423,94.7887176853279,21.9354172857115,0,33.9034873396405,21.9354172857115,21.9354172857115,32.4147946488686,2734.12790123457,6.75681006901293,26.9992880306244,94.7887176853279,0,6.75681006901293
"D607822",0,6.34588570155051,13.146812082529,121.2747267457,121.2747267457,6.59068247935513,2.46151482992919,6.38314241031274,7.71392704976371,5.9554968087025,2.44132314488301,5.33762014858512,72.2799626629417,6.04346574236133,3.68111734385181,5.46666712451258,8.59923670840639,62.9163638779857,5.19077856864275,17.1642967198043,6.01220169113719,6.01220169113719,0,6.80650554627386,6.80650554627386,6.79722118846456,5.98651697564343,24.1045270834089,8.84009777963154,0,4.08604992609691,4.08604992609691,2.74098585536454,15.609232529616,6.25983217193791,0,6.79722118846456,0,6.75681006901293,6.75681006901293,4.26693195619803,0,1.71122391731917,0,6.56341606247836,9.90071320449931,0,2.38911733493127,12.9908255086888,0,3.69736503419709,14.0700633201799,6.04346574236133,11.7962215241265,19.750279431909,22.5822390901678,5.3015822030958,2.90150417452948,1.19235473297768,6.01220169113719,2.74098585536454,6.04346574236133,0,2.38911733493127,6.04346574236133,6.04346574236133,7.01101203257046,4.26693195619803,6.13234424481559,6.04346574236133,6.80650554627386,6.04346574236133,6.04346574236133,0,121.2747267457,6.75681006901293,6.04346574236133,11.3911639492005,121.2747267457,121.2747267457,24.1045270834089,15.609232529616,2.93558022144155,121.2747267457,6.75681006901293,4.82876619886598,12.9908255086888,2.74098585536454,0,3.91899071607147,2.74098585536454,2.74098585536454,11.3911639492005,6.75681006901293,121.2747267457,6.79722118846456,12.9908255086888,0,121.2747267457
"D607850",0,13.7795146839224,231.067526397062,6.79722118846456,6.79722118846456,107.611448007775,67.7613315791084,92.6923875374596,28.6490923955789,24.0039698730903,10.8255482209874,91.7143022793533,22.3943665200059,97.4909580743428,28.6306649509039,88.0991235964194,138.169590173026,18.9037677046839,50.6842196806952,0,15.4762389272926,15.4762389272926,0,92.0713611293318,92.0713611293318,2305.9596001666,30.0175390277252,0,22.6716009647474,0,20.0874702947846,20.0874702947846,57.7242540542357,100.675990859664,51.4119405294979,0,2305.9596001666,0,26.9992880306244,26.9992880306244,13.8913228925699,553.882452981193,3.83994890803446,196.280290228425,114.829289032686,53.5084548104956,151.328598760933,5.25576874882923,122.936192417005,0,50.6009943610225,79.2926459004654,97.4909580743428,205.440037105751,0,230.07424969988,41.7098635689049,9.64873270718221,5.3116243314653,15.4762389272926,57.7242540542357,97.4909580743428,0,5.25576874882923,97.4909580743428,97.4909580743428,37.8442173615858,13.8913228925699,21.8454637639034,97.4909580743428,92.0713611293318,97.4909580743428,97.4909580743428,0,6.79722118846456,26.9992880306244,97.4909580743428,28.02613156052,0,6.79722118846456,0,100.675990859664,46.9821290678434,6.79722118846456,26.9992880306244,27.441899309815,122.936192417005,57.7242540542357,0,58.8806776488605,57.7242540542357,57.7242540542357,28.02613156052,26.9992880306244,6.79722118846456,2305.9596001666,122.936192417005,0,6.79722118846456
"D608049",0,79.194979338843,2097.20037878788,12.9908255086888,12.9908255086888,414.830844155844,305.088417172806,295.727432966563,193.323353456035,73.5370013178653,18.3453861407135,791.94979338843,33.7255827080646,367.929891015417,27.5920525422828,340.879886987871,341.110904983571,27.8406540359033,333.870343321183,0,39.5864165459121,39.5864165459121,0,177.172747895096,177.172747895096,122.936192417005,58.4314013128733,0,43.1029993356723,0,53.9280097402597,53.9280097402597,117.502407610028,774.880742076945,311.066161292471,0,122.936192417005,0,94.7887176853279,94.7887176853279,31.2587312699721,0,4.56096739647787,0,0,840.436515432619,0,6.62335776765928,25738.368285124,0,100.1315830721,666.169532085562,367.929891015417,1826.59387829912,0,1281.0952540107,306.243430109642,19.8230037553904,11.1938690026476,39.5864165459121,117.502407610028,367.929891015417,0,6.62335776765928,367.929891015417,367.929891015417,51.3833123659462,31.2587312699721,119.966970820493,367.929891015417,177.172747895096,367.929891015417,367.929891015417,0,12.9908255086888,94.7887176853279,367.929891015417,188.183483639989,0,12.9908255086888,0,774.880742076945,354.12389135255,12.9908255086888,94.7887176853279,68.5359600911071,25738.368285124,117.502407610028,0,198.682141148325,117.502407610028,117.502407610028,188.183483639989,94.7887176853279,12.9908255086888,122.936192417005,25738.368285124,0,12.9908255086888
"D608895",0,0,0,0,0,0,0,0,0,0,0,0,0,0,0,0,0,0,0,0,0,0,0,0,0,0,219.767752947247,0,0,1016928.18367347,0,0,0,0,0,0,0,0,0,0,0,0,0,0,0,0,0,0,0,0,0,0,0,0,0,0,0,0,0,0,0,0,0,0,0,0,0,0,0,0,0,0,0,0,0,0,0,0,0,0,0,0,0,0,0,0,0,0,0,0,0,0,0,0,0,0,0,1016928.18367347,0
"D608907",0,6.34588570155051,13.146812082529,121.2747267457,121.2747267457,6.59068247935513,2.46151482992919,6.38314241031274,7.71392704976371,5.9554968087025,2.44132314488301,5.33762014858512,72.2799626629417,6.04346574236133,3.68111734385181,5.46666712451258,8.59923670840639,62.9163638779857,5.19077856864275,17.1642967198043,6.01220169113719,6.01220169113719,0,6.80650554627386,6.80650554627386,6.79722118846456,5.98651697564343,24.1045270834089,8.84009777963154,0,4.08604992609691,4.08604992609691,2.74098585536454,15.609232529616,6.25983217193791,0,6.79722118846456,0,6.75681006901293,6.75681006901293,4.26693195619803,0,1.71122391731917,0,6.56341606247836,9.90071320449931,0,2.38911733493127,12.9908255086888,0,3.69736503419709,14.0700633201799,6.04346574236133,11.7962215241265,19.750279431909,22.5822390901678,5.3015822030958,2.90150417452948,1.19235473297768,6.01220169113719,2.74098585536454,6.04346574236133,0,2.38911733493127,6.04346574236133,6.04346574236133,7.01101203257046,4.26693195619803,6.13234424481559,6.04346574236133,6.80650554627386,6.04346574236133,6.04346574236133,0,121.2747267457,6.75681006901293,6.04346574236133,11.3911639492005,121.2747267457,121.2747267457,24.1045270834089,15.609232529616,2.93558022144155,121.2747267457,6.75681006901293,4.82876619886598,12.9908255086888,2.74098585536454,0,3.91899071607147,2.74098585536454,2.74098585536454,11.3911639492005,6.75681006901293,121.2747267457,6.79722118846456,12.9908255086888,0,121.2747267457
