"","D102300","D103780","D104130","D104300","D104310","D107650","D109100","D109350","D109800","D114480","D114500","D115645","D125320","D125852","D125853","D126200","D127350","D127750","D131200","D131440","D132090","D132300","D133239","D137750","D137760","D140600","D143465","D144700","D145500","D153800","D155600","D155601","D157300","D161400","D164230","D165199","D165720","D166760","D168600","D168601","D176807","D181000","D181500","D182830","D188470","D190310","D205700","D208550","D209850","D210050","D211980","D219700","D222100","D226150","D236000","D254200","D254500","D260480","D266600","D267740","D300125","D600319","D600803","D600807","D601208","D601318","D601367","D601518","D601665","D601666","D601682","D601941","D601942","D602080","D602096","D602404","D603266","D604827","D605055","D605526","D605839","D605841","D605844","D606889","D607060","D607154","D607373","D607498","D607499","D607501","D607508","D607516","D607682","D607688","D607822","D607850","D608049","D608895","D608907"
"D102300",0.00125542692695785,0,0,0,0,0,0,0,0,0,0,0,0,0,0,0,0,0,0,0,0.000547506219525621,0.000547506219525621,0,0,0,0,0,0,0,0,0,0,0,0,0.000626067066284907,0,0,0,0,0,0,0,0.000239794398742722,0,0,0,0,0,0,0,0,0,0,0,0,0,0,0,0,0.000547506219525621,0,0,0,0,0,0,0,0,0,0,0,0,0,0,0,0,0,0,0,0,0,0,0,0,0,0,0,0,0,0,0,0,0,0,0,0,0,0,0
"D103780",0,0.0603044126846208,0.000193585030954982,-0.000352215466455788,-0.000352215466455788,9.93824096781367e-05,-2.96103736006804e-05,0.000476580652561934,2.78290807282847e-05,0.000118691513796873,0.000209544908846896,0.000526701577733109,-5.14078928414875e-05,8.7732303680549e-05,0.000605424743119596,-4.50237267454317e-05,8.04659353015221e-05,-9.52949621380075e-05,1.38837523796159e-05,0,-1.52742977696935e-05,-1.52742977696935e-05,0.00100970146220355,0.000115240371071631,0.000115240371071631,-0.000103916148940552,-0.000130225420196409,0,0.000411498132862509,0,-8.09498860879615e-05,-8.09498860879615e-05,0.000721765122572744,9.15102109028412e-05,0.000673656640472454,0,-0.000103916148940552,0,-9.18524276853731e-05,-9.18524276853731e-05,0.000247112556577967,0,-0.000959235914564179,0,0,9.93824096781367e-05,0,-0.000236882988805443,6.69639973776908e-05,0,-2.96103736006804e-05,0.000147048118223428,8.7732303680549e-05,0.000178659331045954,0,0.000141491989429933,7.02207643736816e-05,-0.000263854708551825,-0.00041728686356331,-1.52742977696935e-05,0.000721765122572744,8.7732303680549e-05,0,-0.000236882988805443,8.7732303680549e-05,8.7732303680549e-05,0.000947786085580883,0.000247112556577967,5.08148597539769e-05,8.7732303680549e-05,0.000115240371071631,8.7732303680549e-05,8.7732303680549e-05,0,-0.000352215466455788,-9.18524276853731e-05,8.7732303680549e-05,2.54074298769884e-05,0,-0.000352215466455788,0,9.15102109028412e-05,8.40525351009682e-05,-0.000352215466455788,-9.18524276853731e-05,-3.89745468947607e-05,6.69639973776908e-05,0.000721765122572744,0,0.000906718563361791,0.000721765122572744,0.000721765122572744,2.54074298769884e-05,-9.18524276853731e-05,-0.000352215466455788,-0.000103916148940552,6.69639973776908e-05,0,-0.000352215466455788
"D104130",0,0.000193585030954982,0.0152274209591993,5.71765528087782e-05,5.71765528087782e-05,0.000342306113898554,0.000213313330619737,0.000688688934824194,0.000270752784948702,0.000695527923762506,0.000244430011243006,0.00040808109734254,7.01548898665245e-05,0.000330656007900966,0.000244430011243006,0.000592186746438836,0.00032338963952194,5.55258667676846e-05,0.000710001704688931,0,0.000137093159591139,0.000137093159591139,0,0.000601087779512466,0.000601087779512466,0.000474401902048595,0.000804993402292218,0,0.000639939991859211,0,0.000161973818132456,0.000161973818132456,0.000226978193374739,0.000334433915123259,0.000626288937188198,0,0.000474401902048595,0,0.000498529344558953,0.000498529344558953,0.000325083213938106,0,-0.000143160629944858,0,0,0.000342306113898554,0,-8.12668566135589e-05,0.00081616219468508,0,0.000213313330619737,0.000389971822443846,0.000330656007900966,0.000421583035266372,0,0.000384415693650351,0.000313144468594099,0.000195065360748355,0.00598936311045431,0.000137093159591139,0.000226978193374739,0.000330656007900966,0,-8.12668566135589e-05,0.000330656007900966,0.000330656007900966,0.000774872560988921,0.000325083213938106,0.000170137738352974,0.000330656007900966,0.000601087779512466,0.000330656007900966,0.000330656007900966,0,5.71765528087782e-05,0.000498529344558953,0.000330656007900966,0.000268331134097406,0,5.71765528087782e-05,0,0.000334433915123259,0.000326976239321386,5.71765528087782e-05,0.000498529344558953,0.000125243035028605,0.00081616219468508,0.000226978193374739,0,0.000273216553572001,0.000226978193374739,0.000226978193374739,0.000268331134097406,0.000498529344558953,5.71765528087782e-05,0.000474401902048595,0.00081616219468508,0,5.71765528087782e-05
"D104300",0,-0.000352215466455788,5.71765528087782e-05,0.217846398969308,0.217846398969308,-0.000131228689744912,-0.000389214256302546,-0.000254303965435652,-0.000155897112311504,-0.000694098134248252,-0.00155900844582549,-9.80327571729018e-05,0.0452809629415411,-0.000154528901740087,-0.00147692085380376,-0.000401079363645332,-8.12740947603164e-05,0.0429403192457267,-0.000281020643526035,6.41902636945019e-05,-0.000519794952997583,-0.000519794952997583,0,-0.000299622688114872,-0.000299622688114872,-0.000409148991797547,-0.000590944557629582,0.000111855972239793,0.000341087849626485,0,-0.000580710160357982,-0.000580710160357982,-0.000361884530792541,0.000281590324596032,-0.000315823886771926,0,-0.000409148991797547,0,-0.000393991900502433,-0.000393991900502433,-0.00107695202074272,0,-0.00598296344045471,0,-6.96051193400429e-05,-2.45246716304725e-05,0,-0.00322924578993676,0.00015885925697028,0,-0.000411503021466924,0.000118472454005402,-0.000154528901740087,2.73251529907229e-05,0.000258083192200063,0.000531499217231492,-0.000189551980353822,-0.00184715573251365,-0.00297789937347875,-0.000519794952997583,-0.000361884530792541,-0.000154528901740087,0,-0.00322924578993676,-0.000154528901740087,-0.000154528901740087,-0.00041438239254653,-0.00107695202074272,-0.000422186823140508,-0.000154528901740087,-0.000299622688114872,-0.000154528901740087,-0.000154528901740087,0,0.217846398969308,-0.000393991900502433,-0.000154528901740087,9.6261152398757e-05,0.0309267118661577,0.217846398969308,0.000111855972239793,0.000281590324596032,-0.000179137615194056,0.217846398969308,-0.000393991900502433,-0.000690325058028328,0.00015885925697028,-0.000361884530792541,0,-0.000269407810398017,-0.000361884530792541,-0.000361884530792541,9.6261152398757e-05,-0.000393991900502433,0.217846398969308,-0.000409148991797547,0.00015885925697028,0,0.217846398969308
"D104310",0,-0.000352215466455788,5.71765528087782e-05,0.217846398969308,0.217846398969308,-0.000131228689744912,-0.000389214256302546,-0.000254303965435652,-0.000155897112311504,-0.000694098134248252,-0.00155900844582549,-9.80327571729018e-05,0.0452809629415411,-0.000154528901740087,-0.00147692085380376,-0.000401079363645332,-8.12740947603164e-05,0.0429403192457267,-0.000281020643526035,6.41902636945019e-05,-0.000519794952997583,-0.000519794952997583,0,-0.000299622688114872,-0.000299622688114872,-0.000409148991797547,-0.000590944557629582,0.000111855972239793,0.000341087849626485,0,-0.000580710160357982,-0.000580710160357982,-0.000361884530792541,0.000281590324596032,-0.000315823886771926,0,-0.000409148991797547,0,-0.000393991900502433,-0.000393991900502433,-0.00107695202074272,0,-0.00598296344045471,0,-6.96051193400429e-05,-2.45246716304725e-05,0,-0.00322924578993676,0.00015885925697028,0,-0.000411503021466924,0.000118472454005402,-0.000154528901740087,2.73251529907229e-05,0.000258083192200063,0.000531499217231492,-0.000189551980353822,-0.00184715573251365,-0.00297789937347875,-0.000519794952997583,-0.000361884530792541,-0.000154528901740087,0,-0.00322924578993676,-0.000154528901740087,-0.000154528901740087,-0.00041438239254653,-0.00107695202074272,-0.000422186823140508,-0.000154528901740087,-0.000299622688114872,-0.000154528901740087,-0.000154528901740087,0,0.217846398969308,-0.000393991900502433,-0.000154528901740087,9.6261152398757e-05,0.0309267118661577,0.217846398969308,0.000111855972239793,0.000281590324596032,-0.000179137615194056,0.217846398969308,-0.000393991900502433,-0.000690325058028328,0.00015885925697028,-0.000361884530792541,0,-0.000269407810398017,-0.000361884530792541,-0.000361884530792541,9.6261152398757e-05,-0.000393991900502433,0.217846398969308,-0.000409148991797547,0.00015885925697028,0,0.217846398969308
"D107650",0,9.93824096781367e-05,0.000342306113898554,-0.000131228689744912,-0.000131228689744912,0.0263117823426423,0.000119110709342892,0.000500283692270504,0.000176550163671857,-1.79928300960733e-05,5.6024768689316e-05,0.000313878476065695,0.000148291328668223,0.000236453386624121,0.000256355516020869,0.000103697356198141,0.000229187018245095,0.000119033282470543,0.000162604835323188,0,4.28905383142937e-05,4.28905383142937e-05,0,0.000412682536958776,0.000412682536958776,0.000285996659494905,0.000233378116983192,0,-3.6522140730505e-05,0,6.77711968556109e-05,6.77711968556109e-05,0.000132775572097894,0.000240231293846414,0.000120748451572822,0,0.000285996659494905,0,5.68686552581993e-05,5.68686552581993e-05,0.000136677971384416,0,-0.000325030445760926,0,0.000342306113898554,0.000248103492621709,0,-0.000175469477890404,0.000215685080321263,0,0.000119110709342892,0.000295769201167001,0.000236453386624121,0.000327380413989526,0,0.000290213072373506,0.000218941847317254,-9.48633366470995e-05,-0.000174652973468142,4.28905383142937e-05,0.000132775572097894,0.000236453386624121,0,-0.000175469477890404,0.000236453386624121,0.000236453386624121,8.45538231273159e-06,0.000136677971384416,7.59351170761289e-05,0.000236453386624121,0.000412682536958776,0.000236453386624121,0.000236453386624121,0,-0.000131228689744912,5.68686552581993e-05,0.000236453386624121,0.000174128512820561,0,-0.000131228689744912,0,0.000240231293846414,0.000661934027577945,-0.000131228689744912,5.68686552581993e-05,3.10404137517601e-05,0.000215685080321263,0.000132775572097894,0,0.000179013932295156,0.000132775572097894,0.000132775572097894,0.000174128512820561,5.68686552581993e-05,-0.000131228689744912,0.000285996659494905,0.000215685080321263,0,-0.000131228689744912
"D109100",0,-2.96103736006804e-05,0.000213313330619737,-0.000389214256302546,-0.000389214256302546,0.000119110709342892,0.0541812011064538,0.00024229812571287,4.755738039304e-05,0.000405061954682497,0.00100882714921383,0.000184885692786878,-0.000153040514689138,0.0032163263246288,0.000763251140437639,0.00257373245759506,0.000396775261421419,-0.000167669537787978,3.36120520443713e-05,0.000347108713654282,-8.61022449645234e-05,-8.61022449645234e-05,0,-2.08449105438611e-05,-2.08449105438611e-05,0.00044879576885227,-0.000110497120531653,0,-0.00013464305652978,0,0.000283233790950572,0.000283233790950572,3.78278881907736e-06,0.000800614081922981,0.000179898128076874,0,0.00044879576885227,0,5.21385354476283e-05,5.21385354476283e-05,-0.000158847193331041,0,-0.00073533073613156,0,0.000213313330619737,0.000119110709342892,0,0.00438577980437619,0.00072697544134753,0,0.000176622643617014,0.000166776417888184,0.0032163263246288,0.000593162052910283,0,0.000950559417504257,8.99490640384369e-05,0.0110753167231102,0.0102271123997486,-8.61022449645234e-05,3.78278881907736e-06,0.0032163263246288,0,0.00438577980437619,0.0032163263246288,0.0032163263246288,0.000105286347321935,-0.000158847193331041,9.02714590834875e-05,0.0032163263246288,-2.08449105438611e-05,0.0032163263246288,0.0032163263246288,0,-0.000389214256302546,5.21385354476283e-05,0.0032163263246288,4.51357295417437e-05,0,-0.000389214256302546,0,0.000800614081922981,0.000778241054517361,-0.000389214256302546,5.21385354476283e-05,0.00124397940330737,0.00072697544134753,3.78278881907736e-06,0,5.00211490163392e-05,3.78278881907736e-06,3.78278881907736e-06,4.51357295417437e-05,5.21385354476283e-05,-0.000389214256302546,0.00044879576885227,0.00072697544134753,0,-0.000389214256302546
"D109350",0,0.000476580652561934,0.000688688934824194,-0.000254303965435652,-0.000254303965435652,0.000500283692270504,0.00024229812571287,0.0452371015615635,8.0395121440968e-05,0.000328955676647607,0.000524941153122996,0.000217723433834806,0.000106290229296563,0.00184148174352311,-3.21096106717979e-05,0.000489525492121946,0.000133031976014205,6.24031600000426e-05,0.000666247929497089,0,8.98577836556733e-05,8.98577836556733e-05,0.000459223376070027,0.000502877041732392,0.000502877041732392,0.000580146733043982,0.000751693124138323,0,0.00025483843410988,0,-2.83838453752781e-05,-2.83838453752781e-05,0.000269627851222875,0.000144076251615525,0.00024557361017273,0,0.000580146733043982,0,-3.92863869726897e-05,-3.92863869726897e-05,8.88701933708521e-05,0,4.19557768142198e-05,0,0,0.00015194845039082,0.00075989290940442,0.00035677062022951,0.000435446867669612,0,2.2955667112003e-05,0.000199614158936112,0.00184148174352311,0.000231225371758637,0,0.000194058030142617,0.000122786805086365,0.000592517337850849,0.000553833843567912,8.98577836556733e-05,0.000269627851222875,0.00184148174352311,0,0.00035677062022951,0.00184148174352311,0.00184148174352311,0.000434748526282826,8.88701933708521e-05,-2.02199251547602e-05,0.00184148174352311,0.000502877041732392,0.00184148174352311,0.00184148174352311,0,-0.000254303965435652,-3.92863869726897e-05,0.00184148174352311,7.79734705896718e-05,0,-0.000254303965435652,0,0.000144076251615525,0.000876754277661146,-0.000254303965435652,-3.92863869726897e-05,0.000814416879161304,0.000435446867669612,0.000269627851222875,0,0.000362104571617399,0.000269627851222875,0.000269627851222875,7.79734705896718e-05,-3.92863869726897e-05,-0.000254303965435652,0.000580146733043982,0.000435446867669612,0,-0.000254303965435652
"D109800",0,2.78290807282847e-05,0.000270752784948702,-0.000155897112311504,-0.000155897112311504,0.000176550163671857,4.755738039304e-05,8.0395121440968e-05,0.0394522890887158,0.000692259226327322,0.00152578223817451,0.000242325147115843,0.000403142924514766,0.000526186906837403,-8.70818892103881e-05,0.000260674845985441,0.000157633689295242,0.000344626832119406,9.10515063733363e-05,0,-2.86627906355583e-05,-2.86627906355583e-05,0,3.6594543785104e-05,3.6594543785104e-05,-2.67483949468315e-05,0.000307725551612126,0.00110081454454594,0.000874504656824832,0,0.00232638444111244,0.00232638444111244,0.000318831277784949,0.000168677964896562,4.919512262297e-05,0,-2.67483949468315e-05,0,-1.46846736916527e-05,-1.46846736916527e-05,0.000632951326546569,0,-0.000419061636608136,0,0.0012791569050663,0.000996549041235762,0,-0.000274169870300577,0.000144131751371411,0,0.000975776687527616,0.000224215872217149,0.000526186906837403,0.000255827085039674,0.000270752784948702,0.000218659743423654,0.00137510123942506,-3.23514465706635e-05,-0.00027172035703379,-2.86627906355583e-05,0.000318831277784949,0.000526186906837403,0.00136042376167986,-0.000274169870300577,0.000526186906837403,0.000526186906837403,-6.30979466371205e-05,0.000632951326546569,0.000480043914599022,0.000526186906837403,3.6594543785104e-05,0.000526186906837403,0.000526186906837403,0,-0.000155897112311504,-1.46846736916527e-05,0.000526186906837403,0.000102575183870709,0,-0.000155897112311504,0.00110081454454594,0.000168677964896562,0.000161220289094689,-0.000155897112311504,-1.46846736916527e-05,0.000345359804625915,0.000144131751371411,0.000318831277784949,0,0.000107460603345304,0.000318831277784949,0.000318831277784949,0.000102575183870709,-1.46846736916527e-05,-0.000155897112311504,-2.67483949468315e-05,0.000144131751371411,0,-0.000155897112311504
"D114480",0,0.000118691513796873,0.000695527923762506,-0.000694098134248252,-0.000694098134248252,-1.79928300960733e-05,0.000405061954682497,0.000328955676647607,0.000692259226327322,0.111218175139487,0.00110643687814798,4.77821533479128e-05,-0.000383901316767342,-2.9642936093661e-05,0.000526116842769797,0.000792853224359278,-3.69093044726879e-05,-0.000447420681460638,0.000156424088036409,0,-0.000250024777318113,-0.000250024777318113,0,0.000575266775010016,0.000575266775010016,0.000195209142618403,-0.000204855473927019,0.000257670882760608,0.000789623616906217,0,0.0012786627419365,0.0012786627419365,-7.02547097509119e-05,0.000389303463606085,0.000413250665832147,0,0.000195209142618403,0.000122310145400155,9.38516842590335e-05,9.38516842590335e-05,0.00204315053618195,0,-0.00218808357194887,0,0.000348806373850407,-1.79928300960733e-05,0,-0.000343620096158652,0.000583902196369379,0,0.000197604712455894,2.96728784492183e-05,-2.9642936093661e-05,0.000318954974032352,7.62097911807718e-05,0.00024462029080031,-4.71544754005284e-05,-0.000597071625557404,-0.00100607720868306,-0.000250024777318113,-7.02547097509119e-05,-2.9642936093661e-05,0,-0.000343620096158652,-2.9642936093661e-05,-2.9642936093661e-05,0.000126159407161413,0.00204315053618195,0.000381990241057053,-2.9642936093661e-05,0.000575266775010016,-2.9642936093661e-05,-2.9642936093661e-05,0,-0.000694098134248252,9.38516842590335e-05,-2.9642936093661e-05,-9.19678098972215e-05,-0.000110320343424188,-0.000694098134248252,0.000257670882760608,0.000389303463606085,-3.33227046732418e-05,-0.000694098134248252,9.38516842590335e-05,0.00011262202111084,0.000583902196369379,-7.02547097509119e-05,0,2.22220106436118e-05,-7.02547097509119e-05,-7.02547097509119e-05,-9.19678098972215e-05,9.38516842590335e-05,-0.000694098134248252,0.000195209142618403,0.000583902196369379,0,-0.000694098134248252
"D114500",0,0.000209544908846896,0.000244430011243006,-0.00155900844582549,-0.00155900844582549,5.6024768689316e-05,0.00100882714921383,0.000524941153122996,0.00152578223817451,0.00110643687814798,0.143482113609306,-4.40602795578787e-06,-0.000488277679374743,0.000458222696366009,-0.000437350486307953,0.000427535955233373,-8.90974857763886e-05,-0.000517535725572423,0.00111120414828001,0,-0.000359283346901377,-0.000359283346901377,0.000237093914279433,0.000910161619742403,0.000910161619742403,-0.000227407828535364,-0.000432467973602767,0.000205482701456907,-3.34440382767256e-05,0,0.00121807601275667,0.00121807601275667,0.000212445361939006,0.000749723970681602,-0.000198685313408458,0,-0.000227407828535364,0,-0.000261415848763284,-0.000261415848763284,0.000360054723383687,0,-0.00313842616357177,0,0.00088163360546374,-7.0181011399774e-05,0.000315633985823232,-0.000485237614613479,-8.81205591157574e-06,0,0.000535429427246632,-2.25153028544824e-05,0.000458222696366009,0.000214578611424951,2.4021609877071e-05,0.000673261439363546,0.000388176539138539,-0.000550070248944571,-0.00112133206777342,-0.000359283346901377,0.000212445361939006,0.000458222696366009,0,-0.000485237614613479,0.000458222696366009,0.000458222696366009,0.000163622783470702,0.000360054723383687,-7.17569131698223e-05,0.000458222696366009,0.000910161619742403,0.000458222696366009,0.000458222696366009,0.0005556957113898,-0.00155900844582549,-0.000261415848763284,0.000458222696366009,-0.000144155991200922,-0.00021469670603159,-0.00155900844582549,0.000205482701456907,0.000749723970681602,0.000712435591672236,-0.00155900844582549,-0.000261415848763284,0.000777306615510456,-8.81205591157574e-06,0.000212445361939006,0,0.000228464879050149,0.000212445361939006,0.000212445361939006,-0.000144155991200922,-0.000261415848763284,-0.00155900844582549,-0.000227407828535364,-8.81205591157574e-06,0,-0.00155900844582549
"D115645",0,0.000526701577733109,0.00040808109734254,-9.80327571729018e-05,-9.80327571729018e-05,0.000313878476065695,0.000184885692786878,0.000217723433834806,0.000242325147115843,4.77821533479128e-05,-4.40602795578787e-06,0.0179858842511429,4.17272520336656e-05,0.000302228370068107,0.000767923054132304,0.000169472339642127,0.000294962001689081,2.70982289348256e-05,0.000228379818767174,0,0.00010866552175828,0.00010866552175828,0,0.000173922856178942,0.000173922856178942,0.000110579917447007,0.000364928083871164,0,2.92528427134811e-05,0,0.000133546180299597,0.000133546180299597,0.000198550555541881,0.0003060062772904,0.000186523435016808,0,0.000110579917447007,0,0.000122643638702185,0.000122643638702185,3.59205733917621e-05,0,-0.00019820134854972,0,0,0.000313878476065695,0,-0.000109694494446418,0.000281460063765249,0,0.000184885692786878,0.000361544184610987,0.000302228370068107,0.000393155397433513,0,0.000355988055817492,0.00028471683076124,-2.90883532031134e-05,-0.000108877990024155,0.00010866552175828,0.000198550555541881,0.000302228370068107,0,-0.000109694494446418,0.000302228370068107,0.000302228370068107,7.42303657567177e-05,3.59205733917621e-05,0.000141710100520115,0.000302228370068107,0.000173922856178942,0.000302228370068107,0.000302228370068107,0,-9.80327571729018e-05,0.000122643638702185,0.000302228370068107,0.000239903496264547,0,-9.80327571729018e-05,0,0.0003060062772904,0.000298548601488527,-9.80327571729018e-05,0.000122643638702185,9.68153971957462e-05,0.000281460063765249,0.000198550555541881,0,0.000244788915739142,0.000198550555541881,0.000198550555541881,0.000239903496264547,0.000122643638702185,-9.80327571729018e-05,0.000110579917447007,0.000281460063765249,0,-9.80327571729018e-05
"D125320",0,-5.14078928414875e-05,7.01548898665245e-05,0.0452809629415411,0.0452809629415411,0.000148291328668223,-0.000153040514689138,0.000106290229296563,0.000403142924514766,-0.000383901316767342,-0.000488277679374743,4.17272520336656e-05,0.114627742596102,-3.56978374079082e-05,-0.000571671155602069,-0.000168453867833889,0.000338005932859386,0.189736074700437,-0.000109546388708841,0.000203950272901069,-6.31340703173059e-06,-6.31340703173059e-06,0,-2.51115036710296e-05,-2.51115036710296e-05,0.00015887973473292,1.02410719777939e-06,0.000251615981446361,2.3331018458335e-05,0,-0.000204380027176419,-0.000204380027176419,-8.23645123794063e-05,-3.19199301856159e-05,-0.000151402772459208,0,0.00015887973473292,0,6.35771776877974e-05,6.35771776877974e-05,-0.000289076329598547,0.000185033798524455,-0.00229366356876812,0,0,-2.40477314103205e-05,0,-0.00121429301866612,8.34545040673312e-05,0,-0.000109694237889411,0.000537752481625104,-3.56978374079082e-05,5.52291899574969e-05,0.000336696571221913,0.000232510488171816,-5.32093767147756e-05,-0.000639455934757135,-0.001217792082135,-6.31340703173059e-06,-8.23645123794063e-05,-3.56978374079082e-05,0,-0.00121429301866612,-3.56978374079082e-05,-3.56978374079082e-05,-0.000269236200921736,-0.000289076329598547,-0.000196045422422938,-3.56978374079082e-05,-2.51115036710296e-05,-3.56978374079082e-05,-3.56978374079082e-05,0,0.0452809629415411,6.35771776877974e-05,-3.56978374079082e-05,0.000393456321109581,0.0033633357842102,0.0452809629415411,0.000251615981446361,-3.19199301856159e-05,-3.9377605987489e-05,0.0452809629415411,6.35771776877974e-05,-0.00024111081028027,8.34545040673312e-05,-8.23645123794063e-05,0,-9.31372917368733e-05,-8.23645123794063e-05,-8.23645123794063e-05,0.000393456321109581,6.35771776877974e-05,0.0452809629415411,0.00015887973473292,8.34545040673312e-05,0,0.0452809629415411
"D125852",0,8.7732303680549e-05,0.000330656007900966,-0.000154528901740087,-0.000154528901740087,0.000236453386624121,0.0032163263246288,0.00184148174352311,0.000526186906837403,-2.9642936093661e-05,0.000458222696366009,0.000302228370068107,-3.56978374079082e-05,0.0281243739441033,0.00135682816821524,0.00038048129188997,0.000631460615983877,-5.03268605067482e-05,0.000150954729325601,0,3.12404323167059e-05,3.12404323167059e-05,0,0.0003893823249636,0.0003893823249636,0.00026269644749973,6.84555674957604e-06,0,0.000322381810035913,0,5.61210908580231e-05,5.61210908580231e-05,0.000121125466100307,0.000653549167186516,0.000109098345575234,0,0.00026269644749973,0,0.000286823890010087,0.000286823890010087,0.000619529101756209,0,-0.000238142168399519,0,0,0.000669293564737107,0,0.000619808902780827,0.000204034974323675,0,0.000107460603345304,0.000284119095169413,0.0281243739441033,0.000315730307991939,0.000330656007900966,0.00130258744934794,0.000207291741319666,0.00150453395670887,0.000625524433736664,3.12404323167059e-05,0.000121125466100307,0.0281243739441033,0,0.000619808902780827,0.0281243739441033,0.0281243739441033,0.000457314379165623,0.000619529101756209,0.000324956813645946,0.0281243739441033,0.0003893823249636,0.0281243739441033,0.0281243739441033,0,-0.000154528901740087,0.000286823890010087,0.0281243739441033,0.000162478406822973,0,-0.000154528901740087,0,0.000653549167186516,0.00063863381558277,-0.000154528901740087,0.000286823890010087,0.00206537814427598,0.000204034974323675,0.000121125466100307,0,0.000167363826297569,0.000121125466100307,0.000121125466100307,0.000162478406822973,0.000286823890010087,-0.000154528901740087,0.00026269644749973,0.000204034974323675,0,-0.000154528901740087
"D125853",0,0.000605424743119596,0.000244430011243006,-0.00147692085380376,-0.00147692085380376,0.000256355516020869,0.000763251140437639,-3.21096106717979e-05,-8.70818892103881e-05,0.000526116842769797,-0.000437350486307953,0.000767923054132304,-0.000571671155602069,0.00135682816821524,0.143482113609306,0.00164918992486702,-8.90974857763886e-05,-0.000569082819717736,0.000361591678065475,0,-0.000236979806978998,-0.000236979806978998,0,-5.49993591906525e-05,-5.49993591906525e-05,0.00116842923149394,-0.000432467973602767,0,-0.000391868501446746,0,0.000176052839835664,0.000176052839835664,-8.96282455505748e-05,-7.80532101750694e-05,-0.000125709607125792,0,0.00116842923149394,0,-0.00031734899606966,-0.00031734899606966,0.000360054723383687,0,-0.00261689604265743,0,0,-7.0181011399774e-05,5.96235971671838e-05,-0.00138738372223267,0.000159100279119532,0,-0.000130622833815582,-2.25153028544824e-05,0.00135682816821524,0.000494186280124321,0,0.000140243928192909,0.000168870580107504,7.54411483002413e-05,-0.00112133206777342,-0.000236979806978998,-8.96282455505748e-05,0.00135682816821524,0,-0.00138738372223267,0.00135682816821524,0.00135682816821524,0.000163622783470702,0.000360054723383687,0.000838420131104675,0.00135682816821524,-5.49993591906525e-05,0.00135682816821524,0.00135682816821524,0,-0.00147692085380376,-0.00031734899606966,0.00135682816821524,3.44305766174244e-05,0,-0.00147692085380376,0,-7.80532101750694e-05,0.000443503622047686,-0.00147692085380376,-0.00031734899606966,0.00057694172480923,0.000159100279119532,-8.96282455505748e-05,0,-8.21543519637897e-05,-8.96282455505748e-05,-8.96282455505748e-05,3.44305766174244e-05,-0.00031734899606966,-0.00147692085380376,0.00116842923149394,0.000159100279119532,0,-0.00147692085380376
"D126200",0,-4.50237267454317e-05,0.000592186746438836,-0.000401079363645332,-0.000401079363645332,0.000103697356198141,0.00257373245759506,0.000489525492121946,0.000260674845985441,0.000792853224359278,0.000427535955233373,0.000169472339642127,-0.000168453867833889,0.00038048129188997,0.00164918992486702,0.0589138301165226,0.00112467069324156,-0.000183082890932729,0.000232784189288104,0,-0.000101515598109275,-0.000101515598109275,0,0.000123870264111639,0.000123870264111639,0.000925350260383687,-5.54341558639452e-05,0,-7.58862812420291e-05,0,-7.66349395679575e-05,-7.66349395679575e-05,-1.16305643256739e-05,0.00260042209195669,0.000395925495667952,0,0.000925350260383687,0,0.000204286106724084,0.000204286106724084,8.85049800522864e-05,0.000312778886132916,-0.000585308447690612,0,0.000197899977474986,0.000103697356198141,0,0.00233983992093823,0.00107066294154624,0,-2.52954270806764e-05,0.000151363064743432,0.00038048129188997,0.00056233534662078,0,0.00186902470130664,0.000345458213276235,0.00541816338880279,0.00342342246827674,-0.000101515598109275,-1.16305643256739e-05,0.00038048129188997,0,0.00233983992093823,0.00038048129188997,0.00038048129188997,-7.55147167328096e-05,8.85049800522864e-05,5.9444752793985e-05,0.00038048129188997,0.000123870264111639,0.00038048129188997,0.00038048129188997,0,-0.000401079363645332,0.000204286106724084,0.00038048129188997,2.97223763969925e-05,0.00013306002916424,-0.000401079363645332,0,0.00260042209195669,0.000373121754730808,-0.000401079363645332,0.000204286106724084,0.000573161408197907,0.00107066294154624,-1.16305643256739e-05,0,3.46077958715879e-05,-1.16305643256739e-05,-1.16305643256739e-05,2.97223763969925e-05,0.000204286106724084,-0.000401079363645332,0.000925350260383687,0.00107066294154624,0,-0.000401079363645332
"D127350",0,8.04659353015221e-05,0.00032338963952194,-8.12740947603164e-05,-8.12740947603164e-05,0.000229187018245095,0.000396775261421419,0.000133031976014205,0.000157633689295242,-3.69093044726879e-05,-8.90974857763886e-05,0.000294962001689081,0.000338005932859386,0.000631460615983877,-8.90974857763886e-05,0.00112467069324156,0.0293139494165266,0.000294118863562866,0.000483763513382011,0,0.000244334919364222,0.000244334919364222,0,8.92313983583414e-05,8.92313983583414e-05,0.000544563929099409,-4.20811629450816e-07,0,-5.54386151071196e-05,0,4.88547224789963e-05,4.88547224789963e-05,0.00011385909772128,0.00113084300862959,0.000101831977196207,0,0.000544563929099409,0,0.000580755092864945,0.000580755092864945,0.000590463628240101,0.00043826854817987,-0.000346024059525826,0,0,0.000229187018245095,0,0.000356641761304863,0.000196768605944649,0,0.000100194234966277,0.000276852726790386,0.000631460615983877,0.000308463939612912,0,0.000738979987482646,0.000596437537370143,-3.11728305585643e-05,0.000361540787838437,0.000244334919364222,0.00011385909772128,0.000631460615983877,0,0.000356641761304863,0.000631460615983877,0.000631460615983877,-1.0461092063883e-05,0.000590463628240101,5.70186426995143e-05,0.000631460615983877,8.92313983583414e-05,0.000631460615983877,0.000631460615983877,0,-8.12740947603164e-05,0.000580755092864945,0.000631460615983877,0.000155212038443946,0,-8.12740947603164e-05,0,0.00113084300862959,0.000213857143667926,-8.12740947603164e-05,0.000580755092864945,0.000220634670239155,0.000196768605944649,0.00011385909772128,0,0.000160097457918542,0.00011385909772128,0.00011385909772128,0.000155212038443946,0.000580755092864945,-8.12740947603164e-05,0.000544563929099409,0.000196768605944649,0,-8.12740947603164e-05
"D127750",0,-9.52949621380075e-05,5.55258667676846e-05,0.0429403192457267,0.0429403192457267,0.000119033282470543,-0.000167669537787978,6.24031600000426e-05,0.000344626832119406,-0.000447420681460638,-0.000517535725572423,2.70982289348256e-05,0.11113140607548,-5.03268605067482e-05,-0.000569082819717736,-0.000183082890932729,0.000294118863562866,0.123221015104611,-0.000124175411807681,0.000189321249802229,-7.94585225259306e-05,-7.94585225259306e-05,0,-6.89985729675496e-05,-6.89985729675496e-05,7.11055961398798e-05,-8.67500313952607e-05,0.000236986958347521,2.88901219444714e-05,0,-0.000241631309061653,-0.000241631309061653,-0.000111622558577086,-4.65489532844559e-05,-0.000166031795558048,0,7.11055961398798e-05,0,-9.56793780640257e-06,-9.56793780640257e-06,-0.000286796610284886,0.000170404775425615,-0.00254335469820029,0,0,-3.86767545091605e-05,0,-0.00134812025745783,5.41964578696513e-05,0,-0.000138952284087091,0.000493865412328584,-5.03268605067482e-05,4.06001668586569e-05,0.000307438525024233,0.000203252441974136,-6.78383998136156e-05,-0.000696507172357385,-0.00135150768406995,-7.94585225259306e-05,-0.000111622558577086,-5.03268605067482e-05,0,-0.00134812025745783,-5.03268605067482e-05,-5.03268605067482e-05,-0.000327752293317096,-0.000286796610284886,-0.000225303468620617,-5.03268605067482e-05,-6.89985729675496e-05,-5.03268605067482e-05,-5.03268605067482e-05,0,0.0429403192457267,-9.56793780640257e-06,-5.03268605067482e-05,0.000334940228714221,0.0031439004377276,0.0429403192457267,0.000236986958347521,-4.65489532844559e-05,-5.4006629086329e-05,0.0429403192457267,-9.56793780640257e-06,-0.000315092875269355,5.41964578696513e-05,-0.000111622558577086,0,-0.000107766314835713,-0.000111622558577086,-0.000111622558577086,0.000334940228714221,-9.56793780640257e-06,0.0429403192457267,7.11055961398798e-05,5.41964578696513e-05,0,0.0429403192457267
"D131200",0,1.38837523796159e-05,0.000710001704688931,-0.000281020643526035,-0.000281020643526035,0.000162604835323188,3.36120520443713e-05,0.000666247929497089,9.10515063733363e-05,0.000156424088036409,0.00111120414828001,0.000228379818767174,-0.000109546388708841,0.000150954729325601,0.000361591678065475,0.000232784189288104,0.000483763513382011,-0.000124175411807681,0.0426410593594406,0,-4.26081189842271e-05,-4.26081189842271e-05,0,0.000876144027701197,0.000876144027701197,0.000114999344897864,0.00026588956656612,0,0.000100836156133114,0,0.000714637324183816,0.000714637324183816,0.000290940621087611,0.000154732636547893,0.000266886380037466,0,0.000114999344897864,0,-2.86300020403214e-05,-2.86300020403214e-05,0.000324134896552477,0,-0.000607384924904184,0,0,0.000521596462135241,0,-0.000325549478888985,0.000456759637534349,0,3.36120520443713e-05,0.00021027054386848,0.000150954729325601,0.000241881756691006,0,0.000605815621638834,0.000133443190018733,-7.41874316166697e-05,-0.000160768132276363,-4.26081189842271e-05,0.000290940621087611,0.000150954729325601,0,-0.000325549478888985,0.000150954729325601,0.000150954729325601,0.000235768725262824,0.000324134896552477,-9.5635402223919e-06,0.000150954729325601,0.000876144027701197,0.000150954729325601,0.000150954729325601,0,-0.000281020643526035,-2.86300020403214e-05,0.000150954729325601,8.86298555220401e-05,0,-0.000281020643526035,0,0.000154732636547893,0.00014727496074602,-0.000281020643526035,-2.86300020403214e-05,8.74703043953426e-05,0.000456759637534349,0.000290940621087611,0,0.000383417341482135,0.000290940621087611,0.000290940621087611,8.86298555220401e-05,-2.86300020403214e-05,-0.000281020643526035,0.000114999344897864,0.000456759637534349,0,-0.000281020643526035
"D131440",0,0,0,6.41902636945019e-05,6.41902636945019e-05,0,0.000347108713654282,0,0,0,0,0,0.000203950272901069,0,0,0,0,0.000189321249802229,0,0.00685834249870819,0,0,0,0,0,0,0,0,0,0,0,0,0,0,0,0,0,0,0,0,0.000198143594259166,0,0,0,0,0,0,0.000624484129483149,0,0,0,0,0,0,0.00133699502790875,0,0,0.00013313466766429,5.33450308432482e-05,0,0,0,0,0.000624484129483149,0,0,0,0.000198143594259166,0,0,0,0,0,0,6.41902636945019e-05,0,0,0,0,6.41902636945019e-05,0,0,0,6.41902636945019e-05,0,0,0,0,0,0,0,0,0,0,6.41902636945019e-05,0,0,0,6.41902636945019e-05
"D132090",0.000546552255482365,-1.52742977696935e-05,0.000137093159591139,-0.000519794952997583,-0.000519794952997583,4.28905383142937e-05,-8.61022449645234e-05,8.98577836556733e-05,-2.86627906355583e-05,-0.000250024777318113,-0.000359283346901377,0.00010866552175828,-6.31340703173059e-06,3.12404323167059e-05,-0.000236979806978998,-0.000101515598109275,0.000244334919364222,-7.94585225259306e-05,-4.26081189842271e-05,0,0.0814362860668724,0.0814362860668724,0,2.25662834394515e-06,2.25662834394515e-06,-0.000124429249119926,0.000402653725545464,0.000318554251170975,-0.00025830673489357,0,-0.000137441757451805,-0.000137441757451805,0.000249586403591628,3.50183395389982e-05,2.74577860196772e-05,0,-0.000124429249119926,0,-0.000148344299049216,-0.000148344299049216,-0.000238303542858727,0,-0.000795747190791902,0,0,0.000282167868117451,0.000172695146881251,-0.000380682432197819,1.04721260138478e-05,0,2.41823015598171e-05,9.05562468595852e-05,3.12404323167059e-05,0.000122167459682111,0.000137093159591139,0.000366387027621044,0.000223844577508541,-0.000403765790420166,-0.00067269923310648,0.0814362860668724,0.000249586403591628,3.12404323167059e-05,0,-0.000380682432197819,3.12404323167059e-05,3.12404323167059e-05,0.00015620216158353,-0.000238303542858727,-0.000129277837231287,3.12404323167059e-05,2.25662834394515e-06,3.12404323167059e-05,3.12404323167059e-05,0,-0.000519794952997583,-0.000148344299049216,3.12404323167059e-05,0.0322465830734595,-9.24701990461591e-05,-0.000519794952997583,0.000318554251170975,3.50183395389982e-05,2.75606637371252e-05,-0.000519794952997583,-0.000148344299049216,-0.000151958289622447,1.04721260138478e-05,0.000249586403591628,0,0.000143988747464346,0.000249586403591628,0.000249586403591628,0.0322465830734595,-0.000148344299049216,-0.000519794952997583,-0.000124429249119926,1.04721260138478e-05,0,-0.000519794952997583
"D132300",0.000546552255482365,-1.52742977696935e-05,0.000137093159591139,-0.000519794952997583,-0.000519794952997583,4.28905383142937e-05,-8.61022449645234e-05,8.98577836556733e-05,-2.86627906355583e-05,-0.000250024777318113,-0.000359283346901377,0.00010866552175828,-6.31340703173059e-06,3.12404323167059e-05,-0.000236979806978998,-0.000101515598109275,0.000244334919364222,-7.94585225259306e-05,-4.26081189842271e-05,0,0.0814362860668724,0.0814362860668724,0,2.25662834394515e-06,2.25662834394515e-06,-0.000124429249119926,0.000402653725545464,0.000318554251170975,-0.00025830673489357,0,-0.000137441757451805,-0.000137441757451805,0.000249586403591628,3.50183395389982e-05,2.74577860196772e-05,0,-0.000124429249119926,0,-0.000148344299049216,-0.000148344299049216,-0.000238303542858727,0,-0.000795747190791902,0,0,0.000282167868117451,0.000172695146881251,-0.000380682432197819,1.04721260138478e-05,0,2.41823015598171e-05,9.05562468595852e-05,3.12404323167059e-05,0.000122167459682111,0.000137093159591139,0.000366387027621044,0.000223844577508541,-0.000403765790420166,-0.00067269923310648,0.0814362860668724,0.000249586403591628,3.12404323167059e-05,0,-0.000380682432197819,3.12404323167059e-05,3.12404323167059e-05,0.00015620216158353,-0.000238303542858727,-0.000129277837231287,3.12404323167059e-05,2.25662834394515e-06,3.12404323167059e-05,3.12404323167059e-05,0,-0.000519794952997583,-0.000148344299049216,3.12404323167059e-05,0.0322465830734595,-9.24701990461591e-05,-0.000519794952997583,0.000318554251170975,3.50183395389982e-05,2.75606637371252e-05,-0.000519794952997583,-0.000148344299049216,-0.000151958289622447,1.04721260138478e-05,0.000249586403591628,0,0.000143988747464346,0.000249586403591628,0.000249586403591628,0.0322465830734595,-0.000148344299049216,-0.000519794952997583,-0.000124429249119926,1.04721260138478e-05,0,-0.000519794952997583
"D133239",0,0.00100970146220355,0,0,0,0,0,0.000459223376070027,0,0,0.000237093914279433,0,0,0,0,0,0,0,0,0,0,0,0.00423616054187595,0,0,0,0,0,0.000270752784948702,0,0,0,0,0,0,0,0,0,0,0,0,0,0,0,0,0,0,0.000131805447788803,0,0,0,0,0,0,0,0,0,0,0.000461630695910995,0,0,0,0,0.000131805447788803,0,0,0.000827847407472741,0,0,0,0,0,0,0,0,0,0,0,0,0,0,0,0,0,0,0,0,0,0,0,0,0,0,0,0,0,0,0,0
"D137750",0,0.000115240371071631,0.000601087779512466,-0.000299622688114872,-0.000299622688114872,0.000412682536958776,-2.08449105438611e-05,0.000502877041732392,3.6594543785104e-05,0.000575266775010016,0.000910161619742403,0.000173922856178942,-2.51115036710296e-05,0.0003893823249636,-5.49993591906525e-05,0.000123870264111639,8.92313983583414e-05,-6.89985729675496e-05,0.000876144027701197,0,2.25662834394515e-06,2.25662834394515e-06,0,0.0575101014508845,0.0575101014508845,0.000952053359604579,0.000102518678801423,0,0.000694301665675962,0,5.20179454265795e-05,5.20179454265795e-05,0.000445358406853615,0.000100275673959661,0.000157972454861002,0,0.000952053359604579,0,0.00021763765633453,0.00021763765633453,0.000504097295273112,0,-0.000874814117177304,0.00187401217364895,0,0.000108147872734956,0,-0.00027832969444333,0.000347845712357884,0,0.000154696970401142,0.000155813581280248,0.0003893823249636,0.000187424794102773,0,0.000496901696462369,7.89862274305009e-05,-0.000237558319381367,-0.000433052945217524,2.25662834394515e-06,0.000445358406853615,0.0003893823249636,0,-0.00027832969444333,0.0003893823249636,0.0003893823249636,0.000733956049462845,0.000504097295273112,6.83457858676155e-05,0.0003893823249636,0.0575101014508845,0.0003893823249636,0.0003893823249636,0,-0.000299622688114872,0.00021763765633453,0.0003893823249636,3.41728929338077e-05,0,-0.000299622688114872,0,0.000100275673959661,9.28179981577875e-05,-0.000299622688114872,0.00021763765633453,0.000595413990881984,0.000347845712357884,0.000445358406853615,0,0.000584073487445401,0.000445358406853615,0.000445358406853615,3.41728929338077e-05,0.00021763765633453,-0.000299622688114872,0.000952053359604579,0.000347845712357884,0,-0.000299622688114872
"D137760",0,0.000115240371071631,0.000601087779512466,-0.000299622688114872,-0.000299622688114872,0.000412682536958776,-2.08449105438611e-05,0.000502877041732392,3.6594543785104e-05,0.000575266775010016,0.000910161619742403,0.000173922856178942,-2.51115036710296e-05,0.0003893823249636,-5.49993591906525e-05,0.000123870264111639,8.92313983583414e-05,-6.89985729675496e-05,0.000876144027701197,0,2.25662834394515e-06,2.25662834394515e-06,0,0.0575101014508845,0.0575101014508845,0.000952053359604579,0.000102518678801423,0,0.000694301665675962,0,5.20179454265795e-05,5.20179454265795e-05,0.000445358406853615,0.000100275673959661,0.000157972454861002,0,0.000952053359604579,0,0.00021763765633453,0.00021763765633453,0.000504097295273112,0,-0.000874814117177304,0.00187401217364895,0,0.000108147872734956,0,-0.00027832969444333,0.000347845712357884,0,0.000154696970401142,0.000155813581280248,0.0003893823249636,0.000187424794102773,0,0.000496901696462369,7.89862274305009e-05,-0.000237558319381367,-0.000433052945217524,2.25662834394515e-06,0.000445358406853615,0.0003893823249636,0,-0.00027832969444333,0.0003893823249636,0.0003893823249636,0.000733956049462845,0.000504097295273112,6.83457858676155e-05,0.0003893823249636,0.0575101014508845,0.0003893823249636,0.0003893823249636,0,-0.000299622688114872,0.00021763765633453,0.0003893823249636,3.41728929338077e-05,0,-0.000299622688114872,0,0.000100275673959661,9.28179981577875e-05,-0.000299622688114872,0.00021763765633453,0.000595413990881984,0.000347845712357884,0.000445358406853615,0,0.000584073487445401,0.000445358406853615,0.000445358406853615,3.41728929338077e-05,0.00021763765633453,-0.000299622688114872,0.000952053359604579,0.000347845712357884,0,-0.000299622688114872
"D140600",0,-0.000103916148940552,0.000474401902048595,-0.000409148991797547,-0.000409148991797547,0.000285996659494905,0.00044879576885227,0.000580146733043982,-2.67483949468315e-05,0.000195209142618403,-0.000227407828535364,0.000110579917447007,0.00015887973473292,0.00026269644749973,0.00116842923149394,0.000925350260383687,0.000544563929099409,7.11055961398798e-05,0.000114999344897864,0,-0.000124429249119926,-0.000124429249119926,0,0.000952053359604579,0.000952053359604579,0.0806245977221505,0.000215975542199325,0,0.000250901094552414,0,-7.46679320372914e-05,-7.46679320372914e-05,0.000255329590657809,0.000270252261944314,0.000219248229082592,0,0.0806245977221505,0,2.76088401387234e-05,2.76088401387234e-05,-0.000147064708728194,0.000704159719364455,-0.000755544881328638,0.000208773313191439,0.000139007555279866,4.48049340030206e-05,0.000174609542569978,-0.000607521027260686,0.000504058115327915,0,0.000214335002392801,9.24706425483121e-05,0.00026269644749973,0.00044455050223054,0,0.000727642091484642,1.56432886985655e-05,-0.000266013896687754,-0.000600172487460324,-0.000124429249119926,0.000255329590657809,0.00026269644749973,0,-0.000607521027260686,0.00026269644749973,0.00026269644749973,0.00056574375585507,-0.000147064708728194,-5.83400915962554e-05,0.00026269644749973,0.000952053359604579,0.00026269644749973,0.00026269644749973,0,-0.000409148991797547,2.76088401387234e-05,0.00026269644749973,-2.91700457981277e-05,0,-0.000409148991797547,0,0.000270252261944314,2.9475059425852e-05,-0.000409148991797547,2.76088401387234e-05,9.65145864877418e-05,0.000504058115327915,0.000255329590657809,0,0.000147817538841799,0.000255329590657809,0.000255329590657809,-2.91700457981277e-05,2.76088401387234e-05,-0.000409148991797547,0.0806245977221505,0.000504058115327915,0,-0.000409148991797547
"D143465",0,-0.000130225420196409,0.000804993402292218,-0.000590944557629582,-0.000590944557629582,0.000233378116983192,-0.000110497120531653,0.000751693124138323,0.000307725551612126,-0.000204855473927019,-0.000432467973602767,0.000364928083871164,1.02410719777939e-06,6.84555674957604e-06,-0.000432467973602767,-5.54341558639452e-05,-4.20811629450816e-07,-8.67500313952607e-05,0.00026588956656612,0,0.000402653725545464,0.000402653725545464,0,0.000102518678801423,0.000102518678801423,0.000215975542199325,0.0924218562449966,0,-0.000190659831468303,0.000246493667058554,-0.000161836633018934,-0.000161836633018934,2.72227593556221e-06,1.06234639718683e-05,0.000350109652748563,0.000522157379915235,0.000215975542199325,0,9.45904674900718e-05,9.45904674900718e-05,-0.000252301793751621,0,-0.000602942410635766,0,0,1.84956627471638e-05,0.000148300271314122,-0.000748333373074656,0.0001685412923823,0,-0.000110497120531653,6.61613712924553e-05,6.84555674957604e-06,9.77725841149812e-05,0,6.06052424989603e-05,-1.06659825572913e-05,-0.000506514949344743,-0.000881313995156486,0.000402653725545464,2.72227593556221e-06,6.84555674957604e-06,0,-0.000748333373074656,6.84555674957604e-06,6.84555674957604e-06,3.42277837478802e-05,-0.000252301793751621,-0.000153672712798416,6.84555674957604e-06,0.000102518678801423,6.84555674957604e-06,6.84555674957604e-06,0,-0.000590944557629582,9.45904674900718e-05,6.84555674957604e-06,8.5428157380895e-05,0,-0.000590944557629582,0,1.06234639718683e-05,0.000202718367828854,-0.000590944557629582,9.45904674900718e-05,-0.000200748040756707,0.0001685412923823,2.72227593556221e-06,0,9.51989963300859e-05,2.72227593556221e-06,2.72227593556221e-06,8.5428157380895e-05,9.45904674900718e-05,-0.000590944557629582,0.000215975542199325,0.0001685412923823,0.000246493667058554,-0.000590944557629582
"D144700",0,0,0,0.000111855972239793,0.000111855972239793,0,0,0,0.00110081454454594,0.000257670882760608,0.000205482701456907,0,0.000251615981446361,0,0,0,0,0.000236986958347521,0,0,0.000318554251170975,0.000318554251170975,0,0,0,0,0,0.00513714461323231,0,0,0,0,0,0,0,0,0,0,0,0,0.000245809302804457,0,1.16873808629755e-05,0,0,0,0,0.000396775261421419,0,0,0,0,0,0,0.000617969826755235,0,0,0.000180800376209582,0,0.000318554251170975,0,0,0,0.000396775261421419,0,0,0,0.000245809302804457,0,0,0,0,0,0,0.000111855972239793,0,0,0.000449792225677242,0,0.000111855972239793,0.00513714461323231,0,0,0.000111855972239793,0,0.000809795044705747,0,0,0,0,0,0,0.000449792225677242,0,0.000111855972239793,0,0,0,0.000111855972239793
"D145500",0,0.000411498132862509,0.000639939991859211,0.000341087849626485,0.000341087849626485,-3.6522140730505e-05,-0.00013464305652978,0.00025483843410988,0.000874504656824832,0.000789623616906217,-3.34440382767256e-05,2.92528427134811e-05,2.3331018458335e-05,0.000322381810035913,-0.000391868501446746,-7.58862812420291e-05,-5.54386151071196e-05,2.88901219444714e-05,0.000100836156133114,0,-0.00025830673489357,-0.00025830673489357,0.000270752784948702,0.000694301665675962,0.000694301665675962,0.000250901094552414,-0.000190659831468303,0,0.121923429450205,0,0.000221830855927355,0.000221830855927355,-0.000107313331019775,-4.43943395058005e-05,0.000539694384230621,0,0.000250901094552414,0,-0.000125480746420604,-0.000125480746420604,-0.000363922785519655,0,-0.00157290868622471,0,0.000311747752581544,-3.6522140730505e-05,0.000382951727161769,-0.00120733203698107,0.000260076891127338,0,-0.00013464305652978,1.11435678147865e-05,0.000322381810035913,0.000281896352763489,0,0.000207561669531447,-6.56837860349602e-05,-0.000679270262128142,-0.000697876220402039,-0.00025830673489357,-0.000107313331019775,0.000322381810035913,0,-0.00120733203698107,0.000322381810035913,0.000322381810035913,0.00386431414057985,-0.000363922785519655,-0.000220994241063307,0.000322381810035913,0.000694301665675962,0.000322381810035913,0.000322381810035913,0,0.000341087849626485,-0.000125480746420604,0.000322381810035913,0.000135407188625231,0.00028057563110216,0.000341087849626485,0,-4.43943395058005e-05,0.00031134250429717,0.000341087849626485,-0.000125480746420604,1.44615730424956e-06,0.000260076891127338,-0.000107313331019775,0,-1.48366106252517e-05,-0.000107313331019775,-0.000107313331019775,0.000135407188625231,-0.000125480746420604,0.000341087849626485,0.000250901094552414,0.000260076891127338,0,0.000341087849626485
"D153800",0,0,0,0,0,0,0,0,0,0,0,0,0,0,0,0,0,0,0,0,0,0,0,0,0,0,0.000246493667058554,0,0,0.00685834249870819,0,0,0,0,0,0,0,0,0,0,0,0,0,0,0,0,0,0,0,0,0,0,0,0,0,0,0,0,0,0,0,0,0,0,0,0,0,0,0,0,0,0,0,0,0,0,0,0,0,0,0,0,0,0,0,0,0,0,0,0,0,0,0,0,0,0,0,0.00685834249870819,0
"D155600",0,-8.09498860879615e-05,0.000161973818132456,-0.000580710160357982,-0.000580710160357982,6.77711968556109e-05,0.000283233790950572,-2.83838453752781e-05,0.00232638444111244,0.0012786627419365,0.00121807601275667,0.000133546180299597,-0.000204380027176419,5.61210908580231e-05,0.000176052839835664,-7.66349395679575e-05,4.88547224789963e-05,-0.000241631309061653,0.000714637324183816,0,-0.000137441757451805,-0.000137441757451805,0,5.20179454265795e-05,5.20179454265795e-05,-7.46679320372914e-05,-0.000161836633018934,0,0.000221830855927355,0,0.0714291142529602,0.0714291142529602,0.00032422837921558,5.98989980803154e-05,-5.95838441932762e-05,0,-7.46679320372914e-05,0,9.65076286964943e-05,9.65076286964943e-05,0.000261837239997041,0,-0.000991687345083761,0,0.00194985911221923,6.77711968556109e-05,0.000197575805422569,-0.000400824661587373,3.5352784555165e-05,0,0.000283233790950572,0.000115436905400902,5.61210908580231e-05,0.000147048118223428,0,0.000109880776607407,0.00133303777931273,-0.00023598814050904,0.000264205751136229,-0.000137441757451805,0.00032422837921558,5.61210908580231e-05,0,-0.000400824661587373,5.61210908580231e-05,5.61210908580231e-05,0.000280605454290116,0.000261837239997041,-1.24075658910748e-05,5.61210908580231e-05,5.20179454265795e-05,5.61210908580231e-05,5.61210908580231e-05,0,-0.000580710160357982,9.65076286964943e-05,5.61210908580231e-05,-6.20378294553738e-06,0,-0.000580710160357982,0,5.98989980803154e-05,0.000301269436045749,-0.000580710160357982,9.65076286964943e-05,1.90229041771766e-05,3.5352784555165e-05,0.00032422837921558,0,0.000462943459807365,0.00032422837921558,0.00032422837921558,-6.20378294553738e-06,9.65076286964943e-05,-0.000580710160357982,-7.46679320372914e-05,3.5352784555165e-05,0,-0.000580710160357982
"D155601",0,-8.09498860879615e-05,0.000161973818132456,-0.000580710160357982,-0.000580710160357982,6.77711968556109e-05,0.000283233790950572,-2.83838453752781e-05,0.00232638444111244,0.0012786627419365,0.00121807601275667,0.000133546180299597,-0.000204380027176419,5.61210908580231e-05,0.000176052839835664,-7.66349395679575e-05,4.88547224789963e-05,-0.000241631309061653,0.000714637324183816,0,-0.000137441757451805,-0.000137441757451805,0,5.20179454265795e-05,5.20179454265795e-05,-7.46679320372914e-05,-0.000161836633018934,0,0.000221830855927355,0,0.0714291142529602,0.0714291142529602,0.00032422837921558,5.98989980803154e-05,-5.95838441932762e-05,0,-7.46679320372914e-05,0,9.65076286964943e-05,9.65076286964943e-05,0.000261837239997041,0,-0.000991687345083761,0,0.00194985911221923,6.77711968556109e-05,0.000197575805422569,-0.000400824661587373,3.5352784555165e-05,0,0.000283233790950572,0.000115436905400902,5.61210908580231e-05,0.000147048118223428,0,0.000109880776607407,0.00133303777931273,-0.00023598814050904,0.000264205751136229,-0.000137441757451805,0.00032422837921558,5.61210908580231e-05,0,-0.000400824661587373,5.61210908580231e-05,5.61210908580231e-05,0.000280605454290116,0.000261837239997041,-1.24075658910748e-05,5.61210908580231e-05,5.20179454265795e-05,5.61210908580231e-05,5.61210908580231e-05,0,-0.000580710160357982,9.65076286964943e-05,5.61210908580231e-05,-6.20378294553738e-06,0,-0.000580710160357982,0,5.98989980803154e-05,0.000301269436045749,-0.000580710160357982,9.65076286964943e-05,1.90229041771766e-05,3.5352784555165e-05,0.00032422837921558,0,0.000462943459807365,0.00032422837921558,0.00032422837921558,-6.20378294553738e-06,9.65076286964943e-05,-0.000580710160357982,-7.46679320372914e-05,3.5352784555165e-05,0,-0.000580710160357982
"D157300",0,0.000721765122572744,0.000226978193374739,-0.000361884530792541,-0.000361884530792541,0.000132775572097894,3.78278881907736e-06,0.000269627851222875,0.000318831277784949,-7.02547097509119e-05,0.000212445361939006,0.000198550555541881,-8.23645123794063e-05,0.000121125466100307,-8.96282455505748e-05,-1.16305643256739e-05,0.00011385909772128,-0.000111622558577086,0.000290940621087611,0,0.000249586403591628,0.000249586403591628,0,0.000445358406853615,0.000445358406853615,0.000255329590657809,2.72227593556221e-06,0,-0.000107313331019775,0,0.00032422837921558,0.00032422837921558,0.0502785458520113,0.000124903373322599,5.42053104900736e-06,0,0.000255329590657809,0,-5.84592652656153e-05,-5.84592652656153e-05,3.13515584920752e-05,0,-0.000612346971336538,0,0,0.000461937935684653,0.000262580180664852,-0.000313996970514144,0.000100357159797449,0,3.78278881907736e-06,0.000180441280643186,0.000121125466100307,0.000212052493465712,0,0.000174885151849691,0.000103613926793439,-0.000210191257170914,-0.000403044131755678,0.000249586403591628,0.0502785458520113,0.000121125466100307,0,-0.000313996970514144,0.000121125466100307,0.000121125466100307,0.000605627330501533,3.13515584920752e-05,-3.93928034476858e-05,0.000121125466100307,0.000445358406853615,0.000121125466100307,0.000121125466100307,0,-0.000361884530792541,-5.84592652656153e-05,0.000121125466100307,5.88005922967462e-05,0,-0.000361884530792541,0,0.000124903373322599,0.000117445697520726,-0.000361884530792541,-5.84592652656153e-05,2.78117779447547e-05,0.000100357159797449,0.0502785458520113,0,0.03627692548816,0.0502785458520113,0.0502785458520113,5.88005922967462e-05,-5.84592652656153e-05,-0.000361884530792541,0.000255329590657809,0.000100357159797449,0,-0.000361884530792541
"D161400",0,9.15102109028412e-05,0.000334433915123259,0.000281590324596032,0.000281590324596032,0.000240231293846414,0.000800614081922981,0.000144076251615525,0.000168677964896562,0.000389303463606085,0.000749723970681602,0.0003060062772904,-3.19199301856159e-05,0.000653549167186516,-7.80532101750694e-05,0.00260042209195669,0.00113084300862959,-4.65489532844559e-05,0.000154732636547893,0,3.50183395389982e-05,3.50183395389982e-05,0,0.000100275673959661,0.000100275673959661,0.000270252261944314,1.06234639718683e-05,0,-4.43943395058005e-05,0,5.98989980803154e-05,5.98989980803154e-05,0.000124903373322599,0.0275240414075359,0.000112876252797527,0,0.000270252261944314,0,0.000613887919668903,0.000613887919668903,0.000120933573833825,0,-0.000219252632288058,0,0,0.000240231293846414,0,0.000889908084540772,0.0006120125545808,0,0.000111238510567597,0.000287897002391705,0.000653549167186516,0.000319508215214231,0,0.0019149106603483,0.000211069648541959,0.000906544262372604,0.00065196978429271,3.50183395389982e-05,0.000124903373322599,0.000653549167186516,0,0.000889908084540772,0.000653549167186516,0.000653549167186516,5.83183537436111e-07,0.000120933573833825,6.80629183008334e-05,0.000653549167186516,0.000100275673959661,0.000653549167186516,0.000653549167186516,0,0.000281590324596032,0.000613887919668903,0.000653549167186516,0.000166256314045265,0.000406127904460786,0.000281590324596032,0,0.0275240414075359,0.000224901419269245,0.000281590324596032,0.000613887919668903,0.000536403195149585,0.0006120125545808,0.000124903373322599,0,0.000171141733519861,0.000124903373322599,0.000124903373322599,0.000166256314045265,0.000613887919668903,0.000281590324596032,0.000270252261944314,0.0006120125545808,0,0.000281590324596032
"D164230",0.000624410168740893,0.000673656640472454,0.000626288937188198,-0.000315823886771926,-0.000315823886771926,0.000120748451572822,0.000179898128076874,0.00024557361017273,4.919512262297e-05,0.000413250665832147,-0.000198685313408458,0.000186523435016808,-0.000151402772459208,0.000109098345575234,-0.000125709607125792,0.000395925495667952,0.000101831977196207,-0.000166031795558048,0.000266886380037466,0,2.74577860196772e-05,2.74577860196772e-05,0,0.000157972454861002,0.000157972454861002,0.000219248229082592,0.000350109652748563,0,0.000539694384230621,0,-5.95838441932762e-05,-5.95838441932762e-05,5.42053104900736e-06,0.000112876252797527,0.0536992745117168,0,0.000219248229082592,0,-7.04863857906878e-05,-7.04863857906878e-05,-0.000118032110713358,0,-0.000774009486474376,0,0,0.000120748451572822,0,-0.000425750909801708,0.00073188866803732,0,-8.24433170599508e-06,0.000168414160118114,0.000109098345575234,0.000596437537370143,0,0.000522102854138101,9.15868062683669e-05,-0.000103326344828491,-0.000422484892112659,2.74577860196772e-05,5.42053104900736e-06,0.000109098345575234,0,-0.000425750909801708,0.000109098345575234,0.000109098345575234,-4.14125259834471e-05,-0.000118032110713358,9.35469435433475e-05,0.000109098345575234,0.000157972454861002,0.000109098345575234,0.000109098345575234,0,-0.000315823886771926,-7.04863857906878e-05,0.000109098345575234,4.67734717716738e-05,0,-0.000315823886771926,0,0.000112876252797527,0.000105418576995653,-0.000315823886771926,-7.04863857906878e-05,0.00017795466832881,0.00073188866803732,5.42053104900736e-06,0,5.16588912462692e-05,5.42053104900736e-06,5.42053104900736e-06,4.67734717716738e-05,-7.04863857906878e-05,-0.000315823886771926,0.000219248229082592,0.00073188866803732,0,-0.000315823886771926
"D165199",0,0,0,0,0,0,0,0,0,0,0,0,0,0,0,0,0,0,0,0,0,0,0,0,0,0,0.00052296000600047,0,0,0,0,0,0,0,0,0.00125542692695785,0,0,0,0,0,0,0,0,0,0,0,0,0,0,0,0,0,0,0,0,0,0,0,0,0,0,0,0,0,0,0,0,0,0,0,0,0,0,0,0,0,0,0,0,0,0,0,0,0,0,0,0,0,0,0,0,0,0,0,0,0,0,0
"D165720",0,-0.000103916148940552,0.000474401902048595,-0.000409148991797547,-0.000409148991797547,0.000285996659494905,0.00044879576885227,0.000580146733043982,-2.67483949468315e-05,0.000195209142618403,-0.000227407828535364,0.000110579917447007,0.00015887973473292,0.00026269644749973,0.00116842923149394,0.000925350260383687,0.000544563929099409,7.11055961398798e-05,0.000114999344897864,0,-0.000124429249119926,-0.000124429249119926,0,0.000952053359604579,0.000952053359604579,0.0806245977221505,0.000215975542199325,0,0.000250901094552414,0,-7.46679320372914e-05,-7.46679320372914e-05,0.000255329590657809,0.000270252261944314,0.000219248229082592,0,0.0806245977221505,0,2.76088401387234e-05,2.76088401387234e-05,-0.000147064708728194,0.000704159719364455,-0.000755544881328638,0.000208773313191439,0.000139007555279866,4.48049340030206e-05,0.000174609542569978,-0.000607521027260686,0.000504058115327915,0,0.000214335002392801,9.24706425483121e-05,0.00026269644749973,0.00044455050223054,0,0.000727642091484642,1.56432886985655e-05,-0.000266013896687754,-0.000600172487460324,-0.000124429249119926,0.000255329590657809,0.00026269644749973,0,-0.000607521027260686,0.00026269644749973,0.00026269644749973,0.00056574375585507,-0.000147064708728194,-5.83400915962554e-05,0.00026269644749973,0.000952053359604579,0.00026269644749973,0.00026269644749973,0,-0.000409148991797547,2.76088401387234e-05,0.00026269644749973,-2.91700457981277e-05,0,-0.000409148991797547,0,0.000270252261944314,2.9475059425852e-05,-0.000409148991797547,2.76088401387234e-05,9.65145864877418e-05,0.000504058115327915,0.000255329590657809,0,0.000147817538841799,0.000255329590657809,0.000255329590657809,-2.91700457981277e-05,2.76088401387234e-05,-0.000409148991797547,0.0806245977221505,0.000504058115327915,0,-0.000409148991797547
"D166760",0,0,0,0,0,0,0,0,0,0.000122310145400155,0,0,0,0,0,0,0,0,0,0,0,0,0,0,0,0,0,0,0,0,0,0,0,0,0,0,0,0.0115968864087181,0,0,0.000417283922376873,0,0,0,0,0,0,0,0,0,0,0,0,0,0,0,0,0,0,0,0,0,0,0,0,0,0,0.000417283922376873,0,0,0,0,0,0,0,0,0,0,0,0,0,0,0,0,0,0,0,0,0,0,0,0,0,0,0,0,0,0,0
"D168600",0,-9.18524276853731e-05,0.000498529344558953,-0.000393991900502433,-0.000393991900502433,5.68686552581993e-05,5.21385354476283e-05,-3.92863869726897e-05,-1.46846736916527e-05,9.38516842590335e-05,-0.000261415848763284,0.000122643638702185,6.35771776877974e-05,0.000286823890010087,-0.00031734899606966,0.000204286106724084,0.000580755092864945,-9.56793780640257e-06,-2.86300020403214e-05,0,-0.000148344299049216,-0.000148344299049216,0,0.00021763765633453,0.00021763765633453,2.76088401387234e-05,9.45904674900718e-05,0,-0.000125480746420604,0,9.65076286964943e-05,9.65076286964943e-05,-5.84592652656153e-05,0.000613887919668903,-7.04863857906878e-05,0,2.76088401387234e-05,0,0.0756716002775465,0.0756716002775465,0.000196421990412571,0,-0.00128504785699136,0,0,0.000637504515994789,0,-0.000576993024164942,0.000245287277404371,0,-7.21241280206178e-05,0.000405455519095846,0.000286823890010087,0.000136145576626017,0.000151071276535044,0.000394343261508856,0.000251800811396352,-0.000358845530086981,-0.000166418031232684,-0.000148344299049216,-5.84592652656153e-05,0.000286823890010087,0,-0.000576993024164942,0.000286823890010087,0.000286823890010087,-0.000182779455050778,0.000196421990412571,-0.000115299720287381,0.000286823890010087,0.00021763765633453,0.000286823890010087,0.000286823890010087,0,-0.000393991900502433,0.0756716002775465,0.000286823890010087,-1.7106324542949e-05,-7.84920821022535e-05,-0.000393991900502433,0,0.000613887919668903,4.15387806810308e-05,-0.000393991900502433,0.0756716002775465,0.000144769471508457,0.000245287277404371,-5.84592652656153e-05,0,-1.22209050683535e-05,-5.84592652656153e-05,-5.84592652656153e-05,-1.7106324542949e-05,0.0756716002775465,-0.000393991900502433,2.76088401387234e-05,0.000245287277404371,0,-0.000393991900502433
"D168601",0,-9.18524276853731e-05,0.000498529344558953,-0.000393991900502433,-0.000393991900502433,5.68686552581993e-05,5.21385354476283e-05,-3.92863869726897e-05,-1.46846736916527e-05,9.38516842590335e-05,-0.000261415848763284,0.000122643638702185,6.35771776877974e-05,0.000286823890010087,-0.00031734899606966,0.000204286106724084,0.000580755092864945,-9.56793780640257e-06,-2.86300020403214e-05,0,-0.000148344299049216,-0.000148344299049216,0,0.00021763765633453,0.00021763765633453,2.76088401387234e-05,9.45904674900718e-05,0,-0.000125480746420604,0,9.65076286964943e-05,9.65076286964943e-05,-5.84592652656153e-05,0.000613887919668903,-7.04863857906878e-05,0,2.76088401387234e-05,0,0.0756716002775465,0.0756716002775465,0.000196421990412571,0,-0.00128504785699136,0,0,0.000637504515994789,0,-0.000576993024164942,0.000245287277404371,0,-7.21241280206178e-05,0.000405455519095846,0.000286823890010087,0.000136145576626017,0.000151071276535044,0.000394343261508856,0.000251800811396352,-0.000358845530086981,-0.000166418031232684,-0.000148344299049216,-5.84592652656153e-05,0.000286823890010087,0,-0.000576993024164942,0.000286823890010087,0.000286823890010087,-0.000182779455050778,0.000196421990412571,-0.000115299720287381,0.000286823890010087,0.00021763765633453,0.000286823890010087,0.000286823890010087,0,-0.000393991900502433,0.0756716002775465,0.000286823890010087,-1.7106324542949e-05,-7.84920821022535e-05,-0.000393991900502433,0,0.000613887919668903,4.15387806810308e-05,-0.000393991900502433,0.0756716002775465,0.000144769471508457,0.000245287277404371,-5.84592652656153e-05,0,-1.22209050683535e-05,-5.84592652656153e-05,-5.84592652656153e-05,-1.7106324542949e-05,0.0756716002775465,-0.000393991900502433,2.76088401387234e-05,0.000245287277404371,0,-0.000393991900502433
"D176807",0,0.000247112556577967,0.000325083213938106,-0.00107695202074272,-0.00107695202074272,0.000136677971384416,-0.000158847193331041,8.88701933708521e-05,0.000632951326546569,0.00204315053618195,0.000360054723383687,3.59205733917621e-05,-0.000289076329598547,0.000619529101756209,0.000360054723383687,8.85049800522864e-05,0.000590463628240101,-0.000286796610284886,0.000324134896552477,0.000198143594259166,-0.000238303542858727,-0.000238303542858727,0,0.000504097295273112,0.000504097295273112,-0.000147064708728194,-0.000252301793751621,0.000245809302804457,-0.000363922785519655,0,0.000261837239997041,0.000261837239997041,3.13515584920752e-05,0.000120933573833825,-0.000118032110713358,0,-0.000147064708728194,0.000417283922376873,0.000196421990412571,0.000196421990412571,0.117978019471846,0.000179227119882551,-0.00237455070424278,0,6.4348211224621e-05,0.000136677971384416,0,-0.000580851695281666,7.18411467835242e-05,0,0.000150158392631291,0.000232009388474999,0.000619529101756209,4.94225113155934e-05,6.4348211224621e-05,1.22551696995725e-05,7.83546807755057e-05,-0.00024961917310526,-0.00116027774811302,-0.000238303542858727,3.13515584920752e-05,0.000619529101756209,0,-0.000580851695281666,0.000619529101756209,0.000619529101756209,-9.4057647260235e-05,0.117978019471846,-0.000207658779706745,0.000619529101756209,0.000504097295273112,0.000619529101756209,0.000619529101756209,0,-0.00107695202074272,0.000196421990412571,0.000619529101756209,-1.12719882178806e-05,-0.00013404350333649,-0.00107695202074272,0.000245809302804457,0.000120933573833825,0.000331345696332014,-0.00107695202074272,0.000196421990412571,0.000201223567541558,7.18411467835242e-05,3.13515584920752e-05,0,0.000170066639083861,3.13515584920752e-05,3.13515584920752e-05,-1.12719882178806e-05,0.000196421990412571,-0.00107695202074272,-0.000147064708728194,7.18411467835242e-05,0,-0.00107695202074272
"D181000",0,0,0,0,0,0,0,0,0,0,0,0,0.000185033798524455,0,0,0.000312778886132916,0.00043826854817987,0.000170404775425615,0,0,0,0,0,0,0,0.000704159719364455,0,0,0,0,0,0,0,0,0,0,0.000704159719364455,0,0,0,0.000179227119882551,0.00768677391779644,-5.48948020589307e-05,0,0,0,0,3.36120520443713e-05,0,0,0,0,0,0,0,0,0,0.000114218193287676,3.44285564666336e-05,0,0,0,0,3.36120520443713e-05,0,0,0,0.000179227119882551,0,0,0,0,0,0,0,0,0,0,0,0,0,0,0,0,0,0,0,0,0,0,0,0,0,0,0,0.000704159719364455,0,0,0
"D181500",0.000239685385174365,-0.000959235914564179,-0.000143160629944858,-0.00598296344045471,-0.00598296344045471,-0.000325030445760926,-0.00073533073613156,4.19557768142198e-05,-0.000419061636608136,-0.00218808357194887,-0.00313842616357177,-0.00019820134854972,-0.00229366356876812,-0.000238142168399519,-0.00261689604265743,-0.000585308447690612,-0.000346024059525826,-0.00254335469820029,-0.000607384924904184,0,-0.000795747190791902,-0.000795747190791902,0,-0.000874814117177304,-0.000874814117177304,-0.000755544881328638,-0.000602942410635766,1.16873808629755e-05,-0.00157290868622471,0,-0.000991687345083761,-0.000991687345083761,-0.000612346971336538,-0.000219252632288058,-0.000774009486474376,0,-0.000755544881328638,0,-0.00128504785699136,-0.00128504785699136,-0.00237455070424278,-5.48948020589307e-05,0.311591000726675,0,0,-0.00017989163841158,0.000248860272248464,-0.00633905303864764,-0.000145117220062293,0,-0.000667777152167012,-0.000236234455407965,-0.000238142168399519,-8.71996816574744e-05,-0.000169773710716861,3.06562603474022e-05,-0.000412515381674292,-0.00371924140584545,-0.00644689103212435,-0.000795747190791902,-0.000612346971336538,-0.000238142168399519,0.000141491989429933,-0.00633905303864764,-0.000238142168399519,-0.000238142168399519,-0.00144622958872917,-0.00237455070424278,-0.00112336696277823,-0.000238142168399519,-0.000874814117177304,-0.000238142168399519,-0.000238142168399519,0,-0.00598296344045471,-0.00128504785699136,-0.000238142168399519,0.000168819957208882,-0.000856695325213844,-0.00598296344045471,1.16873808629755e-05,-0.000219252632288058,-0.000256541011297423,-0.00598296344045471,-0.00128504785699136,-0.000847676535376112,-0.000145117220062293,-0.000612346971336538,8.40525351009682e-05,-0.000401815256245042,-0.000612346971336538,-0.000612346971336538,0.000168819957208882,-0.00128504785699136,-0.00598296344045471,-0.000755544881328638,-0.000145117220062293,0,-0.00598296344045471
"D182830",0,0,0,0,0,0,0,0,0,0,0,0,0,0,0,0,0,0,0,0,0,0,0,0.00187401217364895,0.00187401217364895,0.000208773313191439,0,0,0,0,0,0,0,0,0,0,0.000208773313191439,0,0,0,0,0,0,0.0100730694787602,0,0,0,0,0,0,0,0,0,0,0,0,0,0,0,0,0,0,0,0,0,0,0,0,0,0,0.00187401217364895,0,0,0,0,0,0,0,0,0,0,0,0,0,0,0,0,0,0,0,0,0,0,0,0,0.000208773313191439,0,0,0
"D188470",0,0,0,-6.96051193400429e-05,-6.96051193400429e-05,0.000342306113898554,0.000213313330619737,0,0.0012791569050663,0.000348806373850407,0.00088163360546374,0,0,0,0,0.000197899977474986,0,0,0,0,0,0,0,0,0,0.000139007555279866,0,0,0.000311747752581544,0,0.00194985911221923,0.00194985911221923,0,0,0,0,0.000139007555279866,0,0,0,6.4348211224621e-05,0,0,0,0.0152274209591993,0,0,-8.12668566135589e-05,0,0,0.000623013452728338,0,0,0,0,0,0.000822675728677062,-6.6071537025447e-07,-8.04503521912965e-05,0,0,0,0,-8.12668566135589e-05,0,0,0.000102658003589577,6.4348211224621e-05,0,0,0,0,0,0,-6.96051193400429e-05,0,0,0,0,-6.96051193400429e-05,0,0,0,-6.96051193400429e-05,0,0.000125243035028605,0,0,0,0,0,0,0,0,-6.96051193400429e-05,0.000139007555279866,0,0,-6.96051193400429e-05
"D190310",0,9.93824096781367e-05,0.000342306113898554,-2.45246716304725e-05,-2.45246716304725e-05,0.000248103492621709,0.000119110709342892,0.00015194845039082,0.000996549041235762,-1.79928300960733e-05,-7.0181011399774e-05,0.000313878476065695,-2.40477314103205e-05,0.000669293564737107,-7.0181011399774e-05,0.000103697356198141,0.000229187018245095,-3.86767545091605e-05,0.000521596462135241,0,0.000282167868117451,0.000282167868117451,0,0.000108147872734956,0.000108147872734956,4.48049340030206e-05,1.84956627471638e-05,0,-3.6522140730505e-05,0,6.77711968556109e-05,6.77711968556109e-05,0.000461937935684653,0.000240231293846414,0.000120748451572822,0,4.48049340030206e-05,0,0.000637504515994789,0.000637504515994789,0.000136677971384416,0,-0.00017989163841158,0,0,0.0263117823426423,0,8.36692543938402e-05,0.00062775695213139,0,0.000119110709342892,0.000295769201167001,0.000669293564737107,0.000327380413989526,0,0.000290213072373506,0.000218941847317254,-9.48633366470995e-05,-0.000174652973468142,0.000282167868117451,0.000461937935684653,0.000669293564737107,0,8.36692543938402e-05,0.000669293564737107,0.000669293564737107,8.45538231273159e-06,0.000136677971384416,7.59351170761289e-05,0.000669293564737107,0.000108147872734956,0.000669293564737107,0.000669293564737107,0,-2.45246716304725e-05,0.000637504515994789,0.000669293564737107,0.000544643817129986,0,-2.45246716304725e-05,0,0.000240231293846414,0.000232773618044541,-2.45246716304725e-05,0.000637504515994789,3.10404137517601e-05,0.00062775695213139,0.000461937935684653,0,0.000554414656079177,0.000461937935684653,0.000461937935684653,0.000544643817129986,0.000637504515994789,-2.45246716304725e-05,4.48049340030206e-05,0.00062775695213139,0,-2.45246716304725e-05
"D205700",0,0,0,0,0,0,0,0.00075989290940442,0,0,0.000315633985823232,0,0,0,5.96235971671838e-05,0,0,0,0,0,0.000172695146881251,0.000172695146881251,0,0,0,0.000174609542569978,0.000148300271314122,0,0.000382951727161769,0,0.000197575805422569,0.000197575805422569,0.000262580180664852,0,0,0,0.000174609542569978,0,0,0,0,0,0.000248860272248464,0,0,0,0.0123419774569943,0.0012489682589663,0,0,0,0,0,0,0,0,0,0,0.00033235345551664,0.000172695146881251,0.000262580180664852,0,0,0.0012489682589663,0,0,0,0,0,0,0,0,0,0,0,0,0,0.000303933121387519,0,0,0,0,0.000362578226611498,0,0,0.000160845022318718,0,0.000262580180664852,0,0,0.000262580180664852,0.000262580180664852,0.000303933121387519,0,0,0.000174609542569978,0,0,0
"D208550",0,-0.000236882988805443,-8.12668566135589e-05,-0.00322924578993676,-0.00322924578993676,-0.000175469477890404,0.00438577980437619,0.00035677062022951,-0.000274169870300577,-0.000343620096158652,-0.000485237614613479,-0.000109694494446418,-0.00121429301866612,0.000619808902780827,-0.00138738372223267,0.00233983992093823,0.000356641761304863,-0.00134812025745783,-0.000325549478888985,0.000624484129483149,-0.000380682432197819,-0.000380682432197819,0.000131805447788803,-0.00027832969444333,-0.00027832969444333,-0.000607521027260686,-0.000748333373074656,0.000396775261421419,-0.00120733203698107,0,-0.000400824661587373,-0.000400824661587373,-0.000313996970514144,0.000889908084540772,-0.000425750909801708,0,-0.000607521027260686,0,-0.000576993024164942,-0.000576993024164942,-0.000580851695281666,3.36120520443713e-05,-0.00633905303864764,0,-8.12668566135589e-05,8.36692543938402e-05,0.0012489682589663,0.228421798537256,-0.000156765120352358,0,-0.000432301878721428,0.000274332088575006,0.000619808902780827,0.000178320880652431,0.00103535633522562,0.0022696678382515,-0.000204631123194859,0.00452634030767228,0.00502689799279892,-0.000380682432197819,-0.000313996970514144,0.000619808902780827,0,0.228421798537256,0.000619808902780827,0.000619808902780827,-0.000964299207728684,-0.000580851695281666,-0.000214464533801624,0.000619808902780827,-0.00027832969444333,0.000619808902780827,0.000619808902780827,7.43659934598382e-05,-0.00322924578993676,-0.000576993024164942,0.000619808902780827,-0.000249444457691552,0.00015361184804965,-0.00322924578993676,0.000396775261421419,0.000889908084540772,0.00582784480773378,-0.00322924578993676,-0.000576993024164942,0.0212732052238284,-0.000156765120352358,-0.000313996970514144,0,-0.000192688986912371,-0.000313996970514144,-0.000313996970514144,-0.000249444457691552,-0.000576993024164942,-0.00322924578993676,-0.000607521027260686,-0.000156765120352358,0,-0.00322924578993676
"D209850",0,6.69639973776908e-05,0.00081616219468508,0.00015885925697028,0.00015885925697028,0.000215685080321263,0.00072697544134753,0.000435446867669612,0.000144131751371411,0.000583902196369379,-8.81205591157574e-06,0.000281460063765249,8.34545040673312e-05,0.000204034974323675,0.000159100279119532,0.00107066294154624,0.000196768605944649,5.41964578696513e-05,0.000456759637534349,0,1.04721260138478e-05,1.04721260138478e-05,0,0.000347845712357884,0.000347845712357884,0.000504058115327915,0.0001685412923823,0,0.000260076891127338,0,3.5352784555165e-05,3.5352784555165e-05,0.000100357159797449,0.0006120125545808,0.00073188866803732,0,0.000504058115327915,0,0.000245287277404371,0.000245287277404371,7.18411467835242e-05,0,-0.000145117220062293,0,0,0.00062775695213139,0,-0.000156765120352358,0.0316512590895307,0,8.66922970424461e-05,0.000263350788866555,0.000204034974323675,0.000786310794867025,0,0.000711976111634983,0.000186523435016808,8.5053303377555e-05,0.000104633092714012,1.04721260138478e-05,0.000100357159797449,0.000204034974323675,0,-0.000156765120352358,0.000204034974323675,0.000204034974323675,0.000148460731513435,7.18411467835242e-05,0.00028342020104023,0.000204034974323675,0.000347845712357884,0.000204034974323675,0.000204034974323675,0,0.00015885925697028,0.000245287277404371,0.000204034974323675,0.000141710100520115,0,0.00015885925697028,0,0.0006120125545808,0.000200355205744095,0.00015885925697028,0.000245287277404371,0.000193630794391492,0.0316512590895307,0.000100357159797449,0,0.00014659551999471,0.000100357159797449,0.000100357159797449,0.000141710100520115,0.000245287277404371,0.00015885925697028,0.000504058115327915,0.0316512590895307,0,0.00015885925697028
"D210050",0,0,0,0,0,0,0,0,0,0,0,0,0,0,0,0,0,0,0,0,0,0,0,0,0,0,0,0,0,0,0,0,0,0,0,0,0,0,0,0,0,0,0,0,0,0,0,0,0,0.00125542692695785,0,0,0,0,0,0,0,0,0,0,0,0,0,0,0,0,0,0,0.000580802485139215,0,0,0,0,0,0,0,0,0,0,0,0,0,0,0,0,0,0,0,0,0,0,0,0,0,0,0,0,0,0
"D211980",0,-2.96103736006804e-05,0.000213313330619737,-0.000411503021466924,-0.000411503021466924,0.000119110709342892,0.000176622643617014,2.2955667112003e-05,0.000975776687527616,0.000197604712455894,0.000535429427246632,0.000184885692786878,-0.000109694237889411,0.000107460603345304,-0.000130622833815582,-2.52954270806764e-05,0.000100194234966277,-0.000138952284087091,3.36120520443713e-05,0,2.41823015598171e-05,2.41823015598171e-05,0,0.000154696970401142,0.000154696970401142,0.000214335002392801,-0.000110497120531653,0,-0.00013464305652978,0,0.000283233790950572,0.000283233790950572,3.78278881907736e-06,0.000111238510567597,-8.24433170599508e-06,0,0.000214335002392801,0,-7.21241280206178e-05,-7.21241280206178e-05,0.000150158392631291,0,-0.000667777152167012,0,0.000623013452728338,0.000119110709342892,0,-0.000432301878721428,8.66922970424461e-05,0,0.0541812011064538,0.000529939627265231,0.000107460603345304,0.000198387630710709,0.000623013452728338,0.000161220289094689,0.000736745742335502,-0.000251325448362969,-0.000298917065574778,2.41823015598171e-05,3.78278881907736e-06,0.000107460603345304,0,-0.000432301878721428,0.000107460603345304,0.000107460603345304,-0.000120537400966086,0.000150158392631291,9.02714590834875e-05,0.000107460603345304,0.000154696970401142,0.000107460603345304,0.000107460603345304,0,-0.000411503021466924,-7.21241280206178e-05,0.000107460603345304,4.51357295417437e-05,0.000163886735453742,-0.000411503021466924,0,0.000111238510567597,0.000103780834765723,-0.000411503021466924,-7.21241280206178e-05,4.82052434749853e-07,8.66922970424461e-05,3.78278881907736e-06,0,5.00211490163392e-05,3.78278881907736e-06,3.78278881907736e-06,4.51357295417437e-05,-7.21241280206178e-05,-0.000411503021466924,0.000214335002392801,8.66922970424461e-05,0,-0.000411503021466924
"D219700",0,0.000147048118223428,0.000389971822443846,0.000118472454005402,0.000118472454005402,0.000295769201167001,0.000166776417888184,0.000199614158936112,0.000224215872217149,2.96728784492183e-05,-2.25153028544824e-05,0.000361544184610987,0.000537752481625104,0.000284119095169413,-2.25153028544824e-05,0.000151363064743432,0.000276852726790386,0.000493865412328584,0.00021027054386848,0,9.05562468595852e-05,9.05562468595852e-05,0,0.000155813581280248,0.000155813581280248,9.24706425483121e-05,6.61613712924553e-05,0,1.11435678147865e-05,0,0.000115436905400902,0.000115436905400902,0.000180441280643186,0.000287897002391705,0.000168414160118114,0,9.24706425483121e-05,0,0.000405455519095846,0.000405455519095846,0.000232009388474999,0,-0.000236234455407965,0,0,0.000295769201167001,0,0.000274332088575006,0.000263350788866555,0,0.000529939627265231,0.0199857729583768,0.000284119095169413,0.000375046122534818,0.000976330436376555,0.000337878780918797,0.000266607555862546,-4.71976281018079e-05,-5.7587738356836e-05,9.05562468595852e-05,0.000180441280643186,0.000284119095169413,0,0.000274332088575006,0.000284119095169413,0.000284119095169413,5.61210908580231e-05,0.000232009388474999,0.00012360082562142,0.000284119095169413,0.000155813581280248,0.000284119095169413,0.000284119095169413,0,0.000118472454005402,0.000405455519095846,0.000284119095169413,0.000221794221365852,0.00051720371910196,0.000118472454005402,0,0.000287897002391705,0.000280439326589832,0.000118472454005402,0.000405455519095846,7.87061222970516e-05,0.000263350788866555,0.000180441280643186,0,0.000226679640840448,0.000180441280643186,0.000180441280643186,0.000221794221365852,0.000405455519095846,0.000118472454005402,9.24706425483121e-05,0.000263350788866555,0,0.000118472454005402
"D222100",0,8.7732303680549e-05,0.000330656007900966,-0.000154528901740087,-0.000154528901740087,0.000236453386624121,0.0032163263246288,0.00184148174352311,0.000526186906837403,-2.9642936093661e-05,0.000458222696366009,0.000302228370068107,-3.56978374079082e-05,0.0281243739441033,0.00135682816821524,0.00038048129188997,0.000631460615983877,-5.03268605067482e-05,0.000150954729325601,0,3.12404323167059e-05,3.12404323167059e-05,0,0.0003893823249636,0.0003893823249636,0.00026269644749973,6.84555674957604e-06,0,0.000322381810035913,0,5.61210908580231e-05,5.61210908580231e-05,0.000121125466100307,0.000653549167186516,0.000109098345575234,0,0.00026269644749973,0,0.000286823890010087,0.000286823890010087,0.000619529101756209,0,-0.000238142168399519,0,0,0.000669293564737107,0,0.000619808902780827,0.000204034974323675,0,0.000107460603345304,0.000284119095169413,0.0281243739441033,0.000315730307991939,0.000330656007900966,0.00130258744934794,0.000207291741319666,0.00150453395670887,0.000625524433736664,3.12404323167059e-05,0.000121125466100307,0.0281243739441033,0,0.000619808902780827,0.0281243739441033,0.0281243739441033,0.000457314379165623,0.000619529101756209,0.000324956813645946,0.0281243739441033,0.0003893823249636,0.0281243739441033,0.0281243739441033,0,-0.000154528901740087,0.000286823890010087,0.0281243739441033,0.000162478406822973,0,-0.000154528901740087,0,0.000653549167186516,0.00063863381558277,-0.000154528901740087,0.000286823890010087,0.00206537814427598,0.000204034974323675,0.000121125466100307,0,0.000167363826297569,0.000121125466100307,0.000121125466100307,0.000162478406822973,0.000286823890010087,-0.000154528901740087,0.00026269644749973,0.000204034974323675,0,-0.000154528901740087
"D226150",0,0.000178659331045954,0.000421583035266372,2.73251529907229e-05,2.73251529907229e-05,0.000327380413989526,0.000593162052910283,0.000231225371758637,0.000255827085039674,0.000318954974032352,0.000214578611424951,0.000393155397433513,5.52291899574969e-05,0.000315730307991939,0.000494186280124321,0.00056233534662078,0.000308463939612912,4.06001668586569e-05,0.000241881756691006,0,0.000122167459682111,0.000122167459682111,0,0.000187424794102773,0.000187424794102773,0.00044455050223054,9.77725841149812e-05,0,0.000281896352763489,0,0.000147048118223428,0.000147048118223428,0.000212052493465712,0.000319508215214231,0.000596437537370143,0,0.00044455050223054,0,0.000136145576626017,0.000136145576626017,4.94225113155934e-05,0,-8.71996816574744e-05,0,0,0.000327380413989526,0,0.000178320880652431,0.000786310794867025,0,0.000198387630710709,0.000375046122534818,0.000315730307991939,0.016620842623152,0,0.00093536677897151,0.000298218768685071,-1.55864152792821e-05,5.63468728821559e-06,0.000122167459682111,0.000212052493465712,0.000315730307991939,0,0.000178320880652431,0.000315730307991939,0.000315730307991939,0.000371851398849962,4.94225113155934e-05,0.000506810868376756,0.000315730307991939,0.000187424794102773,0.000315730307991939,0.000315730307991939,0,2.73251529907229e-05,0.000136145576626017,0.000315730307991939,0.000253405434188378,0,2.73251529907229e-05,0,0.000319508215214231,0.000312050539412358,2.73251529907229e-05,0.000136145576626017,0.000797850555578923,0.000786310794867025,0.000212052493465712,0,0.000258290853662974,0.000212052493465712,0.000212052493465712,0.000253405434188378,0.000136145576626017,2.73251529907229e-05,0.00044455050223054,0.000786310794867025,0,2.73251529907229e-05
"D236000",0,0,0,0.000258083192200063,0.000258083192200063,0,0,0,0.000270752784948702,7.62097911807718e-05,2.4021609877071e-05,0,0.000336696571221913,0.000330656007900966,0,0,0,0.000307438525024233,0,0.00133699502790875,0.000137093159591139,0.000137093159591139,0,0,0,0,0,0.000617969826755235,0,0,0,0,0,0,0,0,0,0,0.000151071276535044,0.000151071276535044,6.4348211224621e-05,0,-0.000169773710716861,0,0,0,0,0.00103535633522562,0,0,0.000623013452728338,0.000976330436376555,0.000330656007900966,0,0.0152274209591993,0,0,0.000195065360748355,-8.04503521912965e-05,0.000137093159591139,0,0.000330656007900966,0,0.00103535633522562,0.000330656007900966,0.000330656007900966,0,6.4348211224621e-05,0,0.000330656007900966,0,0.000330656007900966,0.000330656007900966,0,0.000258083192200063,0.000151071276535044,0.000330656007900966,0.000268331134097406,0.000610277544565067,0.000258083192200063,0.000617969826755235,0,0.00144782726818435,0.000258083192200063,0.000151071276535044,0.000842627655306006,0,0,0,0,0,0,0.000268331134097406,0.000151071276535044,0.000258083192200063,0,0,0,0.000258083192200063
"D254200",0,0.000141491989429933,0.000384415693650351,0.000531499217231492,0.000531499217231492,0.000290213072373506,0.000950559417504257,0.000194058030142617,0.000218659743423654,0.00024462029080031,0.000673261439363546,0.000355988055817492,0.000232510488171816,0.00130258744934794,0.000140243928192909,0.00186902470130664,0.000738979987482646,0.000203252441974136,0.000605815621638834,0,0.000366387027621044,0.000366387027621044,0,0.000496901696462369,0.000496901696462369,0.000727642091484642,6.06052424989603e-05,0,0.000207561669531447,0,0.000109880776607407,0.000109880776607407,0.000174885151849691,0.0019149106603483,0.000522102854138101,0,0.000727642091484642,0,0.000394343261508856,0.000394343261508856,1.22551696995725e-05,0,3.06562603474022e-05,0,0,0.000290213072373506,0,0.0022696678382515,0.000711976111634983,0,0.000161220289094689,0.000337878780918797,0.00130258744934794,0.00093536677897151,0,0.020640744528081,0.000261051427069051,0.000574532138374244,0.00129629434813561,0.000366387027621044,0.000174885151849691,0.00130258744934794,0,0.0022696678382515,0.00130258744934794,0.00130258744934794,0.00029751671561792,1.22551696995725e-05,0.000432476185144715,0.00130258744934794,0.000496901696462369,0.00130258744934794,0.00130258744934794,0.000540048543723748,0.000531499217231492,0.000394343261508856,0.00130258744934794,0.000628862976633579,0.00093145555525935,0.000531499217231492,0,0.0019149106603483,0.000274883197796337,0.000531499217231492,0.000394343261508856,0.00196185743592831,0.000711976111634983,0.000174885151849691,0,0.000221123512046953,0.000174885151849691,0.000174885151849691,0.000628862976633579,0.000394343261508856,0.000531499217231492,0.000727642091484642,0.000711976111634983,0,0.000531499217231492
"D254500",0,7.02207643736816e-05,0.000313144468594099,-0.000189551980353822,-0.000189551980353822,0.000218941847317254,8.99490640384369e-05,0.000122786805086365,0.00137510123942506,-4.71544754005284e-05,0.000388176539138539,0.00028471683076124,-5.32093767147756e-05,0.000207291741319666,0.000168870580107504,0.000345458213276235,0.000596437537370143,-6.78383998136156e-05,0.000133443190018733,0,0.000223844577508541,0.000223844577508541,0,7.89862274305009e-05,7.89862274305009e-05,1.56432886985655e-05,-1.06659825572913e-05,0,-6.56837860349602e-05,0,0.00133303777931273,0.00133303777931273,0.000103613926793439,0.000211069648541959,9.15868062683669e-05,0,1.56432886985655e-05,0,0.000251800811396352,0.000251800811396352,7.83546807755057e-05,0,-0.000412515381674292,0,0.000822675728677062,0.000218941847317254,0,-0.000204631123194859,0.000186523435016808,0,0.000736745742335502,0.000266607555862546,0.000207291741319666,0.000298218768685071,0,0.000261051427069051,0.031071953272869,9.48236043655272e-05,0.00122376781283225,0.000223844577508541,0.000103613926793439,0.000207291741319666,0,-0.000204631123194859,0.000207291741319666,0.000207291741319666,-2.07062629917235e-05,7.83546807755057e-05,4.67734717716738e-05,0.000207291741319666,7.89862274305009e-05,0.000207291741319666,0.000207291741319666,0,-0.000189551980353822,0.000251800811396352,0.000207291741319666,0.000144966867516106,0,-0.000189551980353822,0,0.000211069648541959,0.000203611972740085,-0.000189551980353822,0.000251800811396352,1.87876844730494e-06,0.000186523435016808,0.000103613926793439,0,0.000149852286990701,0.000103613926793439,0.000103613926793439,0.000144966867516106,0.000251800811396352,-0.000189551980353822,1.56432886985655e-05,0.000186523435016808,0,-0.000189551980353822
"D260480",0,-0.000263854708551825,0.000195065360748355,-0.00184715573251365,-0.00184715573251365,-9.48633366470995e-05,0.0110753167231102,0.000592517337850849,-3.23514465706635e-05,-0.000597071625557404,-0.000550070248944571,-2.90883532031134e-05,-0.000639455934757135,0.00150453395670887,7.54411483002413e-05,0.00541816338880279,-3.11728305585643e-05,-0.000696507172357385,-7.41874316166697e-05,0.00013313466766429,-0.000403765790420166,-0.000403765790420166,0,-0.000237558319381367,-0.000237558319381367,-0.000266013896687754,-0.000506514949344743,0.000180800376209582,-0.000679270262128142,0,-0.00023598814050904,-0.00023598814050904,-0.000210191257170914,0.000906544262372604,-0.000103326344828491,0,-0.000266013896687754,0,-0.000358845530086981,-0.000358845530086981,-0.00024961917310526,0.000114218193287676,-0.00371924140584545,0,-6.6071537025447e-07,-9.48633366470995e-05,0,0.00452634030767228,8.5053303377555e-05,0,-0.000251325448362969,-4.71976281018079e-05,0.00150453395670887,-1.55864152792821e-05,0.000195065360748355,0.000574532138374244,9.48236043655272e-05,0.161066561925263,0.0332482133681429,-0.000403765790420166,-0.000210191257170914,0.00150453395670887,0,0.00452634030767228,0.00150453395670887,0.00150453395670887,-0.000532567213223436,-0.00024961917310526,-0.000334196586357848,0.00150453395670887,-0.000237558319381367,0.00150453395670887,0.00150453395670887,0,-0.00184715573251365,-0.000358845530086981,0.00150453395670887,-0.000141289841407632,-0.000223773671802466,-0.00184715573251365,0.000180800376209582,0.000906544262372604,0.00180965240030273,-0.00184715573251365,-0.000358845530086981,0.00304192235759583,8.5053303377555e-05,-0.000210191257170914,0,-0.000163952896973652,-0.000210191257170914,-0.000210191257170914,-0.000141289841407632,-0.000358845530086981,-0.00184715573251365,-0.000266013896687754,8.5053303377555e-05,0,-0.00184715573251365
"D266600",0,-0.00041728686356331,0.00592215738659873,-0.00297789937347875,-0.00297789937347875,-0.000174652973468142,0.0102271123997486,0.000553833843567912,-0.00027172035703379,-0.00100607720868306,-0.00112133206777342,-0.000108877990024155,-0.001217792082135,0.000625524433736664,-0.00112133206777342,0.00342342246827674,0.000361540787838437,-0.00135150768406995,-0.000160768132276363,5.33450308432482e-05,-0.00067269923310648,-0.00067269923310648,0.000461630695910995,-0.000433052945217524,-0.000433052945217524,-0.000600172487460324,-0.000881313995156486,0,-0.000697876220402039,0,0.000264205751136229,0.000264205751136229,-0.000403044131755678,0.00065196978429271,-0.000422484892112659,0,-0.000600172487460324,0,-0.000166418031232684,-0.000166418031232684,-0.00116027774811302,3.44285564666336e-05,-0.00644689103212435,0,-8.04503521912965e-05,-0.000174652973468142,0.00033235345551664,0.00502689799279892,0.000104633092714012,0,-0.000298917065574778,-5.7587738356836e-05,0.000625524433736664,5.63468728821559e-06,-8.04503521912965e-05,0.00129629434813561,0.00122376781283225,0.0332482133681429,0.227674050640351,-0.00067269923310648,-0.000403044131755678,0.000625524433736664,0,0.00502689799279892,0.000625524433736664,0.000625524433736664,-0.000566215652464081,-0.00116027774811302,-0.00059411672351166,0.000625524433736664,-0.000433052945217524,0.000625524433736664,0.000625524433736664,0,-0.00297789937347875,-0.000166418031232684,0.000625524433736664,-0.000300869115049716,-0.000454507677358922,-0.00297789937347875,0,0.00065196978429271,0.00257423964778125,-0.00297789937347875,-0.000166418031232684,0.00341913447859366,0.000104633092714012,-0.000403044131755678,0,-0.000291098276100525,-0.000403044131755678,-0.000403044131755678,-0.000300869115049716,-0.000166418031232684,-0.00297789937347875,-0.000600172487460324,0.000104633092714012,0,-0.00297789937347875
"D267740",0.000546552255482365,-1.52742977696935e-05,0.000137093159591139,-0.000519794952997583,-0.000519794952997583,4.28905383142937e-05,-8.61022449645234e-05,8.98577836556733e-05,-2.86627906355583e-05,-0.000250024777318113,-0.000359283346901377,0.00010866552175828,-6.31340703173059e-06,3.12404323167059e-05,-0.000236979806978998,-0.000101515598109275,0.000244334919364222,-7.94585225259306e-05,-4.26081189842271e-05,0,0.0814362860668724,0.0814362860668724,0,2.25662834394515e-06,2.25662834394515e-06,-0.000124429249119926,0.000402653725545464,0.000318554251170975,-0.00025830673489357,0,-0.000137441757451805,-0.000137441757451805,0.000249586403591628,3.50183395389982e-05,2.74577860196772e-05,0,-0.000124429249119926,0,-0.000148344299049216,-0.000148344299049216,-0.000238303542858727,0,-0.000795747190791902,0,0,0.000282167868117451,0.000172695146881251,-0.000380682432197819,1.04721260138478e-05,0,2.41823015598171e-05,9.05562468595852e-05,3.12404323167059e-05,0.000122167459682111,0.000137093159591139,0.000366387027621044,0.000223844577508541,-0.000403765790420166,-0.00067269923310648,0.0814362860668724,0.000249586403591628,3.12404323167059e-05,0,-0.000380682432197819,3.12404323167059e-05,3.12404323167059e-05,0.00015620216158353,-0.000238303542858727,-0.000129277837231287,3.12404323167059e-05,2.25662834394515e-06,3.12404323167059e-05,3.12404323167059e-05,0,-0.000519794952997583,-0.000148344299049216,3.12404323167059e-05,0.0322465830734595,-9.24701990461591e-05,-0.000519794952997583,0.000318554251170975,3.50183395389982e-05,2.75606637371252e-05,-0.000519794952997583,-0.000148344299049216,-0.000151958289622447,1.04721260138478e-05,0.000249586403591628,0,0.000143988747464346,0.000249586403591628,0.000249586403591628,0.0322465830734595,-0.000148344299049216,-0.000519794952997583,-0.000124429249119926,1.04721260138478e-05,0,-0.000519794952997583
"D300125",0,0.000721765122572744,0.000226978193374739,-0.000361884530792541,-0.000361884530792541,0.000132775572097894,3.78278881907736e-06,0.000269627851222875,0.000318831277784949,-7.02547097509119e-05,0.000212445361939006,0.000198550555541881,-8.23645123794063e-05,0.000121125466100307,-8.96282455505748e-05,-1.16305643256739e-05,0.00011385909772128,-0.000111622558577086,0.000290940621087611,0,0.000249586403591628,0.000249586403591628,0,0.000445358406853615,0.000445358406853615,0.000255329590657809,2.72227593556221e-06,0,-0.000107313331019775,0,0.00032422837921558,0.00032422837921558,0.0502785458520113,0.000124903373322599,5.42053104900736e-06,0,0.000255329590657809,0,-5.84592652656153e-05,-5.84592652656153e-05,3.13515584920752e-05,0,-0.000612346971336538,0,0,0.000461937935684653,0.000262580180664852,-0.000313996970514144,0.000100357159797449,0,3.78278881907736e-06,0.000180441280643186,0.000121125466100307,0.000212052493465712,0,0.000174885151849691,0.000103613926793439,-0.000210191257170914,-0.000403044131755678,0.000249586403591628,0.0502785458520113,0.000121125466100307,0,-0.000313996970514144,0.000121125466100307,0.000121125466100307,0.000605627330501533,3.13515584920752e-05,-3.93928034476858e-05,0.000121125466100307,0.000445358406853615,0.000121125466100307,0.000121125466100307,0,-0.000361884530792541,-5.84592652656153e-05,0.000121125466100307,5.88005922967462e-05,0,-0.000361884530792541,0,0.000124903373322599,0.000117445697520726,-0.000361884530792541,-5.84592652656153e-05,2.78117779447547e-05,0.000100357159797449,0.0502785458520113,0,0.03627692548816,0.0502785458520113,0.0502785458520113,5.88005922967462e-05,-5.84592652656153e-05,-0.000361884530792541,0.000255329590657809,0.000100357159797449,0,-0.000361884530792541
"D600319",0,8.7732303680549e-05,0.000330656007900966,-0.000154528901740087,-0.000154528901740087,0.000236453386624121,0.0032163263246288,0.00184148174352311,0.000526186906837403,-2.9642936093661e-05,0.000458222696366009,0.000302228370068107,-3.56978374079082e-05,0.0281243739441033,0.00135682816821524,0.00038048129188997,0.000631460615983877,-5.03268605067482e-05,0.000150954729325601,0,3.12404323167059e-05,3.12404323167059e-05,0,0.0003893823249636,0.0003893823249636,0.00026269644749973,6.84555674957604e-06,0,0.000322381810035913,0,5.61210908580231e-05,5.61210908580231e-05,0.000121125466100307,0.000653549167186516,0.000109098345575234,0,0.00026269644749973,0,0.000286823890010087,0.000286823890010087,0.000619529101756209,0,-0.000238142168399519,0,0,0.000669293564737107,0,0.000619808902780827,0.000204034974323675,0,0.000107460603345304,0.000284119095169413,0.0281243739441033,0.000315730307991939,0.000330656007900966,0.00130258744934794,0.000207291741319666,0.00150453395670887,0.000625524433736664,3.12404323167059e-05,0.000121125466100307,0.0281243739441033,0,0.000619808902780827,0.0281243739441033,0.0281243739441033,0.000457314379165623,0.000619529101756209,0.000324956813645946,0.0281243739441033,0.0003893823249636,0.0281243739441033,0.0281243739441033,0,-0.000154528901740087,0.000286823890010087,0.0281243739441033,0.000162478406822973,0,-0.000154528901740087,0,0.000653549167186516,0.00063863381558277,-0.000154528901740087,0.000286823890010087,0.00206537814427598,0.000204034974323675,0.000121125466100307,0,0.000167363826297569,0.000121125466100307,0.000121125466100307,0.000162478406822973,0.000286823890010087,-0.000154528901740087,0.00026269644749973,0.000204034974323675,0,-0.000154528901740087
"D600803",0,0,0,0,0,0,0,0,0.00137036605373575,0,0,0,0,0,0,0,0,0,0,0,0,0,0,0,0,0,0,0,0,0,0,0,0,0,0,0,0,0,0,0,0,0,0.000141491989429933,0,0,0,0,0,0,0,0,0,0,0,0,0,0,0,0,0,0,0,0.00231446706242684,0,0,0,0,0,0,0,0,0,0,0,0,0,0,0,0,0,0,0,0,0,0,0,0,0,0,0,0,0,0,0,0,0,0,0,0
"D600807",0,-0.000236882988805443,-8.12668566135589e-05,-0.00322924578993676,-0.00322924578993676,-0.000175469477890404,0.00438577980437619,0.00035677062022951,-0.000274169870300577,-0.000343620096158652,-0.000485237614613479,-0.000109694494446418,-0.00121429301866612,0.000619808902780827,-0.00138738372223267,0.00233983992093823,0.000356641761304863,-0.00134812025745783,-0.000325549478888985,0.000624484129483149,-0.000380682432197819,-0.000380682432197819,0.000131805447788803,-0.00027832969444333,-0.00027832969444333,-0.000607521027260686,-0.000748333373074656,0.000396775261421419,-0.00120733203698107,0,-0.000400824661587373,-0.000400824661587373,-0.000313996970514144,0.000889908084540772,-0.000425750909801708,0,-0.000607521027260686,0,-0.000576993024164942,-0.000576993024164942,-0.000580851695281666,3.36120520443713e-05,-0.00633905303864764,0,-8.12668566135589e-05,8.36692543938402e-05,0.0012489682589663,0.228421798537256,-0.000156765120352358,0,-0.000432301878721428,0.000274332088575006,0.000619808902780827,0.000178320880652431,0.00103535633522562,0.0022696678382515,-0.000204631123194859,0.00452634030767228,0.00502689799279892,-0.000380682432197819,-0.000313996970514144,0.000619808902780827,0,0.228421798537256,0.000619808902780827,0.000619808902780827,-0.000964299207728684,-0.000580851695281666,-0.000214464533801624,0.000619808902780827,-0.00027832969444333,0.000619808902780827,0.000619808902780827,7.43659934598382e-05,-0.00322924578993676,-0.000576993024164942,0.000619808902780827,-0.000249444457691552,0.00015361184804965,-0.00322924578993676,0.000396775261421419,0.000889908084540772,0.00582784480773378,-0.00322924578993676,-0.000576993024164942,0.0212732052238284,-0.000156765120352358,-0.000313996970514144,0,-0.000192688986912371,-0.000313996970514144,-0.000313996970514144,-0.000249444457691552,-0.000576993024164942,-0.00322924578993676,-0.000607521027260686,-0.000156765120352358,0,-0.00322924578993676
"D601208",0,8.7732303680549e-05,0.000330656007900966,-0.000154528901740087,-0.000154528901740087,0.000236453386624121,0.0032163263246288,0.00184148174352311,0.000526186906837403,-2.9642936093661e-05,0.000458222696366009,0.000302228370068107,-3.56978374079082e-05,0.0281243739441033,0.00135682816821524,0.00038048129188997,0.000631460615983877,-5.03268605067482e-05,0.000150954729325601,0,3.12404323167059e-05,3.12404323167059e-05,0,0.0003893823249636,0.0003893823249636,0.00026269644749973,6.84555674957604e-06,0,0.000322381810035913,0,5.61210908580231e-05,5.61210908580231e-05,0.000121125466100307,0.000653549167186516,0.000109098345575234,0,0.00026269644749973,0,0.000286823890010087,0.000286823890010087,0.000619529101756209,0,-0.000238142168399519,0,0,0.000669293564737107,0,0.000619808902780827,0.000204034974323675,0,0.000107460603345304,0.000284119095169413,0.0281243739441033,0.000315730307991939,0.000330656007900966,0.00130258744934794,0.000207291741319666,0.00150453395670887,0.000625524433736664,3.12404323167059e-05,0.000121125466100307,0.0281243739441033,0,0.000619808902780827,0.0281243739441033,0.0281243739441033,0.000457314379165623,0.000619529101756209,0.000324956813645946,0.0281243739441033,0.0003893823249636,0.0281243739441033,0.0281243739441033,0,-0.000154528901740087,0.000286823890010087,0.0281243739441033,0.000162478406822973,0,-0.000154528901740087,0,0.000653549167186516,0.00063863381558277,-0.000154528901740087,0.000286823890010087,0.00206537814427598,0.000204034974323675,0.000121125466100307,0,0.000167363826297569,0.000121125466100307,0.000121125466100307,0.000162478406822973,0.000286823890010087,-0.000154528901740087,0.00026269644749973,0.000204034974323675,0,-0.000154528901740087
"D601318",0,8.7732303680549e-05,0.000330656007900966,-0.000154528901740087,-0.000154528901740087,0.000236453386624121,0.0032163263246288,0.00184148174352311,0.000526186906837403,-2.9642936093661e-05,0.000458222696366009,0.000302228370068107,-3.56978374079082e-05,0.0281243739441033,0.00135682816821524,0.00038048129188997,0.000631460615983877,-5.03268605067482e-05,0.000150954729325601,0,3.12404323167059e-05,3.12404323167059e-05,0,0.0003893823249636,0.0003893823249636,0.00026269644749973,6.84555674957604e-06,0,0.000322381810035913,0,5.61210908580231e-05,5.61210908580231e-05,0.000121125466100307,0.000653549167186516,0.000109098345575234,0,0.00026269644749973,0,0.000286823890010087,0.000286823890010087,0.000619529101756209,0,-0.000238142168399519,0,0,0.000669293564737107,0,0.000619808902780827,0.000204034974323675,0,0.000107460603345304,0.000284119095169413,0.0281243739441033,0.000315730307991939,0.000330656007900966,0.00130258744934794,0.000207291741319666,0.00150453395670887,0.000625524433736664,3.12404323167059e-05,0.000121125466100307,0.0281243739441033,0,0.000619808902780827,0.0281243739441033,0.0281243739441033,0.000457314379165623,0.000619529101756209,0.000324956813645946,0.0281243739441033,0.0003893823249636,0.0281243739441033,0.0281243739441033,0,-0.000154528901740087,0.000286823890010087,0.0281243739441033,0.000162478406822973,0,-0.000154528901740087,0,0.000653549167186516,0.00063863381558277,-0.000154528901740087,0.000286823890010087,0.00206537814427598,0.000204034974323675,0.000121125466100307,0,0.000167363826297569,0.000121125466100307,0.000121125466100307,0.000162478406822973,0.000286823890010087,-0.000154528901740087,0.00026269644749973,0.000204034974323675,0,-0.000154528901740087
"D601367",0,0.000947786085580883,0.000774872560988921,-0.00041438239254653,-0.00041438239254653,8.45538231273159e-06,0.000105286347321935,0.000434748526282826,-6.30979466371205e-05,0.000126159407161413,0.000163622783470702,7.42303657567177e-05,-0.000269236200921736,0.000457314379165623,0.000163622783470702,-7.55147167328096e-05,-1.0461092063883e-05,-0.000327752293317096,0.000235768725262824,0,0.00015620216158353,0.00015620216158353,0.000827847407472741,0.000733956049462845,0.000733956049462845,0.00056574375585507,3.42277837478802e-05,0,0.00386431414057985,0,0.000280605454290116,0.000280605454290116,0.000605627330501533,5.83183537436111e-07,-4.14125259834471e-05,0,0.00056574375585507,0,-0.000182779455050778,-0.000182779455050778,-9.4057647260235e-05,0,-0.00144622958872917,0,0.000102658003589577,8.45538231273159e-06,0,-0.000964299207728684,0.000148460731513435,0,-0.000120537400966086,5.61210908580231e-05,0.000457314379165623,0.000371851398849962,0,0.00029751671561792,-2.07062629917235e-05,-0.000532567213223436,-0.000566215652464081,0.00015620216158353,0.000605627330501533,0.000457314379165623,0,-0.000964299207728684,0.000457314379165623,0.000457314379165623,0.0973022489013525,-9.4057647260235e-05,0.000130695193024061,0.000457314379165623,0.000733956049462845,0.000457314379165623,0.000457314379165623,0,-0.00041438239254653,-0.000182779455050778,0.000457314379165623,0.000270339757754941,0,-0.00041438239254653,0,5.83183537436111e-07,-6.87449226443695e-06,-0.00041438239254653,-0.000182779455050778,9.69515387708615e-05,0.000148460731513435,0.000605627330501533,0,0.000836819131487843,0.000605627330501533,0.000605627330501533,0.000270339757754941,-0.000182779455050778,-0.00041438239254653,0.00056574375585507,0.000148460731513435,0,-0.00041438239254653
"D601518",0,0.000247112556577967,0.000325083213938106,-0.00107695202074272,-0.00107695202074272,0.000136677971384416,-0.000158847193331041,8.88701933708521e-05,0.000632951326546569,0.00204315053618195,0.000360054723383687,3.59205733917621e-05,-0.000289076329598547,0.000619529101756209,0.000360054723383687,8.85049800522864e-05,0.000590463628240101,-0.000286796610284886,0.000324134896552477,0.000198143594259166,-0.000238303542858727,-0.000238303542858727,0,0.000504097295273112,0.000504097295273112,-0.000147064708728194,-0.000252301793751621,0.000245809302804457,-0.000363922785519655,0,0.000261837239997041,0.000261837239997041,3.13515584920752e-05,0.000120933573833825,-0.000118032110713358,0,-0.000147064708728194,0.000417283922376873,0.000196421990412571,0.000196421990412571,0.117978019471846,0.000179227119882551,-0.00237455070424278,0,6.4348211224621e-05,0.000136677971384416,0,-0.000580851695281666,7.18411467835242e-05,0,0.000150158392631291,0.000232009388474999,0.000619529101756209,4.94225113155934e-05,6.4348211224621e-05,1.22551696995725e-05,7.83546807755057e-05,-0.00024961917310526,-0.00116027774811302,-0.000238303542858727,3.13515584920752e-05,0.000619529101756209,0,-0.000580851695281666,0.000619529101756209,0.000619529101756209,-9.4057647260235e-05,0.117978019471846,-0.000207658779706745,0.000619529101756209,0.000504097295273112,0.000619529101756209,0.000619529101756209,0,-0.00107695202074272,0.000196421990412571,0.000619529101756209,-1.12719882178806e-05,-0.00013404350333649,-0.00107695202074272,0.000245809302804457,0.000120933573833825,0.000331345696332014,-0.00107695202074272,0.000196421990412571,0.000201223567541558,7.18411467835242e-05,3.13515584920752e-05,0,0.000170066639083861,3.13515584920752e-05,3.13515584920752e-05,-1.12719882178806e-05,0.000196421990412571,-0.00107695202074272,-0.000147064708728194,7.18411467835242e-05,0,-0.00107695202074272
"D601665",0,5.08148597539769e-05,0.000170137738352974,-0.000422186823140508,-0.000422186823140508,7.59351170761289e-05,9.02714590834875e-05,-2.02199251547602e-05,0.000480043914599022,0.000381990241057053,-7.17569131698223e-05,0.000141710100520115,-0.000196045422422938,0.000324956813645946,0.000838420131104675,5.9444752793985e-05,5.70186426995143e-05,-0.000225303468620617,-9.5635402223919e-06,0,-0.000129277837231287,-0.000129277837231287,0,6.83457858676155e-05,6.83457858676155e-05,-5.83400915962554e-05,-0.000153672712798416,0,-0.000220994241063307,0,-1.24075658910748e-05,-1.24075658910748e-05,-3.93928034476858e-05,6.80629183008334e-05,9.35469435433475e-05,0,-5.83400915962554e-05,0,-0.000115299720287381,-0.000115299720287381,-0.000207658779706745,0,-0.00112336696277823,0,0,7.59351170761289e-05,0,-0.000214464533801624,0.00028342020104023,0.0005795968342442,9.02714590834875e-05,0.00012360082562142,0.000324956813645946,0.000506810868376756,0,0.000432476185144715,4.67734717716738e-05,-0.000334196586357848,-0.00059411672351166,-0.000129277837231287,-3.93928034476858e-05,0.000324956813645946,0,-0.000214464533801624,0.000324956813645946,0.000324956813645946,0.000130695193024061,-0.000207658779706745,0.0683924264408156,0.000324956813645946,6.83457858676155e-05,0.000324956813645946,0.000324956813645946,0,-0.000422186823140508,-0.000115299720287381,0.000324956813645946,1.96013727498059e-06,0,-0.000422186823140508,0,6.80629183008334e-05,6.06052424989603e-05,-0.000422186823140508,-0.000115299720287381,0.000941750257440028,0.00028342020104023,-3.93928034476858e-05,0,6.84555674957604e-06,-3.93928034476858e-05,-3.93928034476858e-05,1.96013727498059e-06,-0.000115299720287381,-0.000422186823140508,-5.83400915962554e-05,0.00028342020104023,0,-0.000422186823140508
"D601666",0,8.7732303680549e-05,0.000330656007900966,-0.000154528901740087,-0.000154528901740087,0.000236453386624121,0.0032163263246288,0.00184148174352311,0.000526186906837403,-2.9642936093661e-05,0.000458222696366009,0.000302228370068107,-3.56978374079082e-05,0.0281243739441033,0.00135682816821524,0.00038048129188997,0.000631460615983877,-5.03268605067482e-05,0.000150954729325601,0,3.12404323167059e-05,3.12404323167059e-05,0,0.0003893823249636,0.0003893823249636,0.00026269644749973,6.84555674957604e-06,0,0.000322381810035913,0,5.61210908580231e-05,5.61210908580231e-05,0.000121125466100307,0.000653549167186516,0.000109098345575234,0,0.00026269644749973,0,0.000286823890010087,0.000286823890010087,0.000619529101756209,0,-0.000238142168399519,0,0,0.000669293564737107,0,0.000619808902780827,0.000204034974323675,0,0.000107460603345304,0.000284119095169413,0.0281243739441033,0.000315730307991939,0.000330656007900966,0.00130258744934794,0.000207291741319666,0.00150453395670887,0.000625524433736664,3.12404323167059e-05,0.000121125466100307,0.0281243739441033,0,0.000619808902780827,0.0281243739441033,0.0281243739441033,0.000457314379165623,0.000619529101756209,0.000324956813645946,0.0281243739441033,0.0003893823249636,0.0281243739441033,0.0281243739441033,0,-0.000154528901740087,0.000286823890010087,0.0281243739441033,0.000162478406822973,0,-0.000154528901740087,0,0.000653549167186516,0.00063863381558277,-0.000154528901740087,0.000286823890010087,0.00206537814427598,0.000204034974323675,0.000121125466100307,0,0.000167363826297569,0.000121125466100307,0.000121125466100307,0.000162478406822973,0.000286823890010087,-0.000154528901740087,0.00026269644749973,0.000204034974323675,0,-0.000154528901740087
"D601682",0,0.000115240371071631,0.000601087779512466,-0.000299622688114872,-0.000299622688114872,0.000412682536958776,-2.08449105438611e-05,0.000502877041732392,3.6594543785104e-05,0.000575266775010016,0.000910161619742403,0.000173922856178942,-2.51115036710296e-05,0.0003893823249636,-5.49993591906525e-05,0.000123870264111639,8.92313983583414e-05,-6.89985729675496e-05,0.000876144027701197,0,2.25662834394515e-06,2.25662834394515e-06,0,0.0575101014508845,0.0575101014508845,0.000952053359604579,0.000102518678801423,0,0.000694301665675962,0,5.20179454265795e-05,5.20179454265795e-05,0.000445358406853615,0.000100275673959661,0.000157972454861002,0,0.000952053359604579,0,0.00021763765633453,0.00021763765633453,0.000504097295273112,0,-0.000874814117177304,0.00187401217364895,0,0.000108147872734956,0,-0.00027832969444333,0.000347845712357884,0,0.000154696970401142,0.000155813581280248,0.0003893823249636,0.000187424794102773,0,0.000496901696462369,7.89862274305009e-05,-0.000237558319381367,-0.000433052945217524,2.25662834394515e-06,0.000445358406853615,0.0003893823249636,0,-0.00027832969444333,0.0003893823249636,0.0003893823249636,0.000733956049462845,0.000504097295273112,6.83457858676155e-05,0.0003893823249636,0.0575101014508845,0.0003893823249636,0.0003893823249636,0,-0.000299622688114872,0.00021763765633453,0.0003893823249636,3.41728929338077e-05,0,-0.000299622688114872,0,0.000100275673959661,9.28179981577875e-05,-0.000299622688114872,0.00021763765633453,0.000595413990881984,0.000347845712357884,0.000445358406853615,0,0.000584073487445401,0.000445358406853615,0.000445358406853615,3.41728929338077e-05,0.00021763765633453,-0.000299622688114872,0.000952053359604579,0.000347845712357884,0,-0.000299622688114872
"D601941",0,8.7732303680549e-05,0.000330656007900966,-0.000154528901740087,-0.000154528901740087,0.000236453386624121,0.0032163263246288,0.00184148174352311,0.000526186906837403,-2.9642936093661e-05,0.000458222696366009,0.000302228370068107,-3.56978374079082e-05,0.0281243739441033,0.00135682816821524,0.00038048129188997,0.000631460615983877,-5.03268605067482e-05,0.000150954729325601,0,3.12404323167059e-05,3.12404323167059e-05,0,0.0003893823249636,0.0003893823249636,0.00026269644749973,6.84555674957604e-06,0,0.000322381810035913,0,5.61210908580231e-05,5.61210908580231e-05,0.000121125466100307,0.000653549167186516,0.000109098345575234,0,0.00026269644749973,0,0.000286823890010087,0.000286823890010087,0.000619529101756209,0,-0.000238142168399519,0,0,0.000669293564737107,0,0.000619808902780827,0.000204034974323675,0,0.000107460603345304,0.000284119095169413,0.0281243739441033,0.000315730307991939,0.000330656007900966,0.00130258744934794,0.000207291741319666,0.00150453395670887,0.000625524433736664,3.12404323167059e-05,0.000121125466100307,0.0281243739441033,0,0.000619808902780827,0.0281243739441033,0.0281243739441033,0.000457314379165623,0.000619529101756209,0.000324956813645946,0.0281243739441033,0.0003893823249636,0.0281243739441033,0.0281243739441033,0,-0.000154528901740087,0.000286823890010087,0.0281243739441033,0.000162478406822973,0,-0.000154528901740087,0,0.000653549167186516,0.00063863381558277,-0.000154528901740087,0.000286823890010087,0.00206537814427598,0.000204034974323675,0.000121125466100307,0,0.000167363826297569,0.000121125466100307,0.000121125466100307,0.000162478406822973,0.000286823890010087,-0.000154528901740087,0.00026269644749973,0.000204034974323675,0,-0.000154528901740087
"D601942",0,8.7732303680549e-05,0.000330656007900966,-0.000154528901740087,-0.000154528901740087,0.000236453386624121,0.0032163263246288,0.00184148174352311,0.000526186906837403,-2.9642936093661e-05,0.000458222696366009,0.000302228370068107,-3.56978374079082e-05,0.0281243739441033,0.00135682816821524,0.00038048129188997,0.000631460615983877,-5.03268605067482e-05,0.000150954729325601,0,3.12404323167059e-05,3.12404323167059e-05,0,0.0003893823249636,0.0003893823249636,0.00026269644749973,6.84555674957604e-06,0,0.000322381810035913,0,5.61210908580231e-05,5.61210908580231e-05,0.000121125466100307,0.000653549167186516,0.000109098345575234,0,0.00026269644749973,0,0.000286823890010087,0.000286823890010087,0.000619529101756209,0,-0.000238142168399519,0,0,0.000669293564737107,0,0.000619808902780827,0.000204034974323675,0,0.000107460603345304,0.000284119095169413,0.0281243739441033,0.000315730307991939,0.000330656007900966,0.00130258744934794,0.000207291741319666,0.00150453395670887,0.000625524433736664,3.12404323167059e-05,0.000121125466100307,0.0281243739441033,0,0.000619808902780827,0.0281243739441033,0.0281243739441033,0.000457314379165623,0.000619529101756209,0.000324956813645946,0.0281243739441033,0.0003893823249636,0.0281243739441033,0.0281243739441033,0,-0.000154528901740087,0.000286823890010087,0.0281243739441033,0.000162478406822973,0,-0.000154528901740087,0,0.000653549167186516,0.00063863381558277,-0.000154528901740087,0.000286823890010087,0.00206537814427598,0.000204034974323675,0.000121125466100307,0,0.000167363826297569,0.000121125466100307,0.000121125466100307,0.000162478406822973,0.000286823890010087,-0.000154528901740087,0.00026269644749973,0.000204034974323675,0,-0.000154528901740087
"D602080",0,0,0,0,0,0,0,0,0,0,0.0005556957113898,0,0,0,0,0,0,0,0,0,0,0,0,0,0,0,0,0,0,0,0,0,0,0,0,0,0,0,0,0,0,0,0,0,0,0,0,7.43659934598382e-05,0,0,0,0,0,0,0,0.000540048543723748,0,0,0,0,0,0,0,7.43659934598382e-05,0,0,0,0,0,0,0,0,0,0.00600960408684013,0,0,0,0,0,0,0,0,0,0,0,0,0,0,0,0,0,0,0,0,0,0,0,0,0
"D602096",0,-0.000352215466455788,5.71765528087782e-05,0.217846398969308,0.217846398969308,-0.000131228689744912,-0.000389214256302546,-0.000254303965435652,-0.000155897112311504,-0.000694098134248252,-0.00155900844582549,-9.80327571729018e-05,0.0452809629415411,-0.000154528901740087,-0.00147692085380376,-0.000401079363645332,-8.12740947603164e-05,0.0429403192457267,-0.000281020643526035,6.41902636945019e-05,-0.000519794952997583,-0.000519794952997583,0,-0.000299622688114872,-0.000299622688114872,-0.000409148991797547,-0.000590944557629582,0.000111855972239793,0.000341087849626485,0,-0.000580710160357982,-0.000580710160357982,-0.000361884530792541,0.000281590324596032,-0.000315823886771926,0,-0.000409148991797547,0,-0.000393991900502433,-0.000393991900502433,-0.00107695202074272,0,-0.00598296344045471,0,-6.96051193400429e-05,-2.45246716304725e-05,0,-0.00322924578993676,0.00015885925697028,0,-0.000411503021466924,0.000118472454005402,-0.000154528901740087,2.73251529907229e-05,0.000258083192200063,0.000531499217231492,-0.000189551980353822,-0.00184715573251365,-0.00297789937347875,-0.000519794952997583,-0.000361884530792541,-0.000154528901740087,0,-0.00322924578993676,-0.000154528901740087,-0.000154528901740087,-0.00041438239254653,-0.00107695202074272,-0.000422186823140508,-0.000154528901740087,-0.000299622688114872,-0.000154528901740087,-0.000154528901740087,0,0.217846398969308,-0.000393991900502433,-0.000154528901740087,9.6261152398757e-05,0.0309267118661577,0.217846398969308,0.000111855972239793,0.000281590324596032,-0.000179137615194056,0.217846398969308,-0.000393991900502433,-0.000690325058028328,0.00015885925697028,-0.000361884530792541,0,-0.000269407810398017,-0.000361884530792541,-0.000361884530792541,9.6261152398757e-05,-0.000393991900502433,0.217846398969308,-0.000409148991797547,0.00015885925697028,0,0.217846398969308
"D602404",0,-9.18524276853731e-05,0.000498529344558953,-0.000393991900502433,-0.000393991900502433,5.68686552581993e-05,5.21385354476283e-05,-3.92863869726897e-05,-1.46846736916527e-05,9.38516842590335e-05,-0.000261415848763284,0.000122643638702185,6.35771776877974e-05,0.000286823890010087,-0.00031734899606966,0.000204286106724084,0.000580755092864945,-9.56793780640257e-06,-2.86300020403214e-05,0,-0.000148344299049216,-0.000148344299049216,0,0.00021763765633453,0.00021763765633453,2.76088401387234e-05,9.45904674900718e-05,0,-0.000125480746420604,0,9.65076286964943e-05,9.65076286964943e-05,-5.84592652656153e-05,0.000613887919668903,-7.04863857906878e-05,0,2.76088401387234e-05,0,0.0756716002775465,0.0756716002775465,0.000196421990412571,0,-0.00128504785699136,0,0,0.000637504515994789,0,-0.000576993024164942,0.000245287277404371,0,-7.21241280206178e-05,0.000405455519095846,0.000286823890010087,0.000136145576626017,0.000151071276535044,0.000394343261508856,0.000251800811396352,-0.000358845530086981,-0.000166418031232684,-0.000148344299049216,-5.84592652656153e-05,0.000286823890010087,0,-0.000576993024164942,0.000286823890010087,0.000286823890010087,-0.000182779455050778,0.000196421990412571,-0.000115299720287381,0.000286823890010087,0.00021763765633453,0.000286823890010087,0.000286823890010087,0,-0.000393991900502433,0.0756716002775465,0.000286823890010087,-1.7106324542949e-05,-7.84920821022535e-05,-0.000393991900502433,0,0.000613887919668903,4.15387806810308e-05,-0.000393991900502433,0.0756716002775465,0.000144769471508457,0.000245287277404371,-5.84592652656153e-05,0,-1.22209050683535e-05,-5.84592652656153e-05,-5.84592652656153e-05,-1.7106324542949e-05,0.0756716002775465,-0.000393991900502433,2.76088401387234e-05,0.000245287277404371,0,-0.000393991900502433
"D603266",0,8.7732303680549e-05,0.000330656007900966,-0.000154528901740087,-0.000154528901740087,0.000236453386624121,0.0032163263246288,0.00184148174352311,0.000526186906837403,-2.9642936093661e-05,0.000458222696366009,0.000302228370068107,-3.56978374079082e-05,0.0281243739441033,0.00135682816821524,0.00038048129188997,0.000631460615983877,-5.03268605067482e-05,0.000150954729325601,0,3.12404323167059e-05,3.12404323167059e-05,0,0.0003893823249636,0.0003893823249636,0.00026269644749973,6.84555674957604e-06,0,0.000322381810035913,0,5.61210908580231e-05,5.61210908580231e-05,0.000121125466100307,0.000653549167186516,0.000109098345575234,0,0.00026269644749973,0,0.000286823890010087,0.000286823890010087,0.000619529101756209,0,-0.000238142168399519,0,0,0.000669293564737107,0,0.000619808902780827,0.000204034974323675,0,0.000107460603345304,0.000284119095169413,0.0281243739441033,0.000315730307991939,0.000330656007900966,0.00130258744934794,0.000207291741319666,0.00150453395670887,0.000625524433736664,3.12404323167059e-05,0.000121125466100307,0.0281243739441033,0,0.000619808902780827,0.0281243739441033,0.0281243739441033,0.000457314379165623,0.000619529101756209,0.000324956813645946,0.0281243739441033,0.0003893823249636,0.0281243739441033,0.0281243739441033,0,-0.000154528901740087,0.000286823890010087,0.0281243739441033,0.000162478406822973,0,-0.000154528901740087,0,0.000653549167186516,0.00063863381558277,-0.000154528901740087,0.000286823890010087,0.00206537814427598,0.000204034974323675,0.000121125466100307,0,0.000167363826297569,0.000121125466100307,0.000121125466100307,0.000162478406822973,0.000286823890010087,-0.000154528901740087,0.00026269644749973,0.000204034974323675,0,-0.000154528901740087
"D604827",0,2.54074298769884e-05,0.000268331134097406,9.6261152398757e-05,9.6261152398757e-05,0.000174128512820561,4.51357295417437e-05,7.79734705896718e-05,0.000102575183870709,-9.19678098972215e-05,-0.000144155991200922,0.000239903496264547,0.000393456321109581,0.000162478406822973,3.44305766174244e-05,2.97223763969925e-05,0.000155212038443946,0.000334940228714221,8.86298555220401e-05,0,0.0364602197785589,0.0364602197785589,0,3.41728929338077e-05,3.41728929338077e-05,-2.91700457981277e-05,8.5428157380895e-05,0.000449792225677242,0.000135407188625231,0,-6.20378294553738e-06,-6.20378294553738e-06,5.88005922967462e-05,0.000166256314045265,4.67734717716738e-05,0,-2.91700457981277e-05,0,-1.7106324542949e-05,-1.7106324542949e-05,-1.12719882178806e-05,0,0.000168819957208882,0,0,0.000544643817129986,0.000303933121387519,-0.000249444457691552,0.000141710100520115,0,4.51357295417437e-05,0.000221794221365852,0.000162478406822973,0.000253405434188378,0.000268331134097406,0.000628862976633579,0.000144966867516106,-0.000141289841407632,-0.000300869115049716,0.0364602197785589,5.88005922967462e-05,0.000162478406822973,0,-0.000249444457691552,0.000162478406822973,0.000162478406822973,0.000270339757754941,-1.12719882178806e-05,1.96013727498059e-06,0.000162478406822973,3.41728929338077e-05,0.000162478406822973,0.000162478406822973,0,9.6261152398757e-05,-1.7106324542949e-05,0.000162478406822973,0.0399896235693293,3.8767775460108e-05,9.6261152398757e-05,0.000449792225677242,0.000166256314045265,0.000158798638243392,9.6261152398757e-05,-1.7106324542949e-05,0.000110517659390088,0.000141710100520115,5.88005922967462e-05,0,0.000105038952494008,5.88005922967462e-05,5.88005922967462e-05,0.0399896235693293,-1.7106324542949e-05,9.6261152398757e-05,-2.91700457981277e-05,0.000141710100520115,0,9.6261152398757e-05
"D605055",0,0,0,0.0329005207995998,0.0329005207995998,0,0,0,0,-0.000110320343424188,-0.00021469670603159,0,0.0033633357842102,0,0,0.00013306002916424,0,0.0031439004377276,0,0,-9.24701990461591e-05,-9.24701990461591e-05,0,0,0,0,0,0,0.00028057563110216,0,0,0,0,0.000406127904460786,0,0,0,0,-7.84920821022535e-05,-7.84920821022535e-05,-0.00013404350333649,0,-0.000856695325213844,0,0,0,0,0.00015361184804965,0,0,0.000163886735453742,0.00051720371910196,0,0,0.000610277544565067,0.00093145555525935,0,-0.000223773671802466,-0.000454507677358922,-9.24701990461591e-05,0,0,0,0.00015361184804965,0,0,0,-0.00013404350333649,0,0,0,0,0,0,0.0329005207995998,-7.84920821022535e-05,0,3.8767775460108e-05,0.0560928069910688,0.0329005207995998,0,0.000406127904460786,0,0.0329005207995998,-7.84920821022535e-05,-0.000104320323608693,0,0,0,0,0,0,3.8767775460108e-05,-7.84920821022535e-05,0.0329005207995998,0,0,0,0.0329005207995998
"D605526",0,-0.000352215466455788,5.71765528087782e-05,0.217846398969308,0.217846398969308,-0.000131228689744912,-0.000389214256302546,-0.000254303965435652,-0.000155897112311504,-0.000694098134248252,-0.00155900844582549,-9.80327571729018e-05,0.0452809629415411,-0.000154528901740087,-0.00147692085380376,-0.000401079363645332,-8.12740947603164e-05,0.0429403192457267,-0.000281020643526035,6.41902636945019e-05,-0.000519794952997583,-0.000519794952997583,0,-0.000299622688114872,-0.000299622688114872,-0.000409148991797547,-0.000590944557629582,0.000111855972239793,0.000341087849626485,0,-0.000580710160357982,-0.000580710160357982,-0.000361884530792541,0.000281590324596032,-0.000315823886771926,0,-0.000409148991797547,0,-0.000393991900502433,-0.000393991900502433,-0.00107695202074272,0,-0.00598296344045471,0,-6.96051193400429e-05,-2.45246716304725e-05,0,-0.00322924578993676,0.00015885925697028,0,-0.000411503021466924,0.000118472454005402,-0.000154528901740087,2.73251529907229e-05,0.000258083192200063,0.000531499217231492,-0.000189551980353822,-0.00184715573251365,-0.00297789937347875,-0.000519794952997583,-0.000361884530792541,-0.000154528901740087,0,-0.00322924578993676,-0.000154528901740087,-0.000154528901740087,-0.00041438239254653,-0.00107695202074272,-0.000422186823140508,-0.000154528901740087,-0.000299622688114872,-0.000154528901740087,-0.000154528901740087,0,0.217846398969308,-0.000393991900502433,-0.000154528901740087,9.6261152398757e-05,0.0309267118661577,0.217846398969308,0.000111855972239793,0.000281590324596032,-0.000179137615194056,0.217846398969308,-0.000393991900502433,-0.000690325058028328,0.00015885925697028,-0.000361884530792541,0,-0.000269407810398017,-0.000361884530792541,-0.000361884530792541,9.6261152398757e-05,-0.000393991900502433,0.217846398969308,-0.000409148991797547,0.00015885925697028,0,0.217846398969308
"D605839",0,0,0,0.000111855972239793,0.000111855972239793,0,0,0,0.00110081454454594,0.000257670882760608,0.000205482701456907,0,0.000251615981446361,0,0,0,0,0.000236986958347521,0,0,0.000318554251170975,0.000318554251170975,0,0,0,0,0,0.00513714461323231,0,0,0,0,0,0,0,0,0,0,0,0,0.000245809302804457,0,1.16873808629755e-05,0,0,0,0,0.000396775261421419,0,0,0,0,0,0,0.000617969826755235,0,0,0.000180800376209582,0,0.000318554251170975,0,0,0,0.000396775261421419,0,0,0,0.000245809302804457,0,0,0,0,0,0,0.000111855972239793,0,0,0.000449792225677242,0,0.000111855972239793,0.00513714461323231,0,0,0.000111855972239793,0,0.000809795044705747,0,0,0,0,0,0,0.000449792225677242,0,0.000111855972239793,0,0,0,0.000111855972239793
"D605841",0,9.15102109028412e-05,0.000334433915123259,0.000281590324596032,0.000281590324596032,0.000240231293846414,0.000800614081922981,0.000144076251615525,0.000168677964896562,0.000389303463606085,0.000749723970681602,0.0003060062772904,-3.19199301856159e-05,0.000653549167186516,-7.80532101750694e-05,0.00260042209195669,0.00113084300862959,-4.65489532844559e-05,0.000154732636547893,0,3.50183395389982e-05,3.50183395389982e-05,0,0.000100275673959661,0.000100275673959661,0.000270252261944314,1.06234639718683e-05,0,-4.43943395058005e-05,0,5.98989980803154e-05,5.98989980803154e-05,0.000124903373322599,0.0275240414075359,0.000112876252797527,0,0.000270252261944314,0,0.000613887919668903,0.000613887919668903,0.000120933573833825,0,-0.000219252632288058,0,0,0.000240231293846414,0,0.000889908084540772,0.0006120125545808,0,0.000111238510567597,0.000287897002391705,0.000653549167186516,0.000319508215214231,0,0.0019149106603483,0.000211069648541959,0.000906544262372604,0.00065196978429271,3.50183395389982e-05,0.000124903373322599,0.000653549167186516,0,0.000889908084540772,0.000653549167186516,0.000653549167186516,5.83183537436111e-07,0.000120933573833825,6.80629183008334e-05,0.000653549167186516,0.000100275673959661,0.000653549167186516,0.000653549167186516,0,0.000281590324596032,0.000613887919668903,0.000653549167186516,0.000166256314045265,0.000406127904460786,0.000281590324596032,0,0.0275240414075359,0.000224901419269245,0.000281590324596032,0.000613887919668903,0.000536403195149585,0.0006120125545808,0.000124903373322599,0,0.000171141733519861,0.000124903373322599,0.000124903373322599,0.000166256314045265,0.000613887919668903,0.000281590324596032,0.000270252261944314,0.0006120125545808,0,0.000281590324596032
"D605844",0,8.40525351009682e-05,0.000326976239321386,-0.000179137615194056,-0.000179137615194056,0.000661934027577945,0.000778241054517361,0.000876754277661146,0.000161220289094689,-3.33227046732418e-05,0.000712435591672236,0.000298548601488527,-3.9377605987489e-05,0.00063863381558277,0.000443503622047686,0.000373121754730808,0.000213857143667926,-5.4006629086329e-05,0.00014727496074602,0,2.75606637371252e-05,2.75606637371252e-05,0,9.28179981577875e-05,9.28179981577875e-05,2.9475059425852e-05,0.000202718367828854,0,0.00031134250429717,0,0.000301269436045749,0.000301269436045749,0.000117445697520726,0.000224901419269245,0.000105418576995653,0,2.9475059425852e-05,0,4.15387806810308e-05,4.15387806810308e-05,0.000331345696332014,0,-0.000256541011297423,0,0,0.000232773618044541,0.000362578226611498,0.00582784480773378,0.000200355205744095,0,0.000103780834765723,0.000280439326589832,0.00063863381558277,0.000312050539412358,0.00144782726818435,0.000274883197796337,0.000203611972740085,0.00180965240030273,0.00257423964778125,2.75606637371252e-05,0.000117445697520726,0.00063863381558277,0,0.00582784480773378,0.00063863381558277,0.00063863381558277,-6.87449226443695e-06,0.000331345696332014,6.06052424989603e-05,0.00063863381558277,9.28179981577875e-05,0.00063863381558277,0.00063863381558277,0,-0.000179137615194056,4.15387806810308e-05,0.00063863381558277,0.000158798638243392,0,-0.000179137615194056,0,0.000224901419269245,0.0287209780732919,-0.000179137615194056,4.15387806810308e-05,0.00492790065100364,0.000200355205744095,0.000117445697520726,0,0.000163684057717988,0.000117445697520726,0.000117445697520726,0.000158798638243392,4.15387806810308e-05,-0.000179137615194056,2.9475059425852e-05,0.000200355205744095,0,-0.000179137615194056
"D606889",0,-0.000352215466455788,5.71765528087782e-05,0.217846398969308,0.217846398969308,-0.000131228689744912,-0.000389214256302546,-0.000254303965435652,-0.000155897112311504,-0.000694098134248252,-0.00155900844582549,-9.80327571729018e-05,0.0452809629415411,-0.000154528901740087,-0.00147692085380376,-0.000401079363645332,-8.12740947603164e-05,0.0429403192457267,-0.000281020643526035,6.41902636945019e-05,-0.000519794952997583,-0.000519794952997583,0,-0.000299622688114872,-0.000299622688114872,-0.000409148991797547,-0.000590944557629582,0.000111855972239793,0.000341087849626485,0,-0.000580710160357982,-0.000580710160357982,-0.000361884530792541,0.000281590324596032,-0.000315823886771926,0,-0.000409148991797547,0,-0.000393991900502433,-0.000393991900502433,-0.00107695202074272,0,-0.00598296344045471,0,-6.96051193400429e-05,-2.45246716304725e-05,0,-0.00322924578993676,0.00015885925697028,0,-0.000411503021466924,0.000118472454005402,-0.000154528901740087,2.73251529907229e-05,0.000258083192200063,0.000531499217231492,-0.000189551980353822,-0.00184715573251365,-0.00297789937347875,-0.000519794952997583,-0.000361884530792541,-0.000154528901740087,0,-0.00322924578993676,-0.000154528901740087,-0.000154528901740087,-0.00041438239254653,-0.00107695202074272,-0.000422186823140508,-0.000154528901740087,-0.000299622688114872,-0.000154528901740087,-0.000154528901740087,0,0.217846398969308,-0.000393991900502433,-0.000154528901740087,9.6261152398757e-05,0.0309267118661577,0.217846398969308,0.000111855972239793,0.000281590324596032,-0.000179137615194056,0.217846398969308,-0.000393991900502433,-0.000690325058028328,0.00015885925697028,-0.000361884530792541,0,-0.000269407810398017,-0.000361884530792541,-0.000361884530792541,9.6261152398757e-05,-0.000393991900502433,0.217846398969308,-0.000409148991797547,0.00015885925697028,0,0.217846398969308
"D607060",0,-9.18524276853731e-05,0.000498529344558953,-0.000393991900502433,-0.000393991900502433,5.68686552581993e-05,5.21385354476283e-05,-3.92863869726897e-05,-1.46846736916527e-05,9.38516842590335e-05,-0.000261415848763284,0.000122643638702185,6.35771776877974e-05,0.000286823890010087,-0.00031734899606966,0.000204286106724084,0.000580755092864945,-9.56793780640257e-06,-2.86300020403214e-05,0,-0.000148344299049216,-0.000148344299049216,0,0.00021763765633453,0.00021763765633453,2.76088401387234e-05,9.45904674900718e-05,0,-0.000125480746420604,0,9.65076286964943e-05,9.65076286964943e-05,-5.84592652656153e-05,0.000613887919668903,-7.04863857906878e-05,0,2.76088401387234e-05,0,0.0756716002775465,0.0756716002775465,0.000196421990412571,0,-0.00128504785699136,0,0,0.000637504515994789,0,-0.000576993024164942,0.000245287277404371,0,-7.21241280206178e-05,0.000405455519095846,0.000286823890010087,0.000136145576626017,0.000151071276535044,0.000394343261508856,0.000251800811396352,-0.000358845530086981,-0.000166418031232684,-0.000148344299049216,-5.84592652656153e-05,0.000286823890010087,0,-0.000576993024164942,0.000286823890010087,0.000286823890010087,-0.000182779455050778,0.000196421990412571,-0.000115299720287381,0.000286823890010087,0.00021763765633453,0.000286823890010087,0.000286823890010087,0,-0.000393991900502433,0.0756716002775465,0.000286823890010087,-1.7106324542949e-05,-7.84920821022535e-05,-0.000393991900502433,0,0.000613887919668903,4.15387806810308e-05,-0.000393991900502433,0.0756716002775465,0.000144769471508457,0.000245287277404371,-5.84592652656153e-05,0,-1.22209050683535e-05,-5.84592652656153e-05,-5.84592652656153e-05,-1.7106324542949e-05,0.0756716002775465,-0.000393991900502433,2.76088401387234e-05,0.000245287277404371,0,-0.000393991900502433
"D607154",0,-3.89745468947607e-05,0.000125243035028605,-0.000690325058028328,-0.000690325058028328,3.10404137517601e-05,0.00124397940330737,0.000814416879161304,0.000345359804625915,0.00011262202111084,0.000777306615510456,9.68153971957462e-05,-0.00024111081028027,0.00206537814427598,0.00057694172480923,0.000573161408197907,0.000220634670239155,-0.000315092875269355,8.74703043953426e-05,0,-0.000151958289622447,-0.000151958289622447,0,0.000595413990881984,0.000595413990881984,9.65145864877418e-05,-0.000200748040756707,0.000809795044705747,1.44615730424956e-06,0,1.90229041771766e-05,1.90229041771766e-05,2.78117779447547e-05,0.000536403195149585,0.00017795466832881,0,9.65145864877418e-05,0,0.000144769471508457,0.000144769471508457,0.000201223567541558,0,-0.000847676535376112,0,0.000125243035028605,3.10404137517601e-05,0.000160845022318718,0.0212732052238284,0.000193630794391492,0,4.82052434749853e-07,7.87061222970516e-05,0.00206537814427598,0.000797850555578923,0.000842627655306006,0.00196185743592831,1.87876844730494e-06,0.00304192235759583,0.00341913447859366,-0.000151958289622447,2.78117779447547e-05,0.00206537814427598,0,0.0212732052238284,0.00206537814427598,0.00206537814427598,9.69515387708615e-05,0.000201223567541558,0.000941750257440028,0.00206537814427598,0.000595413990881984,0.00206537814427598,0.00206537814427598,0,-0.000690325058028328,0.000144769471508457,0.00206537814427598,0.000110517659390088,-0.000104320323608693,-0.000690325058028328,0.000809795044705747,0.000536403195149585,0.00492790065100364,-0.000690325058028328,0.000144769471508457,0.0866217452090127,0.000193630794391492,2.78117779447547e-05,0,0.000120288498339278,2.78117779447547e-05,2.78117779447547e-05,0.000110517659390088,0.000144769471508457,-0.000690325058028328,9.65145864877418e-05,0.000193630794391492,0,-0.000690325058028328
"D607373",0,6.69639973776908e-05,0.00081616219468508,0.00015885925697028,0.00015885925697028,0.000215685080321263,0.00072697544134753,0.000435446867669612,0.000144131751371411,0.000583902196369379,-8.81205591157574e-06,0.000281460063765249,8.34545040673312e-05,0.000204034974323675,0.000159100279119532,0.00107066294154624,0.000196768605944649,5.41964578696513e-05,0.000456759637534349,0,1.04721260138478e-05,1.04721260138478e-05,0,0.000347845712357884,0.000347845712357884,0.000504058115327915,0.0001685412923823,0,0.000260076891127338,0,3.5352784555165e-05,3.5352784555165e-05,0.000100357159797449,0.0006120125545808,0.00073188866803732,0,0.000504058115327915,0,0.000245287277404371,0.000245287277404371,7.18411467835242e-05,0,-0.000145117220062293,0,0,0.00062775695213139,0,-0.000156765120352358,0.0316512590895307,0,8.66922970424461e-05,0.000263350788866555,0.000204034974323675,0.000786310794867025,0,0.000711976111634983,0.000186523435016808,8.5053303377555e-05,0.000104633092714012,1.04721260138478e-05,0.000100357159797449,0.000204034974323675,0,-0.000156765120352358,0.000204034974323675,0.000204034974323675,0.000148460731513435,7.18411467835242e-05,0.00028342020104023,0.000204034974323675,0.000347845712357884,0.000204034974323675,0.000204034974323675,0,0.00015885925697028,0.000245287277404371,0.000204034974323675,0.000141710100520115,0,0.00015885925697028,0,0.0006120125545808,0.000200355205744095,0.00015885925697028,0.000245287277404371,0.000193630794391492,0.0316512590895307,0.000100357159797449,0,0.00014659551999471,0.000100357159797449,0.000100357159797449,0.000141710100520115,0.000245287277404371,0.00015885925697028,0.000504058115327915,0.0316512590895307,0,0.00015885925697028
"D607498",0,0.000721765122572744,0.000226978193374739,-0.000361884530792541,-0.000361884530792541,0.000132775572097894,3.78278881907736e-06,0.000269627851222875,0.000318831277784949,-7.02547097509119e-05,0.000212445361939006,0.000198550555541881,-8.23645123794063e-05,0.000121125466100307,-8.96282455505748e-05,-1.16305643256739e-05,0.00011385909772128,-0.000111622558577086,0.000290940621087611,0,0.000249586403591628,0.000249586403591628,0,0.000445358406853615,0.000445358406853615,0.000255329590657809,2.72227593556221e-06,0,-0.000107313331019775,0,0.00032422837921558,0.00032422837921558,0.0502785458520113,0.000124903373322599,5.42053104900736e-06,0,0.000255329590657809,0,-5.84592652656153e-05,-5.84592652656153e-05,3.13515584920752e-05,0,-0.000612346971336538,0,0,0.000461937935684653,0.000262580180664852,-0.000313996970514144,0.000100357159797449,0,3.78278881907736e-06,0.000180441280643186,0.000121125466100307,0.000212052493465712,0,0.000174885151849691,0.000103613926793439,-0.000210191257170914,-0.000403044131755678,0.000249586403591628,0.0502785458520113,0.000121125466100307,0,-0.000313996970514144,0.000121125466100307,0.000121125466100307,0.000605627330501533,3.13515584920752e-05,-3.93928034476858e-05,0.000121125466100307,0.000445358406853615,0.000121125466100307,0.000121125466100307,0,-0.000361884530792541,-5.84592652656153e-05,0.000121125466100307,5.88005922967462e-05,0,-0.000361884530792541,0,0.000124903373322599,0.000117445697520726,-0.000361884530792541,-5.84592652656153e-05,2.78117779447547e-05,0.000100357159797449,0.0502785458520113,0,0.03627692548816,0.0502785458520113,0.0502785458520113,5.88005922967462e-05,-5.84592652656153e-05,-0.000361884530792541,0.000255329590657809,0.000100357159797449,0,-0.000361884530792541
"D607499",0,0,0,0,0,0,0,0,0,0,0,0,0,0,0,0,0,0,0,0,0,0,0,0,0,0,0,0,0,0,0,0,0,0,0,0,0,0,0,0,0,0,8.40525351009682e-05,0,0,0,0,0,0,0,0,0,0,0,0,0,0,0,0,0,0,0,0,0,0,0,0,0,0,0,0,0,0,0,0,0,0,0,0,0,0,0,0,0,0,0,0,0,0.00329938223065336,0,0,0,0,0,0,0,0,0,0
"D607501",0,0.000906718563361791,0.000273216553572001,-0.000269407810398017,-0.000269407810398017,0.000179013932295156,5.00211490163392e-05,0.000362104571617399,0.000107460603345304,2.22220106436118e-05,0.000228464879050149,0.000244788915739142,-9.31372917368733e-05,0.000167363826297569,-8.21543519637897e-05,3.46077958715879e-05,0.000160097457918542,-0.000107766314835713,0.000383417341482135,0,0.000143988747464346,0.000143988747464346,0,0.000584073487445401,0.000584073487445401,0.000147817538841799,9.51989963300859e-05,0,-1.48366106252517e-05,0,0.000462943459807365,0.000462943459807365,0.0465997910143247,0.000171141733519861,5.16588912462692e-05,0,0.000147817538841799,0,-1.22209050683535e-05,-1.22209050683535e-05,0.000170066639083861,0,-0.000401815256245042,0,0,0.000554414656079177,0,-0.000192688986912371,0.00014659551999471,0,5.00211490163392e-05,0.000226679640840448,0.000167363826297569,0.000258290853662974,0,0.000221123512046953,0.000149852286990701,-0.000163952896973652,-0.000291098276100525,0.000143988747464346,0.0465997910143247,0.000167363826297569,0,-0.000192688986912371,0.000167363826297569,0.000167363826297569,0.000836819131487843,0.000170066639083861,6.84555674957604e-06,0.000167363826297569,0.000584073487445401,0.000167363826297569,0.000167363826297569,0,-0.000269407810398017,-1.22209050683535e-05,0.000167363826297569,0.000105038952494008,0,-0.000269407810398017,0,0.000171141733519861,0.000163684057717988,-0.000269407810398017,-1.22209050683535e-05,0.000120288498339278,0.00014659551999471,0.0465997910143247,0,0.038912512019404,0.0465997910143247,0.0465997910143247,0.000105038952494008,-1.22209050683535e-05,-0.000269407810398017,0.000147817538841799,0.00014659551999471,0,-0.000269407810398017
"D607508",0,0.000721765122572744,0.000226978193374739,-0.000361884530792541,-0.000361884530792541,0.000132775572097894,3.78278881907736e-06,0.000269627851222875,0.000318831277784949,-7.02547097509119e-05,0.000212445361939006,0.000198550555541881,-8.23645123794063e-05,0.000121125466100307,-8.96282455505748e-05,-1.16305643256739e-05,0.00011385909772128,-0.000111622558577086,0.000290940621087611,0,0.000249586403591628,0.000249586403591628,0,0.000445358406853615,0.000445358406853615,0.000255329590657809,2.72227593556221e-06,0,-0.000107313331019775,0,0.00032422837921558,0.00032422837921558,0.0502785458520113,0.000124903373322599,5.42053104900736e-06,0,0.000255329590657809,0,-5.84592652656153e-05,-5.84592652656153e-05,3.13515584920752e-05,0,-0.000612346971336538,0,0,0.000461937935684653,0.000262580180664852,-0.000313996970514144,0.000100357159797449,0,3.78278881907736e-06,0.000180441280643186,0.000121125466100307,0.000212052493465712,0,0.000174885151849691,0.000103613926793439,-0.000210191257170914,-0.000403044131755678,0.000249586403591628,0.0502785458520113,0.000121125466100307,0,-0.000313996970514144,0.000121125466100307,0.000121125466100307,0.000605627330501533,3.13515584920752e-05,-3.93928034476858e-05,0.000121125466100307,0.000445358406853615,0.000121125466100307,0.000121125466100307,0,-0.000361884530792541,-5.84592652656153e-05,0.000121125466100307,5.88005922967462e-05,0,-0.000361884530792541,0,0.000124903373322599,0.000117445697520726,-0.000361884530792541,-5.84592652656153e-05,2.78117779447547e-05,0.000100357159797449,0.0502785458520113,0,0.03627692548816,0.0502785458520113,0.0502785458520113,5.88005922967462e-05,-5.84592652656153e-05,-0.000361884530792541,0.000255329590657809,0.000100357159797449,0,-0.000361884530792541
"D607516",0,0.000721765122572744,0.000226978193374739,-0.000361884530792541,-0.000361884530792541,0.000132775572097894,3.78278881907736e-06,0.000269627851222875,0.000318831277784949,-7.02547097509119e-05,0.000212445361939006,0.000198550555541881,-8.23645123794063e-05,0.000121125466100307,-8.96282455505748e-05,-1.16305643256739e-05,0.00011385909772128,-0.000111622558577086,0.000290940621087611,0,0.000249586403591628,0.000249586403591628,0,0.000445358406853615,0.000445358406853615,0.000255329590657809,2.72227593556221e-06,0,-0.000107313331019775,0,0.00032422837921558,0.00032422837921558,0.0502785458520113,0.000124903373322599,5.42053104900736e-06,0,0.000255329590657809,0,-5.84592652656153e-05,-5.84592652656153e-05,3.13515584920752e-05,0,-0.000612346971336538,0,0,0.000461937935684653,0.000262580180664852,-0.000313996970514144,0.000100357159797449,0,3.78278881907736e-06,0.000180441280643186,0.000121125466100307,0.000212052493465712,0,0.000174885151849691,0.000103613926793439,-0.000210191257170914,-0.000403044131755678,0.000249586403591628,0.0502785458520113,0.000121125466100307,0,-0.000313996970514144,0.000121125466100307,0.000121125466100307,0.000605627330501533,3.13515584920752e-05,-3.93928034476858e-05,0.000121125466100307,0.000445358406853615,0.000121125466100307,0.000121125466100307,0,-0.000361884530792541,-5.84592652656153e-05,0.000121125466100307,5.88005922967462e-05,0,-0.000361884530792541,0,0.000124903373322599,0.000117445697520726,-0.000361884530792541,-5.84592652656153e-05,2.78117779447547e-05,0.000100357159797449,0.0502785458520113,0,0.03627692548816,0.0502785458520113,0.0502785458520113,5.88005922967462e-05,-5.84592652656153e-05,-0.000361884530792541,0.000255329590657809,0.000100357159797449,0,-0.000361884530792541
"D607682",0,2.54074298769884e-05,0.000268331134097406,9.6261152398757e-05,9.6261152398757e-05,0.000174128512820561,4.51357295417437e-05,7.79734705896718e-05,0.000102575183870709,-9.19678098972215e-05,-0.000144155991200922,0.000239903496264547,0.000393456321109581,0.000162478406822973,3.44305766174244e-05,2.97223763969925e-05,0.000155212038443946,0.000334940228714221,8.86298555220401e-05,0,0.0364602197785589,0.0364602197785589,0,3.41728929338077e-05,3.41728929338077e-05,-2.91700457981277e-05,8.5428157380895e-05,0.000449792225677242,0.000135407188625231,0,-6.20378294553738e-06,-6.20378294553738e-06,5.88005922967462e-05,0.000166256314045265,4.67734717716738e-05,0,-2.91700457981277e-05,0,-1.7106324542949e-05,-1.7106324542949e-05,-1.12719882178806e-05,0,0.000168819957208882,0,0,0.000544643817129986,0.000303933121387519,-0.000249444457691552,0.000141710100520115,0,4.51357295417437e-05,0.000221794221365852,0.000162478406822973,0.000253405434188378,0.000268331134097406,0.000628862976633579,0.000144966867516106,-0.000141289841407632,-0.000300869115049716,0.0364602197785589,5.88005922967462e-05,0.000162478406822973,0,-0.000249444457691552,0.000162478406822973,0.000162478406822973,0.000270339757754941,-1.12719882178806e-05,1.96013727498059e-06,0.000162478406822973,3.41728929338077e-05,0.000162478406822973,0.000162478406822973,0,9.6261152398757e-05,-1.7106324542949e-05,0.000162478406822973,0.0399896235693293,3.8767775460108e-05,9.6261152398757e-05,0.000449792225677242,0.000166256314045265,0.000158798638243392,9.6261152398757e-05,-1.7106324542949e-05,0.000110517659390088,0.000141710100520115,5.88005922967462e-05,0,0.000105038952494008,5.88005922967462e-05,5.88005922967462e-05,0.0399896235693293,-1.7106324542949e-05,9.6261152398757e-05,-2.91700457981277e-05,0.000141710100520115,0,9.6261152398757e-05
"D607688",0,-9.18524276853731e-05,0.000498529344558953,-0.000393991900502433,-0.000393991900502433,5.68686552581993e-05,5.21385354476283e-05,-3.92863869726897e-05,-1.46846736916527e-05,9.38516842590335e-05,-0.000261415848763284,0.000122643638702185,6.35771776877974e-05,0.000286823890010087,-0.00031734899606966,0.000204286106724084,0.000580755092864945,-9.56793780640257e-06,-2.86300020403214e-05,0,-0.000148344299049216,-0.000148344299049216,0,0.00021763765633453,0.00021763765633453,2.76088401387234e-05,9.45904674900718e-05,0,-0.000125480746420604,0,9.65076286964943e-05,9.65076286964943e-05,-5.84592652656153e-05,0.000613887919668903,-7.04863857906878e-05,0,2.76088401387234e-05,0,0.0756716002775465,0.0756716002775465,0.000196421990412571,0,-0.00128504785699136,0,0,0.000637504515994789,0,-0.000576993024164942,0.000245287277404371,0,-7.21241280206178e-05,0.000405455519095846,0.000286823890010087,0.000136145576626017,0.000151071276535044,0.000394343261508856,0.000251800811396352,-0.000358845530086981,-0.000166418031232684,-0.000148344299049216,-5.84592652656153e-05,0.000286823890010087,0,-0.000576993024164942,0.000286823890010087,0.000286823890010087,-0.000182779455050778,0.000196421990412571,-0.000115299720287381,0.000286823890010087,0.00021763765633453,0.000286823890010087,0.000286823890010087,0,-0.000393991900502433,0.0756716002775465,0.000286823890010087,-1.7106324542949e-05,-7.84920821022535e-05,-0.000393991900502433,0,0.000613887919668903,4.15387806810308e-05,-0.000393991900502433,0.0756716002775465,0.000144769471508457,0.000245287277404371,-5.84592652656153e-05,0,-1.22209050683535e-05,-5.84592652656153e-05,-5.84592652656153e-05,-1.7106324542949e-05,0.0756716002775465,-0.000393991900502433,2.76088401387234e-05,0.000245287277404371,0,-0.000393991900502433
"D607822",0,-0.000352215466455788,5.71765528087782e-05,0.217846398969308,0.217846398969308,-0.000131228689744912,-0.000389214256302546,-0.000254303965435652,-0.000155897112311504,-0.000694098134248252,-0.00155900844582549,-9.80327571729018e-05,0.0452809629415411,-0.000154528901740087,-0.00147692085380376,-0.000401079363645332,-8.12740947603164e-05,0.0429403192457267,-0.000281020643526035,6.41902636945019e-05,-0.000519794952997583,-0.000519794952997583,0,-0.000299622688114872,-0.000299622688114872,-0.000409148991797547,-0.000590944557629582,0.000111855972239793,0.000341087849626485,0,-0.000580710160357982,-0.000580710160357982,-0.000361884530792541,0.000281590324596032,-0.000315823886771926,0,-0.000409148991797547,0,-0.000393991900502433,-0.000393991900502433,-0.00107695202074272,0,-0.00598296344045471,0,-6.96051193400429e-05,-2.45246716304725e-05,0,-0.00322924578993676,0.00015885925697028,0,-0.000411503021466924,0.000118472454005402,-0.000154528901740087,2.73251529907229e-05,0.000258083192200063,0.000531499217231492,-0.000189551980353822,-0.00184715573251365,-0.00297789937347875,-0.000519794952997583,-0.000361884530792541,-0.000154528901740087,0,-0.00322924578993676,-0.000154528901740087,-0.000154528901740087,-0.00041438239254653,-0.00107695202074272,-0.000422186823140508,-0.000154528901740087,-0.000299622688114872,-0.000154528901740087,-0.000154528901740087,0,0.217846398969308,-0.000393991900502433,-0.000154528901740087,9.6261152398757e-05,0.0309267118661577,0.217846398969308,0.000111855972239793,0.000281590324596032,-0.000179137615194056,0.217846398969308,-0.000393991900502433,-0.000690325058028328,0.00015885925697028,-0.000361884530792541,0,-0.000269407810398017,-0.000361884530792541,-0.000361884530792541,9.6261152398757e-05,-0.000393991900502433,0.217846398969308,-0.000409148991797547,0.00015885925697028,0,0.217846398969308
"D607850",0,-0.000103916148940552,0.000474401902048595,-0.000409148991797547,-0.000409148991797547,0.000285996659494905,0.00044879576885227,0.000580146733043982,-2.67483949468315e-05,0.000195209142618403,-0.000227407828535364,0.000110579917447007,0.00015887973473292,0.00026269644749973,0.00116842923149394,0.000925350260383687,0.000544563929099409,7.11055961398798e-05,0.000114999344897864,0,-0.000124429249119926,-0.000124429249119926,0,0.000952053359604579,0.000952053359604579,0.0806245977221505,0.000215975542199325,0,0.000250901094552414,0,-7.46679320372914e-05,-7.46679320372914e-05,0.000255329590657809,0.000270252261944314,0.000219248229082592,0,0.0806245977221505,0,2.76088401387234e-05,2.76088401387234e-05,-0.000147064708728194,0.000704159719364455,-0.000755544881328638,0.000208773313191439,0.000139007555279866,4.48049340030206e-05,0.000174609542569978,-0.000607521027260686,0.000504058115327915,0,0.000214335002392801,9.24706425483121e-05,0.00026269644749973,0.00044455050223054,0,0.000727642091484642,1.56432886985655e-05,-0.000266013896687754,-0.000600172487460324,-0.000124429249119926,0.000255329590657809,0.00026269644749973,0,-0.000607521027260686,0.00026269644749973,0.00026269644749973,0.00056574375585507,-0.000147064708728194,-5.83400915962554e-05,0.00026269644749973,0.000952053359604579,0.00026269644749973,0.00026269644749973,0,-0.000409148991797547,2.76088401387234e-05,0.00026269644749973,-2.91700457981277e-05,0,-0.000409148991797547,0,0.000270252261944314,2.9475059425852e-05,-0.000409148991797547,2.76088401387234e-05,9.65145864877418e-05,0.000504058115327915,0.000255329590657809,0,0.000147817538841799,0.000255329590657809,0.000255329590657809,-2.91700457981277e-05,2.76088401387234e-05,-0.000409148991797547,0.0806245977221505,0.000504058115327915,0,-0.000409148991797547
"D608049",0,6.69639973776908e-05,0.00081616219468508,0.00015885925697028,0.00015885925697028,0.000215685080321263,0.00072697544134753,0.000435446867669612,0.000144131751371411,0.000583902196369379,-8.81205591157574e-06,0.000281460063765249,8.34545040673312e-05,0.000204034974323675,0.000159100279119532,0.00107066294154624,0.000196768605944649,5.41964578696513e-05,0.000456759637534349,0,1.04721260138478e-05,1.04721260138478e-05,0,0.000347845712357884,0.000347845712357884,0.000504058115327915,0.0001685412923823,0,0.000260076891127338,0,3.5352784555165e-05,3.5352784555165e-05,0.000100357159797449,0.0006120125545808,0.00073188866803732,0,0.000504058115327915,0,0.000245287277404371,0.000245287277404371,7.18411467835242e-05,0,-0.000145117220062293,0,0,0.00062775695213139,0,-0.000156765120352358,0.0316512590895307,0,8.66922970424461e-05,0.000263350788866555,0.000204034974323675,0.000786310794867025,0,0.000711976111634983,0.000186523435016808,8.5053303377555e-05,0.000104633092714012,1.04721260138478e-05,0.000100357159797449,0.000204034974323675,0,-0.000156765120352358,0.000204034974323675,0.000204034974323675,0.000148460731513435,7.18411467835242e-05,0.00028342020104023,0.000204034974323675,0.000347845712357884,0.000204034974323675,0.000204034974323675,0,0.00015885925697028,0.000245287277404371,0.000204034974323675,0.000141710100520115,0,0.00015885925697028,0,0.0006120125545808,0.000200355205744095,0.00015885925697028,0.000245287277404371,0.000193630794391492,0.0316512590895307,0.000100357159797449,0,0.00014659551999471,0.000100357159797449,0.000100357159797449,0.000141710100520115,0.000245287277404371,0.00015885925697028,0.000504058115327915,0.0316512590895307,0,0.00015885925697028
"D608895",0,0,0,0,0,0,0,0,0,0,0,0,0,0,0,0,0,0,0,0,0,0,0,0,0,0,0.000246493667058554,0,0,0.00685834249870819,0,0,0,0,0,0,0,0,0,0,0,0,0,0,0,0,0,0,0,0,0,0,0,0,0,0,0,0,0,0,0,0,0,0,0,0,0,0,0,0,0,0,0,0,0,0,0,0,0,0,0,0,0,0,0,0,0,0,0,0,0,0,0,0,0,0,0,0.00685834249870819,0
"D608907",0,-0.000352215466455788,5.71765528087782e-05,0.217846398969308,0.217846398969308,-0.000131228689744912,-0.000389214256302546,-0.000254303965435652,-0.000155897112311504,-0.000694098134248252,-0.00155900844582549,-9.80327571729018e-05,0.0452809629415411,-0.000154528901740087,-0.00147692085380376,-0.000401079363645332,-8.12740947603164e-05,0.0429403192457267,-0.000281020643526035,6.41902636945019e-05,-0.000519794952997583,-0.000519794952997583,0,-0.000299622688114872,-0.000299622688114872,-0.000409148991797547,-0.000590944557629582,0.000111855972239793,0.000341087849626485,0,-0.000580710160357982,-0.000580710160357982,-0.000361884530792541,0.000281590324596032,-0.000315823886771926,0,-0.000409148991797547,0,-0.000393991900502433,-0.000393991900502433,-0.00107695202074272,0,-0.00598296344045471,0,-6.96051193400429e-05,-2.45246716304725e-05,0,-0.00322924578993676,0.00015885925697028,0,-0.000411503021466924,0.000118472454005402,-0.000154528901740087,2.73251529907229e-05,0.000258083192200063,0.000531499217231492,-0.000189551980353822,-0.00184715573251365,-0.00297789937347875,-0.000519794952997583,-0.000361884530792541,-0.000154528901740087,0,-0.00322924578993676,-0.000154528901740087,-0.000154528901740087,-0.00041438239254653,-0.00107695202074272,-0.000422186823140508,-0.000154528901740087,-0.000299622688114872,-0.000154528901740087,-0.000154528901740087,0,0.217846398969308,-0.000393991900502433,-0.000154528901740087,9.6261152398757e-05,0.0309267118661577,0.217846398969308,0.000111855972239793,0.000281590324596032,-0.000179137615194056,0.217846398969308,-0.000393991900502433,-0.000690325058028328,0.00015885925697028,-0.000361884530792541,0,-0.000269407810398017,-0.000361884530792541,-0.000361884530792541,9.6261152398757e-05,-0.000393991900502433,0.217846398969308,-0.000409148991797547,0.00015885925697028,0,0.217846398969308
