"","V1","V2","V3","V4","V5","V6","V7","V8","V9","V10","V11","V12","V13","V14","V15","V16","V17","V18","V19","V20","V21","V22","V23","V24","V25","V26","V27","V28","V29","V30","V31","V32","V33","V34","V35","V36","V37","V38","V39","V40","V41","V42","V43","V44","V45","V46","V47","V48","V49","V50","V51","V52","V53","V54","V55","V56","V57","V58","V59","V60","V61","V62","V63","V64","V65","V66","V67","V68","V69","V70","V71","V72","V73","V74","V75","V76","V77","V78","V79","V80","V81","V82","V83","V84","V85","V86","V87","V88","V89","V90","V91","V92","V93","V94","V95","V96","V97","V98","V99"
"1",100912.111111111,0,0,15.0144489080659,15.0144489080659,0,0,0,0,11.5358889354622,0,0,110.919516365413,0,80.9239062639223,0,0,0,0,0,0,0,0,126.140138888889,126.140138888889,0,278.250306372549,0,1187.20130718954,0,0,0,221.298489278752,0,0,0,0,0,143.749446027224,143.749446027224,0,0,141.13581973582,0,0,0,0,16.1304525433362,0,0,9.66344271365339,0,0,0,0,0,59.9477887788779,0,0,0,221.298489278752,0,0,16.1304525433362,0,0,0,0,0,0,126.140138888889,0,0,0,15.0144489080659,143.749446027224,0,0,15.0144489080659,15.0144489080659,0,0,15.0144489080659,0,143.749446027224,0,0,221.298489278752,0,221.298489278752,221.298489278752,221.298489278752,0,143.749446027224,15.0144489080659,0,0,0,15.0144489080659
"2",0,100912.111111111,840.934259259259,0,0,0,0,0,247.333605664488,11.5358889354622,0,0,0,0,0,0,0,0,0,0,0,0,0,0,0,0,0,0,0,0,0,0,0,0,0,0,0,0,0,0,25.9569864814656,0,0,0,0,0,0,0,0,0,0,315.350347222222,0,0,0,0,0,0,0,0,0,0,0,0,0,0,0,25.9569864814656,0,0,0,0,0,0,0,0,0,0,0,0,0,0,0,0,0,0,0,0,0,0,0,0,0,0,0,0,0,0,0
"3",0,840.934259259259,2803.11419753086,6.88162241619689,6.88162241619689,840.934259259259,87.294213763937,0,29.0980712546456,5.34190311500094,0,0,5.03151730709569,15.6923249706269,5.6961001981887,41.1326539855072,0,0,0,35.7506298220753,0,0,0,32.8489945023148,32.8489945023148,144.676861808045,0,0,105.116782407407,0,0,0,0,0,0,0,144.676861808045,0,6.35626802161194,6.35626802161194,11.5955390429498,458.691414141414,0,0,0,0,80.0889770723104,20.3287895066702,0,161.718126780627,4.50286074091702,73.1247181964573,15.6923249706269,0,0,0,13.1624492753623,252.280277777778,63.2281397939293,0,0,15.6923249706269,0,20.3287895066702,15.6923249706269,15.6923249706269,0,11.5955390429498,8.07555306586997,15.6923249706269,32.8489945023148,15.6923249706269,15.6923249706269,0,6.88162241619689,6.35626802161194,15.6923249706269,0,6.88162241619689,6.88162241619689,0,0,6.88162241619689,15.6923249706269,6.35626802161194,40.0444885361552,0,0,0,0,0,0,0,6.35626802161194,6.88162241619689,144.676861808045,0,0,6.88162241619689
"4",15.0144489080659,0,6.88162241619689,45.68225944369,45.68225944369,15.0144489080659,4.8576158231978,7.80751343219428,5.57197109131512,3.61078019909427,4.55397695514763,30.2403689275131,17.6914640797881,1.87917881403101,4.54985772442315,4.21745145221209,0,24.8832174784338,7.10949070812393,4.04888560263308,9.65474248360241,9.65474248360241,0,10.7353309692671,10.7353309692671,12.8259629262451,24.8341666091001,6.93945117599686,14.2189814162479,2.98756891538047,2.42215364334794,2.42215364334794,11.8562892230862,8.88441183663487,22.5216733620989,15.0144489080659,12.8259629262451,14.8073530610581,19.1028028834466,19.1028028834466,2.26687472076184,0,16.8912550215742,0,8.64590413632253,7.84236840287372,0,4.08611213363109,10.7353309692671,4.97006063391997,2.33341162770068,3.83404677473826,1.87917881403101,6.25966820365431,0,16.5441744389391,3.67261322632823,16.5441744389391,1.69460630927658,9.65474248360241,11.8562892230862,1.87917881403101,0,4.08611213363109,1.87917881403101,1.87917881403101,0,2.26687472076184,7.40580463530932,1.87917881403101,10.7353309692671,1.87917881403101,1.87917881403101,0,45.68225944369,19.1028028834466,1.87917881403101,9.65474248360241,45.68225944369,45.68225944369,6.93945117599686,8.88441183663487,45.68225944369,1.87917881403101,19.1028028834466,11.430698458847,10.7353309692671,11.8562892230862,45.68225944369,11.8562892230862,11.8562892230862,11.8562892230862,9.65474248360241,19.1028028834466,45.68225944369,12.8259629262451,10.7353309692671,2.98756891538047,45.68225944369
"5",15.0144489080659,0,6.88162241619689,45.68225944369,45.68225944369,15.0144489080659,4.8576158231978,7.80751343219428,5.57197109131512,3.61078019909427,4.55397695514763,30.2403689275131,17.6914640797881,1.87917881403101,4.54985772442315,4.21745145221209,0,24.8832174784338,7.10949070812393,4.04888560263308,9.65474248360241,9.65474248360241,0,10.7353309692671,10.7353309692671,12.8259629262451,24.8341666091001,6.93945117599686,14.2189814162479,2.98756891538047,2.42215364334794,2.42215364334794,11.8562892230862,8.88441183663487,22.5216733620989,15.0144489080659,12.8259629262451,14.8073530610581,19.1028028834466,19.1028028834466,2.26687472076184,0,16.8912550215742,0,8.64590413632253,7.84236840287372,0,4.08611213363109,10.7353309692671,4.97006063391997,2.33341162770068,3.83404677473826,1.87917881403101,6.25966820365431,0,16.5441744389391,3.67261322632823,16.5441744389391,1.69460630927658,9.65474248360241,11.8562892230862,1.87917881403101,0,4.08611213363109,1.87917881403101,1.87917881403101,0,2.26687472076184,7.40580463530932,1.87917881403101,10.7353309692671,1.87917881403101,1.87917881403101,0,45.68225944369,19.1028028834466,1.87917881403101,9.65474248360241,45.68225944369,45.68225944369,6.93945117599686,8.88441183663487,45.68225944369,1.87917881403101,19.1028028834466,11.430698458847,10.7353309692671,11.8562892230862,45.68225944369,11.8562892230862,11.8562892230862,11.8562892230862,9.65474248360241,19.1028028834466,45.68225944369,12.8259629262451,10.7353309692671,2.98756891538047,45.68225944369
"6",0,0,840.934259259259,15.0144489080659,15.0144489080659,100912.111111111,0,2117.0372960373,0,0,0,0,70.7658563191523,0,0,46.148831300813,0,485.15438034188,0,0,121.142990529545,121.142990529545,0,126.140138888889,126.140138888889,0,278.250306372549,0,1187.20130718954,0,0,0,0,0,0,0,0,0,45.029946948287,45.029946948287,0,0,141.13581973582,0,0,0,0,16.1304525433362,0,0,0,0,0,0,0,0,0,0,0,121.142990529545,0,0,0,16.1304525433362,0,0,0,0,58.4094797093061,0,126.140138888889,0,0,0,15.0144489080659,45.029946948287,0,121.142990529545,15.0144489080659,15.0144489080659,0,0,15.0144489080659,0,45.029946948287,0,0,0,0,0,0,0,121.142990529545,45.029946948287,15.0144489080659,0,0,0,15.0144489080659
"7",0,0,87.294213763937,4.8576158231978,4.8576158231978,0,3142.59169550173,0,31.4259169550173,3.77075514000066,4.2049633076371,0,5.37681751444539,53.370688135394,18.6362995896033,21.3127894242803,0,0,0,0,0,0,0,0,0,74.9285537496906,0,31.7433504596134,0,0,19.0460102757681,19.0460102757681,0,0,0,0,74.9285537496906,0,6.79954929661823,6.79954929661823,8.18508638325868,0,0,0,0,0,0,7.85647923875433,0,114.153971845148,8.07302629707589,0,53.370688135394,0,127.200140056022,0,4.60552231237322,0,44.6316280898324,0,0,53.370688135394,3142.59169550173,7.85647923875433,53.370688135394,53.370688135394,0,8.18508638325868,8.64886819225019,53.370688135394,0,53.370688135394,53.370688135394,0,4.8576158231978,6.79954929661823,53.370688135394,0,4.8576158231978,4.8576158231978,31.7433504596134,0,4.8576158231978,53.370688135394,6.79954929661823,88.7442837600156,0,0,0,0,0,0,0,6.79954929661823,4.8576158231978,74.9285537496906,0,0,4.8576158231978
"8",0,0,0,7.80751343219428,7.80751343219428,2117.0372960373,0,7505.85950413223,0,0,6.8376359872012,0,26.9231916996047,8.98318513169998,0,11.4672853535354,0,101.181929590018,0,0,58.1030644232615,58.1030644232615,0,0,0,64.9602317430799,0,0,0,0,0,0,101.931425364759,1100.85939393939,0,0,64.9602317430799,0,22.6514278588353,22.6514278588353,0,0,70.5679098679099,0,412.822272727273,645.034801136364,0,4.15816149000073,655.273448773449,0,0,0,8.98318513169998,0,0,0,0,0,0,58.1030644232615,101.931425364759,8.98318513169998,0,4.15816149000073,8.98318513169998,8.98318513169998,0,0,29.0719910371319,8.98318513169998,0,8.98318513169998,8.98318513169998,0,7.80751343219428,22.6514278588353,8.98318513169998,58.1030644232615,7.80751343219428,7.80751343219428,0,1100.85939393939,7.80751343219428,8.98318513169998,22.6514278588353,0,655.273448773449,101.931425364759,0,101.931425364759,101.931425364759,101.931425364759,58.1030644232615,22.6514278588353,7.80751343219428,64.9602317430799,655.273448773449,0,7.80751343219428
"9",0,247.333605664488,29.0980712546456,5.57197109131512,5.57197109131512,0,31.4259169550173,0,785.647923875433,16.8725314739013,30.7742274329086,0,0,2.3672482640699,5.26449140949245,5.96250656512605,0,0,49.4667211328976,43.8621172606974,0,0,236.913786357115,0,0,0,0,47.0045766421199,0,40.5957893795816,28.8311164724929,28.8311164724929,0,0,0,0,0,114.153971845148,0,0,23.22280322692,0,0,0,0,0,0,2.33823786867688,0,0,12.517352114229,28.7226122707147,2.3672482640699,0,82.9566130800146,0,21.5419592030361,0,0,0,0,2.3672482640699,0,2.33823786867688,2.3672482640699,2.3672482640699,0,23.22280322692,0,2.3672482640699,0,2.3672482640699,2.3672482640699,0,5.57197109131512,0,2.3672482640699,0,5.57197109131512,5.57197109131512,47.0045766421199,0,5.57197109131512,2.3672482640699,0,15.6393614822978,0,0,0,0,0,0,0,0,5.57197109131512,0,0,40.5957893795816,5.57197109131512
"10",11.5358889354622,11.5358889354622,5.34190311500094,3.61078019909427,3.61078019909427,0,3.77075514000066,0,16.8725314739013,35.0375757108136,9.78975819119919,11.5358889354622,1.74475732706287,2.56155194325719,3.05732886203444,1.8003350072684,0,0,11.1263307484043,9.23965035339473,0.550829966745532,0.550829966745532,15.3539730251524,4.67748730467744,4.67748730467744,1.91546678758608,1.84589322298462,12.8073367562128,4.32264344018467,7.02788582571552,7.50738579909635,7.50738579909635,0.799468493401501,0,0,0,1.91546678758608,5.66370450747088,2.07446009067964,2.07446009067964,8.44434350889334,0,1.56370053761358,0,16.9911135224126,4.02932120674357,1.76062724389544,2.83484828870554,0,2.56878401158515,7.36948677908889,3.00055834544734,2.56155194325719,0,9.42531276431244,0,7.05131211180124,0,2.01466060337178,0.550829966745532,0.799468493401501,2.56155194325719,0,2.83484828870554,2.56155194325719,2.56155194325719,0,8.44434350889334,2.83755014559406,2.56155194325719,4.67748730467744,2.56155194325719,2.56155194325719,0,3.61078019909427,2.07446009067964,2.56155194325719,0.550829966745532,3.61078019909427,3.61078019909427,12.8073367562128,0,3.61078019909427,2.56155194325719,2.07446009067964,5.47462120481463,0,0.799468493401501,0,0.799468493401501,0.799468493401501,0.799468493401501,0.550829966745532,2.07446009067964,3.61078019909427,1.91546678758608,0,7.02788582571552,3.61078019909427
"11",0,0,0,4.55397695514763,4.55397695514763,0,4.2049633076371,6.8376359872012,30.7742274329086,9.78975819119919,82.3772335600907,0,1.94854911552366,2.48823701852872,4.97358073819868,2.38939489607998,0,0,12.5356659765355,11.8514859883209,2.32266635977699,2.32266635977699,42.8906257378985,3.60400396825397,3.60400396825397,6.29367658778282,0,23.5211937816489,4.84571962118181,21.4897131026324,14.7123053558773,14.7123053558773,1.71619236583522,0,0,0,6.29367658778282,13.105468975469,2.34692973105672,2.34692973105672,9.83736433999006,0,1.58417756846328,0,39.3164069264069,0,3.93880215109723,2.1836933915197,0,2.81562810019841,10.8974823546019,4.33564387158372,2.48823701852872,0,10.5611837897552,0,10.3984376788967,0,2.84059426069278,2.32266635977699,1.71619236583522,2.48823701852872,0,2.1836933915197,2.48823701852872,2.48823701852872,0,9.83736433999006,2.11258068643072,2.48823701852872,3.60400396825397,2.48823701852872,2.48823701852872,40.8000449236298,4.55397695514763,2.34692973105672,2.48823701852872,2.32266635977699,4.55397695514763,4.55397695514763,23.5211937816489,0,4.55397695514763,2.48823701852872,2.34692973105672,4.71625382977619,0,1.71619236583522,0,1.71619236583522,1.71619236583522,1.71619236583522,2.32266635977699,2.34692973105672,4.55397695514763,6.29367658778282,0,21.4897131026324,4.55397695514763
"12",0,0,0,30.2403689275131,30.2403689275131,0,0,0,0,11.5358889354622,0,100912.111111111,35.0065140302189,0,0,0,0,0,0,0,0,0,0,126.140138888889,126.140138888889,0,0,0,0,0,40.9379761099842,40.9379761099842,0,0,0,0,0,0,45.029946948287,45.029946948287,25.9569864814656,0,141.13581973582,0,0,0,0,16.1304525433362,0,0,0,315.350347222222,0,0,0,0,0,0,0,0,0,0,0,16.1304525433362,0,0,0,25.9569864814656,0,0,126.140138888889,0,0,0,30.2403689275131,45.029946948287,0,0,30.2403689275131,30.2403689275131,0,0,30.2403689275131,0,45.029946948287,360.400396825397,0,0,37842.0416666667,0,0,0,0,45.029946948287,30.2403689275131,0,0,0,30.2403689275131
"13",107.302575614367,0,5.03151730709569,17.6914640797881,17.6914640797881,70.7658563191523,5.37681751444539,26.9231916996047,0,1.74475732706287,1.94854911552366,35.0065140302189,107.302575614367,2.42417262116072,5.40182596800095,7.61715814546431,0,107.302575614367,0,2.30005520888205,22.2088570450433,22.2088570450433,0,21.0521457406139,21.0521457406139,5.2635760898543,74.038777173913,2.74560894354658,25.5581539327424,0,3.37614123000059,3.37614123000059,28.3673475762119,84.9190275829827,25.9785183066362,35.0065140302189,5.2635760898543,16.9619191692813,107.302575614367,107.302575614367,3.36365161096438,0,43.5705288118866,53.0743922393642,0,23.7303772993311,0,5.84824464248918,24.4352399913904,3.57675252047889,1.28450342078267,5.4843538647343,2.42417262116072,14.390432881227,0,25.1832575421473,3.73528965922444,25.1832575421473,5.38268100137499,22.2088570450433,28.3673475762119,2.42417262116072,0,5.84824464248918,2.42417262116072,2.42417262116072,0,3.36365161096438,15.1336007765017,2.42417262116072,21.0521457406139,2.42417262116072,2.42417262116072,0,17.6914640797881,107.302575614367,2.42417262116072,22.2088570450433,17.6914640797881,17.6914640797881,2.74560894354658,84.9190275829827,17.6914640797881,2.42417262116072,107.302575614367,18.5560845047401,24.4352399913904,28.3673475762119,107.302575614367,28.3673475762119,28.3673475762119,28.3673475762119,22.2088570450433,107.302575614367,17.6914640797881,5.2635760898543,24.4352399913904,0,17.6914640797881
"14",0,0,15.6923249706269,1.87917881403101,1.87917881403101,0,53.370688135394,8.98318513169998,2.3672482640699,2.56155194325719,2.48823701852872,0,2.42417262116072,109.673831662843,13.1377604405248,9.41539498237611,0,0,16.46917274145,2.34114911595559,4.46014539609058,4.46014539609058,8.98318513169998,3.03537672789498,3.03537672789498,8.11627976252536,0,11.6831357112305,0,13.8423282681258,14.2095207901877,14.2095207901877,2.20024662286567,0,0,0,8.11627976252536,0,2.93366216382089,2.93366216382089,4.44161935083163,21.0111972238288,0.990602350503095,0,9.98031868131868,5.88462186398507,5.13390878668656,4.8234072610626,8.15385513179631,3.64777729580361,2.90229381838634,8.4578971875582,109.673831662843,0,35.6439952904239,25.7224708281409,6.69071643440358,12.7299983180085,15.2081046572475,4.46014539609058,2.20024662286567,109.673831662843,0,4.8234072610626,109.673831662843,109.673831662843,0,4.44161935083163,6.34822633068885,109.673831662843,3.03537672789498,109.673831662843,109.673831662843,0,1.87917881403101,2.93366216382089,109.673831662843,4.46014539609058,1.87917881403101,1.87917881403101,11.6831357112305,0,1.87917881403101,109.673831662843,2.93366216382089,18.9260151984551,8.15385513179631,2.20024662286567,0,2.20024662286567,2.20024662286567,2.20024662286567,4.46014539609058,2.93366216382089,1.87917881403101,8.11627976252536,8.15385513179631,13.8423282681258,1.87917881403101
"15",80.9239062639223,0,5.6961001981887,4.54985772442315,4.54985772442315,0,18.6362995896033,0,5.26449140949245,3.05732886203444,4.97358073819868,0,5.40182596800095,13.1377604405248,122.797322877231,9.36824737434359,40.0021582100071,8.14858778351995,18.3343225129199,2.56448998723697,1.60837188051201,1.60837188051201,0,10.3130564135174,10.3130564135174,18.4142454532552,8.60916013650152,1.52257349588262,7.04037984496124,0,2.21860709400039,2.21860709400039,9.9440393290413,0,0,0,18.4142454532552,19.3417028707726,6.55986941063242,6.55986941063242,2.08882357067534,0,6.72290913577201,0,0,0,0,4.04816934213341,9.07265443938304,12.3371142143012,1.88986574220506,3.06103471520054,13.1377604405248,0,0,14.1943142035509,2.91728446614416,14.1943142035509,1.97985934897673,1.60837188051201,9.9440393290413,13.1377604405248,60.6929296979417,4.04816934213341,13.1377604405248,13.1377604405248,0,2.08882357067534,20.4787533763416,13.1377604405248,10.3130564135174,13.1377604405248,13.1377604405248,60.6929296979417,4.54985772442315,6.55986941063242,13.1377604405248,1.60837188051201,4.54985772442315,4.54985772442315,1.52257349588262,0,4.54985772442315,13.1377604405248,6.55986941063242,3.33772748654926,9.07265443938304,9.9440393290413,0,9.9440393290413,9.9440393290413,9.9440393290413,1.60837188051201,6.55986941063242,4.54985772442315,18.4142454532552,9.07265443938304,0,4.54985772442315
"16",0,0,41.1326539855072,4.21745145221209,4.21745145221209,46.148831300813,21.3127894242803,11.4672853535354,5.96250656512605,1.8003350072684,2.38939489607998,0,7.61715814546431,9.41539498237611,9.36824737434359,141.90765625,0,0,21.0233564814815,4.34965996168582,11.3017546042807,11.3017546042807,0,11.631775102459,11.631775102459,20.9264746543779,3.19611838400901,10.6848117647059,16.276146953405,8.71936443932412,5.91722170513775,5.91722170513775,0,27.0300297619048,34.1946159638554,0,20.9264746543779,22.2600245098039,9.2818350911618,9.2818350911618,4.12607930944964,0,4.95476813966176,0,0,0,0,10.9260591507545,10.3961652930403,39.4187934027778,4.30023200757576,14.2800157232704,9.41539498237611,0,8.71936443932412,0,3.91469396551724,16.3112248563218,26.786515980266,11.3017546042807,0,9.41539498237611,0,10.9260591507545,9.41539498237611,9.41539498237611,0,4.12607930944964,0,9.41539498237611,11.631775102459,9.41539498237611,9.41539498237611,0,4.21745145221209,9.2818350911618,9.41539498237611,11.3017546042807,4.21745145221209,4.21745145221209,10.6848117647059,27.0300297619048,4.21745145221209,9.41539498237611,9.2818350911618,15.5942479395604,10.3961652930403,0,0,0,0,0,11.3017546042807,9.2818350911618,4.21745145221209,20.9264746543779,10.3961652930403,8.71936443932412,4.21745145221209
"17",0,0,0,0,0,0,0,0,0,0,0,0,0,0,40.0021582100071,0,100912.111111111,0,0,0,0,0,0,0,0,0,0,0,0,0,0,0,0,0,0,0,0,0,0,0,0,0,0,0,0,0,0,32.4963861456992,0,0,0,0,0,0,0,0,0,0,0,0,0,0,0,32.4963861456992,0,0,0,0,0,0,0,0,0,0,0,0,0,0,0,0,0,0,0,0,0,0,0,0,0,0,0,0,0,0,0,0,0,0,0
"18",0,0,0,24.8832174784338,24.8832174784338,485.15438034188,0,101.181929590018,0,0,0,0,145.174072890026,0,8.14858778351995,0,0,1576.75173611111,0,0,44.7702356304841,44.7702356304841,0,71.670533459596,71.670533459596,0,197.093967013889,0,136.367717717718,0,0,0,75.083416005291,560.622839506173,350.389274691358,0,0,0,66.015370594024,66.015370594024,2.72049185238438,0,90.7301698301698,756.840833333333,0,0,0,3.52215577686771,90.1000992063492,33.5479092789598,0,0,0,180.200198412698,0,152.588877688172,3.07658875338753,152.588877688172,0,44.7702356304841,75.083416005291,0,0,3.52215577686771,0,0,0,2.72049185238438,49.0102530894177,0,71.670533459596,0,0,0,24.8832174784338,66.015370594024,0,44.7702356304841,24.8832174784338,24.8832174784338,0,560.622839506173,24.8832174784338,0,66.015370594024,54.0600595238095,90.1000992063492,75.083416005291,756.840833333333,75.083416005291,75.083416005291,75.083416005291,44.7702356304841,66.015370594024,24.8832174784338,0,90.1000992063492,0,24.8832174784338
"19",0,0,0,7.10949070812393,7.10949070812393,0,0,0,49.4667211328976,11.1263307484043,12.5356659765355,0,0,16.46917274145,18.3343225129199,21.0233564814815,0,0,6307.00694444444,18.9115650508079,0,0,312.74414600551,26.7246056967985,26.7246056967985,119.093758195646,55.0029675387597,48.6557912782599,0,0,0,0,44.7305457052797,0,0,0,119.093758195646,0,0,0,24.6027089259109,946.051041666667,0,0,0,0,0,3.78571845404829,0,0,4.62390538449006,0,16.46917274145,0,0,0,0,0,34.0000374363582,0,44.7305457052797,16.46917274145,0,3.78571845404829,16.46917274145,16.46917274145,0,24.6027089259109,0,16.46917274145,26.7246056967985,16.46917274145,16.46917274145,0,7.10949070812393,0,16.46917274145,0,7.10949070812393,7.10949070812393,48.6557912782599,0,7.10949070812393,16.46917274145,0,0,0,44.7305457052797,0,44.7305457052797,44.7305457052797,44.7305457052797,0,0,7.10949070812393,119.093758195646,0,0,7.10949070812393
"20",0,0,35.7506298220753,4.04888560263308,4.04888560263308,0,0,0,43.8621172606974,9.23965035339473,11.8514859883209,0,2.30005520888205,2.34114911595559,2.56448998723697,4.34965996168582,0,0,18.9115650508079,269.978894173603,3.01478164460319,3.01478164460319,20.9341923289692,3.10689997263273,3.10689997263273,0,0,21.0710171154331,0,15.7532956358843,10.9167936293291,10.9167936293291,0,0,0,0,0,0,2.82216380320248,2.82216380320248,8.4429057487791,0,0,0,0,0,48.3295551298425,2.42395911177538,0,0,10.1680362740708,5.99953098163562,2.34114911595559,0,31.9566854327938,0,21.4040821136194,0,3.76593936076695,3.01478164460319,0,2.34114911595559,0,2.42395911177538,2.34114911595559,2.34114911595559,0,8.4429057487791,0,2.34114911595559,3.10689997263273,2.34114911595559,2.34114911595559,132.701490356517,4.04888560263308,2.82216380320248,2.34114911595559,3.01478164460319,4.04888560263308,4.04888560263308,21.0710171154331,0,4.04888560263308,2.34114911595559,2.82216380320248,0,0,0,0,0,0,0,3.01478164460319,2.82216380320248,4.04888560263308,0,0,15.7532956358843,4.04888560263308
"21",0,0,0,9.65474248360241,9.65474248360241,121.142990529545,0,58.1030644232615,0,0.550829966745532,2.32266635977699,0,22.2088570450433,4.46014539609058,1.60837188051201,11.3017546042807,0,44.7702356304841,0,3.01478164460319,378.262807163682,378.262807163682,0,4.0223258574263,4.0223258574263,0,14.6636689485921,3.67099971301652,19.6136270381168,0,1.6395291951367,1.6395291951367,39.1031171962456,218.057382953181,181.714485794318,0,0,0,23.2704049604776,23.2704049604776,1.11756873988667,0,36.7027278238028,0,0,162.58664518439,0,1.48946299831408,52.3584111610746,0,0.470141983335542,16.0475130311865,4.46014539609058,48.1425390935595,0,0,3.80853648308639,0,4.90340675952921,378.262807163682,39.1031171962456,4.46014539609058,0,1.48946299831408,4.46014539609058,4.46014539609058,0,1.11756873988667,11.3502005823762,4.46014539609058,4.0223258574263,4.46014539609058,4.46014539609058,0,9.65474248360241,23.2704049604776,4.46014539609058,378.262807163682,9.65474248360241,9.65474248360241,3.67099971301652,218.057382953181,9.65474248360241,4.46014539609058,23.2704049604776,8.70999884916372,52.3584111610746,39.1031171962456,0,39.1031171962456,39.1031171962456,39.1031171962456,378.262807163682,23.2704049604776,9.65474248360241,0,52.3584111610746,0,9.65474248360241
"22",0,0,0,9.65474248360241,9.65474248360241,121.142990529545,0,58.1030644232615,0,0.550829966745532,2.32266635977699,0,22.2088570450433,4.46014539609058,1.60837188051201,11.3017546042807,0,44.7702356304841,0,3.01478164460319,378.262807163682,378.262807163682,0,4.0223258574263,4.0223258574263,0,14.6636689485921,3.67099971301652,19.6136270381168,0,1.6395291951367,1.6395291951367,39.1031171962456,218.057382953181,181.714485794318,0,0,0,23.2704049604776,23.2704049604776,1.11756873988667,0,36.7027278238028,0,0,162.58664518439,0,1.48946299831408,52.3584111610746,0,0.470141983335542,16.0475130311865,4.46014539609058,48.1425390935595,0,0,3.80853648308639,0,4.90340675952921,378.262807163682,39.1031171962456,4.46014539609058,0,1.48946299831408,4.46014539609058,4.46014539609058,0,1.11756873988667,11.3502005823762,4.46014539609058,4.0223258574263,4.46014539609058,4.46014539609058,0,9.65474248360241,23.2704049604776,4.46014539609058,378.262807163682,9.65474248360241,9.65474248360241,3.67099971301652,218.057382953181,9.65474248360241,4.46014539609058,23.2704049604776,8.70999884916372,52.3584111610746,39.1031171962456,0,39.1031171962456,39.1031171962456,39.1031171962456,378.262807163682,23.2704049604776,9.65474248360241,0,52.3584111610746,0,9.65474248360241
"23",0,0,0,0,0,0,0,0,236.913786357115,15.3539730251524,42.8906257378985,0,0,8.98318513169998,0,0,0,0,312.74414600551,20.9341923289692,0,0,7505.85950413223,0,0,64.9602317430799,0,82.3175020393365,0,0,42.2324575680074,42.2324575680074,0,0,0,0,64.9602317430799,0,0,0,27.074751449567,0,0,0,0,0,0,4.15816149000073,0,0,15.5508138897767,68.8037121212121,8.98318513169998,0,245.727543290043,0,38.9454974271012,573.364267676768,37.8042374292374,0,0,8.98318513169998,0,4.15816149000073,8.98318513169998,8.98318513169998,0,27.074751449567,0,8.98318513169998,0,8.98318513169998,8.98318513169998,0,0,0,8.98318513169998,0,0,0,82.3175020393365,0,0,8.98318513169998,0,77.5981715652768,0,0,0,0,0,0,0,0,0,64.9602317430799,0,0,0
"24",126.140138888889,0,32.8489945023148,10.7353309692671,10.7353309692671,126.140138888889,0,0,0,4.67748730467744,3.60400396825397,126.140138888889,21.0521457406139,3.03537672789498,10.3130564135174,11.631775102459,0,71.670533459596,26.7246056967985,3.10689997263273,4.0223258574263,4.0223258574263,0,394.187934027778,394.187934027778,7.82507065067549,56.6982644834475,7.64949295869551,132.779093567251,45.0500496031746,6.90233318133455,6.90233318133455,33.2648045593061,0,0,257.428854875283,7.82507065067549,59.5000655136268,21.7756046418358,21.7756046418358,3.49010467904575,72.7731570512821,19.2230980890179,394.187934027778,33.1947733918129,58.1588755122951,0,11.4573655565167,0,0,2.95887523457048,16.5973866959064,3.03537672789498,0,0,133.87514740566,2.59192066210046,87.5973186728395,0,4.0223258574263,33.2648045593061,3.03537672789498,0,11.4573655565167,3.03537672789498,3.03537672789498,0,3.49010467904575,16.6558281983568,3.03537672789498,394.187934027778,3.03537672789498,3.03537672789498,0,10.7353309692671,21.7756046418358,3.03537672789498,4.0223258574263,10.7353309692671,10.7353309692671,7.64949295869551,0,10.7353309692671,3.03537672789498,21.7756046418358,27.7705785225049,0,33.2648045593061,0,33.2648045593061,33.2648045593061,33.2648045593061,4.0223258574263,21.7756046418358,10.7353309692671,7.82507065067549,0,45.0500496031746,10.7353309692671
"25",126.140138888889,0,32.8489945023148,10.7353309692671,10.7353309692671,126.140138888889,0,0,0,4.67748730467744,3.60400396825397,126.140138888889,21.0521457406139,3.03537672789498,10.3130564135174,11.631775102459,0,71.670533459596,26.7246056967985,3.10689997263273,4.0223258574263,4.0223258574263,0,394.187934027778,394.187934027778,7.82507065067549,56.6982644834475,7.64949295869551,132.779093567251,45.0500496031746,6.90233318133455,6.90233318133455,33.2648045593061,0,0,257.428854875283,7.82507065067549,59.5000655136268,21.7756046418358,21.7756046418358,3.49010467904575,72.7731570512821,19.2230980890179,394.187934027778,33.1947733918129,58.1588755122951,0,11.4573655565167,0,0,2.95887523457048,16.5973866959064,3.03537672789498,0,0,133.87514740566,2.59192066210046,87.5973186728395,0,4.0223258574263,33.2648045593061,3.03537672789498,0,11.4573655565167,3.03537672789498,3.03537672789498,0,3.49010467904575,16.6558281983568,3.03537672789498,394.187934027778,3.03537672789498,3.03537672789498,0,10.7353309692671,21.7756046418358,3.03537672789498,4.0223258574263,10.7353309692671,10.7353309692671,7.64949295869551,0,10.7353309692671,3.03537672789498,21.7756046418358,27.7705785225049,0,33.2648045593061,0,33.2648045593061,33.2648045593061,33.2648045593061,4.0223258574263,21.7756046418358,10.7353309692671,7.82507065067549,0,45.0500496031746,10.7353309692671
"26",0,0,144.676861808045,12.8259629262451,12.8259629262451,0,74.9285537496906,64.9602317430799,0,1.91546678758608,6.29367658778282,0,5.2635760898543,8.11627976252536,18.4142454532552,20.9264746543779,0,0,119.093758195646,0,0,0,64.9602317430799,7.82507065067549,7.82507065067549,945.066597294485,0,7.09200302980611,0,0,0,0,51.6703077885874,0,0,0,945.066597294485,135.634557945042,6.57622099127475,6.57622099127475,1.9985718341039,0,0,0,0,0,0,21.2585123714172,0,149.474818959842,4.12031172875352,33.1040277018407,8.11627976252536,0,0,0,4.54218054513628,197.953138622493,19.6492719759417,0,51.6703077885874,8.11627976252536,0,21.2585123714172,8.11627976252536,8.11627976252536,0,1.9985718341039,0,8.11627976252536,7.82507065067549,8.11627976252536,8.11627976252536,0,12.8259629262451,6.57622099127475,8.11627976252536,0,12.8259629262451,12.8259629262451,7.09200302980611,0,12.8259629262451,8.11627976252536,6.57622099127475,18.0400643572223,0,51.6703077885874,0,51.6703077885874,51.6703077885874,51.6703077885874,0,6.57622099127475,12.8259629262451,945.066597294485,0,0,12.8259629262451
"27",278.250306372549,0,0,24.8341666091001,24.8341666091001,278.250306372549,0,0,0,1.84589322298462,0,0,74.038777173913,0,8.60916013650152,3.19611838400901,0,197.093967013889,55.0029675387597,0,14.6636689485921,14.6636689485921,0,56.6982644834475,56.6982644834475,0,886.9228515625,6.78659283835485,129.006960227273,0,0,0,105.116782407407,500.850551470588,0,278.250306372549,0,0,84.7094949803283,84.7094949803283,1.92208663483679,0,113.412712287712,430.023200757576,0,37.7413979388298,0,7.72917517701525,55.0029675387597,21.5011600378788,0.779027537604304,15.5090334699454,0,0,0,90.9664463141026,4.36638942307692,186.720600328947,9.25685950750163,14.6636689485921,105.116782407407,0,0,7.72917517701525,0,0,0,1.92208663483679,38.2729669238837,0,56.6982644834475,0,0,0,24.8341666091001,84.7094949803283,0,14.6636689485921,24.8341666091001,24.8341666091001,6.78659283835485,500.850551470588,24.8341666091001,0,84.7094949803283,53.3487429511278,55.0029675387597,105.116782407407,430.023200757576,105.116782407407,105.116782407407,105.116782407407,14.6636689485921,84.7094949803283,24.8341666091001,0,55.0029675387597,0,24.8341666091001
"28",0,0,0,6.93945117599686,6.93945117599686,0,31.7433504596134,0,47.0045766421199,12.8073367562128,23.5211937816489,0,2.74560894354658,11.6831357112305,1.52257349588262,10.6848117647059,0,0,48.6557912782599,21.0710171154331,3.67099971301652,3.67099971301652,82.3175020393365,7.64949295869551,7.64949295869551,7.09200302980611,6.78659283835485,349.176855055748,0,40.3809968431817,34.0223602362011,34.0223602362011,0,0,0,0,7.09200302980611,0,3.38233990652291,3.38233990652291,14.9213183952279,64.7564349376114,0,0,60.3661681621801,0,0,6.62062857198398,0,30.916700708061,14.2366534096507,7.42000816993464,11.6831357112305,0,40.3809968431817,0,18.1979762415915,0,9.31869157919578,3.67099971301652,0,11.6831357112305,0,6.62062857198398,11.6831357112305,11.6831357112305,0,14.9213183952279,0,11.6831357112305,7.64949295869551,11.6831357112305,11.6831357112305,0,6.93945117599686,3.38233990652291,11.6831357112305,3.67099971301652,6.93945117599686,6.93945117599686,349.176855055748,0,6.93945117599686,11.6831357112305,3.38233990652291,25.1052908005307,0,0,0,0,0,0,3.67099971301652,3.38233990652291,6.93945117599686,7.09200302980611,0,40.3809968431817,6.93945117599686
"29",1187.20130718954,0,105.116782407407,14.2189814162479,14.2189814162479,1187.20130718954,0,0,0,4.32264344018467,4.84571962118181,0,25.5581539327424,0,7.04037984496124,16.276146953405,0,136.367717717718,0,0,19.6136270381168,19.6136270381168,0,132.779093567251,132.779093567251,0,129.006960227273,0,4036.48444444444,0,7.19515943751238,7.19515943751238,105.116782407407,0,0,1187.20130718954,0,0,15.9041940285439,15.9041940285439,0,0,23.884523339908,1892.10208333333,0,126.140138888889,0,15.2465921300027,0,0,1.81062400318979,0,0,0,0,0,5.31116374269006,0,0,19.6136270381168,105.116782407407,0,0,15.2465921300027,0,0,0,0,10.0326871030102,0,132.779093567251,0,0,0,14.2189814162479,15.9041940285439,0,19.6136270381168,14.2189814162479,14.2189814162479,0,0,14.2189814162479,0,15.9041940285439,0,0,105.116782407407,0,105.116782407407,105.116782407407,105.116782407407,19.6136270381168,15.9041940285439,14.2189814162479,0,0,0,14.2189814162479
"30",0,0,0,2.98756891538047,2.98756891538047,0,0,0,40.5957893795816,7.02788582571552,21.4897131026324,0,0,13.8423282681258,0,8.71936443932412,0,0,0,15.7532956358843,0,0,0,45.0500496031746,45.0500496031746,0,0,40.3809968431817,0,4633.7193877551,7.78776367689933,7.78776367689933,0,0,0,0,0,0,0,0,0,0,0,0,0,0,240.266931216931,3.20134580677909,0,0,9.96192743067743,0,13.8423282681258,0,0,386.143282312925,11.5842984693878,0,0,0,0,13.8423282681258,0,3.20134580677909,13.8423282681258,13.8423282681258,0,0,10.8772755581106,13.8423282681258,45.0500496031746,13.8423282681258,13.8423282681258,0,2.98756891538047,0,13.8423282681258,0,2.98756891538047,2.98756891538047,40.3809968431817,0,2.98756891538047,13.8423282681258,0,0,0,0,0,0,0,0,0,0,2.98756891538047,0,0,4633.7193877551,2.98756891538047
"31",0,0,0,2.42215364334794,2.42215364334794,0,19.0460102757681,0,28.8311164724929,7.50738579909635,14.7123053558773,40.9379761099842,3.37614123000059,14.2095207901877,2.21860709400039,5.91722170513775,0,0,0,10.9167936293291,1.6395291951367,1.6395291951367,42.2324575680074,6.90233318133455,6.90233318133455,0,0,34.0223602362011,7.19515943751238,7.78776367689933,125.703667820069,125.703667820069,2.47333605664488,0,0,40.9379761099842,0,0,4.09662286814887,4.09662286814887,12.9228069721566,0,3.35472896851048,0,59.3600653594771,6.67800735294118,5.81961425092913,3.72344987618688,0,4.1222267610748,9.09300160192231,9.54001050420168,14.2095207901877,0,15.736099800745,14.5174072890026,10.8120119047619,0,6.15484548658173,1.6395291951367,2.47333605664488,14.2095207901877,0,3.72344987618688,14.2095207901877,14.2095207901877,0,12.9228069721566,1.95441956552147,14.2095207901877,6.90233318133455,14.2095207901877,14.2095207901877,0,2.42215364334794,4.09662286814887,14.2095207901877,1.6395291951367,2.42215364334794,2.42215364334794,34.0223602362011,0,2.42215364334794,14.2095207901877,4.09662286814887,17.666686118892,0,2.47333605664488,62.1209986320109,2.47333605664488,2.47333605664488,2.47333605664488,1.6395291951367,4.09662286814887,2.42215364334794,0,0,7.78776367689933,2.42215364334794
"32",0,0,0,2.42215364334794,2.42215364334794,0,19.0460102757681,0,28.8311164724929,7.50738579909635,14.7123053558773,40.9379761099842,3.37614123000059,14.2095207901877,2.21860709400039,5.91722170513775,0,0,0,10.9167936293291,1.6395291951367,1.6395291951367,42.2324575680074,6.90233318133455,6.90233318133455,0,0,34.0223602362011,7.19515943751238,7.78776367689933,125.703667820069,125.703667820069,2.47333605664488,0,0,40.9379761099842,0,0,4.09662286814887,4.09662286814887,12.9228069721566,0,3.35472896851048,0,59.3600653594771,6.67800735294118,5.81961425092913,3.72344987618688,0,4.1222267610748,9.09300160192231,9.54001050420168,14.2095207901877,0,15.736099800745,14.5174072890026,10.8120119047619,0,6.15484548658173,1.6395291951367,2.47333605664488,14.2095207901877,0,3.72344987618688,14.2095207901877,14.2095207901877,0,12.9228069721566,1.95441956552147,14.2095207901877,6.90233318133455,14.2095207901877,14.2095207901877,0,2.42215364334794,4.09662286814887,14.2095207901877,1.6395291951367,2.42215364334794,2.42215364334794,34.0223602362011,0,2.42215364334794,14.2095207901877,4.09662286814887,17.666686118892,0,2.47333605664488,62.1209986320109,2.47333605664488,2.47333605664488,2.47333605664488,1.6395291951367,4.09662286814887,2.42215364334794,0,0,7.78776367689933,2.42215364334794
"33",221.298489278752,0,0,11.8562892230862,11.8562892230862,0,0,101.931425364759,0,0.799468493401501,1.71619236583522,0,28.3673475762119,2.20024662286567,9.9440393290413,0,0,75.083416005291,44.7305457052797,0,39.1031171962456,39.1031171962456,0,33.2648045593061,33.2648045593061,51.6703077885874,105.116782407407,0,105.116782407407,0,2.47333605664488,2.47333605664488,700.778549382716,0,0,221.298489278752,51.6703077885874,102.552958446251,32.3210232419701,32.3210232419701,1.66039408830971,0,52.3312590031691,0,0,0,0,11.4506298918744,44.7305457052797,0,2.05752727635204,12.9374501424501,2.20024662286567,0,0,0,3.76537728026534,73.3372900516796,0,39.1031171962456,700.778549382716,2.20024662286567,0,11.4506298918744,2.20024662286567,2.20024662286567,221.298489278752,1.66039408830971,32.6318266743317,2.20024662286567,33.2648045593061,2.20024662286567,2.20024662286567,0,11.8562892230862,32.3210232419701,2.20024662286567,39.1031171962456,11.8562892230862,11.8562892230862,0,0,11.8562892230862,2.20024662286567,32.3210232419701,14.3016030486269,44.7305457052797,700.778549382716,340.919294294294,700.778549382716,700.778549382716,700.778549382716,39.1031171962456,32.3210232419701,11.8562892230862,51.6703077885874,44.7305457052797,0,11.8562892230862
"34",0,0,0,8.88441183663487,8.88441183663487,0,0,1100.85939393939,0,0,0,0,84.9190275829827,0,0,27.0300297619048,0,560.622839506173,0,0,218.057382953181,218.057382953181,0,0,0,0,500.850551470588,0,0,0,0,0,0,36328.36,0,0,0,0,109.389822342668,109.389822342668,0,0,125.126383467279,0,0,567.630625,0,0,946.051041666667,0,0,0,0,0,0,0,0,0,0,218.057382953181,0,0,0,0,0,0,0,0,69.1441948991245,0,0,0,0,0,8.88441183663487,109.389822342668,0,218.057382953181,8.88441183663487,8.88441183663487,0,36328.36,8.88441183663487,0,109.389822342668,202.725223214286,946.051041666667,0,0,0,0,0,218.057382953181,109.389822342668,8.88441183663487,0,946.051041666667,0,8.88441183663487
"35",0,0,0,22.5216733620989,22.5216733620989,0,0,0,0,0,0,0,25.9785183066362,0,0,34.1946159638554,0,350.389274691358,0,0,181.714485794318,181.714485794318,0,0,0,0,0,0,0,0,0,0,0,0,56763.0625,0,0,0,33.3704071134627,33.3704071134627,0,0,51.3692873303167,0,0,0,0,0,1261.40138888889,0,0,0,0,3243.60357142857,0,0,0,0,0,181.714485794318,0,0,0,0,0,0,0,0,43.2151218119528,0,0,0,0,0,22.5216733620989,33.3704071134627,0,181.714485794318,22.5216733620989,22.5216733620989,0,0,22.5216733620989,0,33.3704071134627,0,1261.40138888889,0,0,0,0,0,181.714485794318,33.3704071134627,22.5216733620989,0,1261.40138888889,0,22.5216733620989
"36",0,0,0,15.0144489080659,15.0144489080659,0,0,0,0,0,0,0,35.0065140302189,0,0,0,0,0,0,0,0,0,0,257.428854875283,257.428854875283,0,278.250306372549,0,1187.20130718954,0,40.9379761099842,40.9379761099842,221.298489278752,0,0,100912.111111111,0,0,45.029946948287,45.029946948287,0,0,69.5146574818217,0,0,1051.16782407407,0,32.4963861456992,0,0,0,0,0,0,0,3784.20416666667,0,3784.20416666667,0,0,221.298489278752,0,0,32.4963861456992,0,0,0,0,58.4094797093061,0,257.428854875283,0,0,0,15.0144489080659,45.029946948287,0,0,15.0144489080659,15.0144489080659,0,0,15.0144489080659,0,45.029946948287,360.400396825397,0,221.298489278752,0,221.298489278752,221.298489278752,221.298489278752,0,45.029946948287,15.0144489080659,0,0,0,15.0144489080659
"37",0,0,144.676861808045,12.8259629262451,12.8259629262451,0,74.9285537496906,64.9602317430799,0,1.91546678758608,6.29367658778282,0,5.2635760898543,8.11627976252536,18.4142454532552,20.9264746543779,0,0,119.093758195646,0,0,0,64.9602317430799,7.82507065067549,7.82507065067549,945.066597294485,0,7.09200302980611,0,0,0,0,51.6703077885874,0,0,0,945.066597294485,135.634557945042,6.57622099127475,6.57622099127475,1.9985718341039,0,0,0,0,0,0,21.2585123714172,0,149.474818959842,4.12031172875352,33.1040277018407,8.11627976252536,0,0,0,4.54218054513628,197.953138622493,19.6492719759417,0,51.6703077885874,8.11627976252536,0,21.2585123714172,8.11627976252536,8.11627976252536,0,1.9985718341039,0,8.11627976252536,7.82507065067549,8.11627976252536,8.11627976252536,0,12.8259629262451,6.57622099127475,8.11627976252536,0,12.8259629262451,12.8259629262451,7.09200302980611,0,12.8259629262451,8.11627976252536,6.57622099127475,18.0400643572223,0,51.6703077885874,0,51.6703077885874,51.6703077885874,51.6703077885874,0,6.57622099127475,12.8259629262451,945.066597294485,0,0,12.8259629262451
"38",0,0,0,14.8073530610581,14.8073530610581,0,0,0,114.153971845148,5.66370450747088,13.105468975469,0,16.9619191692813,0,19.3417028707726,22.2600245098039,0,0,0,0,0,0,0,59.5000655136268,59.5000655136268,135.634557945042,0,0,0,0,0,0,102.552958446251,0,0,0,135.634557945042,25228.0277777778,21.7295674227199,21.7295674227199,0,0,0,0,0,0,0,15.9000175070028,0,0,4.75163757743178,144.160158730159,0,0,0,0,0,0,0,0,102.552958446251,0,0,15.9000175070028,0,0,0,0,0,0,59.5000655136268,0,0,0,14.8073530610581,21.7295674227199,0,0,14.8073530610581,14.8073530610581,0,0,14.8073530610581,0,21.7295674227199,0,0,102.552958446251,0,102.552958446251,102.552958446251,102.552958446251,0,21.7295674227199,14.8073530610581,135.634557945042,0,0,14.8073530610581
"39",138.42539247066,0,6.35626802161194,19.1028028834466,19.1028028834466,45.029946948287,6.79954929661823,22.6514278588353,0,2.07446009067964,2.34692973105672,45.029946948287,897.439723320158,2.93366216382089,6.55986941063242,9.2818350911618,0,66.015370594024,0,2.82216380320248,23.2704049604776,23.2704049604776,0,21.7756046418358,21.7756046418358,6.57622099127475,84.7094949803283,3.38233990652291,15.9041940285439,0,4.09662286814887,4.09662286814887,32.3210232419701,109.389822342668,33.3704071134627,45.029946948287,6.57622099127475,21.7295674227199,138.42539247066,138.42539247066,4.05262547275593,0,48.4208660302228,0,0,30.141012876676,0,6.12211895209129,31.1457133058985,4.49217018835074,1.52287986102727,6.85777173707857,2.93366216382089,18.4112590970829,0,32.219703419895,4.5107584787853,32.219703419895,6.67408142269253,23.2704049604776,32.3210232419701,2.93366216382089,0,6.12211895209129,2.93366216382089,2.93366216382089,0,4.05262547275593,14.769676590496,2.93366216382089,21.7756046418358,2.93366216382089,2.93366216382089,0,19.1028028834466,138.42539247066,2.93366216382089,23.2704049604776,19.1028028834466,19.1028028834466,3.38233990652291,109.389822342668,19.1028028834466,2.93366216382089,138.42539247066,19.2521579500746,31.1457133058985,32.3210232419701,138.42539247066,32.3210232419701,32.3210232419701,32.3210232419701,23.2704049604776,138.42539247066,19.1028028834466,6.57622099127475,31.1457133058985,0,19.1028028834466
"40",138.42539247066,0,6.35626802161194,19.1028028834466,19.1028028834466,45.029946948287,6.79954929661823,22.6514278588353,0,2.07446009067964,2.34692973105672,45.029946948287,897.439723320158,2.93366216382089,6.55986941063242,9.2818350911618,0,66.015370594024,0,2.82216380320248,23.2704049604776,23.2704049604776,0,21.7756046418358,21.7756046418358,6.57622099127475,84.7094949803283,3.38233990652291,15.9041940285439,0,4.09662286814887,4.09662286814887,32.3210232419701,109.389822342668,33.3704071134627,45.029946948287,6.57622099127475,21.7295674227199,138.42539247066,138.42539247066,4.05262547275593,0,48.4208660302228,0,0,30.141012876676,0,6.12211895209129,31.1457133058985,4.49217018835074,1.52287986102727,6.85777173707857,2.93366216382089,18.4112590970829,0,32.219703419895,4.5107584787853,32.219703419895,6.67408142269253,23.2704049604776,32.3210232419701,2.93366216382089,0,6.12211895209129,2.93366216382089,2.93366216382089,0,4.05262547275593,14.769676590496,2.93366216382089,21.7756046418358,2.93366216382089,2.93366216382089,0,19.1028028834466,138.42539247066,2.93366216382089,23.2704049604776,19.1028028834466,19.1028028834466,3.38233990652291,109.389822342668,19.1028028834466,2.93366216382089,138.42539247066,19.2521579500746,31.1457133058985,32.3210232419701,138.42539247066,32.3210232419701,32.3210232419701,32.3210232419701,23.2704049604776,138.42539247066,19.1028028834466,6.57622099127475,31.1457133058985,0,19.1028028834466
"41",0,25.9569864814656,11.5955390429498,2.26687472076184,2.26687472076184,0,8.18508638325868,0,23.22280322692,8.44434350889334,9.83736433999006,25.9569864814656,3.36365161096438,4.44161935083163,2.08882357067534,4.12607930944964,0,2.72049185238438,24.6027089259109,8.4429057487791,1.11756873988667,1.11756873988667,27.074751449567,3.49010467904575,3.49010467904575,1.9985718341039,1.92208663483679,14.9213183952279,0,0,12.9228069721566,12.9228069721566,1.66039408830971,0,0,0,1.9985718341039,0,4.05262547275593,4.05262547275593,79.3264913966285,0,3.90968888965419,0,7.31718498227522,0,0,0.780141045904343,0,5.48316187302277,7.48009077037782,8.50920759843534,4.44161935083163,0,10.1895973342608,0,7.11031168958262,0,2.74957388384815,1.11756873988667,1.66039408830971,4.44161935083163,0,0.780141045904343,4.44161935083163,4.44161935083163,0,79.3264913966285,1.35850425407158,4.44161935083163,3.49010467904575,4.44161935083163,4.44161935083163,0,2.26687472076184,4.05262547275593,4.44161935083163,1.11756873988667,2.26687472076184,2.26687472076184,14.9213183952279,0,2.26687472076184,4.44161935083163,4.05262547275593,6.88955728850589,0,1.66039408830971,39.2959934233299,1.66039408830971,1.66039408830971,1.66039408830971,1.11756873988667,4.05262547275593,2.26687472076184,1.9985718341039,0,0,2.26687472076184
"42",0,0,458.691414141414,0,0,0,0,0,0,0,0,0,0,21.0111972238288,0,0,0,0,946.051041666667,0,0,0,0,72.7731570512821,72.7731570512821,0,0,64.7564349376114,0,0,0,0,0,0,0,0,0,0,0,0,0,36328.36,0,0,0,0,458.691414141414,0,0,0,5.73364267676768,0,21.0111972238288,0,0,0,17.4655576923077,0,0,0,0,21.0111972238288,0,0,21.0111972238288,21.0111972238288,0,0,0,21.0111972238288,72.7731570512821,21.0111972238288,21.0111972238288,0,0,0,21.0111972238288,0,0,0,64.7564349376114,0,0,21.0111972238288,0,0,0,0,0,0,0,0,0,0,0,0,0,0,0
"43",141.13581973582,0,0,16.8912550215742,16.8912550215742,141.13581973582,0,70.5679098679099,0,1.56370053761358,1.58417756846328,141.13581973582,43.5705288118866,0.990602350503095,6.72290913577201,4.95476813966176,0,90.7301698301698,0,0,36.7027278238028,36.7027278238028,0,19.2230980890179,19.2230980890179,0,113.412712287712,0,23.884523339908,0,3.35472896851048,3.35472896851048,52.3312590031691,125.126383467279,51.3692873303167,69.5146574818217,0,0,48.4208660302228,48.4208660302228,3.90968888965419,0,214.960710059172,0,0,22.1083008763388,0,4.81587068721719,47.20420997921,13.3835691128795,1.6819681907076,15.1874414715719,0.990602350503095,28.1135737501935,0,24.257719017094,1.71441057102407,49.1987540628386,3.13846499412537,36.7027278238028,52.3312590031691,0.990602350503095,0,4.81587068721719,0.990602350503095,0.990602350503095,0,3.90968888965419,22.5830346517948,0.990602350503095,19.2230980890179,0.990602350503095,0.990602350503095,0,16.8912550215742,48.4208660302228,0.990602350503095,36.7027278238028,16.8912550215742,16.8912550215742,0,125.126383467279,16.8912550215742,0.990602350503095,48.4208660302228,28.3531780719281,47.20420997921,52.3312590031691,214.960710059172,52.3312590031691,52.3312590031691,52.3312590031691,36.7027278238028,48.4208660302228,16.8912550215742,0,47.20420997921,0,16.8912550215742
"44",0,0,0,0,0,0,0,0,0,0,0,0,53.0743922393642,0,0,0,0,756.840833333333,0,0,0,0,0,411.326539855072,411.326539855072,0,430.023200757576,0,1892.10208333333,0,0,0,0,0,0,0,0,0,0,0,0,0,0,227052.25,0,0,0,0,0,0,0,0,0,0,0,0,0,0,0,0,0,0,0,0,0,0,0,0,0,0,411.326539855072,0,0,0,0,0,0,0,0,0,0,0,0,0,0,0,0,0,0,0,0,0,0,0,0,0,0,0,0
"45",0,0,0,8.64590413632253,8.64590413632253,0,0,412.822272727273,0,16.9911135224126,39.3164069264069,0,0,9.98031868131868,0,0,0,0,0,0,0,0,0,33.1947733918129,33.1947733918129,0,0,60.3661681621801,0,0,59.3600653594771,59.3600653594771,0,0,0,0,0,0,0,0,7.31718498227522,0,0,0,9082.09,227.05225,0,0,0,0,20.1798597003555,0,9.98031868131868,0,0,0,25.4638037383178,0,42.4000466853408,0,0,9.98031868131868,0,0,9.98031868131868,9.98031868131868,0,7.31718498227522,15.9895950704225,9.98031868131868,33.1947733918129,9.98031868131868,9.98031868131868,0,8.64590413632253,0,9.98031868131868,0,8.64590413632253,8.64590413632253,60.3661681621801,0,8.64590413632253,9.98031868131868,0,0,0,0,0,0,0,0,0,0,8.64590413632253,0,0,0,8.64590413632253
"46",0,0,0,7.84236840287372,7.84236840287372,0,0,645.034801136364,0,4.02932120674357,0,0,23.7303772993311,5.88462186398507,0,0,0,0,0,0,162.58664518439,162.58664518439,0,58.1588755122951,58.1588755122951,0,37.7413979388298,0,126.140138888889,0,6.67800735294118,6.67800735294118,0,567.630625,0,1051.16782407407,0,0,30.141012876676,30.141012876676,0,0,22.1083008763388,0,227.05225,3547.69140625,0,2.76407589111804,0,0,0,0,5.88462186398507,0,0,308.494904891304,0,308.494904891304,0,162.58664518439,0,5.88462186398507,0,2.76407589111804,5.88462186398507,5.88462186398507,0,0,18.8112883181442,5.88462186398507,58.1588755122951,5.88462186398507,5.88462186398507,0,7.84236840287372,30.141012876676,5.88462186398507,162.58664518439,7.84236840287372,7.84236840287372,0,567.630625,7.84236840287372,5.88462186398507,30.141012876676,47.1454007475083,0,0,0,0,0,0,162.58664518439,30.141012876676,7.84236840287372,0,0,0,7.84236840287372
"47",0,0,80.0889770723104,0,0,0,0,0,0,1.76062724389544,3.93880215109723,0,0,5.13390878668656,0,0,0,0,0,48.3295551298425,0,0,0,0,0,0,0,0,0,240.266931216931,5.81961425092913,5.81961425092913,0,0,0,0,0,0,0,0,0,458.691414141414,0,0,0,0,2803.11419753086,2.42483927122047,144.988665389527,0,2.98627222748316,0,5.13390878668656,0,0,252.280277777778,8.69931992337165,0,20.3616043404179,0,0,5.13390878668656,0,2.42483927122047,5.13390878668656,5.13390878668656,0,0,0,5.13390878668656,0,5.13390878668656,5.13390878668656,0,0,0,5.13390878668656,0,0,0,0,0,0,5.13390878668656,0,0,144.988665389527,0,0,0,0,0,0,0,0,0,144.988665389527,240.266931216931,0
"48",16.1304525433362,0,20.3287895066702,4.08611213363109,4.08611213363109,16.1304525433362,7.85647923875433,4.15816149000073,2.33823786867688,2.83484828870554,2.1836933915197,16.1304525433362,5.84824464248918,4.8234072610626,4.04816934213341,10.9260591507545,32.4963861456992,3.52215577686771,3.78571845404829,2.42395911177538,1.48946299831408,1.48946299831408,4.15816149000073,11.4573655565167,11.4573655565167,21.2585123714172,7.72917517701525,6.62062857198398,15.2465921300027,3.20134580677909,3.72344987618688,3.72344987618688,11.4506298918744,0,0,32.4963861456992,21.2585123714172,15.9000175070028,6.12211895209129,6.12211895209129,0.780141045904343,0,4.81587068721719,0,0,2.76407589111804,2.42483927122047,49.1029952422145,0,8.97581633459835,2.18655864791988,6.91305109000122,4.8234072610626,0,0,11.7570551988401,3.26480359477124,17.760657853567,10.4730654237743,1.48946299831408,11.4506298918744,4.8234072610626,0,49.1029952422145,4.8234072610626,4.8234072610626,0,0.780141045904343,4.27529279957822,4.8234072610626,11.4573655565167,4.8234072610626,4.8234072610626,0,4.08611213363109,6.12211895209129,4.8234072610626,1.48946299831408,4.08611213363109,4.08611213363109,6.62062857198398,0,4.08611213363109,4.8234072610626,6.12211895209129,38.9042981554324,0,11.4506298918744,0,11.4506298918744,11.4506298918744,11.4506298918744,1.48946299831408,6.12211895209129,4.08611213363109,21.2585123714172,0,3.20134580677909,4.08611213363109
"49",0,0,0,10.7353309692671,10.7353309692671,0,0,655.273448773449,0,0,0,0,24.4352399913904,8.15385513179631,9.07265443938304,10.3961652930403,0,90.1000992063492,0,0,52.3584111610746,52.3584111610746,0,0,0,0,55.0029675387597,0,0,0,0,0,44.7305457052797,946.051041666667,1261.40138888889,0,0,0,31.1457133058985,31.1457133058985,0,0,47.20420997921,0,0,0,144.988665389527,0,6307.00694444444,0,2.29958930886404,61.5317750677507,8.15385513179631,600.667328042328,0,0,0,0,0,52.3584111610746,44.7305457052797,8.15385513179631,0,0,8.15385513179631,8.15385513179631,0,0,12.9996707889614,8.15385513179631,0,8.15385513179631,8.15385513179631,0,10.7353309692671,31.1457133058985,8.15385513179631,52.3584111610746,10.7353309692671,10.7353309692671,0,946.051041666667,10.7353309692671,8.15385513179631,31.1457133058985,0,6307.00694444444,44.7305457052797,0,44.7305457052797,44.7305457052797,44.7305457052797,52.3584111610746,31.1457133058985,10.7353309692671,0,6307.00694444444,0,10.7353309692671
"50",0,0,161.718126780627,4.97006063391997,4.97006063391997,0,114.153971845148,0,0,2.56878401158515,2.81562810019841,0,3.57675252047889,3.64777729580361,12.3371142143012,39.4187934027778,0,33.5479092789598,0,0,0,0,0,0,0,149.474818959842,21.5011600378788,30.916700708061,0,0,4.1222267610748,4.1222267610748,0,0,0,0,149.474818959842,0,4.49217018835074,4.49217018835074,5.48316187302277,0,13.3835691128795,0,0,0,0,8.97581633459835,0,1576.75173611111,2.17183434726048,48.515438034188,3.64777729580361,0,0,0,0,152.588877688172,28.1562810019841,0,0,3.64777729580361,0,8.97581633459835,3.64777729580361,3.64777729580361,0,5.48316187302277,5.6700691739087,3.64777729580361,0,3.64777729580361,3.64777729580361,0,4.97006063391997,4.49217018835074,3.64777729580361,0,4.97006063391997,4.97006063391997,30.916700708061,0,4.97006063391997,3.64777729580361,4.49217018835074,0,0,0,0,0,0,0,0,4.49217018835074,4.97006063391997,149.474818959842,0,0,4.97006063391997
"51",9.66344271365339,0,4.50286074091702,2.33341162770068,2.33341162770068,0,8.07302629707589,0,12.517352114229,7.36948677908889,10.8974823546019,0,1.28450342078267,2.90229381838634,1.88986574220506,4.30023200757576,0,0,4.62390538449006,10.1680362740708,0.470141983335542,0.470141983335542,15.5508138897767,2.95887523457048,2.95887523457048,4.12031172875352,0.779027537604304,14.2366534096507,1.81062400318979,9.96192743067743,9.09300160192231,9.09300160192231,2.05752727635204,0,0,0,4.12031172875352,4.75163757743178,1.52287986102727,1.52287986102727,7.48009077037782,5.73364267676768,1.6819681907076,0,20.1798597003555,0,2.98627222748316,2.18655864791988,2.29958930886404,2.17183434726048,29.3197636880165,1.68636549316696,2.90229381838634,0,7.92669494484011,0,6.7675782414307,0,2.88412609495356,0.470141983335542,2.05752727635204,2.90229381838634,0,2.18655864791988,2.90229381838634,2.90229381838634,0,7.48009077037782,0.893606281879054,2.90229381838634,2.95887523457048,2.90229381838634,2.90229381838634,0,2.33341162770068,1.52287986102727,2.90229381838634,0.470141983335542,2.33341162770068,2.33341162770068,14.2366534096507,0,2.33341162770068,2.90229381838634,1.52287986102727,4.63054415747569,2.29958930886404,2.05752727635204,0,2.05752727635204,2.05752727635204,2.05752727635204,0.470141983335542,1.52287986102727,2.33341162770068,4.12031172875352,2.29958930886404,9.96192743067743,2.33341162770068
"52",0,315.350347222222,73.1247181964573,3.83404677473826,3.83404677473826,0,0,0,28.7226122707147,3.00055834544734,4.33564387158372,315.350347222222,5.4843538647343,8.4578971875582,3.06103471520054,14.2800157232704,0,0,0,5.99953098163562,16.0475130311865,16.0475130311865,68.8037121212121,16.5973866959064,16.5973866959064,33.1040277018407,15.5090334699454,7.42000816993464,0,0,9.54001050420168,9.54001050420168,12.9374501424501,0,0,0,33.1040277018407,144.160158730159,6.85777173707857,6.85777173707857,8.50920759843534,0,15.1874414715719,0,0,0,0,6.91305109000122,61.5317750677507,48.515438034188,1.68636549316696,1009.12111111111,8.4578971875582,0,50.2884274640089,0,7.15125196850394,324.360357142857,31.3391649413389,16.0475130311865,12.9374501424501,8.4578971875582,0,6.91305109000122,8.4578971875582,8.4578971875582,0,8.50920759843534,4.26389201877934,8.4578971875582,16.5973866959064,8.4578971875582,8.4578971875582,0,3.83404677473826,6.85777173707857,8.4578971875582,16.0475130311865,3.83404677473826,3.83404677473826,7.42000816993464,0,3.83404677473826,8.4578971875582,6.85777173707857,18.9684419381788,61.5317750677507,12.9374501424501,488.284408602151,12.9374501424501,12.9374501424501,12.9374501424501,16.0475130311865,6.85777173707857,3.83404677473826,33.1040277018407,61.5317750677507,0,3.83404677473826
"53",0,0,15.6923249706269,1.87917881403101,1.87917881403101,0,53.370688135394,8.98318513169998,2.3672482640699,2.56155194325719,2.48823701852872,0,2.42417262116072,109.673831662843,13.1377604405248,9.41539498237611,0,0,16.46917274145,2.34114911595559,4.46014539609058,4.46014539609058,8.98318513169998,3.03537672789498,3.03537672789498,8.11627976252536,0,11.6831357112305,0,13.8423282681258,14.2095207901877,14.2095207901877,2.20024662286567,0,0,0,8.11627976252536,0,2.93366216382089,2.93366216382089,4.44161935083163,21.0111972238288,0.990602350503095,0,9.98031868131868,5.88462186398507,5.13390878668656,4.8234072610626,8.15385513179631,3.64777729580361,2.90229381838634,8.4578971875582,109.673831662843,0,35.6439952904239,25.7224708281409,6.69071643440358,12.7299983180085,15.2081046572475,4.46014539609058,2.20024662286567,109.673831662843,0,4.8234072610626,109.673831662843,109.673831662843,0,4.44161935083163,6.34822633068885,109.673831662843,3.03537672789498,109.673831662843,109.673831662843,0,1.87917881403101,2.93366216382089,109.673831662843,4.46014539609058,1.87917881403101,1.87917881403101,11.6831357112305,0,1.87917881403101,109.673831662843,2.93366216382089,18.9260151984551,8.15385513179631,2.20024662286567,0,2.20024662286567,2.20024662286567,2.20024662286567,4.46014539609058,2.93366216382089,1.87917881403101,8.11627976252536,8.15385513179631,13.8423282681258,1.87917881403101
"54",0,0,0,6.25966820365431,6.25966820365431,0,0,0,0,0,0,0,14.390432881227,0,0,0,0,180.200198412698,0,0,48.1425390935595,48.1425390935595,0,0,0,0,0,0,0,0,0,0,0,0,3243.60357142857,0,0,0,18.4112590970829,18.4112590970829,0,0,28.1135737501935,0,0,0,0,0,600.667328042328,0,0,0,0,18534.8775510204,0,0,0,0,64.3572137188209,48.1425390935595,0,0,0,0,0,0,0,0,23.7322375813322,0,0,0,0,0,6.25966820365431,18.4112590970829,0,48.1425390935595,6.25966820365431,6.25966820365431,0,0,6.25966820365431,0,18.4112590970829,0,600.667328042328,0,0,0,0,0,48.1425390935595,18.4112590970829,6.25966820365431,0,600.667328042328,0,6.25966820365431
"55",0,0,0,0,0,0,127.200140056022,0,82.9566130800146,9.42531276431244,10.5611837897552,0,0,35.6439952904239,0,8.71936443932412,0,0,0,31.9566854327938,0,0,245.727543290043,0,0,0,0,40.3809968431817,0,0,15.736099800745,15.736099800745,0,0,0,0,0,0,0,0,10.1895973342608,0,0,0,0,0,0,0,0,0,7.92669494484011,50.2884274640089,35.6439952904239,0,4633.7193877551,0,36.0400396825397,0,0,0,0,35.6439952904239,0,0,35.6439952904239,35.6439952904239,0,10.1895973342608,0,35.6439952904239,0,35.6439952904239,35.6439952904239,0,0,0,35.6439952904239,0,0,0,40.3809968431817,0,0,35.6439952904239,0,0,0,0,0,0,0,0,0,0,0,0,0,0,0
"56",0,0,0,16.5441744389391,16.5441744389391,0,0,0,0,0,0,0,25.1832575421473,25.7224708281409,14.1943142035509,0,0,152.588877688172,0,0,0,0,0,133.87514740566,133.87514740566,0,90.9664463141026,0,0,386.143282312925,14.5174072890026,14.5174072890026,0,0,0,3784.20416666667,0,0,32.219703419895,32.219703419895,0,0,24.257719017094,0,0,308.494904891304,252.280277777778,11.7570551988401,0,0,0,0,25.7224708281409,0,0,14190.765625,0,946.051041666667,55.1633260447036,0,0,25.7224708281409,0,11.7570551988401,25.7224708281409,25.7224708281409,3784.20416666667,0,20.4994808595161,25.7224708281409,133.87514740566,25.7224708281409,25.7224708281409,0,16.5441744389391,32.219703419895,25.7224708281409,0,16.5441744389391,16.5441744389391,0,0,16.5441744389391,25.7224708281409,32.219703419895,238.500262605042,0,0,0,0,0,0,0,32.219703419895,16.5441744389391,0,0,386.143282312925,16.5441744389391
"57",59.9477887788779,0,13.1624492753623,3.67261322632823,3.67261322632823,0,4.60552231237322,0,21.5419592030361,7.05131211180124,10.3984376788967,0,3.73528965922444,6.69071643440358,2.91728446614416,3.91469396551724,0,3.07658875338753,0,21.4040821136194,3.80853648308639,3.80853648308639,38.9454974271012,2.59192066210046,2.59192066210046,4.54218054513628,4.36638942307692,18.1979762415915,5.31116374269006,11.5842984693878,10.8120119047619,10.8120119047619,3.76537728026534,0,0,0,4.54218054513628,0,4.5107584787853,4.5107584787853,7.11031168958262,17.4655576923077,1.71441057102407,0,25.4638037383178,0,8.69931992337165,3.26480359477124,0,0,6.7675782414307,7.15125196850394,6.69071643440358,0,36.0400396825397,0,90.8209,10.6099182242991,9.54001050420168,3.80853648308639,3.76537728026534,6.69071643440358,0,3.26480359477124,6.69071643440358,6.69071643440358,0,7.11031168958262,0.752451532725766,6.69071643440358,2.59192066210046,6.69071643440358,6.69071643440358,0,3.67261322632823,4.5107584787853,6.69071643440358,3.80853648308639,3.67261322632823,3.67261322632823,18.1979762415915,0,3.67261322632823,6.69071643440358,4.5107584787853,5.14857709750567,0,3.76537728026534,0,3.76537728026534,3.76537728026534,3.76537728026534,3.80853648308639,4.5107584787853,3.67261322632823,4.54218054513628,0,11.5842984693878,3.67261322632823
"58",0,0,252.280277777778,16.5441744389391,16.5441744389391,0,0,0,0,0,0,0,25.1832575421473,12.7299983180085,14.1943142035509,16.3112248563218,0,152.588877688172,0,0,0,0,573.364267676768,87.5973186728395,87.5973186728395,197.953138622493,186.720600328947,0,0,0,0,0,73.3372900516796,0,0,3784.20416666667,197.953138622493,0,32.219703419895,32.219703419895,0,0,49.1987540628386,0,0,308.494904891304,0,17.760657853567,0,152.588877688172,0,324.360357142857,12.7299983180085,0,0,946.051041666667,10.6099182242991,14190.765625,112.625124007937,0,73.3372900516796,12.7299983180085,0,17.760657853567,12.7299983180085,12.7299983180085,0,0,20.4994808595161,12.7299983180085,87.5973186728395,12.7299983180085,12.7299983180085,0,16.5441744389391,32.219703419895,12.7299983180085,0,16.5441744389391,16.5441744389391,0,0,16.5441744389391,12.7299983180085,32.219703419895,238.500262605042,0,73.3372900516796,0,73.3372900516796,73.3372900516796,73.3372900516796,0,32.219703419895,16.5441744389391,197.953138622493,0,0,16.5441744389391
"59",0,0,63.2281397939293,1.69460630927658,1.69460630927658,0,44.6316280898324,0,0,2.01466060337178,2.84059426069278,0,5.38268100137499,15.2081046572475,1.97985934897673,26.786515980266,0,0,34.0000374363582,3.76593936076695,4.90340675952921,4.90340675952921,37.8042374292374,0,0,19.6492719759417,9.25685950750163,9.31869157919578,0,0,6.15484548658173,6.15484548658173,0,0,0,0,19.6492719759417,0,6.67408142269253,6.67408142269253,2.74957388384815,0,3.13846499412537,0,42.4000466853408,0,20.3616043404179,10.4730654237743,0,28.1562810019841,2.88412609495356,31.3391649413389,15.2081046572475,64.3572137188209,0,55.1633260447036,9.54001050420168,112.625124007937,514.857709750567,4.90340675952921,0,15.2081046572475,0,10.4730654237743,15.2081046572475,15.2081046572475,0,2.74957388384815,0,15.2081046572475,0,15.2081046572475,15.2081046572475,0,1.69460630927658,6.67408142269253,15.2081046572475,4.90340675952921,1.69460630927658,1.69460630927658,9.31869157919578,0,1.69460630927658,15.2081046572475,6.67408142269253,11.192558907621,0,0,0,0,0,0,4.90340675952921,6.67408142269253,1.69460630927658,19.6492719759417,0,0,1.69460630927658
"60",0,0,0,9.65474248360241,9.65474248360241,121.142990529545,0,58.1030644232615,0,0.550829966745532,2.32266635977699,0,22.2088570450433,4.46014539609058,1.60837188051201,11.3017546042807,0,44.7702356304841,0,3.01478164460319,378.262807163682,378.262807163682,0,4.0223258574263,4.0223258574263,0,14.6636689485921,3.67099971301652,19.6136270381168,0,1.6395291951367,1.6395291951367,39.1031171962456,218.057382953181,181.714485794318,0,0,0,23.2704049604776,23.2704049604776,1.11756873988667,0,36.7027278238028,0,0,162.58664518439,0,1.48946299831408,52.3584111610746,0,0.470141983335542,16.0475130311865,4.46014539609058,48.1425390935595,0,0,3.80853648308639,0,4.90340675952921,378.262807163682,39.1031171962456,4.46014539609058,0,1.48946299831408,4.46014539609058,4.46014539609058,0,1.11756873988667,11.3502005823762,4.46014539609058,4.0223258574263,4.46014539609058,4.46014539609058,0,9.65474248360241,23.2704049604776,4.46014539609058,378.262807163682,9.65474248360241,9.65474248360241,3.67099971301652,218.057382953181,9.65474248360241,4.46014539609058,23.2704049604776,8.70999884916372,52.3584111610746,39.1031171962456,0,39.1031171962456,39.1031171962456,39.1031171962456,378.262807163682,23.2704049604776,9.65474248360241,0,52.3584111610746,0,9.65474248360241
"61",221.298489278752,0,0,11.8562892230862,11.8562892230862,0,0,101.931425364759,0,0.799468493401501,1.71619236583522,0,28.3673475762119,2.20024662286567,9.9440393290413,0,0,75.083416005291,44.7305457052797,0,39.1031171962456,39.1031171962456,0,33.2648045593061,33.2648045593061,51.6703077885874,105.116782407407,0,105.116782407407,0,2.47333605664488,2.47333605664488,700.778549382716,0,0,221.298489278752,51.6703077885874,102.552958446251,32.3210232419701,32.3210232419701,1.66039408830971,0,52.3312590031691,0,0,0,0,11.4506298918744,44.7305457052797,0,2.05752727635204,12.9374501424501,2.20024662286567,0,0,0,3.76537728026534,73.3372900516796,0,39.1031171962456,700.778549382716,2.20024662286567,0,11.4506298918744,2.20024662286567,2.20024662286567,221.298489278752,1.66039408830971,32.6318266743317,2.20024662286567,33.2648045593061,2.20024662286567,2.20024662286567,0,11.8562892230862,32.3210232419701,2.20024662286567,39.1031171962456,11.8562892230862,11.8562892230862,0,0,11.8562892230862,2.20024662286567,32.3210232419701,14.3016030486269,44.7305457052797,700.778549382716,340.919294294294,700.778549382716,700.778549382716,700.778549382716,39.1031171962456,32.3210232419701,11.8562892230862,51.6703077885874,44.7305457052797,0,11.8562892230862
"62",0,0,15.6923249706269,1.87917881403101,1.87917881403101,0,53.370688135394,8.98318513169998,2.3672482640699,2.56155194325719,2.48823701852872,0,2.42417262116072,109.673831662843,13.1377604405248,9.41539498237611,0,0,16.46917274145,2.34114911595559,4.46014539609058,4.46014539609058,8.98318513169998,3.03537672789498,3.03537672789498,8.11627976252536,0,11.6831357112305,0,13.8423282681258,14.2095207901877,14.2095207901877,2.20024662286567,0,0,0,8.11627976252536,0,2.93366216382089,2.93366216382089,4.44161935083163,21.0111972238288,0.990602350503095,0,9.98031868131868,5.88462186398507,5.13390878668656,4.8234072610626,8.15385513179631,3.64777729580361,2.90229381838634,8.4578971875582,109.673831662843,0,35.6439952904239,25.7224708281409,6.69071643440358,12.7299983180085,15.2081046572475,4.46014539609058,2.20024662286567,109.673831662843,0,4.8234072610626,109.673831662843,109.673831662843,0,4.44161935083163,6.34822633068885,109.673831662843,3.03537672789498,109.673831662843,109.673831662843,0,1.87917881403101,2.93366216382089,109.673831662843,4.46014539609058,1.87917881403101,1.87917881403101,11.6831357112305,0,1.87917881403101,109.673831662843,2.93366216382089,18.9260151984551,8.15385513179631,2.20024662286567,0,2.20024662286567,2.20024662286567,2.20024662286567,4.46014539609058,2.93366216382089,1.87917881403101,8.11627976252536,8.15385513179631,13.8423282681258,1.87917881403101
"63",0,0,0,0,0,0,3561.60392156863,0,0,0,0,0,0,0,60.6929296979417,0,0,0,0,0,0,0,0,0,0,0,0,0,0,0,0,0,0,0,0,0,0,0,0,0,0,0,0,0,0,0,0,0,0,0,0,0,0,0,0,0,0,0,0,0,0,0,227052.25,0,0,0,0,0,0,0,0,0,0,0,0,0,0,0,0,0,0,0,0,0,0,0,0,0,0,0,0,0,0,0,0,0,0,0,0
"64",16.1304525433362,0,20.3287895066702,4.08611213363109,4.08611213363109,16.1304525433362,7.85647923875433,4.15816149000073,2.33823786867688,2.83484828870554,2.1836933915197,16.1304525433362,5.84824464248918,4.8234072610626,4.04816934213341,10.9260591507545,32.4963861456992,3.52215577686771,3.78571845404829,2.42395911177538,1.48946299831408,1.48946299831408,4.15816149000073,11.4573655565167,11.4573655565167,21.2585123714172,7.72917517701525,6.62062857198398,15.2465921300027,3.20134580677909,3.72344987618688,3.72344987618688,11.4506298918744,0,0,32.4963861456992,21.2585123714172,15.9000175070028,6.12211895209129,6.12211895209129,0.780141045904343,0,4.81587068721719,0,0,2.76407589111804,2.42483927122047,49.1029952422145,0,8.97581633459835,2.18655864791988,6.91305109000122,4.8234072610626,0,0,11.7570551988401,3.26480359477124,17.760657853567,10.4730654237743,1.48946299831408,11.4506298918744,4.8234072610626,0,49.1029952422145,4.8234072610626,4.8234072610626,0,0.780141045904343,4.27529279957822,4.8234072610626,11.4573655565167,4.8234072610626,4.8234072610626,0,4.08611213363109,6.12211895209129,4.8234072610626,1.48946299831408,4.08611213363109,4.08611213363109,6.62062857198398,0,4.08611213363109,4.8234072610626,6.12211895209129,38.9042981554324,0,11.4506298918744,0,11.4506298918744,11.4506298918744,11.4506298918744,1.48946299831408,6.12211895209129,4.08611213363109,21.2585123714172,0,3.20134580677909,4.08611213363109
"65",0,0,15.6923249706269,1.87917881403101,1.87917881403101,0,53.370688135394,8.98318513169998,2.3672482640699,2.56155194325719,2.48823701852872,0,2.42417262116072,109.673831662843,13.1377604405248,9.41539498237611,0,0,16.46917274145,2.34114911595559,4.46014539609058,4.46014539609058,8.98318513169998,3.03537672789498,3.03537672789498,8.11627976252536,0,11.6831357112305,0,13.8423282681258,14.2095207901877,14.2095207901877,2.20024662286567,0,0,0,8.11627976252536,0,2.93366216382089,2.93366216382089,4.44161935083163,21.0111972238288,0.990602350503095,0,9.98031868131868,5.88462186398507,5.13390878668656,4.8234072610626,8.15385513179631,3.64777729580361,2.90229381838634,8.4578971875582,109.673831662843,0,35.6439952904239,25.7224708281409,6.69071643440358,12.7299983180085,15.2081046572475,4.46014539609058,2.20024662286567,109.673831662843,0,4.8234072610626,109.673831662843,109.673831662843,0,4.44161935083163,6.34822633068885,109.673831662843,3.03537672789498,109.673831662843,109.673831662843,0,1.87917881403101,2.93366216382089,109.673831662843,4.46014539609058,1.87917881403101,1.87917881403101,11.6831357112305,0,1.87917881403101,109.673831662843,2.93366216382089,18.9260151984551,8.15385513179631,2.20024662286567,0,2.20024662286567,2.20024662286567,2.20024662286567,4.46014539609058,2.93366216382089,1.87917881403101,8.11627976252536,8.15385513179631,13.8423282681258,1.87917881403101
"66",0,0,15.6923249706269,1.87917881403101,1.87917881403101,0,53.370688135394,8.98318513169998,2.3672482640699,2.56155194325719,2.48823701852872,0,2.42417262116072,109.673831662843,13.1377604405248,9.41539498237611,0,0,16.46917274145,2.34114911595559,4.46014539609058,4.46014539609058,8.98318513169998,3.03537672789498,3.03537672789498,8.11627976252536,0,11.6831357112305,0,13.8423282681258,14.2095207901877,14.2095207901877,2.20024662286567,0,0,0,8.11627976252536,0,2.93366216382089,2.93366216382089,4.44161935083163,21.0111972238288,0.990602350503095,0,9.98031868131868,5.88462186398507,5.13390878668656,4.8234072610626,8.15385513179631,3.64777729580361,2.90229381838634,8.4578971875582,109.673831662843,0,35.6439952904239,25.7224708281409,6.69071643440358,12.7299983180085,15.2081046572475,4.46014539609058,2.20024662286567,109.673831662843,0,4.8234072610626,109.673831662843,109.673831662843,0,4.44161935083163,6.34822633068885,109.673831662843,3.03537672789498,109.673831662843,109.673831662843,0,1.87917881403101,2.93366216382089,109.673831662843,4.46014539609058,1.87917881403101,1.87917881403101,11.6831357112305,0,1.87917881403101,109.673831662843,2.93366216382089,18.9260151984551,8.15385513179631,2.20024662286567,0,2.20024662286567,2.20024662286567,2.20024662286567,4.46014539609058,2.93366216382089,1.87917881403101,8.11627976252536,8.15385513179631,13.8423282681258,1.87917881403101
"67",0,0,0,0,0,0,0,0,0,0,0,0,0,0,0,0,0,0,0,0,0,0,0,0,0,0,0,0,0,0,0,0,221.298489278752,0,0,0,0,0,0,0,0,0,0,0,0,0,0,0,0,0,0,0,0,0,0,3784.20416666667,0,0,0,0,221.298489278752,0,0,0,0,0,100912.111111111,0,58.4094797093061,0,0,0,0,0,0,0,0,0,0,0,0,0,0,0,0,0,0,221.298489278752,0,221.298489278752,221.298489278752,221.298489278752,0,0,0,0,0,0,0
"68",0,25.9569864814656,11.5955390429498,2.26687472076184,2.26687472076184,0,8.18508638325868,0,23.22280322692,8.44434350889334,9.83736433999006,25.9569864814656,3.36365161096438,4.44161935083163,2.08882357067534,4.12607930944964,0,2.72049185238438,24.6027089259109,8.4429057487791,1.11756873988667,1.11756873988667,27.074751449567,3.49010467904575,3.49010467904575,1.9985718341039,1.92208663483679,14.9213183952279,0,0,12.9228069721566,12.9228069721566,1.66039408830971,0,0,0,1.9985718341039,0,4.05262547275593,4.05262547275593,79.3264913966285,0,3.90968888965419,0,7.31718498227522,0,0,0.780141045904343,0,5.48316187302277,7.48009077037782,8.50920759843534,4.44161935083163,0,10.1895973342608,0,7.11031168958262,0,2.74957388384815,1.11756873988667,1.66039408830971,4.44161935083163,0,0.780141045904343,4.44161935083163,4.44161935083163,0,79.3264913966285,1.35850425407158,4.44161935083163,3.49010467904575,4.44161935083163,4.44161935083163,0,2.26687472076184,4.05262547275593,4.44161935083163,1.11756873988667,2.26687472076184,2.26687472076184,14.9213183952279,0,2.26687472076184,4.44161935083163,4.05262547275593,6.88955728850589,0,1.66039408830971,39.2959934233299,1.66039408830971,1.66039408830971,1.66039408830971,1.11756873988667,4.05262547275593,2.26687472076184,1.9985718341039,0,0,2.26687472076184
"69",0,0,8.07555306586997,7.40580463530932,7.40580463530932,58.4094797093061,8.64886819225019,29.0719910371319,0,2.83755014559406,2.11258068643072,0,15.1336007765017,6.34822633068885,20.4787533763416,0,0,49.0102530894177,0,0,11.3502005823762,11.3502005823762,0,16.6558281983568,16.6558281983568,0,38.2729669238837,0,10.0326871030102,10.8772755581106,1.95441956552147,1.95441956552147,32.6318266743317,69.1441948991245,43.2151218119528,58.4094797093061,0,0,14.769676590496,14.769676590496,1.35850425407158,0,22.5830346517948,0,15.9895950704225,18.8112883181442,0,4.27529279957822,12.9996707889614,5.6700691739087,0.893606281879054,4.26389201877934,6.34822633068885,23.7322375813322,0,20.4994808595161,0.752451532725766,20.4994808595161,0,11.3502005823762,32.6318266743317,6.34822633068885,0,4.27529279957822,6.34822633068885,6.34822633068885,58.4094797093061,1.35850425407158,180.164451497719,6.34822633068885,16.6558281983568,6.34822633068885,6.34822633068885,0,7.40580463530932,14.769676590496,6.34822633068885,11.3502005823762,7.40580463530932,7.40580463530932,0,69.1441948991245,7.40580463530932,6.34822633068885,14.769676590496,14.2764241700201,12.9996707889614,32.6318266743317,0,32.6318266743317,32.6318266743317,32.6318266743317,11.3502005823762,14.769676590496,7.40580463530932,0,12.9996707889614,10.8772755581106,7.40580463530932
"70",0,0,15.6923249706269,1.87917881403101,1.87917881403101,0,53.370688135394,8.98318513169998,2.3672482640699,2.56155194325719,2.48823701852872,0,2.42417262116072,109.673831662843,13.1377604405248,9.41539498237611,0,0,16.46917274145,2.34114911595559,4.46014539609058,4.46014539609058,8.98318513169998,3.03537672789498,3.03537672789498,8.11627976252536,0,11.6831357112305,0,13.8423282681258,14.2095207901877,14.2095207901877,2.20024662286567,0,0,0,8.11627976252536,0,2.93366216382089,2.93366216382089,4.44161935083163,21.0111972238288,0.990602350503095,0,9.98031868131868,5.88462186398507,5.13390878668656,4.8234072610626,8.15385513179631,3.64777729580361,2.90229381838634,8.4578971875582,109.673831662843,0,35.6439952904239,25.7224708281409,6.69071643440358,12.7299983180085,15.2081046572475,4.46014539609058,2.20024662286567,109.673831662843,0,4.8234072610626,109.673831662843,109.673831662843,0,4.44161935083163,6.34822633068885,109.673831662843,3.03537672789498,109.673831662843,109.673831662843,0,1.87917881403101,2.93366216382089,109.673831662843,4.46014539609058,1.87917881403101,1.87917881403101,11.6831357112305,0,1.87917881403101,109.673831662843,2.93366216382089,18.9260151984551,8.15385513179631,2.20024662286567,0,2.20024662286567,2.20024662286567,2.20024662286567,4.46014539609058,2.93366216382089,1.87917881403101,8.11627976252536,8.15385513179631,13.8423282681258,1.87917881403101
"71",126.140138888889,0,32.8489945023148,10.7353309692671,10.7353309692671,126.140138888889,0,0,0,4.67748730467744,3.60400396825397,126.140138888889,21.0521457406139,3.03537672789498,10.3130564135174,11.631775102459,0,71.670533459596,26.7246056967985,3.10689997263273,4.0223258574263,4.0223258574263,0,394.187934027778,394.187934027778,7.82507065067549,56.6982644834475,7.64949295869551,132.779093567251,45.0500496031746,6.90233318133455,6.90233318133455,33.2648045593061,0,0,257.428854875283,7.82507065067549,59.5000655136268,21.7756046418358,21.7756046418358,3.49010467904575,72.7731570512821,19.2230980890179,394.187934027778,33.1947733918129,58.1588755122951,0,11.4573655565167,0,0,2.95887523457048,16.5973866959064,3.03537672789498,0,0,133.87514740566,2.59192066210046,87.5973186728395,0,4.0223258574263,33.2648045593061,3.03537672789498,0,11.4573655565167,3.03537672789498,3.03537672789498,0,3.49010467904575,16.6558281983568,3.03537672789498,394.187934027778,3.03537672789498,3.03537672789498,0,10.7353309692671,21.7756046418358,3.03537672789498,4.0223258574263,10.7353309692671,10.7353309692671,7.64949295869551,0,10.7353309692671,3.03537672789498,21.7756046418358,27.7705785225049,0,33.2648045593061,0,33.2648045593061,33.2648045593061,33.2648045593061,4.0223258574263,21.7756046418358,10.7353309692671,7.82507065067549,0,45.0500496031746,10.7353309692671
"72",0,0,15.6923249706269,1.87917881403101,1.87917881403101,0,53.370688135394,8.98318513169998,2.3672482640699,2.56155194325719,2.48823701852872,0,2.42417262116072,109.673831662843,13.1377604405248,9.41539498237611,0,0,16.46917274145,2.34114911595559,4.46014539609058,4.46014539609058,8.98318513169998,3.03537672789498,3.03537672789498,8.11627976252536,0,11.6831357112305,0,13.8423282681258,14.2095207901877,14.2095207901877,2.20024662286567,0,0,0,8.11627976252536,0,2.93366216382089,2.93366216382089,4.44161935083163,21.0111972238288,0.990602350503095,0,9.98031868131868,5.88462186398507,5.13390878668656,4.8234072610626,8.15385513179631,3.64777729580361,2.90229381838634,8.4578971875582,109.673831662843,0,35.6439952904239,25.7224708281409,6.69071643440358,12.7299983180085,15.2081046572475,4.46014539609058,2.20024662286567,109.673831662843,0,4.8234072610626,109.673831662843,109.673831662843,0,4.44161935083163,6.34822633068885,109.673831662843,3.03537672789498,109.673831662843,109.673831662843,0,1.87917881403101,2.93366216382089,109.673831662843,4.46014539609058,1.87917881403101,1.87917881403101,11.6831357112305,0,1.87917881403101,109.673831662843,2.93366216382089,18.9260151984551,8.15385513179631,2.20024662286567,0,2.20024662286567,2.20024662286567,2.20024662286567,4.46014539609058,2.93366216382089,1.87917881403101,8.11627976252536,8.15385513179631,13.8423282681258,1.87917881403101
"73",0,0,15.6923249706269,1.87917881403101,1.87917881403101,0,53.370688135394,8.98318513169998,2.3672482640699,2.56155194325719,2.48823701852872,0,2.42417262116072,109.673831662843,13.1377604405248,9.41539498237611,0,0,16.46917274145,2.34114911595559,4.46014539609058,4.46014539609058,8.98318513169998,3.03537672789498,3.03537672789498,8.11627976252536,0,11.6831357112305,0,13.8423282681258,14.2095207901877,14.2095207901877,2.20024662286567,0,0,0,8.11627976252536,0,2.93366216382089,2.93366216382089,4.44161935083163,21.0111972238288,0.990602350503095,0,9.98031868131868,5.88462186398507,5.13390878668656,4.8234072610626,8.15385513179631,3.64777729580361,2.90229381838634,8.4578971875582,109.673831662843,0,35.6439952904239,25.7224708281409,6.69071643440358,12.7299983180085,15.2081046572475,4.46014539609058,2.20024662286567,109.673831662843,0,4.8234072610626,109.673831662843,109.673831662843,0,4.44161935083163,6.34822633068885,109.673831662843,3.03537672789498,109.673831662843,109.673831662843,0,1.87917881403101,2.93366216382089,109.673831662843,4.46014539609058,1.87917881403101,1.87917881403101,11.6831357112305,0,1.87917881403101,109.673831662843,2.93366216382089,18.9260151984551,8.15385513179631,2.20024662286567,0,2.20024662286567,2.20024662286567,2.20024662286567,4.46014539609058,2.93366216382089,1.87917881403101,8.11627976252536,8.15385513179631,13.8423282681258,1.87917881403101
"74",0,0,0,0,0,0,0,0,0,0,40.8000449236298,0,0,0,60.6929296979417,0,0,0,0,132.701490356517,0,0,0,0,0,0,0,0,0,0,0,0,0,0,0,0,0,0,0,0,0,0,0,0,0,0,0,0,0,0,0,0,0,0,0,0,0,0,0,0,0,0,0,0,0,0,0,0,0,0,0,0,0,227052.25,0,0,0,0,0,0,0,0,0,0,0,0,0,0,0,0,0,0,0,0,0,0,0,0,0
"75",15.0144489080659,0,6.88162241619689,45.68225944369,45.68225944369,15.0144489080659,4.8576158231978,7.80751343219428,5.57197109131512,3.61078019909427,4.55397695514763,30.2403689275131,17.6914640797881,1.87917881403101,4.54985772442315,4.21745145221209,0,24.8832174784338,7.10949070812393,4.04888560263308,9.65474248360241,9.65474248360241,0,10.7353309692671,10.7353309692671,12.8259629262451,24.8341666091001,6.93945117599686,14.2189814162479,2.98756891538047,2.42215364334794,2.42215364334794,11.8562892230862,8.88441183663487,22.5216733620989,15.0144489080659,12.8259629262451,14.8073530610581,19.1028028834466,19.1028028834466,2.26687472076184,0,16.8912550215742,0,8.64590413632253,7.84236840287372,0,4.08611213363109,10.7353309692671,4.97006063391997,2.33341162770068,3.83404677473826,1.87917881403101,6.25966820365431,0,16.5441744389391,3.67261322632823,16.5441744389391,1.69460630927658,9.65474248360241,11.8562892230862,1.87917881403101,0,4.08611213363109,1.87917881403101,1.87917881403101,0,2.26687472076184,7.40580463530932,1.87917881403101,10.7353309692671,1.87917881403101,1.87917881403101,0,45.68225944369,19.1028028834466,1.87917881403101,9.65474248360241,45.68225944369,45.68225944369,6.93945117599686,8.88441183663487,45.68225944369,1.87917881403101,19.1028028834466,11.430698458847,10.7353309692671,11.8562892230862,45.68225944369,11.8562892230862,11.8562892230862,11.8562892230862,9.65474248360241,19.1028028834466,45.68225944369,12.8259629262451,10.7353309692671,2.98756891538047,45.68225944369
"76",138.42539247066,0,6.35626802161194,19.1028028834466,19.1028028834466,45.029946948287,6.79954929661823,22.6514278588353,0,2.07446009067964,2.34692973105672,45.029946948287,897.439723320158,2.93366216382089,6.55986941063242,9.2818350911618,0,66.015370594024,0,2.82216380320248,23.2704049604776,23.2704049604776,0,21.7756046418358,21.7756046418358,6.57622099127475,84.7094949803283,3.38233990652291,15.9041940285439,0,4.09662286814887,4.09662286814887,32.3210232419701,109.389822342668,33.3704071134627,45.029946948287,6.57622099127475,21.7295674227199,138.42539247066,138.42539247066,4.05262547275593,0,48.4208660302228,0,0,30.141012876676,0,6.12211895209129,31.1457133058985,4.49217018835074,1.52287986102727,6.85777173707857,2.93366216382089,18.4112590970829,0,32.219703419895,4.5107584787853,32.219703419895,6.67408142269253,23.2704049604776,32.3210232419701,2.93366216382089,0,6.12211895209129,2.93366216382089,2.93366216382089,0,4.05262547275593,14.769676590496,2.93366216382089,21.7756046418358,2.93366216382089,2.93366216382089,0,19.1028028834466,138.42539247066,2.93366216382089,23.2704049604776,19.1028028834466,19.1028028834466,3.38233990652291,109.389822342668,19.1028028834466,2.93366216382089,138.42539247066,19.2521579500746,31.1457133058985,32.3210232419701,138.42539247066,32.3210232419701,32.3210232419701,32.3210232419701,23.2704049604776,138.42539247066,19.1028028834466,6.57622099127475,31.1457133058985,0,19.1028028834466
"77",0,0,15.6923249706269,1.87917881403101,1.87917881403101,0,53.370688135394,8.98318513169998,2.3672482640699,2.56155194325719,2.48823701852872,0,2.42417262116072,109.673831662843,13.1377604405248,9.41539498237611,0,0,16.46917274145,2.34114911595559,4.46014539609058,4.46014539609058,8.98318513169998,3.03537672789498,3.03537672789498,8.11627976252536,0,11.6831357112305,0,13.8423282681258,14.2095207901877,14.2095207901877,2.20024662286567,0,0,0,8.11627976252536,0,2.93366216382089,2.93366216382089,4.44161935083163,21.0111972238288,0.990602350503095,0,9.98031868131868,5.88462186398507,5.13390878668656,4.8234072610626,8.15385513179631,3.64777729580361,2.90229381838634,8.4578971875582,109.673831662843,0,35.6439952904239,25.7224708281409,6.69071643440358,12.7299983180085,15.2081046572475,4.46014539609058,2.20024662286567,109.673831662843,0,4.8234072610626,109.673831662843,109.673831662843,0,4.44161935083163,6.34822633068885,109.673831662843,3.03537672789498,109.673831662843,109.673831662843,0,1.87917881403101,2.93366216382089,109.673831662843,4.46014539609058,1.87917881403101,1.87917881403101,11.6831357112305,0,1.87917881403101,109.673831662843,2.93366216382089,18.9260151984551,8.15385513179631,2.20024662286567,0,2.20024662286567,2.20024662286567,2.20024662286567,4.46014539609058,2.93366216382089,1.87917881403101,8.11627976252536,8.15385513179631,13.8423282681258,1.87917881403101
"78",0,0,0,9.65474248360241,9.65474248360241,121.142990529545,0,58.1030644232615,0,0.550829966745532,2.32266635977699,0,22.2088570450433,4.46014539609058,1.60837188051201,11.3017546042807,0,44.7702356304841,0,3.01478164460319,378.262807163682,378.262807163682,0,4.0223258574263,4.0223258574263,0,14.6636689485921,3.67099971301652,19.6136270381168,0,1.6395291951367,1.6395291951367,39.1031171962456,218.057382953181,181.714485794318,0,0,0,23.2704049604776,23.2704049604776,1.11756873988667,0,36.7027278238028,0,0,162.58664518439,0,1.48946299831408,52.3584111610746,0,0.470141983335542,16.0475130311865,4.46014539609058,48.1425390935595,0,0,3.80853648308639,0,4.90340675952921,378.262807163682,39.1031171962456,4.46014539609058,0,1.48946299831408,4.46014539609058,4.46014539609058,0,1.11756873988667,11.3502005823762,4.46014539609058,4.0223258574263,4.46014539609058,4.46014539609058,0,9.65474248360241,23.2704049604776,4.46014539609058,378.262807163682,9.65474248360241,9.65474248360241,3.67099971301652,218.057382953181,9.65474248360241,4.46014539609058,23.2704049604776,8.70999884916372,52.3584111610746,39.1031171962456,0,39.1031171962456,39.1031171962456,39.1031171962456,378.262807163682,23.2704049604776,9.65474248360241,0,52.3584111610746,0,9.65474248360241
"79",15.0144489080659,0,6.88162241619689,45.68225944369,45.68225944369,15.0144489080659,4.8576158231978,7.80751343219428,5.57197109131512,3.61078019909427,4.55397695514763,30.2403689275131,17.6914640797881,1.87917881403101,4.54985772442315,4.21745145221209,0,24.8832174784338,7.10949070812393,4.04888560263308,9.65474248360241,9.65474248360241,0,10.7353309692671,10.7353309692671,12.8259629262451,24.8341666091001,6.93945117599686,14.2189814162479,2.98756891538047,2.42215364334794,2.42215364334794,11.8562892230862,8.88441183663487,22.5216733620989,15.0144489080659,12.8259629262451,14.8073530610581,19.1028028834466,19.1028028834466,2.26687472076184,0,16.8912550215742,0,8.64590413632253,7.84236840287372,0,4.08611213363109,10.7353309692671,4.97006063391997,2.33341162770068,3.83404677473826,1.87917881403101,6.25966820365431,0,16.5441744389391,3.67261322632823,16.5441744389391,1.69460630927658,9.65474248360241,11.8562892230862,1.87917881403101,0,4.08611213363109,1.87917881403101,1.87917881403101,0,2.26687472076184,7.40580463530932,1.87917881403101,10.7353309692671,1.87917881403101,1.87917881403101,0,45.68225944369,19.1028028834466,1.87917881403101,9.65474248360241,45.68225944369,45.68225944369,6.93945117599686,8.88441183663487,45.68225944369,1.87917881403101,19.1028028834466,11.430698458847,10.7353309692671,11.8562892230862,45.68225944369,11.8562892230862,11.8562892230862,11.8562892230862,9.65474248360241,19.1028028834466,45.68225944369,12.8259629262451,10.7353309692671,2.98756891538047,45.68225944369
"80",15.0144489080659,0,6.88162241619689,45.68225944369,45.68225944369,15.0144489080659,4.8576158231978,7.80751343219428,5.57197109131512,3.61078019909427,4.55397695514763,30.2403689275131,17.6914640797881,1.87917881403101,4.54985772442315,4.21745145221209,0,24.8832174784338,7.10949070812393,4.04888560263308,9.65474248360241,9.65474248360241,0,10.7353309692671,10.7353309692671,12.8259629262451,24.8341666091001,6.93945117599686,14.2189814162479,2.98756891538047,2.42215364334794,2.42215364334794,11.8562892230862,8.88441183663487,22.5216733620989,15.0144489080659,12.8259629262451,14.8073530610581,19.1028028834466,19.1028028834466,2.26687472076184,0,16.8912550215742,0,8.64590413632253,7.84236840287372,0,4.08611213363109,10.7353309692671,4.97006063391997,2.33341162770068,3.83404677473826,1.87917881403101,6.25966820365431,0,16.5441744389391,3.67261322632823,16.5441744389391,1.69460630927658,9.65474248360241,11.8562892230862,1.87917881403101,0,4.08611213363109,1.87917881403101,1.87917881403101,0,2.26687472076184,7.40580463530932,1.87917881403101,10.7353309692671,1.87917881403101,1.87917881403101,0,45.68225944369,19.1028028834466,1.87917881403101,9.65474248360241,45.68225944369,45.68225944369,6.93945117599686,8.88441183663487,45.68225944369,1.87917881403101,19.1028028834466,11.430698458847,10.7353309692671,11.8562892230862,45.68225944369,11.8562892230862,11.8562892230862,11.8562892230862,9.65474248360241,19.1028028834466,45.68225944369,12.8259629262451,10.7353309692671,2.98756891538047,45.68225944369
"81",0,0,0,6.93945117599686,6.93945117599686,0,31.7433504596134,0,47.0045766421199,12.8073367562128,23.5211937816489,0,2.74560894354658,11.6831357112305,1.52257349588262,10.6848117647059,0,0,48.6557912782599,21.0710171154331,3.67099971301652,3.67099971301652,82.3175020393365,7.64949295869551,7.64949295869551,7.09200302980611,6.78659283835485,349.176855055748,0,40.3809968431817,34.0223602362011,34.0223602362011,0,0,0,0,7.09200302980611,0,3.38233990652291,3.38233990652291,14.9213183952279,64.7564349376114,0,0,60.3661681621801,0,0,6.62062857198398,0,30.916700708061,14.2366534096507,7.42000816993464,11.6831357112305,0,40.3809968431817,0,18.1979762415915,0,9.31869157919578,3.67099971301652,0,11.6831357112305,0,6.62062857198398,11.6831357112305,11.6831357112305,0,14.9213183952279,0,11.6831357112305,7.64949295869551,11.6831357112305,11.6831357112305,0,6.93945117599686,3.38233990652291,11.6831357112305,3.67099971301652,6.93945117599686,6.93945117599686,349.176855055748,0,6.93945117599686,11.6831357112305,3.38233990652291,25.1052908005307,0,0,0,0,0,0,3.67099971301652,3.38233990652291,6.93945117599686,7.09200302980611,0,40.3809968431817,6.93945117599686
"82",0,0,0,8.88441183663487,8.88441183663487,0,0,1100.85939393939,0,0,0,0,84.9190275829827,0,0,27.0300297619048,0,560.622839506173,0,0,218.057382953181,218.057382953181,0,0,0,0,500.850551470588,0,0,0,0,0,0,36328.36,0,0,0,0,109.389822342668,109.389822342668,0,0,125.126383467279,0,0,567.630625,0,0,946.051041666667,0,0,0,0,0,0,0,0,0,0,218.057382953181,0,0,0,0,0,0,0,0,69.1441948991245,0,0,0,0,0,8.88441183663487,109.389822342668,0,218.057382953181,8.88441183663487,8.88441183663487,0,36328.36,8.88441183663487,0,109.389822342668,202.725223214286,946.051041666667,0,0,0,0,0,218.057382953181,109.389822342668,8.88441183663487,0,946.051041666667,0,8.88441183663487
"83",15.0144489080659,0,6.88162241619689,45.68225944369,45.68225944369,15.0144489080659,4.8576158231978,7.80751343219428,5.57197109131512,3.61078019909427,4.55397695514763,30.2403689275131,17.6914640797881,1.87917881403101,4.54985772442315,4.21745145221209,0,24.8832174784338,7.10949070812393,4.04888560263308,9.65474248360241,9.65474248360241,0,10.7353309692671,10.7353309692671,12.8259629262451,24.8341666091001,6.93945117599686,14.2189814162479,2.98756891538047,2.42215364334794,2.42215364334794,11.8562892230862,8.88441183663487,22.5216733620989,15.0144489080659,12.8259629262451,14.8073530610581,19.1028028834466,19.1028028834466,2.26687472076184,0,16.8912550215742,0,8.64590413632253,7.84236840287372,0,4.08611213363109,10.7353309692671,4.97006063391997,2.33341162770068,3.83404677473826,1.87917881403101,6.25966820365431,0,16.5441744389391,3.67261322632823,16.5441744389391,1.69460630927658,9.65474248360241,11.8562892230862,1.87917881403101,0,4.08611213363109,1.87917881403101,1.87917881403101,0,2.26687472076184,7.40580463530932,1.87917881403101,10.7353309692671,1.87917881403101,1.87917881403101,0,45.68225944369,19.1028028834466,1.87917881403101,9.65474248360241,45.68225944369,45.68225944369,6.93945117599686,8.88441183663487,45.68225944369,1.87917881403101,19.1028028834466,11.430698458847,10.7353309692671,11.8562892230862,45.68225944369,11.8562892230862,11.8562892230862,11.8562892230862,9.65474248360241,19.1028028834466,45.68225944369,12.8259629262451,10.7353309692671,2.98756891538047,45.68225944369
"84",0,0,15.6923249706269,1.87917881403101,1.87917881403101,0,53.370688135394,8.98318513169998,2.3672482640699,2.56155194325719,2.48823701852872,0,2.42417262116072,109.673831662843,13.1377604405248,9.41539498237611,0,0,16.46917274145,2.34114911595559,4.46014539609058,4.46014539609058,8.98318513169998,3.03537672789498,3.03537672789498,8.11627976252536,0,11.6831357112305,0,13.8423282681258,14.2095207901877,14.2095207901877,2.20024662286567,0,0,0,8.11627976252536,0,2.93366216382089,2.93366216382089,4.44161935083163,21.0111972238288,0.990602350503095,0,9.98031868131868,5.88462186398507,5.13390878668656,4.8234072610626,8.15385513179631,3.64777729580361,2.90229381838634,8.4578971875582,109.673831662843,0,35.6439952904239,25.7224708281409,6.69071643440358,12.7299983180085,15.2081046572475,4.46014539609058,2.20024662286567,109.673831662843,0,4.8234072610626,109.673831662843,109.673831662843,0,4.44161935083163,6.34822633068885,109.673831662843,3.03537672789498,109.673831662843,109.673831662843,0,1.87917881403101,2.93366216382089,109.673831662843,4.46014539609058,1.87917881403101,1.87917881403101,11.6831357112305,0,1.87917881403101,109.673831662843,2.93366216382089,18.9260151984551,8.15385513179631,2.20024662286567,0,2.20024662286567,2.20024662286567,2.20024662286567,4.46014539609058,2.93366216382089,1.87917881403101,8.11627976252536,8.15385513179631,13.8423282681258,1.87917881403101
"85",138.42539247066,0,6.35626802161194,19.1028028834466,19.1028028834466,45.029946948287,6.79954929661823,22.6514278588353,0,2.07446009067964,2.34692973105672,45.029946948287,897.439723320158,2.93366216382089,6.55986941063242,9.2818350911618,0,66.015370594024,0,2.82216380320248,23.2704049604776,23.2704049604776,0,21.7756046418358,21.7756046418358,6.57622099127475,84.7094949803283,3.38233990652291,15.9041940285439,0,4.09662286814887,4.09662286814887,32.3210232419701,109.389822342668,33.3704071134627,45.029946948287,6.57622099127475,21.7295674227199,138.42539247066,138.42539247066,4.05262547275593,0,48.4208660302228,0,0,30.141012876676,0,6.12211895209129,31.1457133058985,4.49217018835074,1.52287986102727,6.85777173707857,2.93366216382089,18.4112590970829,0,32.219703419895,4.5107584787853,32.219703419895,6.67408142269253,23.2704049604776,32.3210232419701,2.93366216382089,0,6.12211895209129,2.93366216382089,2.93366216382089,0,4.05262547275593,14.769676590496,2.93366216382089,21.7756046418358,2.93366216382089,2.93366216382089,0,19.1028028834466,138.42539247066,2.93366216382089,23.2704049604776,19.1028028834466,19.1028028834466,3.38233990652291,109.389822342668,19.1028028834466,2.93366216382089,138.42539247066,19.2521579500746,31.1457133058985,32.3210232419701,138.42539247066,32.3210232419701,32.3210232419701,32.3210232419701,23.2704049604776,138.42539247066,19.1028028834466,6.57622099127475,31.1457133058985,0,19.1028028834466
"86",0,0,40.0444885361552,11.430698458847,11.430698458847,0,88.7442837600156,0,15.6393614822978,5.47462120481463,4.71625382977619,360.400396825397,18.5560845047401,18.9260151984551,3.33772748654926,15.5942479395604,0,54.0600595238095,0,0,8.70999884916372,8.70999884916372,77.5981715652768,27.7705785225049,27.7705785225049,18.0400643572223,53.3487429511278,25.1052908005307,0,0,17.666686118892,17.666686118892,14.3016030486269,202.725223214286,0,360.400396825397,18.0400643572223,0,19.2521579500746,19.2521579500746,6.88955728850589,0,28.3531780719281,0,0,47.1454007475083,0,38.9042981554324,0,0,4.63054415747569,18.9684419381788,18.9260151984551,0,0,238.500262605042,5.14857709750567,238.500262605042,11.192558907621,8.70999884916372,14.3016030486269,18.9260151984551,0,38.9042981554324,18.9260151984551,18.9260151984551,0,6.88955728850589,14.2764241700201,18.9260151984551,27.7705785225049,18.9260151984551,18.9260151984551,0,11.430698458847,19.2521579500746,18.9260151984551,8.70999884916372,11.430698458847,11.430698458847,25.1052908005307,202.725223214286,11.430698458847,18.9260151984551,19.2521579500746,1158.42984693878,0,14.3016030486269,0,14.3016030486269,14.3016030486269,14.3016030486269,8.70999884916372,19.2521579500746,11.430698458847,18.0400643572223,0,0,11.430698458847
"87",0,0,0,10.7353309692671,10.7353309692671,0,0,655.273448773449,0,0,0,0,24.4352399913904,8.15385513179631,9.07265443938304,10.3961652930403,0,90.1000992063492,0,0,52.3584111610746,52.3584111610746,0,0,0,0,55.0029675387597,0,0,0,0,0,44.7305457052797,946.051041666667,1261.40138888889,0,0,0,31.1457133058985,31.1457133058985,0,0,47.20420997921,0,0,0,144.988665389527,0,6307.00694444444,0,2.29958930886404,61.5317750677507,8.15385513179631,600.667328042328,0,0,0,0,0,52.3584111610746,44.7305457052797,8.15385513179631,0,0,8.15385513179631,8.15385513179631,0,0,12.9996707889614,8.15385513179631,0,8.15385513179631,8.15385513179631,0,10.7353309692671,31.1457133058985,8.15385513179631,52.3584111610746,10.7353309692671,10.7353309692671,0,946.051041666667,10.7353309692671,8.15385513179631,31.1457133058985,0,6307.00694444444,44.7305457052797,0,44.7305457052797,44.7305457052797,44.7305457052797,52.3584111610746,31.1457133058985,10.7353309692671,0,6307.00694444444,0,10.7353309692671
"88",221.298489278752,0,0,11.8562892230862,11.8562892230862,0,0,101.931425364759,0,0.799468493401501,1.71619236583522,0,28.3673475762119,2.20024662286567,9.9440393290413,0,0,75.083416005291,44.7305457052797,0,39.1031171962456,39.1031171962456,0,33.2648045593061,33.2648045593061,51.6703077885874,105.116782407407,0,105.116782407407,0,2.47333605664488,2.47333605664488,700.778549382716,0,0,221.298489278752,51.6703077885874,102.552958446251,32.3210232419701,32.3210232419701,1.66039408830971,0,52.3312590031691,0,0,0,0,11.4506298918744,44.7305457052797,0,2.05752727635204,12.9374501424501,2.20024662286567,0,0,0,3.76537728026534,73.3372900516796,0,39.1031171962456,700.778549382716,2.20024662286567,0,11.4506298918744,2.20024662286567,2.20024662286567,221.298489278752,1.66039408830971,32.6318266743317,2.20024662286567,33.2648045593061,2.20024662286567,2.20024662286567,0,11.8562892230862,32.3210232419701,2.20024662286567,39.1031171962456,11.8562892230862,11.8562892230862,0,0,11.8562892230862,2.20024662286567,32.3210232419701,14.3016030486269,44.7305457052797,700.778549382716,340.919294294294,700.778549382716,700.778549382716,700.778549382716,39.1031171962456,32.3210232419701,11.8562892230862,51.6703077885874,44.7305457052797,0,11.8562892230862
"89",0,0,0,46.3395581407215,46.3395581407215,0,0,0,0,0,0,37842.0416666667,109.687077294686,0,0,0,0,756.840833333333,0,0,0,0,0,0,0,0,430.023200757576,0,0,0,62.1209986320109,62.1209986320109,340.919294294294,0,0,0,0,0,141.929832786373,141.929832786373,39.2959934233299,0,221.78485958486,0,0,0,0,0,0,0,0,488.284408602151,0,0,0,0,0,0,0,0,340.919294294294,0,0,0,0,0,0,39.2959934233299,0,0,0,0,0,0,46.3395581407215,141.929832786373,0,0,46.3395581407215,46.3395581407215,0,0,46.3395581407215,0,141.929832786373,0,0,340.919294294294,227052.25,340.919294294294,340.919294294294,340.919294294294,0,141.929832786373,46.3395581407215,0,0,0,46.3395581407215
"90",221.298489278752,0,0,11.8562892230862,11.8562892230862,0,0,101.931425364759,0,0.799468493401501,1.71619236583522,0,28.3673475762119,2.20024662286567,9.9440393290413,0,0,75.083416005291,44.7305457052797,0,39.1031171962456,39.1031171962456,0,33.2648045593061,33.2648045593061,51.6703077885874,105.116782407407,0,105.116782407407,0,2.47333605664488,2.47333605664488,700.778549382716,0,0,221.298489278752,51.6703077885874,102.552958446251,32.3210232419701,32.3210232419701,1.66039408830971,0,52.3312590031691,0,0,0,0,11.4506298918744,44.7305457052797,0,2.05752727635204,12.9374501424501,2.20024662286567,0,0,0,3.76537728026534,73.3372900516796,0,39.1031171962456,700.778549382716,2.20024662286567,0,11.4506298918744,2.20024662286567,2.20024662286567,221.298489278752,1.66039408830971,32.6318266743317,2.20024662286567,33.2648045593061,2.20024662286567,2.20024662286567,0,11.8562892230862,32.3210232419701,2.20024662286567,39.1031171962456,11.8562892230862,11.8562892230862,0,0,11.8562892230862,2.20024662286567,32.3210232419701,14.3016030486269,44.7305457052797,700.778549382716,340.919294294294,700.778549382716,700.778549382716,700.778549382716,39.1031171962456,32.3210232419701,11.8562892230862,51.6703077885874,44.7305457052797,0,11.8562892230862
"91",221.298489278752,0,0,11.8562892230862,11.8562892230862,0,0,101.931425364759,0,0.799468493401501,1.71619236583522,0,28.3673475762119,2.20024662286567,9.9440393290413,0,0,75.083416005291,44.7305457052797,0,39.1031171962456,39.1031171962456,0,33.2648045593061,33.2648045593061,51.6703077885874,105.116782407407,0,105.116782407407,0,2.47333605664488,2.47333605664488,700.778549382716,0,0,221.298489278752,51.6703077885874,102.552958446251,32.3210232419701,32.3210232419701,1.66039408830971,0,52.3312590031691,0,0,0,0,11.4506298918744,44.7305457052797,0,2.05752727635204,12.9374501424501,2.20024662286567,0,0,0,3.76537728026534,73.3372900516796,0,39.1031171962456,700.778549382716,2.20024662286567,0,11.4506298918744,2.20024662286567,2.20024662286567,221.298489278752,1.66039408830971,32.6318266743317,2.20024662286567,33.2648045593061,2.20024662286567,2.20024662286567,0,11.8562892230862,32.3210232419701,2.20024662286567,39.1031171962456,11.8562892230862,11.8562892230862,0,0,11.8562892230862,2.20024662286567,32.3210232419701,14.3016030486269,44.7305457052797,700.778549382716,340.919294294294,700.778549382716,700.778549382716,700.778549382716,39.1031171962456,32.3210232419701,11.8562892230862,51.6703077885874,44.7305457052797,0,11.8562892230862
"92",221.298489278752,0,0,11.8562892230862,11.8562892230862,0,0,101.931425364759,0,0.799468493401501,1.71619236583522,0,28.3673475762119,2.20024662286567,9.9440393290413,0,0,75.083416005291,44.7305457052797,0,39.1031171962456,39.1031171962456,0,33.2648045593061,33.2648045593061,51.6703077885874,105.116782407407,0,105.116782407407,0,2.47333605664488,2.47333605664488,700.778549382716,0,0,221.298489278752,51.6703077885874,102.552958446251,32.3210232419701,32.3210232419701,1.66039408830971,0,52.3312590031691,0,0,0,0,11.4506298918744,44.7305457052797,0,2.05752727635204,12.9374501424501,2.20024662286567,0,0,0,3.76537728026534,73.3372900516796,0,39.1031171962456,700.778549382716,2.20024662286567,0,11.4506298918744,2.20024662286567,2.20024662286567,221.298489278752,1.66039408830971,32.6318266743317,2.20024662286567,33.2648045593061,2.20024662286567,2.20024662286567,0,11.8562892230862,32.3210232419701,2.20024662286567,39.1031171962456,11.8562892230862,11.8562892230862,0,0,11.8562892230862,2.20024662286567,32.3210232419701,14.3016030486269,44.7305457052797,700.778549382716,340.919294294294,700.778549382716,700.778549382716,700.778549382716,39.1031171962456,32.3210232419701,11.8562892230862,51.6703077885874,44.7305457052797,0,11.8562892230862
"93",0,0,0,9.65474248360241,9.65474248360241,121.142990529545,0,58.1030644232615,0,0.550829966745532,2.32266635977699,0,22.2088570450433,4.46014539609058,1.60837188051201,11.3017546042807,0,44.7702356304841,0,3.01478164460319,378.262807163682,378.262807163682,0,4.0223258574263,4.0223258574263,0,14.6636689485921,3.67099971301652,19.6136270381168,0,1.6395291951367,1.6395291951367,39.1031171962456,218.057382953181,181.714485794318,0,0,0,23.2704049604776,23.2704049604776,1.11756873988667,0,36.7027278238028,0,0,162.58664518439,0,1.48946299831408,52.3584111610746,0,0.470141983335542,16.0475130311865,4.46014539609058,48.1425390935595,0,0,3.80853648308639,0,4.90340675952921,378.262807163682,39.1031171962456,4.46014539609058,0,1.48946299831408,4.46014539609058,4.46014539609058,0,1.11756873988667,11.3502005823762,4.46014539609058,4.0223258574263,4.46014539609058,4.46014539609058,0,9.65474248360241,23.2704049604776,4.46014539609058,378.262807163682,9.65474248360241,9.65474248360241,3.67099971301652,218.057382953181,9.65474248360241,4.46014539609058,23.2704049604776,8.70999884916372,52.3584111610746,39.1031171962456,0,39.1031171962456,39.1031171962456,39.1031171962456,378.262807163682,23.2704049604776,9.65474248360241,0,52.3584111610746,0,9.65474248360241
"94",138.42539247066,0,6.35626802161194,19.1028028834466,19.1028028834466,45.029946948287,6.79954929661823,22.6514278588353,0,2.07446009067964,2.34692973105672,45.029946948287,897.439723320158,2.93366216382089,6.55986941063242,9.2818350911618,0,66.015370594024,0,2.82216380320248,23.2704049604776,23.2704049604776,0,21.7756046418358,21.7756046418358,6.57622099127475,84.7094949803283,3.38233990652291,15.9041940285439,0,4.09662286814887,4.09662286814887,32.3210232419701,109.389822342668,33.3704071134627,45.029946948287,6.57622099127475,21.7295674227199,138.42539247066,138.42539247066,4.05262547275593,0,48.4208660302228,0,0,30.141012876676,0,6.12211895209129,31.1457133058985,4.49217018835074,1.52287986102727,6.85777173707857,2.93366216382089,18.4112590970829,0,32.219703419895,4.5107584787853,32.219703419895,6.67408142269253,23.2704049604776,32.3210232419701,2.93366216382089,0,6.12211895209129,2.93366216382089,2.93366216382089,0,4.05262547275593,14.769676590496,2.93366216382089,21.7756046418358,2.93366216382089,2.93366216382089,0,19.1028028834466,138.42539247066,2.93366216382089,23.2704049604776,19.1028028834466,19.1028028834466,3.38233990652291,109.389822342668,19.1028028834466,2.93366216382089,138.42539247066,19.2521579500746,31.1457133058985,32.3210232419701,138.42539247066,32.3210232419701,32.3210232419701,32.3210232419701,23.2704049604776,138.42539247066,19.1028028834466,6.57622099127475,31.1457133058985,0,19.1028028834466
"95",15.0144489080659,0,6.88162241619689,45.68225944369,45.68225944369,15.0144489080659,4.8576158231978,7.80751343219428,5.57197109131512,3.61078019909427,4.55397695514763,30.2403689275131,17.6914640797881,1.87917881403101,4.54985772442315,4.21745145221209,0,24.8832174784338,7.10949070812393,4.04888560263308,9.65474248360241,9.65474248360241,0,10.7353309692671,10.7353309692671,12.8259629262451,24.8341666091001,6.93945117599686,14.2189814162479,2.98756891538047,2.42215364334794,2.42215364334794,11.8562892230862,8.88441183663487,22.5216733620989,15.0144489080659,12.8259629262451,14.8073530610581,19.1028028834466,19.1028028834466,2.26687472076184,0,16.8912550215742,0,8.64590413632253,7.84236840287372,0,4.08611213363109,10.7353309692671,4.97006063391997,2.33341162770068,3.83404677473826,1.87917881403101,6.25966820365431,0,16.5441744389391,3.67261322632823,16.5441744389391,1.69460630927658,9.65474248360241,11.8562892230862,1.87917881403101,0,4.08611213363109,1.87917881403101,1.87917881403101,0,2.26687472076184,7.40580463530932,1.87917881403101,10.7353309692671,1.87917881403101,1.87917881403101,0,45.68225944369,19.1028028834466,1.87917881403101,9.65474248360241,45.68225944369,45.68225944369,6.93945117599686,8.88441183663487,45.68225944369,1.87917881403101,19.1028028834466,11.430698458847,10.7353309692671,11.8562892230862,45.68225944369,11.8562892230862,11.8562892230862,11.8562892230862,9.65474248360241,19.1028028834466,45.68225944369,12.8259629262451,10.7353309692671,2.98756891538047,45.68225944369
"96",0,0,144.676861808045,12.8259629262451,12.8259629262451,0,74.9285537496906,64.9602317430799,0,1.91546678758608,6.29367658778282,0,5.2635760898543,8.11627976252536,18.4142454532552,20.9264746543779,0,0,119.093758195646,0,0,0,64.9602317430799,7.82507065067549,7.82507065067549,945.066597294485,0,7.09200302980611,0,0,0,0,51.6703077885874,0,0,0,945.066597294485,135.634557945042,6.57622099127475,6.57622099127475,1.9985718341039,0,0,0,0,0,0,21.2585123714172,0,149.474818959842,4.12031172875352,33.1040277018407,8.11627976252536,0,0,0,4.54218054513628,197.953138622493,19.6492719759417,0,51.6703077885874,8.11627976252536,0,21.2585123714172,8.11627976252536,8.11627976252536,0,1.9985718341039,0,8.11627976252536,7.82507065067549,8.11627976252536,8.11627976252536,0,12.8259629262451,6.57622099127475,8.11627976252536,0,12.8259629262451,12.8259629262451,7.09200302980611,0,12.8259629262451,8.11627976252536,6.57622099127475,18.0400643572223,0,51.6703077885874,0,51.6703077885874,51.6703077885874,51.6703077885874,0,6.57622099127475,12.8259629262451,945.066597294485,0,0,12.8259629262451
"97",0,0,0,10.7353309692671,10.7353309692671,0,0,655.273448773449,0,0,0,0,24.4352399913904,8.15385513179631,9.07265443938304,10.3961652930403,0,90.1000992063492,0,0,52.3584111610746,52.3584111610746,0,0,0,0,55.0029675387597,0,0,0,0,0,44.7305457052797,946.051041666667,1261.40138888889,0,0,0,31.1457133058985,31.1457133058985,0,0,47.20420997921,0,0,0,144.988665389527,0,6307.00694444444,0,2.29958930886404,61.5317750677507,8.15385513179631,600.667328042328,0,0,0,0,0,52.3584111610746,44.7305457052797,8.15385513179631,0,0,8.15385513179631,8.15385513179631,0,0,12.9996707889614,8.15385513179631,0,8.15385513179631,8.15385513179631,0,10.7353309692671,31.1457133058985,8.15385513179631,52.3584111610746,10.7353309692671,10.7353309692671,0,946.051041666667,10.7353309692671,8.15385513179631,31.1457133058985,0,6307.00694444444,44.7305457052797,0,44.7305457052797,44.7305457052797,44.7305457052797,52.3584111610746,31.1457133058985,10.7353309692671,0,6307.00694444444,0,10.7353309692671
"98",0,0,0,2.98756891538047,2.98756891538047,0,0,0,40.5957893795816,7.02788582571552,21.4897131026324,0,0,13.8423282681258,0,8.71936443932412,0,0,0,15.7532956358843,0,0,0,45.0500496031746,45.0500496031746,0,0,40.3809968431817,0,4633.7193877551,7.78776367689933,7.78776367689933,0,0,0,0,0,0,0,0,0,0,0,0,0,0,240.266931216931,3.20134580677909,0,0,9.96192743067743,0,13.8423282681258,0,0,386.143282312925,11.5842984693878,0,0,0,0,13.8423282681258,0,3.20134580677909,13.8423282681258,13.8423282681258,0,0,10.8772755581106,13.8423282681258,45.0500496031746,13.8423282681258,13.8423282681258,0,2.98756891538047,0,13.8423282681258,0,2.98756891538047,2.98756891538047,40.3809968431817,0,2.98756891538047,13.8423282681258,0,0,0,0,0,0,0,0,0,0,2.98756891538047,0,0,4633.7193877551,2.98756891538047
"99",15.0144489080659,0,6.88162241619689,45.68225944369,45.68225944369,15.0144489080659,4.8576158231978,7.80751343219428,5.57197109131512,3.61078019909427,4.55397695514763,30.2403689275131,17.6914640797881,1.87917881403101,4.54985772442315,4.21745145221209,0,24.8832174784338,7.10949070812393,4.04888560263308,9.65474248360241,9.65474248360241,0,10.7353309692671,10.7353309692671,12.8259629262451,24.8341666091001,6.93945117599686,14.2189814162479,2.98756891538047,2.42215364334794,2.42215364334794,11.8562892230862,8.88441183663487,22.5216733620989,15.0144489080659,12.8259629262451,14.8073530610581,19.1028028834466,19.1028028834466,2.26687472076184,0,16.8912550215742,0,8.64590413632253,7.84236840287372,0,4.08611213363109,10.7353309692671,4.97006063391997,2.33341162770068,3.83404677473826,1.87917881403101,6.25966820365431,0,16.5441744389391,3.67261322632823,16.5441744389391,1.69460630927658,9.65474248360241,11.8562892230862,1.87917881403101,0,4.08611213363109,1.87917881403101,1.87917881403101,0,2.26687472076184,7.40580463530932,1.87917881403101,10.7353309692671,1.87917881403101,1.87917881403101,0,45.68225944369,19.1028028834466,1.87917881403101,9.65474248360241,45.68225944369,45.68225944369,6.93945117599686,8.88441183663487,45.68225944369,1.87917881403101,19.1028028834466,11.430698458847,10.7353309692671,11.8562892230862,45.68225944369,11.8562892230862,11.8562892230862,11.8562892230862,9.65474248360241,19.1028028834466,45.68225944369,12.8259629262451,10.7353309692671,2.98756891538047,45.68225944369
