"","V1","V2","V3","V4","V5","V6","V7","V8","V9","V10","V11","V12","V13","V14","V15","V16","V17","V18","V19","V20","V21","V22","V23","V24","V25","V26","V27","V28","V29","V30","V31","V32","V33","V34","V35","V36","V37","V38","V39","V40","V41","V42","V43","V44","V45","V46","V47","V48","V49","V50","V51","V52","V53","V54","V55","V56","V57","V58","V59","V60","V61","V62","V63","V64","V65","V66","V67","V68","V69","V70","V71","V72","V73","V74","V75","V76","V77","V78","V79","V80","V81","V82","V83","V84","V85","V86","V87","V88","V89","V90","V91","V92","V93","V94","V95","V96","V97","V98","V99"
"1",0.0181353702465459,NA,NA,0.000852300865275891,0.000852300865275891,NA,NA,NA,NA,0.000713114637987019,NA,NA,0.00746373095673262,NA,0.00419685729127498,NA,NA,NA,NA,NA,NA,NA,NA,0.00198300273250598,0.00198300273250598,NA,0.00240846454584089,NA,0.00320351774804185,NA,NA,NA,0.00228487269310596,NA,NA,NA,NA,NA,0.00787903277113728,0.00787903277113728,NA,NA,0.00478439144942372,NA,NA,NA,NA,0.000890186494491123,NA,NA,0.000619641783785877,NA,NA,NA,NA,NA,0.00388033496234616,NA,NA,NA,0.00228487269310596,NA,NA,0.000890186494491123,NA,NA,NA,NA,NA,NA,0.00198300273250598,NA,NA,NA,0.000852300865275891,0.00787903277113728,NA,NA,0.000852300865275891,0.000852300865275891,NA,NA,0.000852300865275891,NA,0.00787903277113728,NA,NA,0.00228487269310596,NA,0.00228487269310596,0.00228487269310596,0.00228487269310596,NA,0.00787903277113728,0.000852300865275891,NA,NA,NA,0.000852300865275891
"2",NA,0.0181353702465459,0.00301220446704085,NA,NA,NA,NA,NA,0.00234485004236089,0.000713114637987019,NA,NA,NA,NA,NA,NA,NA,NA,NA,NA,NA,NA,NA,NA,NA,NA,NA,NA,NA,NA,NA,NA,NA,NA,NA,NA,NA,NA,NA,NA,0.0011418402733727,NA,NA,NA,NA,NA,NA,NA,NA,NA,NA,0.00247618597410696,NA,NA,NA,NA,NA,NA,NA,NA,NA,NA,NA,NA,NA,NA,NA,0.0011418402733727,NA,NA,NA,NA,NA,NA,NA,NA,NA,NA,NA,NA,NA,NA,NA,NA,NA,NA,NA,NA,NA,NA,NA,NA,NA,NA,NA,NA,NA,NA,NA
"3",NA,0.00301220446704085,0.0749699649775915,0.000374907274023018,0.000374907274023018,0.00301220446704085,0.0011920564550911,NA,0.000464724681156218,-4.26514078435968e-05,NA,NA,-0.000579795835562437,0.00175339746456232,-0.000509028489502067,0.0086819054374326,NA,NA,NA,0.00317128779815234,NA,NA,NA,0.00166041829047239,0.00166041829047239,0.00806526884530024,NA,NA,0.00132339238683717,NA,NA,NA,NA,NA,NA,NA,0.00806526884530024,NA,-0.000446176294768522,-0.000446176294768522,0.00124352549831346,0.00247618597410696,NA,NA,NA,NA,0.00113207910583617,0.00953645164072883,NA,0.00594900819751795,-0.000323069970447024,0.00264678477367435,0.00175339746456232,NA,NA,NA,0.00145651179990993,0.00198300273250598,0.00418736353455229,NA,NA,0.00175339746456232,NA,0.00953645164072883,0.00175339746456232,0.00175339746456232,NA,0.00124352549831346,-0.000307908427369652,0.00175339746456232,0.00166041829047239,0.00175339746456232,0.00175339746456232,NA,0.000374907274023018,-0.000446176294768522,0.00175339746456232,NA,0.000374907274023018,0.000374907274023018,NA,NA,0.000374907274023018,0.00175339746456232,-0.000446176294768522,0.00066845607091588,NA,NA,NA,NA,NA,NA,NA,-0.000446176294768522,0.000374907274023018,0.00806526884530024,NA,NA,0.000374907274023018
"4",0.000852300865275891,NA,0.000374907274023018,0.282718317808941,0.282718317808941,0.000852300865275891,-0.000481030745477937,0.00043254338098134,-3.18342020253265e-05,0.00126774588561835,0.001607383129035,0.00315926527842155,0.0611154877051852,-0.00508863603785579,0.000292698812479346,-0.000845792061483998,NA,0.0201532205410355,0.000249938182682012,-0.00149605974554618,0.00796620455839483,0.00796620455839483,NA,0.00997057570594714,0.00997057570594714,0.00817893915828891,0.0277036764986487,0.00295503120194915,0.00426150432637945,-0.000764115756914192,-0.00430346553946777,-0.00430346553946777,0.0083709809273885,0.000316282372342008,0.00255552535722159,0.000852300865275891,0.00817893915828891,0.00170460173055178,0.0576464395538067,0.0576464395538067,-0.00533341363551613,NA,0.0358131728764707,NA,0.000632564744684016,0.000745682832227793,NA,0.002060164511818,0.00165129271402773,-0.000530702607776922,-0.00628395598039651,-0.00123314820477863,-0.00508863603785579,-3.67839829793069e-05,NA,0.00292767815403245,-0.001764696325558,0.00292767815403245,-0.00237915514049819,0.00796620455839483,0.0083709809273885,-0.00508863603785579,NA,0.002060164511818,-0.00508863603785579,-0.00508863603785579,NA,-0.00533341363551613,0.0070642410656789,-0.00508863603785579,0.00997057570594714,-0.00508863603785579,-0.00508863603785579,NA,0.282718317808941,0.0576464395538067,-0.00508863603785579,0.00796620455839483,0.282718317808941,0.282718317808941,0.00295503120194915,0.000316282372342008,0.282718317808941,-0.00508863603785579,0.0576464395538067,0.00552438232764462,0.00165129271402773,0.0083709809273885,0.00401018890509136,0.0083709809273885,0.0083709809273885,0.0083709809273885,0.00796620455839483,0.0576464395538067,0.282718317808941,0.00817893915828891,0.00165129271402773,-0.000764115756914192,0.282718317808941
"5",0.000852300865275891,NA,0.000374907274023018,0.282718317808941,0.282718317808941,0.000852300865275891,-0.000481030745477937,0.00043254338098134,-3.18342020253265e-05,0.00126774588561835,0.001607383129035,0.00315926527842155,0.0611154877051852,-0.00508863603785579,0.000292698812479346,-0.000845792061483998,NA,0.0201532205410355,0.000249938182682012,-0.00149605974554618,0.00796620455839483,0.00796620455839483,NA,0.00997057570594714,0.00997057570594714,0.00817893915828891,0.0277036764986487,0.00295503120194915,0.00426150432637945,-0.000764115756914192,-0.00430346553946777,-0.00430346553946777,0.0083709809273885,0.000316282372342008,0.00255552535722159,0.000852300865275891,0.00817893915828891,0.00170460173055178,0.0576464395538067,0.0576464395538067,-0.00533341363551613,NA,0.0358131728764707,NA,0.000632564744684016,0.000745682832227793,NA,0.002060164511818,0.00165129271402773,-0.000530702607776922,-0.00628395598039651,-0.00123314820477863,-0.00508863603785579,-3.67839829793069e-05,NA,0.00292767815403245,-0.001764696325558,0.00292767815403245,-0.00237915514049819,0.00796620455839483,0.0083709809273885,-0.00508863603785579,NA,0.002060164511818,-0.00508863603785579,-0.00508863603785579,NA,-0.00533341363551613,0.0070642410656789,-0.00508863603785579,0.00997057570594714,-0.00508863603785579,-0.00508863603785579,NA,0.282718317808941,0.0576464395538067,-0.00508863603785579,0.00796620455839483,0.282718317808941,0.282718317808941,0.00295503120194915,0.000316282372342008,0.282718317808941,-0.00508863603785579,0.0576464395538067,0.00552438232764462,0.00165129271402773,0.0083709809273885,0.00401018890509136,0.0083709809273885,0.0083709809273885,0.0083709809273885,0.00796620455839483,0.0576464395538067,0.282718317808941,0.00817893915828891,0.00165129271402773,-0.000764115756914192,0.282718317808941
"6",NA,NA,0.00301220446704085,0.000852300865275891,0.000852300865275891,0.0181353702465459,NA,0.00352896887952542,NA,NA,NA,NA,0.00405532259915424,NA,NA,0.0014469842395721,NA,0.00271033450644087,NA,NA,0.00196136654446534,0.00196136654446534,NA,0.00198300273250598,0.00198300273250598,NA,0.00240846454584089,NA,0.00320351774804185,NA,NA,NA,NA,NA,NA,NA,NA,NA,0.00143394906643615,0.00143394906643615,NA,NA,0.00478439144942372,NA,NA,NA,NA,0.000890186494491123,NA,NA,NA,NA,NA,NA,NA,NA,NA,NA,NA,0.00196136654446534,NA,NA,NA,0.000890186494491123,NA,NA,NA,NA,0.00157221693383502,NA,0.00198300273250598,NA,NA,NA,0.000852300865275891,0.00143394906643615,NA,0.00196136654446534,0.000852300865275891,0.000852300865275891,NA,NA,0.000852300865275891,NA,0.00143394906643615,NA,NA,NA,NA,NA,NA,NA,0.00196136654446534,0.00143394906643615,0.000852300865275891,NA,NA,NA,0.000852300865275891
"7",NA,NA,0.0011920564550911,-0.000481030745477937,-0.000481030745477937,NA,0.0718245818606147,NA,0.000524702030411149,-0.00075940320005568,-0.000658508699432883,NA,-0.000519818486307507,0.0161751308224094,0.00211122734106796,0.00233888944467643,NA,NA,NA,NA,NA,NA,NA,NA,NA,0.00269792557329021,NA,0.00165314398202226,NA,NA,0.00214804593423645,0.00214804593423645,NA,NA,NA,NA,0.00269792557329021,NA,-0.000386198945513592,-0.000386198945513592,9.80480707156876e-05,NA,NA,NA,NA,NA,NA,0.000668496209433506,NA,0.00323503653685202,0.00244152926019903,NA,0.0161751308224094,NA,0.0014557651941057,NA,-0.000607312304711548,NA,0.00206060676154158,NA,NA,0.0161751308224094,0.00844995080713114,0.000668496209433506,0.0161751308224094,0.0161751308224094,NA,9.80480707156876e-05,-0.000247931078114721,0.0161751308224094,NA,0.0161751308224094,0.0161751308224094,NA,-0.000481030745477937,-0.000386198945513592,0.0161751308224094,NA,-0.000481030745477937,-0.000481030745477937,0.00165314398202226,NA,-0.000481030745477937,0.0161751308224094,-0.000386198945513592,0.00291153038821139,NA,NA,NA,NA,NA,NA,NA,-0.000386198945513592,-0.000481030745477937,0.00269792557329021,NA,NA,-0.000481030745477937
"8",NA,NA,NA,0.00043254338098134,0.00043254338098134,0.00352896887952542,NA,0.0514993871347473,NA,NA,-0.000201721636203244,NA,0.00326928649257576,-5.15633532644476e-05,NA,8.36232908519937e-05,NA,0.00134697355772076,NA,NA,0.00265067473936023,0.00265067473936023,NA,NA,NA,0.00107841807593986,NA,NA,NA,NA,NA,NA,0.00329768703664148,0.00299295038659153,NA,NA,0.00107841807593986,NA,0.00159583978330186,0.00159583978330186,NA,NA,0.00702466619970655,NA,0.00226561861265665,0.00877568687497637,NA,-0.000473174454228983,0.00560327421118106,NA,NA,NA,-5.15633532644476e-05,NA,NA,NA,NA,NA,NA,0.00265067473936023,0.00329768703664148,-5.15633532644476e-05,NA,-0.000473174454228983,-5.15633532644476e-05,-5.15633532644476e-05,NA,NA,0.0018723755180996,-5.15633532644476e-05,NA,-5.15633532644476e-05,-5.15633532644476e-05,NA,0.00043254338098134,0.00159583978330186,-5.15633532644476e-05,0.00265067473936023,0.00043254338098134,0.00043254338098134,NA,0.00299295038659153,0.00043254338098134,-5.15633532644476e-05,0.00159583978330186,NA,0.00560327421118106,0.00329768703664148,NA,0.00329768703664148,0.00329768703664148,0.00329768703664148,0.00265067473936023,0.00159583978330186,0.00043254338098134,0.00107841807593986,0.00560327421118106,NA,0.00043254338098134
"9",NA,0.00234485004236089,0.000464724681156218,-3.18342020253265e-05,-3.18342020253265e-05,NA,0.000524702030411149,NA,0.118919883407443,0.0215739684103834,0.0218364779115854,NA,NA,-0.00123568219042897,-0.000898102280494274,-0.00074632754475529,NA,NA,0.000890186494491123,0.0113515459405789,NA,NA,0.00974461056604223,NA,NA,NA,NA,0.00989650815066443,NA,0.00072843342017081,0.0125203380434603,0.0125203380434603,NA,NA,NA,NA,NA,0.00161751826842601,NA,NA,0.0144218114715316,NA,NA,NA,NA,NA,NA,-0.00185992303491724,NA,NA,0.0157038254982526,0.00131207592431444,-0.00123568219042897,NA,0.00291153038821139,NA,0.0108149977549212,NA,NA,NA,NA,-0.00123568219042897,NA,-0.00185992303491724,-0.00123568219042897,-0.00123568219042897,NA,0.0144218114715316,NA,-0.00123568219042897,NA,-0.00123568219042897,-0.00123568219042897,NA,-3.18342020253265e-05,NA,-0.00123568219042897,NA,-3.18342020253265e-05,-3.18342020253265e-05,0.00989650815066443,NA,-3.18342020253265e-05,-0.00123568219042897,NA,1.10164623592528e-06,NA,NA,NA,NA,NA,NA,NA,NA,-3.18342020253265e-05,NA,NA,0.00072843342017081,-3.18342020253265e-05
"10",0.000713114637987019,0.000713114637987019,-4.26514078435968e-05,0.00126774588561835,0.00126774588561835,NA,-0.00075940320005568,NA,0.0215739684103834,0.300411224266346,0.0360448189547507,0.000713114637987019,-0.00585905060363894,-0.00451273740664287,-0.003211601608226,-0.00511263353689037,NA,NA,0.00285245855194808,0.0132024382355776,-0.00221784864579317,-0.00221784864579317,0.00519282884735293,-0.000113737087582925,-0.000113737087582925,-0.00202020878332731,-0.00208683774096546,0.0216405056712298,-0.000496731336563537,0.000748474809200179,0.0145444676560237,0.0145444676560237,-0.00189434249715254,NA,NA,NA,-0.00202020878332731,-1.42171359478656e-05,-0.00492371381808154,-0.00492371381808154,0.027810163508422,NA,-0.00423875076644704,NA,0.00569288225660962,-0.000632174193095691,-0.00116701072321766,-0.00378814479548539,NA,-0.0014830978197655,0.0496372088262923,-0.00165070688664525,-0.00451273740664287,NA,0.00220544625466683,NA,0.0164425491053258,NA,-0.00270990595260919,-0.00221784864579317,-0.00189434249715254,-0.00451273740664287,NA,-0.00378814479548539,-0.00451273740664287,-0.00451273740664287,NA,0.027810163508422,-0.0034000234769506,-0.00451273740664287,-0.000113737087582925,-0.00451273740664287,-0.00451273740664287,NA,0.00126774588561835,-0.00492371381808154,-0.00451273740664287,-0.00221784864579317,0.00126774588561835,0.00126774588561835,0.0216405056712298,NA,0.00126774588561835,-0.00451273740664287,-0.00492371381808154,0.000290891610328623,NA,-0.00189434249715254,NA,-0.00189434249715254,-0.00189434249715254,-0.00189434249715254,-0.00221784864579317,-0.00492371381808154,0.00126774588561835,-0.00202020878332731,NA,0.000748474809200179,0.00126774588561835
"11",NA,NA,NA,0.001607383129035,0.001607383129035,NA,-0.000658508699432883,-0.000201721636203244,0.0218364779115854,0.0360448189547507,0.243015454477598,NA,-0.00390278976886661,-0.00365040420034665,-0.000486058225378265,-0.00331617091314717,NA,NA,0.000868615077163953,0.00793433191275878,-0.00208398439465688,-0.00208398439465688,0.0100704223500086,-0.00178468258785866,-0.00178468258785866,-0.000408353711396719,NA,0.024288656976744,-0.000527172767686811,0.00399954495278619,0.0236992351065093,0.0236992351065093,-0.0014458178226227,NA,NA,NA,-0.000408353711396719,0.000434307538581977,-0.00336831160569095,-0.00336831160569095,0.016129442291889,NA,-0.00267698958203361,NA,0.00793550562925883,NA,-0.000718486048687813,-0.00526806959546306,NA,-0.00102035600928779,0.0517490091818735,-0.00105434553537362,-0.00365040420034665,NA,0.000545108928523327,NA,0.015963893031555,NA,-0.00176047824601625,-0.00208398439465688,-0.0014458178226227,-0.00365040420034665,NA,-0.00526806959546306,-0.00365040420034665,-0.00365040420034665,NA,0.016129442291889,-0.00301703998387154,-0.00365040420034665,-0.00178468258785866,-0.00365040420034665,-0.00365040420034665,0.00158710112585177,0.001607383129035,-0.00336831160569095,-0.00365040420034665,-0.00208398439465688,0.001607383129035,0.001607383129035,0.024288656976744,NA,0.001607383129035,-0.00365040420034665,-0.00336831160569095,-0.000909554619346443,NA,-0.0014458178226227,NA,-0.0014458178226227,-0.0014458178226227,-0.0014458178226227,-0.00208398439465688,-0.00336831160569095,0.001607383129035,-0.000408353711396719,NA,0.00399954495278619,0.001607383129035
"12",NA,NA,NA,0.00315926527842155,0.00315926527842155,NA,NA,NA,NA,0.000713114637987019,NA,0.0181353702465459,0.00130032952564224,NA,NA,NA,NA,NA,NA,NA,NA,NA,NA,0.00198300273250598,0.00198300273250598,NA,NA,NA,NA,NA,0.0013833697360921,0.0013833697360921,NA,NA,NA,NA,NA,NA,0.00143394906643615,0.00143394906643615,0.0011418402733727,NA,0.00478439144942372,NA,NA,NA,NA,0.000890186494491123,NA,NA,NA,0.00247618597410696,NA,NA,NA,NA,NA,NA,NA,NA,NA,NA,NA,0.000890186494491123,NA,NA,NA,0.0011418402733727,NA,NA,0.00198300273250598,NA,NA,NA,0.00315926527842155,0.00143394906643615,NA,NA,0.00315926527842155,0.00315926527842155,NA,NA,0.00315926527842155,NA,0.00143394906643615,0.00254858143212055,NA,NA,0.00531779164158043,NA,NA,NA,NA,0.00143394906643615,0.00315926527842155,NA,NA,NA,0.00315926527842155
"13",0.00735936933873608,NA,-0.000579795835562437,0.0611154877051852,0.0611154877051852,0.00405532259915424,-0.000519818486307507,0.00326928649257576,NA,-0.00585905060363894,-0.00390278976886661,0.00130032952564224,0.225687326387906,-0.00330215663711143,-0.000311264872768185,0.00271127791107372,NA,0.0588749547098886,NA,-0.00216048164403213,0.0159400703185069,0.0159400703185069,NA,0.0140718475876857,0.0140718475876857,-0.000845779008016871,0.0516300756554891,-0.00189056059928482,0.00426472397323334,NA,-0.00259909243153754,-0.00259909243153754,0.0156039543077068,0.0088758983223125,0.000998459565042257,0.00130032952564224,-0.000845779008016871,0.000572997751707352,0.198702972145874,0.198702972145874,-0.00285797115593916,NA,0.0631243957365822,0.00172579133897714,NA,0.00399383826016903,NA,0.00460917244882533,0.00299537869512677,-0.000881665796162417,-0.0065533989456764,-0.000776965109122871,-0.00330215663711143,0.000411244677387039,NA,0.00199691913008451,-0.00236100311888071,0.00199691913008451,-0.000948261289643537,0.0159400703185069,0.0156039543077068,-0.00330215663711143,NA,0.00460917244882533,-0.00330215663711143,-0.00330215663711143,NA,-0.00285797115593916,0.0142326996315404,-0.00330215663711143,0.0140718475876857,-0.00330215663711143,-0.00330215663711143,NA,0.0611154877051852,0.198702972145874,-0.00330215663711143,0.0159400703185069,0.0611154877051852,0.0611154877051852,-0.00189056059928482,0.0088758983223125,0.0611154877051852,-0.00330215663711143,0.198702972145874,0.00502023894433167,0.00299537869512677,0.0156039543077068,0.00490624622582405,0.0156039543077068,0.0156039543077068,0.0156039543077068,0.0159400703185069,0.198702972145874,0.0611154877051852,-0.000845779008016871,0.00299537869512677,NA,0.0611154877051852
"14",NA,NA,0.00175339746456232,-0.00508863603785579,-0.00508863603785579,NA,0.0161751308224094,-5.15633532644476e-05,-0.00123568219042897,-0.00451273740664287,-0.00365040420034665,NA,-0.00330215663711143,0.224277797628016,0.0148227045729697,0.00568690970306154,NA,NA,0.00116893164304155,-0.00213754550440529,-0.00139911630316421,-0.00139911630316421,-5.15633532644476e-05,-0.00174039545269799,-0.00174039545269799,4.21211374196714e-05,NA,0.00416681054432623,NA,0.000845425494400921,0.0169573129868374,0.0169573129868374,-0.0012956595396839,NA,NA,NA,4.21211374196714e-05,NA,-0.00276767847393577,-0.00276767847393577,-0.00119794306389823,0.000775779102521775,-0.00191566828201289,NA,4.84473285868903e-05,-0.000444735913014091,-0.000568327765749016,0.00110410259625585,-0.000142865952414111,-0.000870197726348996,-0.00350275983810117,0.000145341985760671,0.224277797628016,NA,0.00692096526734624,0.00201985526971136,0.0028771273150547,0.000282595860920793,0.00579666166240352,-0.00139911630316421,-0.0012956595396839,0.224277797628016,NA,0.00110410259625585,0.224277797628016,0.224277797628016,NA,-0.00119794306389823,0.000234941955991028,0.224277797628016,-0.00174039545269799,0.224277797628016,0.224277797628016,NA,-0.00508863603785579,-0.00276767847393577,0.224277797628016,-0.00139911630316421,-0.00508863603785579,-0.00508863603785579,0.00416681054432623,NA,-0.00508863603785579,0.224277797628016,-0.00276767847393577,0.00508904736321219,-0.000142865952414111,-0.0012956595396839,NA,-0.0012956595396839,-0.0012956595396839,-0.0012956595396839,-0.00139911630316421,-0.00276767847393577,-0.00508863603785579,4.21211374196714e-05,-0.000142865952414111,0.000845425494400921,-0.00508863603785579
"15",0.00419685729127498,NA,-0.000509028489502067,0.000292698812479346,0.000292698812479346,NA,0.00211122734106796,NA,-0.000898102280494274,-0.003211601608226,-0.000486058225378265,NA,-0.000311264872768185,0.0148227045729697,0.217054579471626,0.00486096400920988,0.00137109687170261,-0.000167133352334325,0.00128753019553544,-0.00201894695191139,-0.00155986641207758,-0.00155986641207758,NA,0.00205137082300645,0.00205137082300645,0.00480402857593035,0.000120075529703287,-0.00160184472751693,-0.000317715208501066,NA,-0.00295520889954306,-0.00295520889954306,0.00087321313773127,NA,NA,NA,0.00480402857593035,0.000643765097767722,0.00075769145358314,0.00075769145358314,-0.00369891654120177,NA,0.000142538132632396,NA,NA,NA,NA,-0.00126381118668086,-8.35666761671626e-05,0.00102568541150323,-0.00575676680761907,-0.00104504698243595,0.0148227045729697,NA,NA,0.000341895137167742,-0.00309792584550523,0.000341895137167742,-0.00139811333775727,-0.00155986641207758,0.00087321313773127,0.0148227045729697,0.00179655868503751,-0.00126381118668086,0.0148227045729697,0.0148227045729697,NA,-0.00369891654120177,0.0216720959926449,0.0148227045729697,0.00205137082300645,0.0148227045729697,0.0148227045729697,0.00179655868503751,0.000292698812479346,0.00075769145358314,0.0148227045729697,-0.00155986641207758,0.000292698812479346,0.000292698812479346,-0.00160184472751693,NA,0.000292698812479346,0.0148227045729697,0.00075769145358314,-0.000972651524422361,-8.35666761671626e-05,0.00087321313773127,NA,0.00087321313773127,0.00087321313773127,0.00087321313773127,-0.00155986641207758,0.00075769145358314,0.000292698812479346,0.00480402857593035,-8.35666761671626e-05,NA,0.000292698812479346
"16",NA,NA,0.0086819054374326,-0.000845792061483998,-0.000845792061483998,0.0014469842395721,0.00233888944467643,8.36232908519937e-05,-0.00074632754475529,-0.00511263353689037,-0.00331617091314717,NA,0.00271127791107372,0.00568690970306154,0.00486096400920988,0.207982226147351,NA,NA,0.00143930493127443,-0.0015243728842539,0.00237687790197953,0.00237687790197953,NA,0.00250669503022341,0.00250669503022341,0.0052593527831473,-0.00103688104283254,0.00212500800934344,0.000971007866606623,-0.000169432382617983,-0.000140681919394311,-0.000140681919394311,NA,0.000910965746638216,0.00114511427897212,NA,0.0052593527831473,0.000719652465637215,0.00404747331901288,0.00404747331901288,-0.00183138815843012,NA,-0.00130327236010672,NA,NA,NA,NA,0.0205616266556262,-7.67930829767035e-06,0.0115758739165768,0.0013379726536319,0.00194201573321325,0.00568690970306154,NA,-0.000169432382617983,NA,-0.00211430712138331,0.000417782505037235,0.0131332142271233,0.00237687790197953,NA,0.00568690970306154,NA,0.0205616266556262,0.00568690970306154,0.00568690970306154,NA,-0.00183138815843012,NA,0.00568690970306154,0.00250669503022341,0.00568690970306154,0.00568690970306154,NA,-0.000845792061483998,0.00404747331901288,0.00568690970306154,0.00237687790197953,-0.000845792061483998,-0.000845792061483998,0.00212500800934344,0.000910965746638216,-0.000845792061483998,0.00568690970306154,0.00404747331901288,0.00223159756526761,-7.67930829767035e-06,NA,NA,NA,NA,NA,0.00237687790197953,0.00404747331901288,-0.000845792061483998,0.0052593527831473,-7.67930829767035e-06,-0.000169432382617983,-0.000845792061483998
"17",NA,NA,NA,NA,NA,NA,NA,NA,NA,NA,NA,NA,NA,NA,0.00137109687170261,NA,0.0181353702465459,NA,NA,NA,NA,NA,NA,NA,NA,NA,NA,NA,NA,NA,NA,NA,NA,NA,NA,NA,NA,NA,NA,NA,NA,NA,NA,NA,NA,NA,NA,0.00323503653685202,NA,NA,NA,NA,NA,NA,NA,NA,NA,NA,NA,NA,NA,NA,NA,0.00323503653685202,NA,NA,NA,NA,NA,NA,NA,NA,NA,NA,NA,NA,NA,NA,NA,NA,NA,NA,NA,NA,NA,NA,NA,NA,NA,NA,NA,NA,NA,NA,NA,NA,NA,NA,NA
"18",NA,NA,NA,0.0201532205410355,0.0201532205410355,0.00271033450644087,NA,0.00134697355772076,NA,NA,NA,NA,0.0664874845366991,NA,-0.000167133352334325,NA,NA,0.0927150742490558,NA,NA,0.00493613908212181,0.00493613908212181,NA,0.010086796631436,0.010086796631436,NA,0.0192677163667271,NA,0.00349770840034416,NA,NA,NA,0.00623016367668431,0.00580329557488374,0.00240846454584089,NA,NA,NA,0.0252642146791601,0.0252642146791601,-0.00104015504843195,NA,0.0250839091693425,0.00313579631977577,NA,NA,NA,-0.00112895410675729,0.0012556709585711,0.000528339184636213,NA,NA,NA,0.00182124965818567,NA,0.001681132771906,-0.000969159614566458,0.001681132771906,NA,0.00493613908212181,0.00623016367668431,NA,NA,-0.00112895410675729,NA,NA,NA,-0.00104015504843195,0.0125777354706802,NA,0.010086796631436,NA,NA,NA,0.0201532205410355,0.0252642146791601,NA,0.00493613908212181,0.0201532205410355,0.0201532205410355,NA,0.00580329557488374,0.0201532205410355,NA,0.0252642146791601,0.00218783576850157,0.0012556709585711,0.00623016367668431,0.00313579631977577,0.00623016367668431,0.00623016367668431,0.00623016367668431,0.00493613908212181,0.0252642146791601,0.0201532205410355,NA,0.0012556709585711,NA,0.0201532205410355
"19",NA,NA,NA,0.000249938182682012,0.000249938182682012,NA,NA,NA,0.000890186494491123,0.00285245855194808,0.000868615077163953,NA,NA,0.00116893164304155,0.00128753019553544,0.00143930493127443,NA,NA,0.0550855184117465,0.000329764158782563,NA,NA,0.00207430533165565,0.000528339184636213,0.000528339184636213,0.00342889450145016,0.000953800997971118,0.00238411291018221,NA,NA,NA,NA,0.000830209145236193,NA,NA,NA,0.00342889450145016,NA,NA,NA,0.00456736109349081,0.00290164778744187,NA,NA,NA,NA,NA,-0.000564477053378647,NA,NA,-0.000215379980298016,NA,0.00116893164304155,NA,NA,NA,NA,NA,0.00066845607091588,NA,0.000830209145236193,0.00116893164304155,NA,-0.000564477053378647,0.00116893164304155,0.00116893164304155,NA,0.00456736109349081,NA,0.00116893164304155,0.000528339184636213,0.00116893164304155,0.00116893164304155,NA,0.000249938182682012,NA,0.00116893164304155,NA,0.000249938182682012,0.000249938182682012,0.00238411291018221,NA,0.000249938182682012,0.00116893164304155,NA,NA,NA,0.000830209145236193,NA,0.000830209145236193,0.000830209145236193,0.000830209145236193,NA,NA,0.000249938182682012,0.00342889450145016,NA,NA,0.000249938182682012
"20",NA,NA,0.00317128779815234,-0.00149605974554618,-0.00149605974554618,NA,NA,NA,0.0113515459405789,0.0132024382355776,0.00793433191275878,NA,-0.00216048164403213,-0.00213754550440529,-0.00201894695191139,-0.0015243728842539,NA,NA,0.000329764158782563,0.170358835047483,-0.00114653557712785,-0.00114653557712785,0.000421066757932227,-0.00112489938908721,-0.00112489938908721,NA,NA,0.0059735518007045,NA,0.00016801108446225,0.00365970349042856,0.00365970349042856,NA,NA,NA,NA,NA,NA,-0.0018932425624443,-0.0018932425624443,0.00305572793687184,NA,NA,NA,NA,NA,0.00543586357326971,-0.00305220831692919,NA,NA,0.0203166857104112,-0.000631716147486225,-0.00213754550440529,NA,0.00179068571679427,NA,0.02269713855135,NA,-0.00098478250280754,-0.00114653557712785,NA,-0.00213754550440529,NA,-0.00305220831692919,-0.00213754550440529,-0.00213754550440529,NA,0.00305572793687184,NA,-0.00213754550440529,-0.00112489938908721,-0.00213754550440529,-0.00213754550440529,0.00220988951998724,-0.00149605974554618,-0.0018932425624443,-0.00213754550440529,-0.00114653557712785,-0.00149605974554618,-0.00149605974554618,0.0059735518007045,NA,-0.00149605974554618,-0.00213754550440529,-0.0018932425624443,NA,NA,NA,NA,NA,NA,NA,-0.00114653557712785,-0.0018932425624443,-0.00149605974554618,NA,NA,0.00016801108446225,-0.00149605974554618
"21",NA,NA,NA,0.00796620455839483,0.00796620455839483,0.00196136654446534,NA,0.00265067473936023,NA,-0.00221784864579317,-0.00208398439465688,NA,0.0159400703185069,-0.00139911630316421,-0.00155986641207758,0.00237687790197953,NA,0.00493613908212181,NA,-0.00114653557712785,0.152593846455021,0.152593846455021,NA,-0.000947960551274203,-0.000947960551274203,NA,0.000409666071991174,-0.0010115750547542,0.000272554464261664,NA,-0.00154759354768808,-0.00154759354768808,0.00740420862318271,0.00773442491640373,0.00477365671560048,NA,NA,NA,0.0133253150135463,0.0133253150135463,-0.00178912301040748,NA,0.0185295246699089,NA,NA,0.0190946268624019,NA,-0.00262689003070836,0.0024680695410609,NA,-0.00231132149999431,0.000545108928523327,-0.00139911630316421,0.00107228169621014,NA,NA,-0.0016960019678166,NA,-0.000807843664994536,0.152593846455021,0.00740420862318271,-0.00139911630316421,NA,-0.00262689003070836,-0.00139911630316421,-0.00139911630316421,NA,-0.00178912301040748,0.00165032865129255,-0.00139911630316421,-0.000947960551274203,-0.00139911630316421,-0.00139911630316421,NA,0.00796620455839483,0.0133253150135463,-0.00139911630316421,0.152593846455021,0.00796620455839483,0.00796620455839483,-0.0010115750547542,0.00773442491640373,0.00796620455839483,-0.00139911630316421,0.0133253150135463,-0.000382381851659631,0.0024680695410609,0.00740420862318271,NA,0.00740420862318271,0.00740420862318271,0.00740420862318271,0.152593846455021,0.0133253150135463,0.00796620455839483,NA,0.0024680695410609,NA,0.00796620455839483
"22",NA,NA,NA,0.00796620455839483,0.00796620455839483,0.00196136654446534,NA,0.00265067473936023,NA,-0.00221784864579317,-0.00208398439465688,NA,0.0159400703185069,-0.00139911630316421,-0.00155986641207758,0.00237687790197953,NA,0.00493613908212181,NA,-0.00114653557712785,0.152593846455021,0.152593846455021,NA,-0.000947960551274203,-0.000947960551274203,NA,0.000409666071991174,-0.0010115750547542,0.000272554464261664,NA,-0.00154759354768808,-0.00154759354768808,0.00740420862318271,0.00773442491640373,0.00477365671560048,NA,NA,NA,0.0133253150135463,0.0133253150135463,-0.00178912301040748,NA,0.0185295246699089,NA,NA,0.0190946268624019,NA,-0.00262689003070836,0.0024680695410609,NA,-0.00231132149999431,0.000545108928523327,-0.00139911630316421,0.00107228169621014,NA,NA,-0.0016960019678166,NA,-0.000807843664994536,0.152593846455021,0.00740420862318271,-0.00139911630316421,NA,-0.00262689003070836,-0.00139911630316421,-0.00139911630316421,NA,-0.00178912301040748,0.00165032865129255,-0.00139911630316421,-0.000947960551274203,-0.00139911630316421,-0.00139911630316421,NA,0.00796620455839483,0.0133253150135463,-0.00139911630316421,0.152593846455021,0.00796620455839483,0.00796620455839483,-0.0010115750547542,0.00773442491640373,0.00796620455839483,-0.00139911630316421,0.0133253150135463,-0.000382381851659631,0.0024680695410609,0.00740420862318271,NA,0.00740420862318271,0.00740420862318271,0.00740420862318271,0.152593846455021,0.0133253150135463,0.00796620455839483,NA,0.0024680695410609,NA,0.00796620455839483
"23",NA,NA,NA,NA,NA,NA,NA,NA,0.00974461056604223,0.00519282884735293,0.0100704223500086,NA,NA,-5.15633532644476e-05,NA,NA,NA,NA,0.00207430533165565,0.000421066757932227,NA,NA,0.0514993871347473,NA,NA,0.00107841807593986,NA,0.00512646260272702,NA,NA,0.00589868934096708,0.00589868934096708,NA,NA,NA,NA,0.00107841807593986,NA,NA,NA,0.00493257149008947,NA,NA,NA,NA,NA,NA,-0.000473174454228983,NA,NA,0.00681843717762267,0.00111282502538686,-5.15633532644476e-05,NA,0.00191255225733533,NA,0.00769143419360882,0.00249976714499055,0.000759758670065544,NA,NA,-5.15633532644476e-05,NA,-0.000473174454228983,-5.15633532644476e-05,-5.15633532644476e-05,NA,0.00493257149008947,NA,-5.15633532644476e-05,NA,-5.15633532644476e-05,-5.15633532644476e-05,NA,NA,NA,-5.15633532644476e-05,NA,NA,NA,0.00512646260272702,NA,NA,-5.15633532644476e-05,NA,0.00118522048340045,NA,NA,NA,NA,NA,NA,NA,NA,NA,0.00107841807593986,NA,NA,NA
"24",0.00198300273250598,NA,0.00166041829047239,0.00997057570594714,0.00997057570594714,0.00198300273250598,NA,NA,NA,-0.000113737087582925,-0.00178468258785866,0.00198300273250598,0.0140718475876857,-0.00174039545269799,0.00205137082300645,0.00250669503022341,NA,0.010086796631436,0.000528339184636213,-0.00112489938908721,-0.000947960551274203,-0.000947960551274203,NA,0.150518223349237,0.150518223349237,-0.000467548071079575,0.0107871111993843,-0.000525214185557333,0.0130458960810419,0.00218783576850157,-0.00028517524711066,-0.00028517524711066,0.00532178838785048,NA,NA,0.00542066901288174,-0.000467548071079575,0.0012556709585711,0.0114485415735516,0.0114485415735516,-0.00184407970529114,0.0014469842395721,0.00558190703393695,0.00627159263955154,0.000719652465637215,0.00413778843391807,NA,0.0105009745149604,NA,NA,-0.00245735970449393,0.000588381304604619,-0.00174039545269799,NA,NA,0.00631978375572272,-0.00193831922913292,0.00336226554381201,NA,-0.000947960551274203,0.00532178838785048,-0.00174039545269799,NA,0.0105009745149604,-0.00174039545269799,-0.00174039545269799,NA,-0.00184407970529114,0.0049333779153433,-0.00174039545269799,0.150518223349237,-0.00174039545269799,-0.00174039545269799,NA,0.00997057570594714,0.0114485415735516,-0.00174039545269799,-0.000947960551274203,0.00997057570594714,0.00997057570594714,-0.000525214185557333,NA,0.00997057570594714,-0.00174039545269799,0.0114485415735516,0.00237614377095241,NA,0.00532178838785048,NA,0.00532178838785048,0.00532178838785048,0.00532178838785048,-0.000947960551274203,0.0114485415735516,0.00997057570594714,-0.000467548071079575,NA,0.00218783576850157,0.00997057570594714
"25",0.00198300273250598,NA,0.00166041829047239,0.00997057570594714,0.00997057570594714,0.00198300273250598,NA,NA,NA,-0.000113737087582925,-0.00178468258785866,0.00198300273250598,0.0140718475876857,-0.00174039545269799,0.00205137082300645,0.00250669503022341,NA,0.010086796631436,0.000528339184636213,-0.00112489938908721,-0.000947960551274203,-0.000947960551274203,NA,0.150518223349237,0.150518223349237,-0.000467548071079575,0.0107871111993843,-0.000525214185557333,0.0130458960810419,0.00218783576850157,-0.00028517524711066,-0.00028517524711066,0.00532178838785048,NA,NA,0.00542066901288174,-0.000467548071079575,0.0012556709585711,0.0114485415735516,0.0114485415735516,-0.00184407970529114,0.0014469842395721,0.00558190703393695,0.00627159263955154,0.000719652465637215,0.00413778843391807,NA,0.0105009745149604,NA,NA,-0.00245735970449393,0.000588381304604619,-0.00174039545269799,NA,NA,0.00631978375572272,-0.00193831922913292,0.00336226554381201,NA,-0.000947960551274203,0.00532178838785048,-0.00174039545269799,NA,0.0105009745149604,-0.00174039545269799,-0.00174039545269799,NA,-0.00184407970529114,0.0049333779153433,-0.00174039545269799,0.150518223349237,-0.00174039545269799,-0.00174039545269799,NA,0.00997057570594714,0.0114485415735516,-0.00174039545269799,-0.000947960551274203,0.00997057570594714,0.00997057570594714,-0.000525214185557333,NA,0.00997057570594714,-0.00174039545269799,0.0114485415735516,0.00237614377095241,NA,0.00532178838785048,NA,0.00532178838785048,0.00532178838785048,0.00532178838785048,-0.000947960551274203,0.0114485415735516,0.00997057570594714,-0.000467548071079575,NA,0.00218783576850157,0.00997057570594714
"26",NA,NA,0.00806526884530024,0.00817893915828891,0.00817893915828891,NA,0.00269792557329021,0.00107841807593986,NA,-0.00202020878332731,-0.000408353711396719,NA,-0.000845779008016871,4.21211374196714e-05,0.00480402857593035,0.0052593527831473,NA,NA,0.00342889450145016,NA,NA,NA,0.00107841807593986,-0.000467548071079575,-0.000467548071079575,0.111431750969822,NA,-0.00053116257455957,NA,NA,NA,NA,0.0051559417495607,NA,NA,NA,0.111431750969822,0.00171444725072508,-0.00057853992642904,-0.00057853992642904,-0.00130871053021285,NA,NA,NA,NA,NA,NA,0.0192186203756854,NA,0.0128394543843599,-0.00071048469798004,0.00150593388891258,4.21211374196714e-05,NA,NA,NA,-0.00102076664482495,0.00427981812811997,0.000799801178269954,NA,0.0051559417495607,4.21211374196714e-05,NA,0.0192186203756854,4.21211374196714e-05,4.21211374196714e-05,NA,-0.00130871053021285,NA,4.21211374196714e-05,-0.000467548071079575,4.21211374196714e-05,4.21211374196714e-05,NA,0.00817893915828891,-0.00057853992642904,4.21211374196714e-05,NA,0.00817893915828891,0.00817893915828891,-0.00053116257455957,NA,0.00817893915828891,4.21211374196714e-05,-0.00057853992642904,9.80306285349969e-05,NA,0.0051559417495607,NA,0.0051559417495607,0.0051559417495607,0.0051559417495607,NA,-0.00057853992642904,0.00817893915828891,0.111431750969822,NA,NA,0.00817893915828891
"27",0.00240846454584089,NA,NA,0.0277036764986487,0.0277036764986487,0.00240846454584089,NA,NA,NA,-0.00208683774096546,NA,NA,0.0516300756554891,NA,0.000120075529703287,-0.00103688104283254,NA,0.0192677163667271,0.000953800997971118,NA,0.000409666071991174,0.000409666071991174,NA,0.0107871111993843,0.0107871111993843,NA,0.113960260259542,-0.000564477053378647,0.00561733815872101,NA,NA,NA,0.0158640218600479,0.00907571892053038,NA,0.00240846454584089,NA,NA,0.0482585420670386,0.0482585420670386,-0.00134202500903193,NA,0.0464894859289156,0.00283392635917579,NA,0.000651931037371138,NA,0.00171867943974698,0.000953800997971118,0.000226469224036233,-0.00186422349861876,-7.67930829767035e-06,NA,NA,NA,0.00137926281130602,-0.00108739560246311,0.00421318917048182,-0.000360745663618985,0.000409666071991174,0.0158640218600479,NA,NA,0.00171867943974698,NA,NA,NA,-0.00134202500903193,0.0125454494337297,NA,0.0107871111993843,NA,NA,NA,0.0277036764986487,0.0482585420670386,NA,0.000409666071991174,0.0277036764986487,0.0277036764986487,-0.000564477053378647,0.00907571892053038,0.0277036764986487,NA,0.0482585420670386,0.00365252921095713,0.000953800997971118,0.0158640218600479,0.00283392635917579,0.0158640218600479,0.0158640218600479,0.0158640218600479,0.000409666071991174,0.0482585420670386,0.0277036764986487,NA,0.000953800997971118,NA,0.0277036764986487
"28",NA,NA,NA,0.00295503120194915,0.00295503120194915,NA,0.00165314398202226,NA,0.00989650815066443,0.0216405056712298,0.024288656976744,NA,-0.00189056059928482,0.00416681054432623,-0.00160184472751693,0.00212500800934344,NA,NA,0.00238411291018221,0.0059735518007045,-0.0010115750547542,-0.0010115750547542,0.00512646260272702,-0.000525214185557333,-0.000525214185557333,-0.00053116257455957,-0.000564477053378647,0.156681272631085,NA,0.00206060676154158,0.0285015350246737,0.0285015350246737,NA,NA,NA,NA,-0.00053116257455957,NA,-0.00162332151769699,-0.00162332151769699,0.0111844987629419,0.0013833697360921,NA,NA,0.00276673947218421,NA,NA,0.00200548862830052,NA,0.00267055948347337,0.0320107807029108,-0.00049675562511257,0.00416681054432623,NA,0.00206060676154158,NA,0.0141274604446995,NA,-0.000244980412997999,-0.0010115750547542,NA,0.00416681054432623,NA,0.00200548862830052,0.00416681054432623,0.00416681054432623,NA,0.0111844987629419,NA,0.00416681054432623,-0.000525214185557333,0.00416681054432623,0.00416681054432623,NA,0.00295503120194915,-0.00162332151769699,0.00416681054432623,-0.0010115750547542,0.00295503120194915,0.00295503120194915,0.156681272631085,NA,0.00295503120194915,0.00416681054432623,-0.00162332151769699,0.00218530026051243,NA,NA,NA,NA,NA,NA,-0.0010115750547542,-0.00162332151769699,0.00295503120194915,-0.00053116257455957,NA,0.00206060676154158,0.00295503120194915
"29",0.00320351774804185,NA,0.00132339238683717,0.00426150432637945,0.00426150432637945,0.00320351774804185,NA,NA,NA,-0.000496731336563537,-0.000527172767686811,NA,0.00426472397323334,NA,-0.000317715208501066,0.000971007866606623,NA,0.00349770840034416,NA,NA,0.000272554464261664,0.000272554464261664,NA,0.0130458960810419,0.0130458960810419,NA,0.00561733815872101,NA,0.0653446700296746,NA,-0.000305442344111568,-0.000305442344111568,0.00524656260051624,NA,NA,0.00320351774804185,NA,NA,0.000944937520334729,0.000944937520334729,NA,NA,0.00140676728901637,0.00362897956137675,NA,0.0014469842395721,NA,0.00445093247245562,NA,NA,-0.0010691702964178,NA,NA,NA,NA,NA,-0.000475976372965477,NA,NA,0.000272554464261664,0.00524656260051624,NA,NA,0.00445093247245562,NA,NA,NA,NA,-0.00011659514636865,NA,0.0130458960810419,NA,NA,NA,0.00426150432637945,0.000944937520334729,NA,0.000272554464261664,0.00426150432637945,0.00426150432637945,NA,NA,0.00426150432637945,NA,0.000944937520334729,NA,NA,0.00524656260051624,NA,0.00524656260051624,0.00524656260051624,0.00524656260051624,0.000272554464261664,0.000944937520334729,0.00426150432637945,NA,NA,NA,0.00426150432637945
"30",NA,NA,NA,-0.000764115756914192,-0.000764115756914192,NA,NA,NA,0.00072843342017081,0.000748474809200179,0.00399954495278619,NA,NA,0.000845425494400921,NA,-0.000169432382617983,NA,NA,NA,0.00016801108446225,NA,NA,NA,0.00218783576850157,0.00218783576850157,NA,NA,0.00206060676154158,NA,0.0620018951065532,-0.000233046886097978,-0.000233046886097978,NA,NA,NA,NA,NA,NA,NA,NA,NA,NA,NA,NA,NA,NA,0.0042462392375713,-0.00072623012769896,NA,NA,0.00346018620899734,NA,0.000845425494400921,NA,NA,0.00224671147152057,0.000647501717965997,NA,NA,NA,NA,0.000845425494400921,NA,-0.00072623012769896,0.000845425494400921,0.000845425494400921,NA,NA,-4.41996883550597e-05,0.000845425494400921,0.00218783576850157,0.000845425494400921,0.000845425494400921,NA,-0.000764115756914192,NA,0.000845425494400921,NA,-0.000764115756914192,-0.000764115756914192,0.00206060676154158,NA,-0.000764115756914192,0.000845425494400921,NA,NA,NA,NA,NA,NA,NA,NA,NA,NA,-0.000764115756914192,NA,NA,0.0620018951065532,-0.000764115756914192
"31",NA,NA,NA,-0.00430346553946777,-0.00430346553946777,NA,0.00214804593423645,NA,0.0125203380434603,0.0145444676560237,0.0236992351065093,0.0013833697360921,-0.00259909243153754,0.0169573129868374,-0.00295520889954306,-0.000140681919394311,NA,NA,NA,0.00365970349042856,-0.00154759354768808,-0.00154759354768808,0.00589868934096708,-0.00028517524711066,-0.00028517524711066,NA,NA,0.0285015350246737,-0.000305442344111568,-0.000233046886097978,0.215573882485761,0.215573882485761,-0.00122408739904745,NA,NA,0.0013833697360921,NA,NA,-0.00193099472756796,-0.00193099472756796,0.0192800628051695,NA,-0.00207390766231996,NA,0.00904415774713505,-0.000373163772377645,-0.00049675562511257,-0.00202629743523736,NA,-0.00079862558571255,0.0275724722027539,0.00036005840767001,0.0169573129868374,NA,0.000988569775673814,0.00035416800155724,0.0115058926431733,NA,-0.000699140658293934,-0.00154759354768808,-0.00122408739904745,0.0169573129868374,NA,-0.00202629743523736,0.0169573129868374,0.0169573129868374,NA,0.0192800628051695,-0.00241882276876702,0.0169573129868374,-0.00028517524711066,0.0169573129868374,0.0169573129868374,NA,-0.00430346553946777,-0.00193099472756796,0.0169573129868374,-0.00154759354768808,-0.00430346553946777,-0.00430346553946777,0.0285015350246737,NA,-0.00430346553946777,0.0169573129868374,-0.00193099472756796,0.00364216710085405,NA,-0.00122408739904745,0.00180883154942701,-0.00122408739904745,-0.00122408739904745,-0.00122408739904745,-0.00154759354768808,-0.00193099472756796,-0.00430346553946777,NA,NA,-0.000233046886097978,-0.00430346553946777
"32",NA,NA,NA,-0.00430346553946777,-0.00430346553946777,NA,0.00214804593423645,NA,0.0125203380434603,0.0145444676560237,0.0236992351065093,0.0013833697360921,-0.00259909243153754,0.0169573129868374,-0.00295520889954306,-0.000140681919394311,NA,NA,NA,0.00365970349042856,-0.00154759354768808,-0.00154759354768808,0.00589868934096708,-0.00028517524711066,-0.00028517524711066,NA,NA,0.0285015350246737,-0.000305442344111568,-0.000233046886097978,0.215573882485761,0.215573882485761,-0.00122408739904745,NA,NA,0.0013833697360921,NA,NA,-0.00193099472756796,-0.00193099472756796,0.0192800628051695,NA,-0.00207390766231996,NA,0.00904415774713505,-0.000373163772377645,-0.00049675562511257,-0.00202629743523736,NA,-0.00079862558571255,0.0275724722027539,0.00036005840767001,0.0169573129868374,NA,0.000988569775673814,0.00035416800155724,0.0115058926431733,NA,-0.000699140658293934,-0.00154759354768808,-0.00122408739904745,0.0169573129868374,NA,-0.00202629743523736,0.0169573129868374,0.0169573129868374,NA,0.0192800628051695,-0.00241882276876702,0.0169573129868374,-0.00028517524711066,0.0169573129868374,0.0169573129868374,NA,-0.00430346553946777,-0.00193099472756796,0.0169573129868374,-0.00154759354768808,-0.00430346553946777,-0.00430346553946777,0.0285015350246737,NA,-0.00430346553946777,0.0169573129868374,-0.00193099472756796,0.00364216710085405,NA,-0.00122408739904745,0.00180883154942701,-0.00122408739904745,-0.00122408739904745,-0.00122408739904745,-0.00154759354768808,-0.00193099472756796,-0.00430346553946777,NA,NA,-0.000233046886097978,-0.00430346553946777
"33",0.00228487269310596,NA,NA,0.0083709809273885,0.0083709809273885,NA,NA,0.00329768703664148,NA,-0.00189434249715254,-0.0014458178226227,NA,0.0156039543077068,-0.0012956595396839,0.00087321313773127,NA,NA,0.00623016367668431,0.000830209145236193,NA,0.00740420862318271,0.00740420862318271,NA,0.00532178838785048,0.00532178838785048,0.0051559417495607,0.0158640218600479,NA,0.00524656260051624,NA,-0.00122408739904745,-0.00122408739904745,0.123755986093527,NA,NA,0.00228487269310596,0.0051559417495607,0.00155754091917108,0.0147691111401514,0.0147691111401514,-0.00146561686176686,NA,0.0199783674093237,NA,NA,NA,NA,0.00698873213490121,0.000830209145236193,NA,-0.00250506529225168,-0.000131271161032595,-0.0012956595396839,NA,NA,NA,-0.00133457930793296,0.0012556709585711,NA,0.00740420862318271,0.123755986093527,-0.0012956595396839,NA,0.00698873213490121,-0.0012956595396839,-0.0012956595396839,0.00228487269310596,-0.00146561686176686,0.0114331227591154,-0.0012956595396839,0.00532178838785048,-0.0012956595396839,-0.0012956595396839,NA,0.0083709809273885,0.0147691111401514,-0.0012956595396839,0.00740420862318271,0.0083709809273885,0.0083709809273885,NA,NA,0.0083709809273885,-0.0012956595396839,0.0147691111401514,-5.88757030190051e-05,0.000830209145236193,0.123755986093527,0.00271033450644087,0.123755986093527,0.123755986093527,0.123755986093527,0.00740420862318271,0.0147691111401514,0.0083709809273885,0.0051559417495607,0.000830209145236193,NA,0.0083709809273885
"34",NA,NA,NA,0.000316282372342008,0.000316282372342008,NA,NA,0.00299295038659153,NA,NA,NA,NA,0.0088758983223125,NA,NA,0.000910965746638216,NA,0.00580329557488374,NA,NA,0.00773442491640373,0.00773442491640373,NA,NA,NA,NA,0.00907571892053038,NA,NA,NA,NA,NA,NA,0.0275455246129071,NA,NA,NA,NA,0.00941037648548816,0.00941037648548816,NA,NA,0.00684491713533864,NA,NA,0.00259977782684189,NA,NA,0.00290164778744187,NA,NA,NA,NA,NA,NA,NA,NA,NA,NA,0.00773442491640373,NA,NA,NA,NA,NA,NA,NA,NA,0.00352706042967205,NA,NA,NA,NA,NA,0.000316282372342008,0.00941037648548816,NA,0.00773442491640373,0.000316282372342008,0.000316282372342008,NA,0.0275455246129071,0.000316282372342008,NA,0.00941037648548816,0.00201256293918667,0.00290164778744187,NA,NA,NA,NA,NA,0.00773442491640373,0.00941037648548816,0.000316282372342008,NA,0.00290164778744187,NA,0.000316282372342008
"35",NA,NA,NA,0.00255552535722159,0.00255552535722159,NA,NA,NA,NA,NA,NA,NA,0.000998459565042257,NA,NA,0.00114511427897212,NA,0.00240846454584089,NA,NA,0.00477365671560048,0.00477365671560048,NA,NA,NA,NA,NA,NA,NA,NA,NA,NA,NA,NA,0.0229730138196613,NA,NA,NA,0.00113207910583617,0.00113207910583617,NA,NA,0.00136299399017699,NA,NA,NA,NA,NA,0.00313579631977577,NA,NA,NA,NA,0.00370137501939034,NA,NA,NA,NA,NA,0.00477365671560048,NA,NA,NA,NA,NA,NA,NA,NA,0.00127034697323504,NA,NA,NA,NA,NA,0.00255552535722159,0.00113207910583617,NA,0.00477365671560048,0.00255552535722159,0.00255552535722159,NA,NA,0.00255552535722159,NA,0.00113207910583617,NA,0.00313579631977577,NA,NA,NA,NA,NA,0.00477365671560048,0.00113207910583617,0.00255552535722159,NA,0.00313579631977577,NA,0.00255552535722159
"36",NA,NA,NA,0.000852300865275891,0.000852300865275891,NA,NA,NA,NA,NA,NA,NA,0.00130032952564224,NA,NA,NA,NA,NA,NA,NA,NA,NA,NA,0.00542066901288174,0.00542066901288174,NA,0.00240846454584089,NA,0.00320351774804185,NA,0.0013833697360921,0.0013833697360921,0.00228487269310596,NA,NA,0.0181353702465459,NA,NA,0.00143394906643615,0.00143394906643615,NA,NA,0.00166486395077697,NA,NA,0.00313579631977577,NA,0.00323503653685202,NA,NA,NA,NA,NA,NA,NA,0.00386312809371066,NA,0.00386312809371066,NA,NA,0.00228487269310596,NA,NA,0.00323503653685202,NA,NA,NA,NA,0.00157221693383502,NA,0.00542066901288174,NA,NA,NA,0.000852300865275891,0.00143394906643615,NA,NA,0.000852300865275891,0.000852300865275891,NA,NA,0.000852300865275891,NA,0.00143394906643615,0.00254858143212055,NA,0.00228487269310596,NA,0.00228487269310596,0.00228487269310596,0.00228487269310596,NA,0.00143394906643615,0.000852300865275891,NA,NA,NA,0.000852300865275891
"37",NA,NA,0.00806526884530024,0.00817893915828891,0.00817893915828891,NA,0.00269792557329021,0.00107841807593986,NA,-0.00202020878332731,-0.000408353711396719,NA,-0.000845779008016871,4.21211374196714e-05,0.00480402857593035,0.0052593527831473,NA,NA,0.00342889450145016,NA,NA,NA,0.00107841807593986,-0.000467548071079575,-0.000467548071079575,0.111431750969822,NA,-0.00053116257455957,NA,NA,NA,NA,0.0051559417495607,NA,NA,NA,0.111431750969822,0.00171444725072508,-0.00057853992642904,-0.00057853992642904,-0.00130871053021285,NA,NA,NA,NA,NA,NA,0.0192186203756854,NA,0.0128394543843599,-0.00071048469798004,0.00150593388891258,4.21211374196714e-05,NA,NA,NA,-0.00102076664482495,0.00427981812811997,0.000799801178269954,NA,0.0051559417495607,4.21211374196714e-05,NA,0.0192186203756854,4.21211374196714e-05,4.21211374196714e-05,NA,-0.00130871053021285,NA,4.21211374196714e-05,-0.000467548071079575,4.21211374196714e-05,4.21211374196714e-05,NA,0.00817893915828891,-0.00057853992642904,4.21211374196714e-05,NA,0.00817893915828891,0.00817893915828891,-0.00053116257455957,NA,0.00817893915828891,4.21211374196714e-05,-0.00057853992642904,9.80306285349969e-05,NA,0.0051559417495607,NA,0.0051559417495607,0.0051559417495607,0.0051559417495607,NA,-0.00057853992642904,0.00817893915828891,0.111431750969822,NA,NA,0.00817893915828891
"38",NA,NA,NA,0.00170460173055178,0.00170460173055178,NA,NA,NA,0.00161751826842601,-1.42171359478656e-05,0.000434307538581977,NA,0.000572997751707352,NA,0.000643765097767722,0.000719652465637215,NA,NA,NA,NA,NA,NA,NA,0.0012556709585711,0.0012556709585711,0.00171444725072508,NA,NA,NA,NA,NA,NA,0.00155754091917108,NA,NA,NA,0.00171444725072508,0.0319067498494826,0.000706617292501268,0.000706617292501268,NA,NA,NA,NA,NA,NA,NA,0.00178037298898225,NA,NA,-0.000107689990149008,0.00174885420017208,NA,NA,NA,NA,NA,NA,NA,NA,0.00155754091917108,NA,NA,0.00178037298898225,NA,NA,NA,NA,NA,NA,0.0012556709585711,NA,NA,NA,0.00170460173055178,0.000706617292501268,NA,NA,0.00170460173055178,0.00170460173055178,NA,NA,0.00170460173055178,NA,0.000706617292501268,NA,NA,0.00155754091917108,NA,0.00155754091917108,0.00155754091917108,0.00155754091917108,NA,0.000706617292501268,0.00170460173055178,0.00171444725072508,NA,NA,0.00170460173055178
"39",0.00776022796111783,NA,-0.000446176294768522,0.0576464395538067,0.0576464395538067,0.00143394906643615,-0.000386198945513592,0.00159583978330186,NA,-0.00492371381808154,-0.00336831160569095,0.00143394906643615,0.379222759810412,-0.00276767847393577,0.00075769145358314,0.00404747331901288,NA,0.0252642146791601,NA,-0.0018932425624443,0.0133253150135463,0.0133253150135463,NA,0.0114485415735516,0.0114485415735516,-0.00057853992642904,0.0482585420670386,-0.00162332151769699,0.000944937520334729,NA,-0.00193099472756796,-0.00193099472756796,0.0147691111401514,0.00941037648548816,0.00113207910583617,0.00143394906643615,-0.00057853992642904,0.000706617292501268,0.209526154950181,0.209526154950181,-0.00192263437038175,NA,0.0589805458765449,NA,NA,0.00452831642334469,NA,0.00410117100232825,0.00339623731750852,-0.000748046255368502,-0.00575168170091291,-0.00050972602753504,-0.00276767847393577,0.000544864218180955,NA,0.00226415821167235,-0.0014256663333233,0.00226415821167235,-0.00054740266726179,0.0133253150135463,0.0147691111401514,-0.00276767847393577,NA,0.00410117100232825,-0.00276767847393577,-0.00276767847393577,NA,-0.00192263437038175,0.0104686862352842,-0.00276767847393577,0.0114485415735516,-0.00276767847393577,-0.00276767847393577,NA,0.0576464395538067,0.209526154950181,-0.00276767847393577,0.0133253150135463,0.0576464395538067,0.0576464395538067,-0.00162332151769699,0.00941037648548816,0.0576464395538067,-0.00276767847393577,0.209526154950181,0.00389506375257429,0.00339623731750852,0.0147691111401514,0.00517348530741189,0.0147691111401514,0.0147691111401514,0.0147691111401514,0.0133253150135463,0.209526154950181,0.0576464395538067,-0.00057853992642904,0.00339623731750852,NA,0.0576464395538067
"40",0.00776022796111783,NA,-0.000446176294768522,0.0576464395538067,0.0576464395538067,0.00143394906643615,-0.000386198945513592,0.00159583978330186,NA,-0.00492371381808154,-0.00336831160569095,0.00143394906643615,0.379222759810412,-0.00276767847393577,0.00075769145358314,0.00404747331901288,NA,0.0252642146791601,NA,-0.0018932425624443,0.0133253150135463,0.0133253150135463,NA,0.0114485415735516,0.0114485415735516,-0.00057853992642904,0.0482585420670386,-0.00162332151769699,0.000944937520334729,NA,-0.00193099472756796,-0.00193099472756796,0.0147691111401514,0.00941037648548816,0.00113207910583617,0.00143394906643615,-0.00057853992642904,0.000706617292501268,0.209526154950181,0.209526154950181,-0.00192263437038175,NA,0.0589805458765449,NA,NA,0.00452831642334469,NA,0.00410117100232825,0.00339623731750852,-0.000748046255368502,-0.00575168170091291,-0.00050972602753504,-0.00276767847393577,0.000544864218180955,NA,0.00226415821167235,-0.0014256663333233,0.00226415821167235,-0.00054740266726179,0.0133253150135463,0.0147691111401514,-0.00276767847393577,NA,0.00410117100232825,-0.00276767847393577,-0.00276767847393577,NA,-0.00192263437038175,0.0104686862352842,-0.00276767847393577,0.0114485415735516,-0.00276767847393577,-0.00276767847393577,NA,0.0576464395538067,0.209526154950181,-0.00276767847393577,0.0133253150135463,0.0576464395538067,0.0576464395538067,-0.00162332151769699,0.00941037648548816,0.0576464395538067,-0.00276767847393577,0.209526154950181,0.00389506375257429,0.00339623731750852,0.0147691111401514,0.00517348530741189,0.0147691111401514,0.0147691111401514,0.0147691111401514,0.0133253150135463,0.209526154950181,0.0576464395538067,-0.00057853992642904,0.00339623731750852,NA,0.0576464395538067
"41",NA,0.0011418402733727,0.00124352549831346,-0.00533341363551613,-0.00533341363551613,NA,9.80480707156876e-05,NA,0.0144218114715316,0.027810163508422,0.016129442291889,0.0011418402733727,-0.00285797115593916,-0.00119794306389823,-0.00369891654120177,-0.00183138815843012,NA,-0.00104015504843195,0.00456736109349081,0.00305572793687184,-0.00178912301040748,-0.00178912301040748,0.00493257149008947,-0.00184407970529114,-0.00184407970529114,-0.00130871053021285,-0.00134202500903193,0.0111844987629419,NA,NA,0.0192800628051695,0.0192800628051695,-0.00146561686176686,NA,NA,NA,-0.00130871053021285,NA,-0.00192263437038175,-0.00192263437038175,0.245525823088747,NA,-0.00198406761946086,NA,-0.000121509993496065,NA,NA,-0.00512252841933572,NA,-0.000625646548994133,0.0260731929564115,0.000721439868415661,-0.00119794306389823,NA,0.000505510850235011,NA,0.00594677196967867,NA,-0.00180007632430457,-0.00178912301040748,-0.00146561686176686,-0.00119794306389823,NA,-0.00512252841933572,-0.00119794306389823,-0.00119794306389823,NA,0.245525823088747,-0.00290188169420582,-0.00119794306389823,-0.00184407970529114,-0.00119794306389823,-0.00119794306389823,NA,-0.00533341363551613,-0.00192263437038175,-0.00119794306389823,-0.00178912301040748,-0.00533341363551613,-0.00533341363551613,0.0111844987629419,NA,-0.00533341363551613,-0.00119794306389823,-0.00192263437038175,-0.000147343606447424,NA,-0.00146561686176686,0.00156730208670761,-0.00146561686176686,-0.00146561686176686,-0.00146561686176686,-0.00178912301040748,-0.00192263437038175,-0.00533341363551613,-0.00130871053021285,NA,NA,-0.00533341363551613
"42",NA,NA,0.00247618597410696,NA,NA,NA,NA,NA,NA,NA,NA,NA,NA,0.000775779102521775,NA,NA,NA,NA,0.00290164778744187,NA,NA,NA,NA,0.0014469842395721,0.0014469842395721,NA,NA,0.0013833697360921,NA,NA,NA,NA,NA,NA,NA,NA,NA,NA,NA,NA,NA,0.0275455246129071,NA,NA,NA,NA,0.00247618597410696,NA,NA,NA,8.36232908519937e-05,NA,0.000775779102521775,NA,NA,NA,0.000676817214304313,NA,NA,NA,NA,0.000775779102521775,NA,NA,0.000775779102521775,0.000775779102521775,NA,NA,NA,0.000775779102521775,0.0014469842395721,0.000775779102521775,0.000775779102521775,NA,NA,NA,0.000775779102521775,NA,NA,NA,0.0013833697360921,NA,NA,0.000775779102521775,NA,NA,NA,NA,NA,NA,NA,NA,NA,NA,NA,NA,NA,NA,NA
"43",0.00478439144942372,NA,NA,0.0358131728764707,0.0358131728764707,0.00478439144942372,NA,0.00702466619970655,NA,-0.00423875076644704,-0.00267698958203361,0.00478439144942372,0.0631243957365822,-0.00191566828201289,0.000142538132632396,-0.00130327236010672,NA,0.0250839091693425,NA,NA,0.0185295246699089,0.0185295246699089,NA,0.00558190703393695,0.00558190703393695,NA,0.0464894859289156,NA,0.00140676728901637,NA,-0.00207390766231996,-0.00207390766231996,0.0199783674093237,0.00684491713533864,0.00136299399017699,0.00166486395077697,NA,NA,0.0589805458765449,0.0589805458765449,-0.00198406761946086,NA,0.18314773997304,NA,NA,0.00127132443248422,NA,-0.000285229875940618,0.00408898197053098,0.000420400805814407,-0.004595060067395,0.00120454105172461,-0.00191566828201289,0.000775779102521775,NA,0.000635662216242108,-0.00257459679259094,0.00272598798035399,-0.0011043462586829,0.0185295246699089,0.0199783674093237,-0.00191566828201289,NA,-0.000285229875940618,-0.00191566828201289,-0.00191566828201289,NA,-0.00198406761946086,0.0155954577215688,-0.00191566828201289,0.00558190703393695,-0.00191566828201289,-0.00191566828201289,NA,0.0358131728764707,0.0589805458765449,-0.00191566828201289,0.0185295246699089,0.0358131728764707,0.0358131728764707,NA,0.00684491713533864,0.0358131728764707,-0.00191566828201289,0.0589805458765449,0.00504963817427839,0.00408898197053098,0.0199783674093237,0.00563531507609353,0.0199783674093237,0.0199783674093237,0.0199783674093237,0.0185295246699089,0.0589805458765449,0.0358131728764707,NA,0.00408898197053098,NA,0.0358131728764707
"44",NA,NA,NA,NA,NA,NA,NA,NA,NA,NA,NA,NA,0.00172579133897714,NA,NA,NA,NA,0.00313579631977577,NA,NA,NA,NA,NA,0.00636090977369382,0.00636090977369382,NA,0.00283392635917579,NA,0.00362897956137675,NA,NA,NA,NA,NA,NA,NA,NA,NA,NA,NA,NA,NA,NA,0.0129411704577004,NA,NA,NA,NA,NA,NA,NA,NA,NA,NA,NA,NA,NA,NA,NA,NA,NA,NA,NA,NA,NA,NA,NA,NA,NA,NA,0.00636090977369382,NA,NA,NA,NA,NA,NA,NA,NA,NA,NA,NA,NA,NA,NA,NA,NA,NA,NA,NA,NA,NA,NA,NA,NA,NA,NA,NA,NA
"45",NA,NA,NA,0.000632564744684016,0.000632564744684016,NA,NA,0.00226561861265665,NA,0.00569288225660962,0.00793550562925883,NA,NA,4.84473285868903e-05,NA,NA,NA,NA,NA,NA,NA,NA,NA,0.000719652465637215,0.000719652465637215,NA,NA,0.00276673947218421,NA,NA,0.00904415774713505,0.00904415774713505,NA,NA,NA,NA,NA,NA,NA,NA,-0.000121509993496065,NA,NA,NA,0.0478177314864654,0.001872446052907,NA,NA,NA,NA,0.00978718966709467,NA,4.84473285868903e-05,NA,NA,NA,0.00330683708291765,NA,0.000859769351916882,NA,NA,4.84473285868903e-05,NA,NA,4.84473285868903e-05,4.84473285868903e-05,NA,-0.000121509993496065,0.000308866666966255,4.84473285868903e-05,0.000719652465637215,4.84473285868903e-05,4.84473285868903e-05,NA,0.000632564744684016,NA,4.84473285868903e-05,NA,0.000632564744684016,0.000632564744684016,0.00276673947218421,NA,0.000632564744684016,4.84473285868903e-05,NA,NA,NA,NA,NA,NA,NA,NA,NA,NA,0.000632564744684016,NA,NA,NA,0.000632564744684016
"46",NA,NA,NA,0.000745682832227793,0.000745682832227793,NA,NA,0.00877568687497637,NA,-0.000632174193095691,NA,NA,0.00399383826016903,-0.000444735913014091,NA,NA,NA,NA,NA,NA,0.0190946268624019,0.0190946268624019,NA,0.00413778843391807,0.00413778843391807,NA,0.000651931037371138,NA,0.0014469842395721,NA,-0.000373163772377645,-0.000373163772377645,NA,0.00259977782684189,NA,0.00313579631977577,NA,NA,0.00452831642334469,0.00452831642334469,NA,NA,0.00127132443248422,NA,0.001872446052907,0.068617438512729,NA,-0.000866347013978626,NA,NA,NA,NA,-0.000444735913014091,NA,NA,0.00210659458524091,NA,0.00210659458524091,NA,0.0190946268624019,NA,-0.000444735913014091,NA,-0.000866347013978626,-0.000444735913014091,-0.000444735913014091,NA,NA,0.00108603039860032,-0.000444735913014091,0.00413778843391807,-0.000444735913014091,-0.000444735913014091,NA,0.000745682832227793,0.00452831642334469,-0.000444735913014091,0.0190946268624019,0.000745682832227793,0.000745682832227793,NA,0.00259977782684189,0.000745682832227793,-0.000444735913014091,0.00452831642334469,0.000792047923650805,NA,NA,NA,NA,NA,NA,0.0190946268624019,0.00452831642334469,0.000745682832227793,NA,NA,NA,0.000745682832227793
"47",NA,NA,0.00113207910583617,NA,NA,NA,NA,NA,NA,-0.00116701072321766,-0.000718486048687813,NA,NA,-0.000568327765749016,NA,NA,NA,NA,NA,0.00543586357326971,NA,NA,NA,NA,NA,NA,NA,NA,NA,0.0042462392375713,-0.00049675562511257,-0.00049675562511257,NA,NA,NA,NA,NA,NA,NA,NA,NA,0.00247618597410696,NA,NA,NA,NA,0.0749699649775915,-0.000989938866713552,0.00155754091917108,NA,-0.00106630360696783,NA,-0.000568327765749016,NA,NA,0.00198300273250598,0.000120084239936813,NA,0.000242994257580975,NA,NA,-0.000568327765749016,NA,-0.000989938866713552,-0.000568327765749016,-0.000568327765749016,NA,NA,NA,-0.000568327765749016,NA,-0.000568327765749016,-0.000568327765749016,NA,NA,NA,-0.000568327765749016,NA,NA,NA,NA,NA,NA,-0.000568327765749016,NA,NA,0.00155754091917108,NA,NA,NA,NA,NA,NA,NA,NA,NA,0.00155754091917108,0.0042462392375713,NA
"48",0.000890186494491123,NA,0.00953645164072883,0.002060164511818,0.002060164511818,0.000890186494491123,0.000668496209433506,-0.000473174454228983,-0.00185992303491724,-0.00378814479548539,-0.00526806959546306,0.000890186494491123,0.00460917244882533,0.00110410259625585,-0.00126381118668086,0.0205616266556262,0.00323503653685202,-0.00112895410675729,-0.000564477053378647,-0.00305220831692919,-0.00262689003070836,-0.00262689003070836,-0.000473174454228983,0.0105009745149604,0.0105009745149604,0.0192186203756854,0.00171867943974698,0.00200548862830052,0.00445093247245562,-0.00072623012769896,-0.00202629743523736,-0.00202629743523736,0.00698873213490121,NA,NA,0.00323503653685202,0.0192186203756854,0.00178037298898225,0.00410117100232825,0.00410117100232825,-0.00512252841933572,NA,-0.000285229875940618,NA,NA,-0.000866347013978626,-0.000989938866713552,0.277845291119484,NA,0.00198501626445071,-0.0069625191627328,0.000814273602781192,0.00110410259625585,NA,NA,0.00117663306778229,-0.00300468399578938,0.00304133504167814,0.00700843903123261,-0.00262689003070836,0.00698873213490121,0.00110410259625585,NA,0.277845291119484,0.00110410259625585,0.00110410259625585,NA,-0.00512252841933572,-0.00111905302841817,0.00110410259625585,0.0105009745149604,0.00110410259625585,0.00110410259625585,NA,0.002060164511818,0.00410117100232825,0.00110410259625585,-0.00262689003070836,0.002060164511818,0.002060164511818,0.00200548862830052,NA,0.002060164511818,0.00110410259625585,0.00410117100232825,0.0422410741284976,NA,0.00698873213490121,NA,0.00698873213490121,0.00698873213490121,0.00698873213490121,-0.00262689003070836,0.00410117100232825,0.002060164511818,0.0192186203756854,NA,-0.00072623012769896,0.002060164511818
"49",NA,NA,NA,0.00165129271402773,0.00165129271402773,NA,NA,0.00560327421118106,NA,NA,NA,NA,0.00299537869512677,-0.000142865952414111,-8.35666761671626e-05,-7.67930829767035e-06,NA,0.0012556709585711,NA,NA,0.0024680695410609,0.0024680695410609,NA,NA,NA,NA,0.000953800997971118,NA,NA,NA,NA,NA,0.000830209145236193,0.00290164778744187,0.00313579631977577,NA,NA,NA,0.00339623731750852,0.00339623731750852,NA,NA,0.00408898197053098,NA,NA,NA,0.00155754091917108,NA,0.0550855184117465,NA,-0.000835021764083893,0.00102152242623719,-0.000142865952414111,0.00254858143212055,NA,NA,NA,NA,NA,0.0024680695410609,0.000830209145236193,-0.000142865952414111,NA,NA,-0.000142865952414111,-0.000142865952414111,NA,NA,0.000117553385965253,-0.000142865952414111,NA,-0.000142865952414111,-0.000142865952414111,NA,0.00165129271402773,0.00339623731750852,-0.000142865952414111,0.0024680695410609,0.00165129271402773,0.00165129271402773,NA,0.00290164778744187,0.00165129271402773,-0.000142865952414111,0.00339623731750852,NA,0.0550855184117465,0.000830209145236193,NA,0.000830209145236193,0.000830209145236193,0.000830209145236193,0.0024680695410609,0.00339623731750852,0.00165129271402773,NA,0.0550855184117465,NA,0.00165129271402773
"50",NA,NA,0.00594900819751795,-0.000530702607776922,-0.000530702607776922,NA,0.00323503653685202,NA,NA,-0.0014830978197655,-0.00102035600928779,NA,-0.000881665796162417,-0.000870197726348996,0.00102568541150323,0.0115758739165768,NA,0.000528339184636213,NA,NA,NA,NA,NA,NA,NA,0.0128394543843599,0.000226469224036233,0.00267055948347337,NA,NA,-0.00079862558571255,-0.00079862558571255,NA,NA,NA,NA,0.0128394543843599,NA,-0.000748046255368502,-0.000748046255368502,-0.000625646548994133,NA,0.000420400805814407,NA,NA,NA,NA,0.00198501626445071,NA,0.0927150742490558,-0.00167004352816779,0.00204304485247439,-0.000870197726348996,NA,NA,NA,NA,0.001681132771906,0.00133691214183176,NA,NA,-0.000870197726348996,NA,0.00198501626445071,-0.000870197726348996,-0.000870197726348996,NA,-0.000625646548994133,-0.000609778387969632,-0.000870197726348996,NA,-0.000870197726348996,-0.000870197726348996,NA,-0.000530702607776922,-0.000748046255368502,-0.000870197726348996,NA,-0.000530702607776922,-0.000530702607776922,0.00267055948347337,NA,-0.000530702607776922,-0.000870197726348996,-0.000748046255368502,NA,NA,NA,NA,NA,NA,NA,NA,-0.000748046255368502,-0.000530702607776922,0.0128394543843599,NA,NA,-0.000530702607776922
"51",0.000619641783785877,NA,-0.000323069970447024,-0.00628395598039651,-0.00628395598039651,NA,0.00244152926019903,NA,0.0157038254982526,0.0496372088262923,0.0517490091818735,NA,-0.0065533989456764,-0.00350275983810117,-0.00575676680761907,0.0013379726536319,NA,NA,-0.000215379980298016,0.0203166857104112,-0.00231132149999431,-0.00231132149999431,0.00681843717762267,-0.00245735970449393,-0.00245735970449393,-0.00071048469798004,-0.00186422349861876,0.0320107807029108,-0.0010691702964178,0.00346018620899734,0.0275724722027539,0.0275724722027539,-0.00250506529225168,NA,NA,NA,-0.00071048469798004,-0.000107689990149008,-0.00575168170091291,-0.00575168170091291,0.0260731929564115,8.36232908519937e-05,-0.004595060067395,NA,0.00978718966709467,NA,-0.00106630360696783,-0.0069625191627328,-0.000835021764083893,-0.00167004352816779,0.311948625305797,-0.00213834059283559,-0.00350275983810117,NA,0.00183155483786226,NA,0.0184578090384952,NA,-0.00230378172735161,-0.00231132149999431,-0.00250506529225168,-0.00350275983810117,NA,-0.0069625191627328,-0.00350275983810117,-0.00350275983810117,NA,0.0260731929564115,-0.0046430325700645,-0.00350275983810117,-0.00245735970449393,-0.00350275983810117,-0.00350275983810117,NA,-0.00628395598039651,-0.00575168170091291,-0.00350275983810117,-0.00231132149999431,-0.00628395598039651,-0.00628395598039651,0.0320107807029108,NA,-0.00628395598039651,-0.00350275983810117,-0.00575168170091291,-0.000176472660677089,-0.000835021764083893,-0.00250506529225168,NA,-0.00250506529225168,-0.00250506529225168,-0.00250506529225168,-0.00231132149999431,-0.00575168170091291,-0.00628395598039651,-0.00071048469798004,-0.000835021764083893,0.00346018620899734,-0.00628395598039651
"52",NA,0.00247618597410696,0.00264678477367435,-0.00123314820477863,-0.00123314820477863,NA,NA,NA,0.00131207592431444,-0.00165070688664525,-0.00105434553537362,0.00247618597410696,-0.000776965109122871,0.000145341985760671,-0.00104504698243595,0.00194201573321325,NA,NA,NA,-0.000631716147486225,0.000545108928523327,0.000545108928523327,0.00111282502538686,0.000588381304604619,0.000588381304604619,0.00150593388891258,-7.67930829767035e-06,-0.00049675562511257,NA,NA,0.00036005840767001,0.00036005840767001,-0.000131271161032595,NA,NA,NA,0.00150593388891258,0.00174885420017208,-0.00050972602753504,-0.00050972602753504,0.000721439868415661,NA,0.00120454105172461,NA,NA,NA,NA,0.000814273602781192,0.00102152242623719,0.00204304485247439,-0.00213834059283559,0.108869386841303,0.000145341985760671,NA,0.000859769351916882,NA,-0.000151543678891716,0.00779933348052567,0.00257930805575064,0.000545108928523327,-0.000131271161032595,0.000145341985760671,NA,0.000814273602781192,0.000145341985760671,0.000145341985760671,NA,0.000721439868415661,-0.000843926920303535,0.000145341985760671,0.000588381304604619,0.000145341985760671,0.000145341985760671,NA,-0.00123314820477863,-0.00050972602753504,0.000145341985760671,0.000545108928523327,-0.00123314820477863,-0.00123314820477863,-0.00049675562511257,NA,-0.00123314820477863,0.000145341985760671,-0.00050972602753504,0.000132437577981997,0.00102152242623719,-0.000131271161032595,0.00290164778744187,-0.000131271161032595,-0.000131271161032595,-0.000131271161032595,0.000545108928523327,-0.00050972602753504,-0.00123314820477863,0.00150593388891258,0.00102152242623719,NA,-0.00123314820477863
"53",NA,NA,0.00175339746456232,-0.00508863603785579,-0.00508863603785579,NA,0.0161751308224094,-5.15633532644476e-05,-0.00123568219042897,-0.00451273740664287,-0.00365040420034665,NA,-0.00330215663711143,0.224277797628016,0.0148227045729697,0.00568690970306154,NA,NA,0.00116893164304155,-0.00213754550440529,-0.00139911630316421,-0.00139911630316421,-5.15633532644476e-05,-0.00174039545269799,-0.00174039545269799,4.21211374196714e-05,NA,0.00416681054432623,NA,0.000845425494400921,0.0169573129868374,0.0169573129868374,-0.0012956595396839,NA,NA,NA,4.21211374196714e-05,NA,-0.00276767847393577,-0.00276767847393577,-0.00119794306389823,0.000775779102521775,-0.00191566828201289,NA,4.84473285868903e-05,-0.000444735913014091,-0.000568327765749016,0.00110410259625585,-0.000142865952414111,-0.000870197726348996,-0.00350275983810117,0.000145341985760671,0.224277797628016,NA,0.00692096526734624,0.00201985526971136,0.0028771273150547,0.000282595860920793,0.00579666166240352,-0.00139911630316421,-0.0012956595396839,0.224277797628016,NA,0.00110410259625585,0.224277797628016,0.224277797628016,NA,-0.00119794306389823,0.000234941955991028,0.224277797628016,-0.00174039545269799,0.224277797628016,0.224277797628016,NA,-0.00508863603785579,-0.00276767847393577,0.224277797628016,-0.00139911630316421,-0.00508863603785579,-0.00508863603785579,0.00416681054432623,NA,-0.00508863603785579,0.224277797628016,-0.00276767847393577,0.00508904736321219,-0.000142865952414111,-0.0012956595396839,NA,-0.0012956595396839,-0.0012956595396839,-0.0012956595396839,-0.00139911630316421,-0.00276767847393577,-0.00508863603785579,4.21211374196714e-05,-0.000142865952414111,0.000845425494400921,-0.00508863603785579
"54",NA,NA,NA,-3.67839829793069e-05,-3.67839829793069e-05,NA,NA,NA,NA,NA,NA,NA,0.000411244677387039,NA,NA,NA,NA,0.00182124965818567,NA,NA,0.00107228169621014,0.00107228169621014,NA,NA,NA,NA,NA,NA,NA,NA,NA,NA,NA,NA,0.00370137501939034,NA,NA,NA,0.000544864218180955,0.000544864218180955,NA,NA,0.000775779102521775,NA,NA,NA,NA,NA,0.00254858143212055,NA,NA,NA,NA,0.0360922699708208,NA,NA,NA,NA,0.00123403477053045,0.00107228169621014,NA,NA,NA,NA,NA,NA,NA,NA,0.000683132085579825,NA,NA,NA,NA,NA,-3.67839829793069e-05,0.000544864218180955,NA,0.00107228169621014,-3.67839829793069e-05,-3.67839829793069e-05,NA,NA,-3.67839829793069e-05,NA,0.000544864218180955,NA,0.00254858143212055,NA,NA,NA,NA,NA,0.00107228169621014,0.000544864218180955,-3.67839829793069e-05,NA,0.00254858143212055,NA,-3.67839829793069e-05
"55",NA,NA,NA,NA,NA,NA,0.0014557651941057,NA,0.00291153038821139,0.00220544625466683,0.000545108928523327,NA,NA,0.00692096526734624,NA,-0.000169432382617983,NA,NA,NA,0.00179068571679427,NA,NA,0.00191255225733533,NA,NA,NA,NA,0.00206060676154158,NA,NA,0.000988569775673814,0.000988569775673814,NA,NA,NA,NA,NA,NA,NA,NA,0.000505510850235011,NA,NA,NA,NA,NA,NA,NA,NA,NA,0.00183155483786226,0.000859769351916882,0.00692096526734624,NA,0.0620018951065532,NA,0.00885926667751673,NA,NA,NA,NA,0.00692096526734624,NA,NA,0.00692096526734624,0.00692096526734624,NA,0.000505510850235011,NA,0.00692096526734624,NA,0.00692096526734624,0.00692096526734624,NA,NA,NA,0.00692096526734624,NA,NA,NA,0.00206060676154158,NA,NA,0.00692096526734624,NA,NA,NA,NA,NA,NA,NA,NA,NA,NA,NA,NA,NA,NA,NA
"56",NA,NA,NA,0.00292767815403245,0.00292767815403245,NA,NA,NA,NA,NA,NA,NA,0.00199691913008451,0.00201985526971136,0.000341895137167742,NA,NA,0.001681132771906,NA,NA,NA,NA,NA,0.00631978375572272,0.00631978375572272,NA,0.00137926281130602,NA,NA,0.00224671147152057,0.00035416800155724,0.00035416800155724,NA,NA,NA,0.00386312809371066,NA,NA,0.00226415821167235,0.00226415821167235,NA,NA,0.000635662216242108,NA,NA,0.00210659458524091,0.00198300273250598,0.00117663306778229,NA,NA,NA,NA,0.00201985526971136,NA,NA,0.0401273734478436,NA,0.00283392635917579,0.00109391788425078,NA,NA,0.00201985526971136,NA,0.00117663306778229,0.00201985526971136,0.00201985526971136,0.00386312809371066,NA,0.000543015199300158,0.00201985526971136,0.00631978375572272,0.00201985526971136,0.00201985526971136,NA,0.00292767815403245,0.00226415821167235,0.00201985526971136,NA,0.00292767815403245,0.00292767815403245,NA,NA,0.00292767815403245,0.00201985526971136,0.00226415821167235,0.00449342294304115,NA,NA,NA,NA,NA,NA,NA,0.00226415821167235,0.00292767815403245,NA,NA,0.00224671147152057,0.00292767815403245
"57",0.00388033496234616,NA,0.00145651179990993,-0.001764696325558,-0.001764696325558,NA,-0.000607312304711548,NA,0.0108149977549212,0.0164425491053258,0.015963893031555,NA,-0.00236100311888071,0.0028771273150547,-0.00309792584550523,-0.00211430712138331,NA,-0.000969159614566458,NA,0.02269713855135,-0.0016960019678166,-0.0016960019678166,0.00769143419360882,-0.00193831922913292,-0.00193831922913292,-0.00102076664482495,-0.00108739560246311,0.0141274604446995,-0.000475976372965477,0.000647501717965997,0.0115058926431733,0.0115058926431733,-0.00133457930793296,NA,NA,NA,-0.00102076664482495,NA,-0.0014256663333233,-0.0014256663333233,0.00594677196967867,0.000676817214304313,-0.00257459679259094,NA,0.00330683708291765,NA,0.000120084239936813,-0.00300468399578938,NA,NA,0.0184578090384952,-0.000151543678891716,0.0028771273150547,NA,0.00885926667751673,NA,0.236562929450799,0.000183633972703331,0.00194250515389799,-0.0016960019678166,-0.00133457930793296,0.0028771273150547,NA,-0.00300468399578938,0.0028771273150547,0.0028771273150547,NA,0.00594677196967867,-0.0021072771871723,0.0028771273150547,-0.00193831922913292,0.0028771273150547,0.0028771273150547,NA,-0.001764696325558,-0.0014256663333233,0.0028771273150547,-0.0016960019678166,-0.001764696325558,-0.001764696325558,0.0141274604446995,NA,-0.001764696325558,0.0028771273150547,-0.0014256663333233,-0.000807161829903773,NA,-0.00133457930793296,NA,-0.00133457930793296,-0.00133457930793296,-0.00133457930793296,-0.0016960019678166,-0.0014256663333233,-0.001764696325558,-0.00102076664482495,NA,0.000647501717965997,-0.001764696325558
"58",NA,NA,0.00198300273250598,0.00292767815403245,0.00292767815403245,NA,NA,NA,NA,NA,NA,NA,0.00199691913008451,0.000282595860920793,0.000341895137167742,0.000417782505037235,NA,0.001681132771906,NA,NA,NA,NA,0.00249976714499055,0.00336226554381201,0.00336226554381201,0.00427981812811997,0.00421318917048182,NA,NA,NA,NA,NA,0.0012556709585711,NA,NA,0.00386312809371066,0.00427981812811997,NA,0.00226415821167235,0.00226415821167235,NA,NA,0.00272598798035399,NA,NA,0.00210659458524091,NA,0.00304133504167814,NA,0.001681132771906,NA,0.00779933348052567,0.000282595860920793,NA,NA,0.00283392635917579,0.000183633972703331,0.0401273734478436,0.00364249931637134,NA,0.0012556709585711,0.000282595860920793,NA,0.00304133504167814,0.000282595860920793,0.000282595860920793,NA,NA,0.000543015199300158,0.000282595860920793,0.00336226554381201,0.000282595860920793,0.000282595860920793,NA,0.00292767815403245,0.00226415821167235,0.000282595860920793,NA,0.00292767815403245,0.00292767815403245,NA,NA,0.00292767815403245,0.000282595860920793,0.00226415821167235,0.00449342294304115,NA,0.0012556709585711,NA,0.0012556709585711,0.0012556709585711,0.0012556709585711,NA,0.00226415821167235,0.00292767815403245,0.00427981812811997,NA,NA,0.00292767815403245
"59",NA,NA,0.00418736353455229,-0.00237915514049819,-0.00237915514049819,NA,0.00206060676154158,NA,NA,-0.00270990595260919,-0.00176047824601625,NA,-0.000948261289643537,0.00579666166240352,-0.00139811333775727,0.0131332142271233,NA,NA,0.00066845607091588,-0.00098478250280754,-0.000807843664994536,-0.000807843664994536,0.000759758670065544,NA,NA,0.000799801178269954,-0.000360745663618985,-0.000244980412997999,NA,NA,-0.000699140658293934,-0.000699140658293934,NA,NA,NA,NA,0.000799801178269954,NA,-0.00054740266726179,-0.00054740266726179,-0.00180007632430457,NA,-0.0011043462586829,NA,0.000859769351916882,NA,0.000242994257580975,0.00700843903123261,NA,0.00133691214183176,-0.00230378172735161,0.00257930805575064,0.00579666166240352,0.00123403477053045,NA,0.00109391788425078,0.00194250515389799,0.00364249931637134,0.137588354654328,-0.000807843664994536,NA,0.00579666166240352,NA,0.00700843903123261,0.00579666166240352,0.00579666166240352,NA,-0.00180007632430457,NA,0.00579666166240352,NA,0.00579666166240352,0.00579666166240352,NA,-0.00237915514049819,-0.00054740266726179,0.00579666166240352,-0.000807843664994536,-0.00237915514049819,-0.00237915514049819,-0.000244980412997999,NA,-0.00237915514049819,0.00579666166240352,-0.00054740266726179,-0.000220628777339318,NA,NA,NA,NA,NA,NA,-0.000807843664994536,-0.00054740266726179,-0.00237915514049819,0.000799801178269954,NA,NA,-0.00237915514049819
"60",NA,NA,NA,0.00796620455839483,0.00796620455839483,0.00196136654446534,NA,0.00265067473936023,NA,-0.00221784864579317,-0.00208398439465688,NA,0.0159400703185069,-0.00139911630316421,-0.00155986641207758,0.00237687790197953,NA,0.00493613908212181,NA,-0.00114653557712785,0.152593846455021,0.152593846455021,NA,-0.000947960551274203,-0.000947960551274203,NA,0.000409666071991174,-0.0010115750547542,0.000272554464261664,NA,-0.00154759354768808,-0.00154759354768808,0.00740420862318271,0.00773442491640373,0.00477365671560048,NA,NA,NA,0.0133253150135463,0.0133253150135463,-0.00178912301040748,NA,0.0185295246699089,NA,NA,0.0190946268624019,NA,-0.00262689003070836,0.0024680695410609,NA,-0.00231132149999431,0.000545108928523327,-0.00139911630316421,0.00107228169621014,NA,NA,-0.0016960019678166,NA,-0.000807843664994536,0.152593846455021,0.00740420862318271,-0.00139911630316421,NA,-0.00262689003070836,-0.00139911630316421,-0.00139911630316421,NA,-0.00178912301040748,0.00165032865129255,-0.00139911630316421,-0.000947960551274203,-0.00139911630316421,-0.00139911630316421,NA,0.00796620455839483,0.0133253150135463,-0.00139911630316421,0.152593846455021,0.00796620455839483,0.00796620455839483,-0.0010115750547542,0.00773442491640373,0.00796620455839483,-0.00139911630316421,0.0133253150135463,-0.000382381851659631,0.0024680695410609,0.00740420862318271,NA,0.00740420862318271,0.00740420862318271,0.00740420862318271,0.152593846455021,0.0133253150135463,0.00796620455839483,NA,0.0024680695410609,NA,0.00796620455839483
"61",0.00228487269310596,NA,NA,0.0083709809273885,0.0083709809273885,NA,NA,0.00329768703664148,NA,-0.00189434249715254,-0.0014458178226227,NA,0.0156039543077068,-0.0012956595396839,0.00087321313773127,NA,NA,0.00623016367668431,0.000830209145236193,NA,0.00740420862318271,0.00740420862318271,NA,0.00532178838785048,0.00532178838785048,0.0051559417495607,0.0158640218600479,NA,0.00524656260051624,NA,-0.00122408739904745,-0.00122408739904745,0.123755986093527,NA,NA,0.00228487269310596,0.0051559417495607,0.00155754091917108,0.0147691111401514,0.0147691111401514,-0.00146561686176686,NA,0.0199783674093237,NA,NA,NA,NA,0.00698873213490121,0.000830209145236193,NA,-0.00250506529225168,-0.000131271161032595,-0.0012956595396839,NA,NA,NA,-0.00133457930793296,0.0012556709585711,NA,0.00740420862318271,0.123755986093527,-0.0012956595396839,NA,0.00698873213490121,-0.0012956595396839,-0.0012956595396839,0.00228487269310596,-0.00146561686176686,0.0114331227591154,-0.0012956595396839,0.00532178838785048,-0.0012956595396839,-0.0012956595396839,NA,0.0083709809273885,0.0147691111401514,-0.0012956595396839,0.00740420862318271,0.0083709809273885,0.0083709809273885,NA,NA,0.0083709809273885,-0.0012956595396839,0.0147691111401514,-5.88757030190051e-05,0.000830209145236193,0.123755986093527,0.00271033450644087,0.123755986093527,0.123755986093527,0.123755986093527,0.00740420862318271,0.0147691111401514,0.0083709809273885,0.0051559417495607,0.000830209145236193,NA,0.0083709809273885
"62",NA,NA,0.00175339746456232,-0.00508863603785579,-0.00508863603785579,NA,0.0161751308224094,-5.15633532644476e-05,-0.00123568219042897,-0.00451273740664287,-0.00365040420034665,NA,-0.00330215663711143,0.224277797628016,0.0148227045729697,0.00568690970306154,NA,NA,0.00116893164304155,-0.00213754550440529,-0.00139911630316421,-0.00139911630316421,-5.15633532644476e-05,-0.00174039545269799,-0.00174039545269799,4.21211374196714e-05,NA,0.00416681054432623,NA,0.000845425494400921,0.0169573129868374,0.0169573129868374,-0.0012956595396839,NA,NA,NA,4.21211374196714e-05,NA,-0.00276767847393577,-0.00276767847393577,-0.00119794306389823,0.000775779102521775,-0.00191566828201289,NA,4.84473285868903e-05,-0.000444735913014091,-0.000568327765749016,0.00110410259625585,-0.000142865952414111,-0.000870197726348996,-0.00350275983810117,0.000145341985760671,0.224277797628016,NA,0.00692096526734624,0.00201985526971136,0.0028771273150547,0.000282595860920793,0.00579666166240352,-0.00139911630316421,-0.0012956595396839,0.224277797628016,NA,0.00110410259625585,0.224277797628016,0.224277797628016,NA,-0.00119794306389823,0.000234941955991028,0.224277797628016,-0.00174039545269799,0.224277797628016,0.224277797628016,NA,-0.00508863603785579,-0.00276767847393577,0.224277797628016,-0.00139911630316421,-0.00508863603785579,-0.00508863603785579,0.00416681054432623,NA,-0.00508863603785579,0.224277797628016,-0.00276767847393577,0.00508904736321219,-0.000142865952414111,-0.0012956595396839,NA,-0.0012956595396839,-0.0012956595396839,-0.0012956595396839,-0.00139911630316421,-0.00276767847393577,-0.00508863603785579,4.21211374196714e-05,-0.000142865952414111,0.000845425494400921,-0.00508863603785579
"63",NA,NA,NA,NA,NA,NA,0.00871262267062328,NA,NA,NA,NA,NA,NA,NA,0.00179655868503751,NA,NA,NA,NA,NA,NA,NA,NA,NA,NA,NA,NA,NA,NA,NA,NA,NA,NA,NA,NA,NA,NA,NA,NA,NA,NA,NA,NA,NA,NA,NA,NA,NA,NA,NA,NA,NA,NA,NA,NA,NA,NA,NA,NA,NA,NA,NA,0.0129411704577004,NA,NA,NA,NA,NA,NA,NA,NA,NA,NA,NA,NA,NA,NA,NA,NA,NA,NA,NA,NA,NA,NA,NA,NA,NA,NA,NA,NA,NA,NA,NA,NA,NA,NA,NA,NA
"64",0.000890186494491123,NA,0.00953645164072883,0.002060164511818,0.002060164511818,0.000890186494491123,0.000668496209433506,-0.000473174454228983,-0.00185992303491724,-0.00378814479548539,-0.00526806959546306,0.000890186494491123,0.00460917244882533,0.00110410259625585,-0.00126381118668086,0.0205616266556262,0.00323503653685202,-0.00112895410675729,-0.000564477053378647,-0.00305220831692919,-0.00262689003070836,-0.00262689003070836,-0.000473174454228983,0.0105009745149604,0.0105009745149604,0.0192186203756854,0.00171867943974698,0.00200548862830052,0.00445093247245562,-0.00072623012769896,-0.00202629743523736,-0.00202629743523736,0.00698873213490121,NA,NA,0.00323503653685202,0.0192186203756854,0.00178037298898225,0.00410117100232825,0.00410117100232825,-0.00512252841933572,NA,-0.000285229875940618,NA,NA,-0.000866347013978626,-0.000989938866713552,0.277845291119484,NA,0.00198501626445071,-0.0069625191627328,0.000814273602781192,0.00110410259625585,NA,NA,0.00117663306778229,-0.00300468399578938,0.00304133504167814,0.00700843903123261,-0.00262689003070836,0.00698873213490121,0.00110410259625585,NA,0.277845291119484,0.00110410259625585,0.00110410259625585,NA,-0.00512252841933572,-0.00111905302841817,0.00110410259625585,0.0105009745149604,0.00110410259625585,0.00110410259625585,NA,0.002060164511818,0.00410117100232825,0.00110410259625585,-0.00262689003070836,0.002060164511818,0.002060164511818,0.00200548862830052,NA,0.002060164511818,0.00110410259625585,0.00410117100232825,0.0422410741284976,NA,0.00698873213490121,NA,0.00698873213490121,0.00698873213490121,0.00698873213490121,-0.00262689003070836,0.00410117100232825,0.002060164511818,0.0192186203756854,NA,-0.00072623012769896,0.002060164511818
"65",NA,NA,0.00175339746456232,-0.00508863603785579,-0.00508863603785579,NA,0.0161751308224094,-5.15633532644476e-05,-0.00123568219042897,-0.00451273740664287,-0.00365040420034665,NA,-0.00330215663711143,0.224277797628016,0.0148227045729697,0.00568690970306154,NA,NA,0.00116893164304155,-0.00213754550440529,-0.00139911630316421,-0.00139911630316421,-5.15633532644476e-05,-0.00174039545269799,-0.00174039545269799,4.21211374196714e-05,NA,0.00416681054432623,NA,0.000845425494400921,0.0169573129868374,0.0169573129868374,-0.0012956595396839,NA,NA,NA,4.21211374196714e-05,NA,-0.00276767847393577,-0.00276767847393577,-0.00119794306389823,0.000775779102521775,-0.00191566828201289,NA,4.84473285868903e-05,-0.000444735913014091,-0.000568327765749016,0.00110410259625585,-0.000142865952414111,-0.000870197726348996,-0.00350275983810117,0.000145341985760671,0.224277797628016,NA,0.00692096526734624,0.00201985526971136,0.0028771273150547,0.000282595860920793,0.00579666166240352,-0.00139911630316421,-0.0012956595396839,0.224277797628016,NA,0.00110410259625585,0.224277797628016,0.224277797628016,NA,-0.00119794306389823,0.000234941955991028,0.224277797628016,-0.00174039545269799,0.224277797628016,0.224277797628016,NA,-0.00508863603785579,-0.00276767847393577,0.224277797628016,-0.00139911630316421,-0.00508863603785579,-0.00508863603785579,0.00416681054432623,NA,-0.00508863603785579,0.224277797628016,-0.00276767847393577,0.00508904736321219,-0.000142865952414111,-0.0012956595396839,NA,-0.0012956595396839,-0.0012956595396839,-0.0012956595396839,-0.00139911630316421,-0.00276767847393577,-0.00508863603785579,4.21211374196714e-05,-0.000142865952414111,0.000845425494400921,-0.00508863603785579
"66",NA,NA,0.00175339746456232,-0.00508863603785579,-0.00508863603785579,NA,0.0161751308224094,-5.15633532644476e-05,-0.00123568219042897,-0.00451273740664287,-0.00365040420034665,NA,-0.00330215663711143,0.224277797628016,0.0148227045729697,0.00568690970306154,NA,NA,0.00116893164304155,-0.00213754550440529,-0.00139911630316421,-0.00139911630316421,-5.15633532644476e-05,-0.00174039545269799,-0.00174039545269799,4.21211374196714e-05,NA,0.00416681054432623,NA,0.000845425494400921,0.0169573129868374,0.0169573129868374,-0.0012956595396839,NA,NA,NA,4.21211374196714e-05,NA,-0.00276767847393577,-0.00276767847393577,-0.00119794306389823,0.000775779102521775,-0.00191566828201289,NA,4.84473285868903e-05,-0.000444735913014091,-0.000568327765749016,0.00110410259625585,-0.000142865952414111,-0.000870197726348996,-0.00350275983810117,0.000145341985760671,0.224277797628016,NA,0.00692096526734624,0.00201985526971136,0.0028771273150547,0.000282595860920793,0.00579666166240352,-0.00139911630316421,-0.0012956595396839,0.224277797628016,NA,0.00110410259625585,0.224277797628016,0.224277797628016,NA,-0.00119794306389823,0.000234941955991028,0.224277797628016,-0.00174039545269799,0.224277797628016,0.224277797628016,NA,-0.00508863603785579,-0.00276767847393577,0.224277797628016,-0.00139911630316421,-0.00508863603785579,-0.00508863603785579,0.00416681054432623,NA,-0.00508863603785579,0.224277797628016,-0.00276767847393577,0.00508904736321219,-0.000142865952414111,-0.0012956595396839,NA,-0.0012956595396839,-0.0012956595396839,-0.0012956595396839,-0.00139911630316421,-0.00276767847393577,-0.00508863603785579,4.21211374196714e-05,-0.000142865952414111,0.000845425494400921,-0.00508863603785579
"67",NA,NA,NA,NA,NA,NA,NA,NA,NA,NA,NA,NA,NA,NA,NA,NA,NA,NA,NA,NA,NA,NA,NA,NA,NA,NA,NA,NA,NA,NA,NA,NA,0.00228487269310596,NA,NA,NA,NA,NA,NA,NA,NA,NA,NA,NA,NA,NA,NA,NA,NA,NA,NA,NA,NA,NA,NA,0.00386312809371066,NA,NA,NA,NA,0.00228487269310596,NA,NA,NA,NA,NA,0.0181353702465459,NA,0.00157221693383502,NA,NA,NA,NA,NA,NA,NA,NA,NA,NA,NA,NA,NA,NA,NA,NA,NA,NA,0.00228487269310596,NA,0.00228487269310596,0.00228487269310596,0.00228487269310596,NA,NA,NA,NA,NA,NA,NA
"68",NA,0.0011418402733727,0.00124352549831346,-0.00533341363551613,-0.00533341363551613,NA,9.80480707156876e-05,NA,0.0144218114715316,0.027810163508422,0.016129442291889,0.0011418402733727,-0.00285797115593916,-0.00119794306389823,-0.00369891654120177,-0.00183138815843012,NA,-0.00104015504843195,0.00456736109349081,0.00305572793687184,-0.00178912301040748,-0.00178912301040748,0.00493257149008947,-0.00184407970529114,-0.00184407970529114,-0.00130871053021285,-0.00134202500903193,0.0111844987629419,NA,NA,0.0192800628051695,0.0192800628051695,-0.00146561686176686,NA,NA,NA,-0.00130871053021285,NA,-0.00192263437038175,-0.00192263437038175,0.245525823088747,NA,-0.00198406761946086,NA,-0.000121509993496065,NA,NA,-0.00512252841933572,NA,-0.000625646548994133,0.0260731929564115,0.000721439868415661,-0.00119794306389823,NA,0.000505510850235011,NA,0.00594677196967867,NA,-0.00180007632430457,-0.00178912301040748,-0.00146561686176686,-0.00119794306389823,NA,-0.00512252841933572,-0.00119794306389823,-0.00119794306389823,NA,0.245525823088747,-0.00290188169420582,-0.00119794306389823,-0.00184407970529114,-0.00119794306389823,-0.00119794306389823,NA,-0.00533341363551613,-0.00192263437038175,-0.00119794306389823,-0.00178912301040748,-0.00533341363551613,-0.00533341363551613,0.0111844987629419,NA,-0.00533341363551613,-0.00119794306389823,-0.00192263437038175,-0.000147343606447424,NA,-0.00146561686176686,0.00156730208670761,-0.00146561686176686,-0.00146561686176686,-0.00146561686176686,-0.00178912301040748,-0.00192263437038175,-0.00533341363551613,-0.00130871053021285,NA,NA,-0.00533341363551613
"69",NA,NA,-0.000307908427369652,0.0070642410656789,0.0070642410656789,0.00157221693383502,-0.000247931078114721,0.0018723755180996,NA,-0.0034000234769506,-0.00301703998387154,NA,0.0142326996315404,0.000234941955991028,0.0216720959926449,NA,NA,0.0125777354706802,NA,NA,0.00165032865129255,0.00165032865129255,NA,0.0049333779153433,0.0049333779153433,NA,0.0125454494337297,NA,-0.00011659514636865,-4.41996883550597e-05,-0.00241882276876702,-0.00241882276876702,0.0114331227591154,0.00352706042967205,0.00127034697323504,0.00157221693383502,NA,NA,0.0104686862352842,0.0104686862352842,-0.00290188169420582,NA,0.0155954577215688,NA,0.000308866666966255,0.00108603039860032,NA,-0.00111905302841817,0.000117553385965253,-0.000609778387969632,-0.0046430325700645,-0.000843926920303535,0.000234941955991028,0.000683132085579825,NA,0.000543015199300158,-0.0021072771871723,0.000543015199300158,NA,0.00165032865129255,0.0114331227591154,0.000234941955991028,NA,-0.00111905302841817,0.000234941955991028,0.000234941955991028,0.00157221693383502,-0.00290188169420582,0.193475746998442,0.000234941955991028,0.0049333779153433,0.000234941955991028,0.000234941955991028,NA,0.0070642410656789,0.0104686862352842,0.000234941955991028,0.00165032865129255,0.0070642410656789,0.0070642410656789,NA,0.00352706042967205,0.0070642410656789,0.000234941955991028,0.0104686862352842,0.00114378637493954,0.000117553385965253,0.0114331227591154,NA,0.0114331227591154,0.0114331227591154,0.0114331227591154,0.00165032865129255,0.0104686862352842,0.0070642410656789,NA,0.000117553385965253,-4.41996883550597e-05,0.0070642410656789
"70",NA,NA,0.00175339746456232,-0.00508863603785579,-0.00508863603785579,NA,0.0161751308224094,-5.15633532644476e-05,-0.00123568219042897,-0.00451273740664287,-0.00365040420034665,NA,-0.00330215663711143,0.224277797628016,0.0148227045729697,0.00568690970306154,NA,NA,0.00116893164304155,-0.00213754550440529,-0.00139911630316421,-0.00139911630316421,-5.15633532644476e-05,-0.00174039545269799,-0.00174039545269799,4.21211374196714e-05,NA,0.00416681054432623,NA,0.000845425494400921,0.0169573129868374,0.0169573129868374,-0.0012956595396839,NA,NA,NA,4.21211374196714e-05,NA,-0.00276767847393577,-0.00276767847393577,-0.00119794306389823,0.000775779102521775,-0.00191566828201289,NA,4.84473285868903e-05,-0.000444735913014091,-0.000568327765749016,0.00110410259625585,-0.000142865952414111,-0.000870197726348996,-0.00350275983810117,0.000145341985760671,0.224277797628016,NA,0.00692096526734624,0.00201985526971136,0.0028771273150547,0.000282595860920793,0.00579666166240352,-0.00139911630316421,-0.0012956595396839,0.224277797628016,NA,0.00110410259625585,0.224277797628016,0.224277797628016,NA,-0.00119794306389823,0.000234941955991028,0.224277797628016,-0.00174039545269799,0.224277797628016,0.224277797628016,NA,-0.00508863603785579,-0.00276767847393577,0.224277797628016,-0.00139911630316421,-0.00508863603785579,-0.00508863603785579,0.00416681054432623,NA,-0.00508863603785579,0.224277797628016,-0.00276767847393577,0.00508904736321219,-0.000142865952414111,-0.0012956595396839,NA,-0.0012956595396839,-0.0012956595396839,-0.0012956595396839,-0.00139911630316421,-0.00276767847393577,-0.00508863603785579,4.21211374196714e-05,-0.000142865952414111,0.000845425494400921,-0.00508863603785579
"71",0.00198300273250598,NA,0.00166041829047239,0.00997057570594714,0.00997057570594714,0.00198300273250598,NA,NA,NA,-0.000113737087582925,-0.00178468258785866,0.00198300273250598,0.0140718475876857,-0.00174039545269799,0.00205137082300645,0.00250669503022341,NA,0.010086796631436,0.000528339184636213,-0.00112489938908721,-0.000947960551274203,-0.000947960551274203,NA,0.150518223349237,0.150518223349237,-0.000467548071079575,0.0107871111993843,-0.000525214185557333,0.0130458960810419,0.00218783576850157,-0.00028517524711066,-0.00028517524711066,0.00532178838785048,NA,NA,0.00542066901288174,-0.000467548071079575,0.0012556709585711,0.0114485415735516,0.0114485415735516,-0.00184407970529114,0.0014469842395721,0.00558190703393695,0.00627159263955154,0.000719652465637215,0.00413778843391807,NA,0.0105009745149604,NA,NA,-0.00245735970449393,0.000588381304604619,-0.00174039545269799,NA,NA,0.00631978375572272,-0.00193831922913292,0.00336226554381201,NA,-0.000947960551274203,0.00532178838785048,-0.00174039545269799,NA,0.0105009745149604,-0.00174039545269799,-0.00174039545269799,NA,-0.00184407970529114,0.0049333779153433,-0.00174039545269799,0.150518223349237,-0.00174039545269799,-0.00174039545269799,NA,0.00997057570594714,0.0114485415735516,-0.00174039545269799,-0.000947960551274203,0.00997057570594714,0.00997057570594714,-0.000525214185557333,NA,0.00997057570594714,-0.00174039545269799,0.0114485415735516,0.00237614377095241,NA,0.00532178838785048,NA,0.00532178838785048,0.00532178838785048,0.00532178838785048,-0.000947960551274203,0.0114485415735516,0.00997057570594714,-0.000467548071079575,NA,0.00218783576850157,0.00997057570594714
"72",NA,NA,0.00175339746456232,-0.00508863603785579,-0.00508863603785579,NA,0.0161751308224094,-5.15633532644476e-05,-0.00123568219042897,-0.00451273740664287,-0.00365040420034665,NA,-0.00330215663711143,0.224277797628016,0.0148227045729697,0.00568690970306154,NA,NA,0.00116893164304155,-0.00213754550440529,-0.00139911630316421,-0.00139911630316421,-5.15633532644476e-05,-0.00174039545269799,-0.00174039545269799,4.21211374196714e-05,NA,0.00416681054432623,NA,0.000845425494400921,0.0169573129868374,0.0169573129868374,-0.0012956595396839,NA,NA,NA,4.21211374196714e-05,NA,-0.00276767847393577,-0.00276767847393577,-0.00119794306389823,0.000775779102521775,-0.00191566828201289,NA,4.84473285868903e-05,-0.000444735913014091,-0.000568327765749016,0.00110410259625585,-0.000142865952414111,-0.000870197726348996,-0.00350275983810117,0.000145341985760671,0.224277797628016,NA,0.00692096526734624,0.00201985526971136,0.0028771273150547,0.000282595860920793,0.00579666166240352,-0.00139911630316421,-0.0012956595396839,0.224277797628016,NA,0.00110410259625585,0.224277797628016,0.224277797628016,NA,-0.00119794306389823,0.000234941955991028,0.224277797628016,-0.00174039545269799,0.224277797628016,0.224277797628016,NA,-0.00508863603785579,-0.00276767847393577,0.224277797628016,-0.00139911630316421,-0.00508863603785579,-0.00508863603785579,0.00416681054432623,NA,-0.00508863603785579,0.224277797628016,-0.00276767847393577,0.00508904736321219,-0.000142865952414111,-0.0012956595396839,NA,-0.0012956595396839,-0.0012956595396839,-0.0012956595396839,-0.00139911630316421,-0.00276767847393577,-0.00508863603785579,4.21211374196714e-05,-0.000142865952414111,0.000845425494400921,-0.00508863603785579
"73",NA,NA,0.00175339746456232,-0.00508863603785579,-0.00508863603785579,NA,0.0161751308224094,-5.15633532644476e-05,-0.00123568219042897,-0.00451273740664287,-0.00365040420034665,NA,-0.00330215663711143,0.224277797628016,0.0148227045729697,0.00568690970306154,NA,NA,0.00116893164304155,-0.00213754550440529,-0.00139911630316421,-0.00139911630316421,-5.15633532644476e-05,-0.00174039545269799,-0.00174039545269799,4.21211374196714e-05,NA,0.00416681054432623,NA,0.000845425494400921,0.0169573129868374,0.0169573129868374,-0.0012956595396839,NA,NA,NA,4.21211374196714e-05,NA,-0.00276767847393577,-0.00276767847393577,-0.00119794306389823,0.000775779102521775,-0.00191566828201289,NA,4.84473285868903e-05,-0.000444735913014091,-0.000568327765749016,0.00110410259625585,-0.000142865952414111,-0.000870197726348996,-0.00350275983810117,0.000145341985760671,0.224277797628016,NA,0.00692096526734624,0.00201985526971136,0.0028771273150547,0.000282595860920793,0.00579666166240352,-0.00139911630316421,-0.0012956595396839,0.224277797628016,NA,0.00110410259625585,0.224277797628016,0.224277797628016,NA,-0.00119794306389823,0.000234941955991028,0.224277797628016,-0.00174039545269799,0.224277797628016,0.224277797628016,NA,-0.00508863603785579,-0.00276767847393577,0.224277797628016,-0.00139911630316421,-0.00508863603785579,-0.00508863603785579,0.00416681054432623,NA,-0.00508863603785579,0.224277797628016,-0.00276767847393577,0.00508904736321219,-0.000142865952414111,-0.0012956595396839,NA,-0.0012956595396839,-0.0012956595396839,-0.0012956595396839,-0.00139911630316421,-0.00276767847393577,-0.00508863603785579,4.21211374196714e-05,-0.000142865952414111,0.000845425494400921,-0.00508863603785579
"74",NA,NA,NA,NA,NA,NA,NA,NA,NA,NA,0.00158710112585177,NA,NA,NA,0.00179655868503751,NA,NA,NA,NA,0.00220988951998724,NA,NA,NA,NA,NA,NA,NA,NA,NA,NA,NA,NA,NA,NA,NA,NA,NA,NA,NA,NA,NA,NA,NA,NA,NA,NA,NA,NA,NA,NA,NA,NA,NA,NA,NA,NA,NA,NA,NA,NA,NA,NA,NA,NA,NA,NA,NA,NA,NA,NA,NA,NA,NA,0.0129411704577004,NA,NA,NA,NA,NA,NA,NA,NA,NA,NA,NA,NA,NA,NA,NA,NA,NA,NA,NA,NA,NA,NA,NA,NA,NA
"75",0.000852300865275891,NA,0.000374907274023018,0.282718317808941,0.282718317808941,0.000852300865275891,-0.000481030745477937,0.00043254338098134,-3.18342020253265e-05,0.00126774588561835,0.001607383129035,0.00315926527842155,0.0611154877051852,-0.00508863603785579,0.000292698812479346,-0.000845792061483998,NA,0.0201532205410355,0.000249938182682012,-0.00149605974554618,0.00796620455839483,0.00796620455839483,NA,0.00997057570594714,0.00997057570594714,0.00817893915828891,0.0277036764986487,0.00295503120194915,0.00426150432637945,-0.000764115756914192,-0.00430346553946777,-0.00430346553946777,0.0083709809273885,0.000316282372342008,0.00255552535722159,0.000852300865275891,0.00817893915828891,0.00170460173055178,0.0576464395538067,0.0576464395538067,-0.00533341363551613,NA,0.0358131728764707,NA,0.000632564744684016,0.000745682832227793,NA,0.002060164511818,0.00165129271402773,-0.000530702607776922,-0.00628395598039651,-0.00123314820477863,-0.00508863603785579,-3.67839829793069e-05,NA,0.00292767815403245,-0.001764696325558,0.00292767815403245,-0.00237915514049819,0.00796620455839483,0.0083709809273885,-0.00508863603785579,NA,0.002060164511818,-0.00508863603785579,-0.00508863603785579,NA,-0.00533341363551613,0.0070642410656789,-0.00508863603785579,0.00997057570594714,-0.00508863603785579,-0.00508863603785579,NA,0.282718317808941,0.0576464395538067,-0.00508863603785579,0.00796620455839483,0.282718317808941,0.282718317808941,0.00295503120194915,0.000316282372342008,0.282718317808941,-0.00508863603785579,0.0576464395538067,0.00552438232764462,0.00165129271402773,0.0083709809273885,0.00401018890509136,0.0083709809273885,0.0083709809273885,0.0083709809273885,0.00796620455839483,0.0576464395538067,0.282718317808941,0.00817893915828891,0.00165129271402773,-0.000764115756914192,0.282718317808941
"76",0.00776022796111783,NA,-0.000446176294768522,0.0576464395538067,0.0576464395538067,0.00143394906643615,-0.000386198945513592,0.00159583978330186,NA,-0.00492371381808154,-0.00336831160569095,0.00143394906643615,0.379222759810412,-0.00276767847393577,0.00075769145358314,0.00404747331901288,NA,0.0252642146791601,NA,-0.0018932425624443,0.0133253150135463,0.0133253150135463,NA,0.0114485415735516,0.0114485415735516,-0.00057853992642904,0.0482585420670386,-0.00162332151769699,0.000944937520334729,NA,-0.00193099472756796,-0.00193099472756796,0.0147691111401514,0.00941037648548816,0.00113207910583617,0.00143394906643615,-0.00057853992642904,0.000706617292501268,0.209526154950181,0.209526154950181,-0.00192263437038175,NA,0.0589805458765449,NA,NA,0.00452831642334469,NA,0.00410117100232825,0.00339623731750852,-0.000748046255368502,-0.00575168170091291,-0.00050972602753504,-0.00276767847393577,0.000544864218180955,NA,0.00226415821167235,-0.0014256663333233,0.00226415821167235,-0.00054740266726179,0.0133253150135463,0.0147691111401514,-0.00276767847393577,NA,0.00410117100232825,-0.00276767847393577,-0.00276767847393577,NA,-0.00192263437038175,0.0104686862352842,-0.00276767847393577,0.0114485415735516,-0.00276767847393577,-0.00276767847393577,NA,0.0576464395538067,0.209526154950181,-0.00276767847393577,0.0133253150135463,0.0576464395538067,0.0576464395538067,-0.00162332151769699,0.00941037648548816,0.0576464395538067,-0.00276767847393577,0.209526154950181,0.00389506375257429,0.00339623731750852,0.0147691111401514,0.00517348530741189,0.0147691111401514,0.0147691111401514,0.0147691111401514,0.0133253150135463,0.209526154950181,0.0576464395538067,-0.00057853992642904,0.00339623731750852,NA,0.0576464395538067
"77",NA,NA,0.00175339746456232,-0.00508863603785579,-0.00508863603785579,NA,0.0161751308224094,-5.15633532644476e-05,-0.00123568219042897,-0.00451273740664287,-0.00365040420034665,NA,-0.00330215663711143,0.224277797628016,0.0148227045729697,0.00568690970306154,NA,NA,0.00116893164304155,-0.00213754550440529,-0.00139911630316421,-0.00139911630316421,-5.15633532644476e-05,-0.00174039545269799,-0.00174039545269799,4.21211374196714e-05,NA,0.00416681054432623,NA,0.000845425494400921,0.0169573129868374,0.0169573129868374,-0.0012956595396839,NA,NA,NA,4.21211374196714e-05,NA,-0.00276767847393577,-0.00276767847393577,-0.00119794306389823,0.000775779102521775,-0.00191566828201289,NA,4.84473285868903e-05,-0.000444735913014091,-0.000568327765749016,0.00110410259625585,-0.000142865952414111,-0.000870197726348996,-0.00350275983810117,0.000145341985760671,0.224277797628016,NA,0.00692096526734624,0.00201985526971136,0.0028771273150547,0.000282595860920793,0.00579666166240352,-0.00139911630316421,-0.0012956595396839,0.224277797628016,NA,0.00110410259625585,0.224277797628016,0.224277797628016,NA,-0.00119794306389823,0.000234941955991028,0.224277797628016,-0.00174039545269799,0.224277797628016,0.224277797628016,NA,-0.00508863603785579,-0.00276767847393577,0.224277797628016,-0.00139911630316421,-0.00508863603785579,-0.00508863603785579,0.00416681054432623,NA,-0.00508863603785579,0.224277797628016,-0.00276767847393577,0.00508904736321219,-0.000142865952414111,-0.0012956595396839,NA,-0.0012956595396839,-0.0012956595396839,-0.0012956595396839,-0.00139911630316421,-0.00276767847393577,-0.00508863603785579,4.21211374196714e-05,-0.000142865952414111,0.000845425494400921,-0.00508863603785579
"78",NA,NA,NA,0.00796620455839483,0.00796620455839483,0.00196136654446534,NA,0.00265067473936023,NA,-0.00221784864579317,-0.00208398439465688,NA,0.0159400703185069,-0.00139911630316421,-0.00155986641207758,0.00237687790197953,NA,0.00493613908212181,NA,-0.00114653557712785,0.152593846455021,0.152593846455021,NA,-0.000947960551274203,-0.000947960551274203,NA,0.000409666071991174,-0.0010115750547542,0.000272554464261664,NA,-0.00154759354768808,-0.00154759354768808,0.00740420862318271,0.00773442491640373,0.00477365671560048,NA,NA,NA,0.0133253150135463,0.0133253150135463,-0.00178912301040748,NA,0.0185295246699089,NA,NA,0.0190946268624019,NA,-0.00262689003070836,0.0024680695410609,NA,-0.00231132149999431,0.000545108928523327,-0.00139911630316421,0.00107228169621014,NA,NA,-0.0016960019678166,NA,-0.000807843664994536,0.152593846455021,0.00740420862318271,-0.00139911630316421,NA,-0.00262689003070836,-0.00139911630316421,-0.00139911630316421,NA,-0.00178912301040748,0.00165032865129255,-0.00139911630316421,-0.000947960551274203,-0.00139911630316421,-0.00139911630316421,NA,0.00796620455839483,0.0133253150135463,-0.00139911630316421,0.152593846455021,0.00796620455839483,0.00796620455839483,-0.0010115750547542,0.00773442491640373,0.00796620455839483,-0.00139911630316421,0.0133253150135463,-0.000382381851659631,0.0024680695410609,0.00740420862318271,NA,0.00740420862318271,0.00740420862318271,0.00740420862318271,0.152593846455021,0.0133253150135463,0.00796620455839483,NA,0.0024680695410609,NA,0.00796620455839483
"79",0.000852300865275891,NA,0.000374907274023018,0.282718317808941,0.282718317808941,0.000852300865275891,-0.000481030745477937,0.00043254338098134,-3.18342020253265e-05,0.00126774588561835,0.001607383129035,0.00315926527842155,0.0611154877051852,-0.00508863603785579,0.000292698812479346,-0.000845792061483998,NA,0.0201532205410355,0.000249938182682012,-0.00149605974554618,0.00796620455839483,0.00796620455839483,NA,0.00997057570594714,0.00997057570594714,0.00817893915828891,0.0277036764986487,0.00295503120194915,0.00426150432637945,-0.000764115756914192,-0.00430346553946777,-0.00430346553946777,0.0083709809273885,0.000316282372342008,0.00255552535722159,0.000852300865275891,0.00817893915828891,0.00170460173055178,0.0576464395538067,0.0576464395538067,-0.00533341363551613,NA,0.0358131728764707,NA,0.000632564744684016,0.000745682832227793,NA,0.002060164511818,0.00165129271402773,-0.000530702607776922,-0.00628395598039651,-0.00123314820477863,-0.00508863603785579,-3.67839829793069e-05,NA,0.00292767815403245,-0.001764696325558,0.00292767815403245,-0.00237915514049819,0.00796620455839483,0.0083709809273885,-0.00508863603785579,NA,0.002060164511818,-0.00508863603785579,-0.00508863603785579,NA,-0.00533341363551613,0.0070642410656789,-0.00508863603785579,0.00997057570594714,-0.00508863603785579,-0.00508863603785579,NA,0.282718317808941,0.0576464395538067,-0.00508863603785579,0.00796620455839483,0.282718317808941,0.282718317808941,0.00295503120194915,0.000316282372342008,0.282718317808941,-0.00508863603785579,0.0576464395538067,0.00552438232764462,0.00165129271402773,0.0083709809273885,0.00401018890509136,0.0083709809273885,0.0083709809273885,0.0083709809273885,0.00796620455839483,0.0576464395538067,0.282718317808941,0.00817893915828891,0.00165129271402773,-0.000764115756914192,0.282718317808941
"80",0.000852300865275891,NA,0.000374907274023018,0.282718317808941,0.282718317808941,0.000852300865275891,-0.000481030745477937,0.00043254338098134,-3.18342020253265e-05,0.00126774588561835,0.001607383129035,0.00315926527842155,0.0611154877051852,-0.00508863603785579,0.000292698812479346,-0.000845792061483998,NA,0.0201532205410355,0.000249938182682012,-0.00149605974554618,0.00796620455839483,0.00796620455839483,NA,0.00997057570594714,0.00997057570594714,0.00817893915828891,0.0277036764986487,0.00295503120194915,0.00426150432637945,-0.000764115756914192,-0.00430346553946777,-0.00430346553946777,0.0083709809273885,0.000316282372342008,0.00255552535722159,0.000852300865275891,0.00817893915828891,0.00170460173055178,0.0576464395538067,0.0576464395538067,-0.00533341363551613,NA,0.0358131728764707,NA,0.000632564744684016,0.000745682832227793,NA,0.002060164511818,0.00165129271402773,-0.000530702607776922,-0.00628395598039651,-0.00123314820477863,-0.00508863603785579,-3.67839829793069e-05,NA,0.00292767815403245,-0.001764696325558,0.00292767815403245,-0.00237915514049819,0.00796620455839483,0.0083709809273885,-0.00508863603785579,NA,0.002060164511818,-0.00508863603785579,-0.00508863603785579,NA,-0.00533341363551613,0.0070642410656789,-0.00508863603785579,0.00997057570594714,-0.00508863603785579,-0.00508863603785579,NA,0.282718317808941,0.0576464395538067,-0.00508863603785579,0.00796620455839483,0.282718317808941,0.282718317808941,0.00295503120194915,0.000316282372342008,0.282718317808941,-0.00508863603785579,0.0576464395538067,0.00552438232764462,0.00165129271402773,0.0083709809273885,0.00401018890509136,0.0083709809273885,0.0083709809273885,0.0083709809273885,0.00796620455839483,0.0576464395538067,0.282718317808941,0.00817893915828891,0.00165129271402773,-0.000764115756914192,0.282718317808941
"81",NA,NA,NA,0.00295503120194915,0.00295503120194915,NA,0.00165314398202226,NA,0.00989650815066443,0.0216405056712298,0.024288656976744,NA,-0.00189056059928482,0.00416681054432623,-0.00160184472751693,0.00212500800934344,NA,NA,0.00238411291018221,0.0059735518007045,-0.0010115750547542,-0.0010115750547542,0.00512646260272702,-0.000525214185557333,-0.000525214185557333,-0.00053116257455957,-0.000564477053378647,0.156681272631085,NA,0.00206060676154158,0.0285015350246737,0.0285015350246737,NA,NA,NA,NA,-0.00053116257455957,NA,-0.00162332151769699,-0.00162332151769699,0.0111844987629419,0.0013833697360921,NA,NA,0.00276673947218421,NA,NA,0.00200548862830052,NA,0.00267055948347337,0.0320107807029108,-0.00049675562511257,0.00416681054432623,NA,0.00206060676154158,NA,0.0141274604446995,NA,-0.000244980412997999,-0.0010115750547542,NA,0.00416681054432623,NA,0.00200548862830052,0.00416681054432623,0.00416681054432623,NA,0.0111844987629419,NA,0.00416681054432623,-0.000525214185557333,0.00416681054432623,0.00416681054432623,NA,0.00295503120194915,-0.00162332151769699,0.00416681054432623,-0.0010115750547542,0.00295503120194915,0.00295503120194915,0.156681272631085,NA,0.00295503120194915,0.00416681054432623,-0.00162332151769699,0.00218530026051243,NA,NA,NA,NA,NA,NA,-0.0010115750547542,-0.00162332151769699,0.00295503120194915,-0.00053116257455957,NA,0.00206060676154158,0.00295503120194915
"82",NA,NA,NA,0.000316282372342008,0.000316282372342008,NA,NA,0.00299295038659153,NA,NA,NA,NA,0.0088758983223125,NA,NA,0.000910965746638216,NA,0.00580329557488374,NA,NA,0.00773442491640373,0.00773442491640373,NA,NA,NA,NA,0.00907571892053038,NA,NA,NA,NA,NA,NA,0.0275455246129071,NA,NA,NA,NA,0.00941037648548816,0.00941037648548816,NA,NA,0.00684491713533864,NA,NA,0.00259977782684189,NA,NA,0.00290164778744187,NA,NA,NA,NA,NA,NA,NA,NA,NA,NA,0.00773442491640373,NA,NA,NA,NA,NA,NA,NA,NA,0.00352706042967205,NA,NA,NA,NA,NA,0.000316282372342008,0.00941037648548816,NA,0.00773442491640373,0.000316282372342008,0.000316282372342008,NA,0.0275455246129071,0.000316282372342008,NA,0.00941037648548816,0.00201256293918667,0.00290164778744187,NA,NA,NA,NA,NA,0.00773442491640373,0.00941037648548816,0.000316282372342008,NA,0.00290164778744187,NA,0.000316282372342008
"83",0.000852300865275891,NA,0.000374907274023018,0.282718317808941,0.282718317808941,0.000852300865275891,-0.000481030745477937,0.00043254338098134,-3.18342020253265e-05,0.00126774588561835,0.001607383129035,0.00315926527842155,0.0611154877051852,-0.00508863603785579,0.000292698812479346,-0.000845792061483998,NA,0.0201532205410355,0.000249938182682012,-0.00149605974554618,0.00796620455839483,0.00796620455839483,NA,0.00997057570594714,0.00997057570594714,0.00817893915828891,0.0277036764986487,0.00295503120194915,0.00426150432637945,-0.000764115756914192,-0.00430346553946777,-0.00430346553946777,0.0083709809273885,0.000316282372342008,0.00255552535722159,0.000852300865275891,0.00817893915828891,0.00170460173055178,0.0576464395538067,0.0576464395538067,-0.00533341363551613,NA,0.0358131728764707,NA,0.000632564744684016,0.000745682832227793,NA,0.002060164511818,0.00165129271402773,-0.000530702607776922,-0.00628395598039651,-0.00123314820477863,-0.00508863603785579,-3.67839829793069e-05,NA,0.00292767815403245,-0.001764696325558,0.00292767815403245,-0.00237915514049819,0.00796620455839483,0.0083709809273885,-0.00508863603785579,NA,0.002060164511818,-0.00508863603785579,-0.00508863603785579,NA,-0.00533341363551613,0.0070642410656789,-0.00508863603785579,0.00997057570594714,-0.00508863603785579,-0.00508863603785579,NA,0.282718317808941,0.0576464395538067,-0.00508863603785579,0.00796620455839483,0.282718317808941,0.282718317808941,0.00295503120194915,0.000316282372342008,0.282718317808941,-0.00508863603785579,0.0576464395538067,0.00552438232764462,0.00165129271402773,0.0083709809273885,0.00401018890509136,0.0083709809273885,0.0083709809273885,0.0083709809273885,0.00796620455839483,0.0576464395538067,0.282718317808941,0.00817893915828891,0.00165129271402773,-0.000764115756914192,0.282718317808941
"84",NA,NA,0.00175339746456232,-0.00508863603785579,-0.00508863603785579,NA,0.0161751308224094,-5.15633532644476e-05,-0.00123568219042897,-0.00451273740664287,-0.00365040420034665,NA,-0.00330215663711143,0.224277797628016,0.0148227045729697,0.00568690970306154,NA,NA,0.00116893164304155,-0.00213754550440529,-0.00139911630316421,-0.00139911630316421,-5.15633532644476e-05,-0.00174039545269799,-0.00174039545269799,4.21211374196714e-05,NA,0.00416681054432623,NA,0.000845425494400921,0.0169573129868374,0.0169573129868374,-0.0012956595396839,NA,NA,NA,4.21211374196714e-05,NA,-0.00276767847393577,-0.00276767847393577,-0.00119794306389823,0.000775779102521775,-0.00191566828201289,NA,4.84473285868903e-05,-0.000444735913014091,-0.000568327765749016,0.00110410259625585,-0.000142865952414111,-0.000870197726348996,-0.00350275983810117,0.000145341985760671,0.224277797628016,NA,0.00692096526734624,0.00201985526971136,0.0028771273150547,0.000282595860920793,0.00579666166240352,-0.00139911630316421,-0.0012956595396839,0.224277797628016,NA,0.00110410259625585,0.224277797628016,0.224277797628016,NA,-0.00119794306389823,0.000234941955991028,0.224277797628016,-0.00174039545269799,0.224277797628016,0.224277797628016,NA,-0.00508863603785579,-0.00276767847393577,0.224277797628016,-0.00139911630316421,-0.00508863603785579,-0.00508863603785579,0.00416681054432623,NA,-0.00508863603785579,0.224277797628016,-0.00276767847393577,0.00508904736321219,-0.000142865952414111,-0.0012956595396839,NA,-0.0012956595396839,-0.0012956595396839,-0.0012956595396839,-0.00139911630316421,-0.00276767847393577,-0.00508863603785579,4.21211374196714e-05,-0.000142865952414111,0.000845425494400921,-0.00508863603785579
"85",0.00776022796111783,NA,-0.000446176294768522,0.0576464395538067,0.0576464395538067,0.00143394906643615,-0.000386198945513592,0.00159583978330186,NA,-0.00492371381808154,-0.00336831160569095,0.00143394906643615,0.379222759810412,-0.00276767847393577,0.00075769145358314,0.00404747331901288,NA,0.0252642146791601,NA,-0.0018932425624443,0.0133253150135463,0.0133253150135463,NA,0.0114485415735516,0.0114485415735516,-0.00057853992642904,0.0482585420670386,-0.00162332151769699,0.000944937520334729,NA,-0.00193099472756796,-0.00193099472756796,0.0147691111401514,0.00941037648548816,0.00113207910583617,0.00143394906643615,-0.00057853992642904,0.000706617292501268,0.209526154950181,0.209526154950181,-0.00192263437038175,NA,0.0589805458765449,NA,NA,0.00452831642334469,NA,0.00410117100232825,0.00339623731750852,-0.000748046255368502,-0.00575168170091291,-0.00050972602753504,-0.00276767847393577,0.000544864218180955,NA,0.00226415821167235,-0.0014256663333233,0.00226415821167235,-0.00054740266726179,0.0133253150135463,0.0147691111401514,-0.00276767847393577,NA,0.00410117100232825,-0.00276767847393577,-0.00276767847393577,NA,-0.00192263437038175,0.0104686862352842,-0.00276767847393577,0.0114485415735516,-0.00276767847393577,-0.00276767847393577,NA,0.0576464395538067,0.209526154950181,-0.00276767847393577,0.0133253150135463,0.0576464395538067,0.0576464395538067,-0.00162332151769699,0.00941037648548816,0.0576464395538067,-0.00276767847393577,0.209526154950181,0.00389506375257429,0.00339623731750852,0.0147691111401514,0.00517348530741189,0.0147691111401514,0.0147691111401514,0.0147691111401514,0.0133253150135463,0.209526154950181,0.0576464395538067,-0.00057853992642904,0.00339623731750852,NA,0.0576464395538067
"86",NA,NA,0.00066845607091588,0.00552438232764462,0.00552438232764462,NA,0.00291153038821139,NA,1.10164623592528e-06,0.000290891610328623,-0.000909554619346443,0.00254858143212055,0.00502023894433167,0.00508904736321219,-0.000972651524422361,0.00223159756526761,NA,0.00218783576850157,NA,NA,-0.000382381851659631,-0.000382381851659631,0.00118522048340045,0.00237614377095241,0.00237614377095241,9.80306285349969e-05,0.00365252921095713,0.00218530026051243,NA,NA,0.00364216710085405,0.00364216710085405,-5.88757030190051e-05,0.00201256293918667,NA,0.00254858143212055,9.80306285349969e-05,NA,0.00389506375257429,0.00389506375257429,-0.000147343606447424,NA,0.00504963817427839,NA,NA,0.000792047923650805,NA,0.0422410741284976,NA,NA,-0.000176472660677089,0.000132437577981997,0.00508904736321219,NA,NA,0.00449342294304115,-0.000807161829903773,0.00449342294304115,-0.000220628777339318,-0.000382381851659631,-5.88757030190051e-05,0.00508904736321219,NA,0.0422410741284976,0.00508904736321219,0.00508904736321219,NA,-0.000147343606447424,0.00114378637493954,0.00508904736321219,0.00237614377095241,0.00508904736321219,0.00508904736321219,NA,0.00552438232764462,0.00389506375257429,0.00508904736321219,-0.000382381851659631,0.00552438232764462,0.00552438232764462,0.00218530026051243,0.00201256293918667,0.00552438232764462,0.00508904736321219,0.00389506375257429,0.10363850054293,NA,-5.88757030190051e-05,NA,-5.88757030190051e-05,-5.88757030190051e-05,-5.88757030190051e-05,-0.000382381851659631,0.00389506375257429,0.00552438232764462,9.80306285349969e-05,NA,NA,0.00552438232764462
"87",NA,NA,NA,0.00165129271402773,0.00165129271402773,NA,NA,0.00560327421118106,NA,NA,NA,NA,0.00299537869512677,-0.000142865952414111,-8.35666761671626e-05,-7.67930829767035e-06,NA,0.0012556709585711,NA,NA,0.0024680695410609,0.0024680695410609,NA,NA,NA,NA,0.000953800997971118,NA,NA,NA,NA,NA,0.000830209145236193,0.00290164778744187,0.00313579631977577,NA,NA,NA,0.00339623731750852,0.00339623731750852,NA,NA,0.00408898197053098,NA,NA,NA,0.00155754091917108,NA,0.0550855184117465,NA,-0.000835021764083893,0.00102152242623719,-0.000142865952414111,0.00254858143212055,NA,NA,NA,NA,NA,0.0024680695410609,0.000830209145236193,-0.000142865952414111,NA,NA,-0.000142865952414111,-0.000142865952414111,NA,NA,0.000117553385965253,-0.000142865952414111,NA,-0.000142865952414111,-0.000142865952414111,NA,0.00165129271402773,0.00339623731750852,-0.000142865952414111,0.0024680695410609,0.00165129271402773,0.00165129271402773,NA,0.00290164778744187,0.00165129271402773,-0.000142865952414111,0.00339623731750852,NA,0.0550855184117465,0.000830209145236193,NA,0.000830209145236193,0.000830209145236193,0.000830209145236193,0.0024680695410609,0.00339623731750852,0.00165129271402773,NA,0.0550855184117465,NA,0.00165129271402773
"88",0.00228487269310596,NA,NA,0.0083709809273885,0.0083709809273885,NA,NA,0.00329768703664148,NA,-0.00189434249715254,-0.0014458178226227,NA,0.0156039543077068,-0.0012956595396839,0.00087321313773127,NA,NA,0.00623016367668431,0.000830209145236193,NA,0.00740420862318271,0.00740420862318271,NA,0.00532178838785048,0.00532178838785048,0.0051559417495607,0.0158640218600479,NA,0.00524656260051624,NA,-0.00122408739904745,-0.00122408739904745,0.123755986093527,NA,NA,0.00228487269310596,0.0051559417495607,0.00155754091917108,0.0147691111401514,0.0147691111401514,-0.00146561686176686,NA,0.0199783674093237,NA,NA,NA,NA,0.00698873213490121,0.000830209145236193,NA,-0.00250506529225168,-0.000131271161032595,-0.0012956595396839,NA,NA,NA,-0.00133457930793296,0.0012556709585711,NA,0.00740420862318271,0.123755986093527,-0.0012956595396839,NA,0.00698873213490121,-0.0012956595396839,-0.0012956595396839,0.00228487269310596,-0.00146561686176686,0.0114331227591154,-0.0012956595396839,0.00532178838785048,-0.0012956595396839,-0.0012956595396839,NA,0.0083709809273885,0.0147691111401514,-0.0012956595396839,0.00740420862318271,0.0083709809273885,0.0083709809273885,NA,NA,0.0083709809273885,-0.0012956595396839,0.0147691111401514,-5.88757030190051e-05,0.000830209145236193,0.123755986093527,0.00271033450644087,0.123755986093527,0.123755986093527,0.123755986093527,0.00740420862318271,0.0147691111401514,0.0083709809273885,0.0051559417495607,0.000830209145236193,NA,0.0083709809273885
"89",NA,NA,NA,0.0040401699276464,0.0040401699276464,NA,NA,NA,NA,NA,NA,0.00531779164158043,0.00495237194821393,NA,NA,NA,NA,0.00313579631977577,NA,NA,NA,NA,NA,NA,NA,NA,0.00283392635917579,NA,NA,NA,0.00180883154942701,0.00180883154942701,0.00271033450644087,NA,NA,NA,NA,NA,0.00522595393743375,0.00522595393743375,0.00156730208670761,NA,0.00570090278544107,NA,NA,NA,NA,NA,NA,NA,NA,0.00290164778744187,NA,NA,NA,NA,NA,NA,NA,NA,0.00271033450644087,NA,NA,NA,NA,NA,NA,0.00156730208670761,NA,NA,NA,NA,NA,NA,0.0040401699276464,0.00522595393743375,NA,NA,0.0040401699276464,0.0040401699276464,NA,NA,0.0040401699276464,NA,0.00522595393743375,NA,NA,0.00271033450644087,0.0129411704577004,0.00271033450644087,0.00271033450644087,0.00271033450644087,NA,0.00522595393743375,0.0040401699276464,NA,NA,NA,0.0040401699276464
"90",0.00228487269310596,NA,NA,0.0083709809273885,0.0083709809273885,NA,NA,0.00329768703664148,NA,-0.00189434249715254,-0.0014458178226227,NA,0.0156039543077068,-0.0012956595396839,0.00087321313773127,NA,NA,0.00623016367668431,0.000830209145236193,NA,0.00740420862318271,0.00740420862318271,NA,0.00532178838785048,0.00532178838785048,0.0051559417495607,0.0158640218600479,NA,0.00524656260051624,NA,-0.00122408739904745,-0.00122408739904745,0.123755986093527,NA,NA,0.00228487269310596,0.0051559417495607,0.00155754091917108,0.0147691111401514,0.0147691111401514,-0.00146561686176686,NA,0.0199783674093237,NA,NA,NA,NA,0.00698873213490121,0.000830209145236193,NA,-0.00250506529225168,-0.000131271161032595,-0.0012956595396839,NA,NA,NA,-0.00133457930793296,0.0012556709585711,NA,0.00740420862318271,0.123755986093527,-0.0012956595396839,NA,0.00698873213490121,-0.0012956595396839,-0.0012956595396839,0.00228487269310596,-0.00146561686176686,0.0114331227591154,-0.0012956595396839,0.00532178838785048,-0.0012956595396839,-0.0012956595396839,NA,0.0083709809273885,0.0147691111401514,-0.0012956595396839,0.00740420862318271,0.0083709809273885,0.0083709809273885,NA,NA,0.0083709809273885,-0.0012956595396839,0.0147691111401514,-5.88757030190051e-05,0.000830209145236193,0.123755986093527,0.00271033450644087,0.123755986093527,0.123755986093527,0.123755986093527,0.00740420862318271,0.0147691111401514,0.0083709809273885,0.0051559417495607,0.000830209145236193,NA,0.0083709809273885
"91",0.00228487269310596,NA,NA,0.0083709809273885,0.0083709809273885,NA,NA,0.00329768703664148,NA,-0.00189434249715254,-0.0014458178226227,NA,0.0156039543077068,-0.0012956595396839,0.00087321313773127,NA,NA,0.00623016367668431,0.000830209145236193,NA,0.00740420862318271,0.00740420862318271,NA,0.00532178838785048,0.00532178838785048,0.0051559417495607,0.0158640218600479,NA,0.00524656260051624,NA,-0.00122408739904745,-0.00122408739904745,0.123755986093527,NA,NA,0.00228487269310596,0.0051559417495607,0.00155754091917108,0.0147691111401514,0.0147691111401514,-0.00146561686176686,NA,0.0199783674093237,NA,NA,NA,NA,0.00698873213490121,0.000830209145236193,NA,-0.00250506529225168,-0.000131271161032595,-0.0012956595396839,NA,NA,NA,-0.00133457930793296,0.0012556709585711,NA,0.00740420862318271,0.123755986093527,-0.0012956595396839,NA,0.00698873213490121,-0.0012956595396839,-0.0012956595396839,0.00228487269310596,-0.00146561686176686,0.0114331227591154,-0.0012956595396839,0.00532178838785048,-0.0012956595396839,-0.0012956595396839,NA,0.0083709809273885,0.0147691111401514,-0.0012956595396839,0.00740420862318271,0.0083709809273885,0.0083709809273885,NA,NA,0.0083709809273885,-0.0012956595396839,0.0147691111401514,-5.88757030190051e-05,0.000830209145236193,0.123755986093527,0.00271033450644087,0.123755986093527,0.123755986093527,0.123755986093527,0.00740420862318271,0.0147691111401514,0.0083709809273885,0.0051559417495607,0.000830209145236193,NA,0.0083709809273885
"92",0.00228487269310596,NA,NA,0.0083709809273885,0.0083709809273885,NA,NA,0.00329768703664148,NA,-0.00189434249715254,-0.0014458178226227,NA,0.0156039543077068,-0.0012956595396839,0.00087321313773127,NA,NA,0.00623016367668431,0.000830209145236193,NA,0.00740420862318271,0.00740420862318271,NA,0.00532178838785048,0.00532178838785048,0.0051559417495607,0.0158640218600479,NA,0.00524656260051624,NA,-0.00122408739904745,-0.00122408739904745,0.123755986093527,NA,NA,0.00228487269310596,0.0051559417495607,0.00155754091917108,0.0147691111401514,0.0147691111401514,-0.00146561686176686,NA,0.0199783674093237,NA,NA,NA,NA,0.00698873213490121,0.000830209145236193,NA,-0.00250506529225168,-0.000131271161032595,-0.0012956595396839,NA,NA,NA,-0.00133457930793296,0.0012556709585711,NA,0.00740420862318271,0.123755986093527,-0.0012956595396839,NA,0.00698873213490121,-0.0012956595396839,-0.0012956595396839,0.00228487269310596,-0.00146561686176686,0.0114331227591154,-0.0012956595396839,0.00532178838785048,-0.0012956595396839,-0.0012956595396839,NA,0.0083709809273885,0.0147691111401514,-0.0012956595396839,0.00740420862318271,0.0083709809273885,0.0083709809273885,NA,NA,0.0083709809273885,-0.0012956595396839,0.0147691111401514,-5.88757030190051e-05,0.000830209145236193,0.123755986093527,0.00271033450644087,0.123755986093527,0.123755986093527,0.123755986093527,0.00740420862318271,0.0147691111401514,0.0083709809273885,0.0051559417495607,0.000830209145236193,NA,0.0083709809273885
"93",NA,NA,NA,0.00796620455839483,0.00796620455839483,0.00196136654446534,NA,0.00265067473936023,NA,-0.00221784864579317,-0.00208398439465688,NA,0.0159400703185069,-0.00139911630316421,-0.00155986641207758,0.00237687790197953,NA,0.00493613908212181,NA,-0.00114653557712785,0.152593846455021,0.152593846455021,NA,-0.000947960551274203,-0.000947960551274203,NA,0.000409666071991174,-0.0010115750547542,0.000272554464261664,NA,-0.00154759354768808,-0.00154759354768808,0.00740420862318271,0.00773442491640373,0.00477365671560048,NA,NA,NA,0.0133253150135463,0.0133253150135463,-0.00178912301040748,NA,0.0185295246699089,NA,NA,0.0190946268624019,NA,-0.00262689003070836,0.0024680695410609,NA,-0.00231132149999431,0.000545108928523327,-0.00139911630316421,0.00107228169621014,NA,NA,-0.0016960019678166,NA,-0.000807843664994536,0.152593846455021,0.00740420862318271,-0.00139911630316421,NA,-0.00262689003070836,-0.00139911630316421,-0.00139911630316421,NA,-0.00178912301040748,0.00165032865129255,-0.00139911630316421,-0.000947960551274203,-0.00139911630316421,-0.00139911630316421,NA,0.00796620455839483,0.0133253150135463,-0.00139911630316421,0.152593846455021,0.00796620455839483,0.00796620455839483,-0.0010115750547542,0.00773442491640373,0.00796620455839483,-0.00139911630316421,0.0133253150135463,-0.000382381851659631,0.0024680695410609,0.00740420862318271,NA,0.00740420862318271,0.00740420862318271,0.00740420862318271,0.152593846455021,0.0133253150135463,0.00796620455839483,NA,0.0024680695410609,NA,0.00796620455839483
"94",0.00776022796111783,NA,-0.000446176294768522,0.0576464395538067,0.0576464395538067,0.00143394906643615,-0.000386198945513592,0.00159583978330186,NA,-0.00492371381808154,-0.00336831160569095,0.00143394906643615,0.379222759810412,-0.00276767847393577,0.00075769145358314,0.00404747331901288,NA,0.0252642146791601,NA,-0.0018932425624443,0.0133253150135463,0.0133253150135463,NA,0.0114485415735516,0.0114485415735516,-0.00057853992642904,0.0482585420670386,-0.00162332151769699,0.000944937520334729,NA,-0.00193099472756796,-0.00193099472756796,0.0147691111401514,0.00941037648548816,0.00113207910583617,0.00143394906643615,-0.00057853992642904,0.000706617292501268,0.209526154950181,0.209526154950181,-0.00192263437038175,NA,0.0589805458765449,NA,NA,0.00452831642334469,NA,0.00410117100232825,0.00339623731750852,-0.000748046255368502,-0.00575168170091291,-0.00050972602753504,-0.00276767847393577,0.000544864218180955,NA,0.00226415821167235,-0.0014256663333233,0.00226415821167235,-0.00054740266726179,0.0133253150135463,0.0147691111401514,-0.00276767847393577,NA,0.00410117100232825,-0.00276767847393577,-0.00276767847393577,NA,-0.00192263437038175,0.0104686862352842,-0.00276767847393577,0.0114485415735516,-0.00276767847393577,-0.00276767847393577,NA,0.0576464395538067,0.209526154950181,-0.00276767847393577,0.0133253150135463,0.0576464395538067,0.0576464395538067,-0.00162332151769699,0.00941037648548816,0.0576464395538067,-0.00276767847393577,0.209526154950181,0.00389506375257429,0.00339623731750852,0.0147691111401514,0.00517348530741189,0.0147691111401514,0.0147691111401514,0.0147691111401514,0.0133253150135463,0.209526154950181,0.0576464395538067,-0.00057853992642904,0.00339623731750852,NA,0.0576464395538067
"95",0.000852300865275891,NA,0.000374907274023018,0.282718317808941,0.282718317808941,0.000852300865275891,-0.000481030745477937,0.00043254338098134,-3.18342020253265e-05,0.00126774588561835,0.001607383129035,0.00315926527842155,0.0611154877051852,-0.00508863603785579,0.000292698812479346,-0.000845792061483998,NA,0.0201532205410355,0.000249938182682012,-0.00149605974554618,0.00796620455839483,0.00796620455839483,NA,0.00997057570594714,0.00997057570594714,0.00817893915828891,0.0277036764986487,0.00295503120194915,0.00426150432637945,-0.000764115756914192,-0.00430346553946777,-0.00430346553946777,0.0083709809273885,0.000316282372342008,0.00255552535722159,0.000852300865275891,0.00817893915828891,0.00170460173055178,0.0576464395538067,0.0576464395538067,-0.00533341363551613,NA,0.0358131728764707,NA,0.000632564744684016,0.000745682832227793,NA,0.002060164511818,0.00165129271402773,-0.000530702607776922,-0.00628395598039651,-0.00123314820477863,-0.00508863603785579,-3.67839829793069e-05,NA,0.00292767815403245,-0.001764696325558,0.00292767815403245,-0.00237915514049819,0.00796620455839483,0.0083709809273885,-0.00508863603785579,NA,0.002060164511818,-0.00508863603785579,-0.00508863603785579,NA,-0.00533341363551613,0.0070642410656789,-0.00508863603785579,0.00997057570594714,-0.00508863603785579,-0.00508863603785579,NA,0.282718317808941,0.0576464395538067,-0.00508863603785579,0.00796620455839483,0.282718317808941,0.282718317808941,0.00295503120194915,0.000316282372342008,0.282718317808941,-0.00508863603785579,0.0576464395538067,0.00552438232764462,0.00165129271402773,0.0083709809273885,0.00401018890509136,0.0083709809273885,0.0083709809273885,0.0083709809273885,0.00796620455839483,0.0576464395538067,0.282718317808941,0.00817893915828891,0.00165129271402773,-0.000764115756914192,0.282718317808941
"96",NA,NA,0.00806526884530024,0.00817893915828891,0.00817893915828891,NA,0.00269792557329021,0.00107841807593986,NA,-0.00202020878332731,-0.000408353711396719,NA,-0.000845779008016871,4.21211374196714e-05,0.00480402857593035,0.0052593527831473,NA,NA,0.00342889450145016,NA,NA,NA,0.00107841807593986,-0.000467548071079575,-0.000467548071079575,0.111431750969822,NA,-0.00053116257455957,NA,NA,NA,NA,0.0051559417495607,NA,NA,NA,0.111431750969822,0.00171444725072508,-0.00057853992642904,-0.00057853992642904,-0.00130871053021285,NA,NA,NA,NA,NA,NA,0.0192186203756854,NA,0.0128394543843599,-0.00071048469798004,0.00150593388891258,4.21211374196714e-05,NA,NA,NA,-0.00102076664482495,0.00427981812811997,0.000799801178269954,NA,0.0051559417495607,4.21211374196714e-05,NA,0.0192186203756854,4.21211374196714e-05,4.21211374196714e-05,NA,-0.00130871053021285,NA,4.21211374196714e-05,-0.000467548071079575,4.21211374196714e-05,4.21211374196714e-05,NA,0.00817893915828891,-0.00057853992642904,4.21211374196714e-05,NA,0.00817893915828891,0.00817893915828891,-0.00053116257455957,NA,0.00817893915828891,4.21211374196714e-05,-0.00057853992642904,9.80306285349969e-05,NA,0.0051559417495607,NA,0.0051559417495607,0.0051559417495607,0.0051559417495607,NA,-0.00057853992642904,0.00817893915828891,0.111431750969822,NA,NA,0.00817893915828891
"97",NA,NA,NA,0.00165129271402773,0.00165129271402773,NA,NA,0.00560327421118106,NA,NA,NA,NA,0.00299537869512677,-0.000142865952414111,-8.35666761671626e-05,-7.67930829767035e-06,NA,0.0012556709585711,NA,NA,0.0024680695410609,0.0024680695410609,NA,NA,NA,NA,0.000953800997971118,NA,NA,NA,NA,NA,0.000830209145236193,0.00290164778744187,0.00313579631977577,NA,NA,NA,0.00339623731750852,0.00339623731750852,NA,NA,0.00408898197053098,NA,NA,NA,0.00155754091917108,NA,0.0550855184117465,NA,-0.000835021764083893,0.00102152242623719,-0.000142865952414111,0.00254858143212055,NA,NA,NA,NA,NA,0.0024680695410609,0.000830209145236193,-0.000142865952414111,NA,NA,-0.000142865952414111,-0.000142865952414111,NA,NA,0.000117553385965253,-0.000142865952414111,NA,-0.000142865952414111,-0.000142865952414111,NA,0.00165129271402773,0.00339623731750852,-0.000142865952414111,0.0024680695410609,0.00165129271402773,0.00165129271402773,NA,0.00290164778744187,0.00165129271402773,-0.000142865952414111,0.00339623731750852,NA,0.0550855184117465,0.000830209145236193,NA,0.000830209145236193,0.000830209145236193,0.000830209145236193,0.0024680695410609,0.00339623731750852,0.00165129271402773,NA,0.0550855184117465,NA,0.00165129271402773
"98",NA,NA,NA,-0.000764115756914192,-0.000764115756914192,NA,NA,NA,0.00072843342017081,0.000748474809200179,0.00399954495278619,NA,NA,0.000845425494400921,NA,-0.000169432382617983,NA,NA,NA,0.00016801108446225,NA,NA,NA,0.00218783576850157,0.00218783576850157,NA,NA,0.00206060676154158,NA,0.0620018951065532,-0.000233046886097978,-0.000233046886097978,NA,NA,NA,NA,NA,NA,NA,NA,NA,NA,NA,NA,NA,NA,0.0042462392375713,-0.00072623012769896,NA,NA,0.00346018620899734,NA,0.000845425494400921,NA,NA,0.00224671147152057,0.000647501717965997,NA,NA,NA,NA,0.000845425494400921,NA,-0.00072623012769896,0.000845425494400921,0.000845425494400921,NA,NA,-4.41996883550597e-05,0.000845425494400921,0.00218783576850157,0.000845425494400921,0.000845425494400921,NA,-0.000764115756914192,NA,0.000845425494400921,NA,-0.000764115756914192,-0.000764115756914192,0.00206060676154158,NA,-0.000764115756914192,0.000845425494400921,NA,NA,NA,NA,NA,NA,NA,NA,NA,NA,-0.000764115756914192,NA,NA,0.0620018951065532,-0.000764115756914192
"99",0.000852300865275891,NA,0.000374907274023018,0.282718317808941,0.282718317808941,0.000852300865275891,-0.000481030745477937,0.00043254338098134,-3.18342020253265e-05,0.00126774588561835,0.001607383129035,0.00315926527842155,0.0611154877051852,-0.00508863603785579,0.000292698812479346,-0.000845792061483998,NA,0.0201532205410355,0.000249938182682012,-0.00149605974554618,0.00796620455839483,0.00796620455839483,NA,0.00997057570594714,0.00997057570594714,0.00817893915828891,0.0277036764986487,0.00295503120194915,0.00426150432637945,-0.000764115756914192,-0.00430346553946777,-0.00430346553946777,0.0083709809273885,0.000316282372342008,0.00255552535722159,0.000852300865275891,0.00817893915828891,0.00170460173055178,0.0576464395538067,0.0576464395538067,-0.00533341363551613,NA,0.0358131728764707,NA,0.000632564744684016,0.000745682832227793,NA,0.002060164511818,0.00165129271402773,-0.000530702607776922,-0.00628395598039651,-0.00123314820477863,-0.00508863603785579,-3.67839829793069e-05,NA,0.00292767815403245,-0.001764696325558,0.00292767815403245,-0.00237915514049819,0.00796620455839483,0.0083709809273885,-0.00508863603785579,NA,0.002060164511818,-0.00508863603785579,-0.00508863603785579,NA,-0.00533341363551613,0.0070642410656789,-0.00508863603785579,0.00997057570594714,-0.00508863603785579,-0.00508863603785579,NA,0.282718317808941,0.0576464395538067,-0.00508863603785579,0.00796620455839483,0.282718317808941,0.282718317808941,0.00295503120194915,0.000316282372342008,0.282718317808941,-0.00508863603785579,0.0576464395538067,0.00552438232764462,0.00165129271402773,0.0083709809273885,0.00401018890509136,0.0083709809273885,0.0083709809273885,0.0083709809273885,0.00796620455839483,0.0576464395538067,0.282718317808941,0.00817893915828891,0.00165129271402773,-0.000764115756914192,0.282718317808941
