"","D102300","D103780","D104130","D104300","D104310","D106100","D107320","D107650","D109100","D109350","D109543","D109800","D114480","D114500","D114550","D115645","D125320","D125850","D125851","D125852","D125853","D126200","D127350","D127750","D131200","D131440","D132090","D132300","D133239","D134430","D134500","D134510","D134520","D137215","D137750","D137760","D137800","D140300","D140600","D143100","D143465","D144700","D145500","D146500","D151400","D152700","D153800","D155600","D155601","D157300","D157700","D160750","D161400","D164230","D165199","D165720","D166710","D166760","D168600","D168601","D170900","D175505","D176807","D181000","D181500","D182830","D184700","D187360","D188470","D190300","D190310","D191390","D192000","D193200","D203700","D205700","D208085","D208550","D209850","D210050","D211980","D219700","D222100","D223350","D226150","D227300","D234700","D236000","D241100","D246300","D247640","D254200","D254500","D256370","D256700","D260480","D260970","D264700","D266120","D266600","D267740","D273300","D275000","D300125","D303110","D312910","D600081","D600319","D600496","D600634","D600803","D600807","D601208","D601318","D601367","D601518","D601626","D601665","D601666","D601682","D601744","D601941","D601942","D602080","D602096","D602134","D602404","D602439","D603165","D603266","D603388","D604416","D604827","D605055","D605218","D605480","D605526","D605804","D605805","D605839","D605841","D605844","D606889","D607060","D607154","D607202","D607373","D607498","D607499","D607501","D607508","D607516","D607554","D607682","D607688","D607822","D607850","D608049","D608088","D608232","D608320","D608437","D608583","D608895","D608907"
"D102300",1,0.17499,0.12908,0.10269,0.072243,0,0.067015,0.123,0.052341,0,0,0.025038,0.065148,0.01628,0.037869,0,0.16858,0,0,0.077777,0.10839,0.17594,0.030918,0.17948,0,0,0.11895,0.081556,0,0,0,0,0.057565,0,0.10233,0.08372,0.10406,0.039076,0.048745,0.12548,0.17071,0.032765,0.035471,0.13194,0,0.12546,0.073826,0.05159,0.04105,0.12337,0.074905,0.070375,0.2564,0.23048,0.11154,0.12908,0.048949,0,0.15731,0.14798,0,0,0.044718,0.079838,0.16703,0.077231,0.15045,0.069715,0.032522,0.17765,0.11804,0.018258,0,0.084924,0.14885,0,0.040991,0.029624,0.12065,0.11624,0,0.046688,0.084292,0,0,0,0.022183,0.024443,0,0.027913,0,0.069573,0.037918,0,0.094003,0.076137,0.2245,0.12063,0,0.058332,0.083568,0.07665,0.058341,0.16499,0.086559,0.11873,0,0,0,0,0,0.01957,0,0,0.1477,0,0,0.10547,0,0,0,0,0,0.12114,0.17695,0.14163,0.053056,0.11096,0.059776,0,0,0.07867,0.10447,0.15826,0,0.093654,0.046432,0,0,0,0.22534,0,0.18766,0.24425,0,0.071091,0.12822,0.14552,0.1418,0.15048,0.15418,0.14418,0.041997,0.18491,0.054773,0.17861,0.035373,0.15228,0.26121,0.067436,0,0,0.046158,0,0.056011
"D103780",0.17499,1,0.13427,0.25049,0.062416,0.11768,0.14389,0.14022,0.14997,0.025185,0,0.021334,0.15528,0.083632,0.16753,0.067242,0.14526,0.13118,0.17525,0.26849,0.24478,0.19935,0.048769,0.11405,0,0.10944,0.10277,0.070457,0.096517,0,0.13907,0,0.024721,0.1277,0.08842,0.14546,0.11915,0.17287,0,0.15088,0.11667,0.084636,0.17237,0.24306,0.089235,0.11864,0.20998,0.098979,0,0.12774,0.10246,0.15396,0.24389,0.16576,0.096463,0.055275,0.13013,0.031869,0.12247,0.10529,0.050241,0.022411,0.076985,0.2227,0.23056,0.10017,0.17306,0.17005,0.083534,0.1126,0.10135,0.094965,0,0.07335,0.16781,0,0.087965,0.10135,0.25934,0.17317,0.12524,0.17365,0.15982,0.080282,0.031912,0.13203,0.15808,0.12737,0,0.096892,0.022426,0.099643,0.19967,0,0.13623,0.13588,0.16258,0.15231,0.11794,0.19056,0.10835,0.10554,0.22156,0.14239,0.099903,0.12269,0.16545,0.083365,0.12433,0,0.15071,0.16911,0.094884,0.15302,0.29218,0,0.103,0.1585,0.095147,0.044242,0.10736,0.21425,0.094438,0.14859,0.21216,0.060715,0.045843,0.18098,0.098609,0.094438,0.15449,0.043781,0.17807,0.1363,0,0.080909,0.16128,0,0,0,0.047414,0,0.15947,0.066021,0.087526,0.22684,0.25855,0.12553,0.12186,0.12983,0.21357,0.17443,0.10889,0.15965,0.047327,0.13206,0,0.24913,0.10883,0.11878,0.11589,0,0.11968,0,0.048396
"D104130",0.12908,0.13427,1,0.20078,0.10884,0.17305,0.10138,0.18862,0.11165,0.08829,0.10503,0.041274,0.16404,0.065215,0.11657,0.30877,0.1496,0.022838,0,0.079579,0.10074,0.11021,0.023183,0.1166,0.0528,0.093461,0.33151,0.23885,0.08841,0,0,0,0,0.11065,0.13579,0.12682,0.21678,0.15225,0,0.17525,0.055308,0.06654,0.066327,0.2306,0.062043,0.16233,0.084152,0.20441,0.16267,0.11303,0.19027,0.10588,0.11717,0.17283,0.11343,0.048152,0.040977,0.084296,0.12188,0.092785,0.087669,0.098346,0.11836,0.18707,0.15667,0.17608,0.19883,0.17311,0.050431,0.23581,0.088272,0.19571,0,0.25246,0.20929,0,0.082818,0.11077,0.22092,0.1698,0.069882,0.17129,0.12687,0.046904,0,0,0.12008,0.036535,0.039524,0.066864,0.043062,0.10392,0.10023,0.037576,0.17631,0.20364,0.10731,0.24535,0,0.14552,0.28636,0.097973,0.13877,0.15108,0.088054,0.14742,0,0,0.021587,0.059648,0.052411,0.10391,0,0.026609,0.14226,0.034325,0.042481,0.20157,0,0.078986,0.037118,0,0,0.12158,0.13286,0.10593,0.1196,0.12996,0.19653,0,0.024947,0.08238,0.22299,0.19786,0.056651,0.27252,0.10474,0.061355,0.058856,0.1065,0.041259,0.06162,0.1581,0.11498,0.050381,0.15947,0.26745,0.15719,0.072429,0.13753,0.16542,0.17796,0.094734,0.3015,0.12355,0.17578,0,0.25461,0.076352,0.1073,0.018169,0.056427,0.10412,0,0.12636
"D104300",0.10269,0.25049,0.20078,1,0.38066,0.2776,0.21527,0.22084,0.16599,0.062503,0.091037,0.13044,0.24315,0.1538,0.24604,0.1664,0.32568,0.19729,0.14177,0.25728,0.27301,0.30246,0.072506,0.35783,0.029869,0.20515,0.18279,0.1139,0.12642,0.061264,0.15475,0.11388,0.073827,0.1487,0.098242,0.19874,0.29655,0.21249,0.039803,0.45976,0.24191,0.25409,0.35069,0.34222,0.18949,0.2523,0.261,0.1887,0.14064,0.21045,0.15974,0.092316,0.24192,0.18044,0.096634,0.13653,0.11509,0.031447,0.32577,0.34262,0.14891,0.077426,0.20912,0.22565,0.40951,0.17225,0.23174,0.20966,0.18267,0.23404,0.067047,0.19514,0,0.14536,0.29054,0.082617,0.15348,0.14998,0.28645,0.2397,0.13661,0.25926,0.24918,0.20768,0,0.14657,0.085327,0.21921,0.022409,0.15517,0.14682,0.12772,0.27256,0.042512,0.27038,0.12124,0.18753,0.25217,0.13251,0.28598,0.19947,0.23296,0.22557,0.12607,0.099386,0.16487,0.081382,0.10278,0.19996,0.08324,0.13701,0.28875,0.11704,0.15087,0.36957,0.038223,0.2303,0.24723,0.1173,0.11435,0.17152,0.16728,0.1166,0.21431,0.31712,0.10802,0.21405,0.30048,0.14431,0.1166,0.15234,0.088287,0.1381,0.41907,0.039126,0.14968,0.30622,0.034744,0.033304,0.071282,0.023369,0.035008,0.39266,0.21241,0.071614,0.12615,0.25268,0.12431,0.062797,0.11438,0.17102,0.16066,0.14337,0.16473,0.2134,0.38173,0.044611,0.27271,0.14145,0.30372,0.15636,0.01597,0.13793,0.058848,0.2507
"D104310",0.072243,0.062416,0.10884,0.38066,1,0,0.092049,0.18278,0.042009,0,0,0,0.069883,0.017282,0.12226,0,0.45253,0,0,0.027423,0.023089,0.094018,0,0.54526,0,0,0.19271,0.13211,0,0,0,0.16556,0,0,0.055232,0.092952,0.18537,0.10543,0,0.22385,0.073492,0.070165,0.09495,0.21216,0,0.11772,0.062016,0.01758,0,0.13253,0.015869,0.037944,0.08622,0.28517,0.040028,0.10351,0,0,0.27782,0.37355,0,0,0.071839,0.034374,0.4601,0.22139,0.053717,0.056191,0,0.24357,0.12793,0.059134,0,0.030517,0.17861,0,0.046384,0,0.12008,0.099635,0,0.10059,0.035778,0,0,0,0.023925,0,0,0.030173,0,0.024756,0.040942,0,0.10062,0.020073,0.15172,0.062774,0.036834,0.04693,0.13479,0.098296,0.041928,0.14143,0.031087,0.10765,0,0,0,0,0,0.041569,0,0,0.11534,0,0,0.11246,0,0,0.053248,0,0,0.073596,0.49833,0.11437,0.43804,0.029746,0,0,0.035779,0,0.14126,0.64296,0,0.15126,0.51269,0,0,0,0.059185,0,0.66746,0.34253,0,0.037888,0.13072,0.12382,0.049247,0.12757,0.13228,0.12336,0.13602,0.19698,0.43048,0.41813,0.037538,0.11611,0.13906,0.03621,0,0,0.14949,0,0.63585
"D106100",0,0.11768,0.17305,0.2776,0,1,0.22986,0.20682,0.22085,0.074438,0.16307,0.0788,0.26464,0.18304,0.19041,0.28569,0,0.21932,0.062295,0.20594,0.25328,0.22471,0.084671,0,0.18273,0.21814,0,0.082421,0.12865,0.072779,0.16305,0.057898,0.1169,0.13014,0.077981,0.18236,0.10769,0.23207,0.046521,0.23827,0,0.24453,0.19249,0.20511,0.27844,0.27702,0.28344,0.27648,0.085285,0.20682,0.21134,0.14551,0.1293,0.019183,0.096195,0.065693,0.14581,0.1486,0.026943,0.063354,0.28909,0.066321,0.1703,0.26125,0.13397,0.081036,0.22133,0.26009,0.17852,0.10996,0.01974,0.27074,0.10569,0.15883,0.18805,0.14704,0.14048,0.31857,0.11919,0.097111,0.16365,0.29878,0.2874,0.26455,0.092404,0.17408,0.17186,0.37357,0.15094,0.21357,0.16381,0.18848,0.35806,0.13089,0.31756,0.20328,0,0.29463,0.10356,0.32552,0.094031,0.15126,0.30051,0.12295,0.074394,0.061741,0.083724,0.098301,0.23619,0.04037,0.16044,0.36407,0.055582,0.19949,0.1486,0.068012,0.25913,0.1067,0.055657,0.10604,0.2197,0.126,0.055452,0.19066,0.10649,0.035547,0,0.1854,0.25747,0.055452,0.17847,0.092282,0,0,0.15087,0.14458,0.12463,0.12378,0.11866,0.069463,0,0.12822,0.047556,0,0.19222,0.12651,0.14702,0.13342,0.060453,0.12902,0.16205,0.15326,0.042411,0,0,0.077056,0.053028,0.1228,0.0636,0.30394,0.075127,0.13202,0.046613,0.070151,0
"D107320",0.067015,0.14389,0.10138,0.21527,0.092049,0.22986,1,0.15055,0.32457,0,0,0.036842,0.20154,0.055618,0.11185,0.088051,0.10225,0.029971,0.080067,0.21551,0.18228,0.20575,0.1002,0.092164,0.017368,0.1305,0.11767,0.14185,0.054531,0.16701,0.19301,0.13314,0.21753,0.117,0.12672,0.15571,0.17774,0.16835,0.1449,0.15279,0.035388,0.12121,0.21276,0.13905,0.20241,0.4024,0.19556,0.13859,0,0.19601,0.22555,0.17609,0.10067,0.1311,0.055053,0.18162,0.16513,0.0915,0.12137,0.11257,0.086799,0.012816,0.13169,0.27999,0.16015,0.13374,0.12393,0.35545,0.048917,0.1396,0.057994,0.19276,0,0.11283,0.19717,0.0961,0.10619,0.13152,0.12192,0.1405,0.027991,0.21502,0.23225,0.20185,0.054788,0.18313,0.37044,0.13151,0.09151,0.20843,0.077402,0.14844,0.20773,0.024668,0.18276,0.16072,0.069518,0.17409,0.10061,0.27566,0.12487,0.12099,0.22504,0.16314,0.071319,0.070069,0.056688,0.12529,0.057275,0.019139,0.069461,0.14491,0.055414,0.14718,0.32565,0,0.08453,0.13002,0.05549,0.025302,0.35035,0.09913,0.055283,0.21098,0.18935,0.069508,0.078619,0.12418,0.12011,0.055283,0.19304,0.16476,0.0847,0.11004,0.41639,0.2396,0.13794,0.081359,0.078016,0.015427,0.027122,0.081846,0.15284,0.075549,0.11928,0.10708,0.1122,0.1583,0.04636,0.16335,0.18322,0.17219,0.21045,0.13744,0.081217,0.11689,0.14813,0.12445,0.087663,0.17792,0.16201,0.40316,0.20882,0,0.11191
"D107650",0.123,0.14022,0.18862,0.22084,0.18278,0.20682,0.15055,1,0.09413,0.034959,0,0.02994,0.18849,0.057949,0.10274,0.17544,0.14765,0.18554,0.12195,0.15376,0.20085,0.19149,0.067584,0.14399,0.020997,0.034653,0.26513,0.33941,0.10845,0,0.12308,0,0.051355,0.087397,0.15438,0.17735,0.093866,0.14242,0.055224,0.19315,0,0.12934,0.18492,0.24399,0.074043,0.13524,0.18245,0.098893,0,0.13352,0.22172,0.17835,0.30008,0.11252,0.22657,0.096104,0.11448,0.13231,0.17108,0.18927,0.1058,0.03147,0.079996,0.26203,0.22194,0.30604,0.29131,0.27376,0.10216,0.27893,0.070284,0.14298,0,0.085004,0.21733,0,0.06486,0.10512,0.23068,0.16482,0.086071,0.16238,0.22377,0.03713,0,0.11587,0.12408,0.058856,0.047345,0.033694,0.031062,0.23536,0.11466,0,0.19765,0.20234,0.040718,0.19051,0.061177,0.15803,0.31209,0.092004,0.20246,0.15826,0.24456,0.17568,0.14465,0.087717,0.19336,0,0.10597,0.12897,0.032924,0.08488,0.15124,0,0.03414,0.23431,0.033016,0.15663,0.077503,0.11968,0.032769,0.16051,0.21331,0.15118,0.12942,0.066456,0.12362,0.032769,0.059938,0.065498,0.093136,0.20143,0.031478,0.18822,0.37758,0.024449,0.023435,0,0.25423,0.024553,0.22721,0.11459,0.10378,0.10583,0.25554,0.15846,0.036356,0.14323,0.22402,0.17459,0.12748,0.18074,0.13144,0.17965,0.042059,0.24324,0.12117,0.061484,0.14525,0,0.14011,0.083883,0.28702
"D109100",0.052341,0.14997,0.11165,0.16599,0.042009,0.22085,0.32457,0.09413,1,0.033983,0,0.00956,0.14832,0.12904,0.17477,0.088923,0.080773,0.10746,0.11162,0.27093,0.22636,0.27312,0.089238,0.077438,0.040984,0.084983,0.023042,0.063227,0.095166,0.093469,0.14002,0.089123,0.12146,0.20921,0.079446,0.11485,0.16134,0.24746,0.11082,0.14358,0.16353,0.11718,0.19154,0.13185,0.29869,0.312,0.16282,0.1156,0,0.14826,0.13834,0.12382,0.099956,0.074115,0.043426,0.1423,0.14962,0.071298,0.10314,0.09528,0.21864,0.04026,0.080348,0.2366,0.18922,0.029955,0.16493,0.49079,0.096036,0.084052,0.060711,0.25861,0,0.25312,0.20237,0.18944,0.14367,0.21543,0.14781,0.13292,0.05681,0.2384,0.29311,0.11422,0.11731,0.11973,0.34902,0.12612,0.092119,0.13192,0.070572,0.2426,0.33512,0.029189,0.18288,0.2754,0.086526,0.21003,0.13937,0.40259,0.032302,0.077209,0.29364,0.076656,0.056148,0.082823,0.14811,0.24211,0.15276,0.030135,0.12747,0.18933,0.23285,0.23681,0.18434,0,0.098056,0.10133,0.23279,0.019841,0.24469,0.24463,0.23292,0.15859,0.12286,0.027255,0.02058,0.1067,0.20273,0.23292,0.26552,0.16782,0.061413,0.10041,0.30517,0.16145,0.054408,0.20477,0.22725,0,0.021286,0.20471,0.057981,0.014818,0.19488,0.17466,0.096963,0.078762,0.05434,0.081015,0.095917,0.066939,0.081643,0.053936,0.021246,0.080514,0.12979,0.094509,0.13913,0.18723,0.18853,0.31647,0.071825,0,0.021726
"D109350",0,0.025185,0.08829,0.062503,0,0.074438,0,0.034959,0.033983,1,0.12303,0.14685,0.10494,0.26966,0.17364,0.13354,0,0.026431,0,0.022216,0.0187,0.076167,0,0,0.031096,0.050572,0,0,0.43334,0,0,0,0,0.31927,0,0.018546,0.065661,0.053992,0,0.088546,0,0.15535,0.046644,0.03257,0.054526,0.037782,0.054618,0.16093,0.11554,0,0.025712,0,0.022271,0,0,0,0,0,0,0,0.15312,0.28699,0.12434,0.083557,0.018451,0,0.043374,0,0.17824,0.037771,0.068205,0.24567,0,0.049741,0.027266,0,0.05646,0,0.016408,0.040876,0.17175,0.16881,0.028937,0.054775,0.096879,0,0,0.11306,0,0.051831,0.0955,0.060339,0.033611,0.065617,0.11946,0.048834,0,0.027049,0,0.12843,0,0.091542,0,0,0,0,0,0,0.024983,0.13745,0.060632,0.067517,0,0.030795,0.036422,0.078899,0.074196,0.09123,0,0.051276,0,0,0,0.031767,0,0,0,0.048988,0.032302,0,0,0,0,0,0,0,0,0,0,0.1786,0,0,0,0,0,0.12258,0.12087,0,0,0,0,0,0,0,0,0,0,0.074904,0.13973,0.12156,0,0,0,0.070243,0
"D109543",0,0,0.10503,0.091037,0,0.16307,0,0,0,0.12303,1,0.11808,0.072163,0.084251,0.091189,0.10611,0,0,0,0,0,0.091799,0,0,0.095709,0.22488,0,0,0.1084,0,0,0,0,0.080718,0,0.057082,0.089539,0.054312,0,0.064227,0,0.087075,0.048547,0,0.39679,0.037648,0,0.069891,0.18348,0,0,0,0,0,0,0,0,0,0,0,0.12137,0.10826,0.098348,0.043406,0,0,0.044943,0,0.14183,0,0,0.076227,0,0.11814,0,0,0,0,0.050499,0,0.13627,0.048874,0,0.24111,0,0,0,0.19113,0,0,0.22163,0.095812,0.1215,0.10421,0.059709,0,0,0,0,0.039866,0,0.083201,0,0,0,0,0,0,0,0.16661,0,0.05273,0,0,0.086506,0.12457,0.30267,0.071019,0,0,0,0,0,0.076779,0,0,0,0.23644,0.076708,0,0,0,0,0,0,0,0,0,0,0.1512,0,0,0,0,0,0,0.065838,0,0,0,0,0,0,0,0,0,0,0.089336,0,0.17094,0,0,0,0,0
"D109800",0.025038,0.021334,0.041274,0.13044,0,0.0788,0.036842,0.02994,0.00956,0.14685,0.11808,1,0.24717,0.41839,0.34782,0.060414,0,0.090402,0.059396,0.037365,0.063543,0.082336,0.10348,0,0.13532,0.047164,0,0,0.18523,0.10114,0.091952,0.028063,0.069221,0.13035,0.018837,0.049759,0.14874,0.10561,0.068863,0.10827,0.12584,0.4327,0.16038,0.081897,0.083547,0.14514,0.070312,0.17684,0.22396,0,0.057369,0.054365,0.018641,0.027656,0,0.047331,0.071261,0,0.03919,0.072012,0.069864,0.11909,0.30511,0.026113,0.090282,0,0.14954,0.038447,0.26365,0.064985,0,0.10235,0.050939,0.046418,0.047448,0,0.094553,0.066298,0.061853,0.020714,0.16975,0.17773,0.11072,0.051055,0,0.084165,0.016373,0.1345,0.11647,0.021226,0.085626,0.12238,0.10277,0.35896,0.31523,0,0,0.097801,0.13044,0.13129,0,0.27442,0.014343,0,0.021232,0.017373,0.028081,0,0.085675,0.17973,0.02565,0.11853,0,0,0.12664,0.20414,0.088058,0.081055,0,0,0.092903,0.035882,0,0.067687,0.051151,0.083791,0,0.10733,0.084781,0,0,0.075166,0,0,0.039469,0,0.034276,0.030051,0.028805,0.42005,0,0.030181,0.047428,0.056901,0.049408,0,0.05741,0,0,0,0.022608,0,0.030937,0,0,0.029027,0.051544,0.14213,0.037149,0.12167,0.038359,0,0,0,0
"D114480",0.065148,0.15528,0.16404,0.24315,0.069883,0.26464,0.20154,0.18849,0.14832,0.10494,0.072163,0.24717,1,0.35152,0.30156,0.15833,0.054064,0.13377,0.1372,0.28506,0.27343,0.17464,0.10757,0.063049,0.15728,0.14804,0.11523,0.13816,0.14885,0.066616,0.11889,0.036886,0.14608,0.19759,0.086838,0.18516,0.27064,0.30745,0.067828,0.28611,0.076387,0.30627,0.26976,0.21027,0.16632,0.24312,0.20936,0.3429,0.24059,0.16723,0.15221,0.13726,0.098646,0.090884,0.053891,0.16084,0.19566,0.088928,0.09307,0.088698,0.11405,0.089347,0.51079,0.24241,0.20577,0.093541,0.3282,0.22766,0.1784,0.14677,0.056791,0.24094,0.06679,0.18041,0.13829,0.023307,0.12334,0.15602,0.18952,0.11805,0.37448,0.32437,0.24242,0.1217,0,0.11115,0.14014,0.2369,0.24462,0.13592,0.27052,0.16818,0.25136,0.15912,0.40927,0.12966,0.049364,0.28561,0.11509,0.28355,0.12215,0.38625,0.2849,0.11085,0.13385,0.10337,0.092495,0.11752,0.14099,0.2285,0.13929,0.22643,0.079738,0.19357,0.21407,0.26003,0.1251,0.29397,0.079939,0.024754,0.20766,0.14325,0.079397,0.18017,0.20315,0.085122,0.076996,0.13629,0.22045,0.079397,0.23369,0.13752,0.095288,0.076052,0.054699,0.13585,0.13513,0.078993,0.075747,0.23507,0.026563,0.079463,0.1157,0.11137,0.11387,0.16014,0.13102,0.11104,0.0292,0.11486,0.14867,0.12526,0.12198,0.088212,0.079541,0.11721,0.084601,0.25944,0.097703,0.28142,0.13348,0.054479,0.11172,0,0.081347
"D114500",0.01628,0.083632,0.065215,0.1538,0.017282,0.18304,0.055618,0.057949,0.12904,0.26966,0.084251,0.41839,0.35152,1,0.29519,0.10242,0,0.13115,0.097252,0.15858,0.10287,0.16084,0.080329,0.010402,0.19174,0.10311,0,0,0.41675,0.022973,0.075002,0.036511,0.027091,0.41102,0.012252,0.1159,0.28927,0.2188,0.044755,0.1865,0.14153,0.46625,0.21751,0.14865,0.1899,0.14863,0.16182,0.31336,0.22704,0.083357,0.058336,0.051711,0.048738,0.017989,0,0.046083,0.081266,0,0.050073,0.060407,0.089508,0.44543,0.29677,0.14878,0.1773,0,0.20433,0.09209,0.29728,0.083825,0.056242,0.35609,0.16656,0.04606,0.067544,0,0.079974,0.17137,0.1183,0.044614,0.33222,0.35404,0.19947,0.11023,0.15853,0.070223,0.032111,0.17104,0.12641,0.12132,0.15074,0.18181,0.16019,0.29452,0.35947,0.092053,0.016298,0.20504,0.13034,0.33983,0,0.29698,0.1706,0,0.01381,0.022634,0.055276,0.023116,0.12426,0.26532,0.13541,0.19902,0.026322,0.1923,0.094201,0.15752,0.12994,0.14335,0.02638,0.028125,0.143,0.095703,0.026223,0.10348,0.16857,0.054543,0,0.11285,0.10103,0.026223,0.14645,0.061031,0,0.014906,0,0,0.067244,0.058655,0.056223,0.33884,0,0.058906,0.028642,0.03698,0.096744,0.1212,0.099079,0,0,0,0.044684,0,0.020123,0,0,0.074959,0.050174,0.17089,0.072424,0.22375,0.034544,0,0,0.035087,0
"D114550",0.037869,0.16753,0.11657,0.24604,0.12226,0.19041,0.11185,0.10274,0.17477,0.17364,0.091189,0.34782,0.30156,0.29519,1,0.075027,0.047048,0.17775,0.13625,0.13195,0.21224,0.12396,0.095612,0.073497,0.1316,0.068611,0.10024,0.068714,0.22489,0.026923,0.11204,0.08636,0.031759,0.27729,0.071802,0.13254,0.20931,0.22723,0.079463,0.17284,0.09601,0.33646,0.24476,0.13648,0.13161,0.20478,0.10578,0.22862,0.12476,0.083251,0.10204,0.13941,0.10249,0.084341,0.020839,0.11073,0.15932,0.041268,0.10969,0.069424,0.085812,0.1647,0.3455,0.14087,0.21868,0.065141,0.18283,0.15793,0.25515,0.12314,0.065926,0.19841,0,0.099306,0.1699,0,0.20753,0.11645,0.19961,0.11919,0.24851,0.30118,0.219,0.073913,0.069127,0.10639,0.14231,0.19666,0.14933,0.095425,0.08022,0.1727,0.13312,0.24573,0.27807,0.094892,0.038195,0.17432,0.13324,0.24115,0.070108,0.2229,0.13443,0.074835,0.048619,0.11927,0.13543,0.054155,0.14951,0.16532,0.13958,0.22611,0.061637,0.099157,0.21594,0.13116,0.099572,0.16647,0.061809,0.033609,0.19701,0.13892,0.061348,0.15031,0.17601,0.10386,0.089315,0.16298,0.18332,0.061348,0.13887,0.14328,0.11416,0.10621,0.10681,0.13156,0.15669,0.068731,0.065915,0.28317,0.030813,0.069028,0.10112,0.13152,0.13484,0.18818,0.22775,0.066525,0,0.068167,0.12206,0.065522,0.094329,0.076742,0.092267,0.062517,0.083344,0.22956,0.070783,0.23637,0.054073,0.10645,0.077756,0,0.094362
"D115645",0,0.067242,0.30877,0.1664,0,0.28569,0.088051,0.17544,0.088923,0.13354,0.10611,0.060414,0.15833,0.10242,0.075027,1,0,0.071511,0,0.097869,0.067806,0.13281,0.023685,0.016525,0.05331,0.13827,0,0.03126,0.12267,0.146,0.11833,0.11612,0.085964,0.13928,0.20089,0.14723,0.098306,0.10095,0,0.1186,0,0.14171,0.067057,0.17715,0.078737,0.13442,0.17658,0.23893,0.13248,0.055987,0.23928,0,0.080282,0.028536,0.18904,0,0.041577,0.094995,0.053943,0.030709,0.22169,0.15848,0.052178,0.26375,0.079375,0.15608,0.11056,0.13465,0.050938,0.16999,0.059492,0.19979,0,0.13398,0.1463,0.073042,0.097525,0.14338,0.10614,0.088903,0.070159,0.193,0.11868,0.094779,0.056154,0.11504,0.070793,0.16536,0.019969,0.046448,0.082911,0.087344,0.13022,0.056911,0.20282,0.19735,0,0.099978,0.077188,0.19151,0.17895,0.074783,0.15761,0.074636,0.16758,0.21709,0,0,0.067719,0.089679,0.079347,0.1657,0,0.026901,0.19731,0.034696,0.085884,0.14276,0,0.20466,0,0,0,0.12551,0,0.026912,0,0.10525,0.29484,0,0.025253,0.044987,0,0,0,0,0,0.031008,0.029723,0.1079,0,0.031142,0.068124,0,0.025462,0.10714,0.15895,0.06524,0,0.067272,0.069796,0.088518,0.095766,0,0,0.065048,0,0.14102,0.057422,0.13115,0.073326,0,0.070169,0.11047,0
"D125320",0.16858,0.14526,0.1496,0.32568,0.45253,0,0.10225,0.14765,0.080773,0,0,0,0.054064,0,0.047048,0,1,0,0,0.06424,0.053803,0.096161,0,0.54347,0,0,0.19876,0.13624,0,0,0,0,0,0,0.064006,0.069996,0.1635,0.081572,0,0.24925,0.21099,0.02715,0.044083,0.23633,0,0.068475,0.061692,0,0,0.12333,0.03689,0.058702,0.17204,0.31752,0.061919,0.053371,0,0,0.38537,0.44215,0,0,0.05558,0.05325,0.3971,0.21675,0.083772,0.057948,0,0.20955,0.13163,0.04575,0,0.047211,0.20409,0,0.051272,0,0.14645,0.23943,0,0.058245,0.013834,0,0,0,0.018507,0,0,0.023283,0,0.038423,0.031632,0,0.076699,0.015527,0.18537,0.12834,0,0.036325,0.13927,0.10206,0.032433,0.16481,0.048093,0.12274,0,0,0,0,0,0,0,0,0.16327,0,0,0.17605,0,0,0,0,0,0.087067,0.37567,0.11783,0.35401,0.069049,0,0,0,0,0.14156,0.51994,0,0.15618,0.34607,0,0,0,0.045781,0,0.37463,0.31268,0,0.0593,0.16728,0.14516,0.1171,0.14999,0.15406,0.14399,0.10523,0.23023,0.3457,0.42509,0,0.17979,0.12634,0.04202,0,0,0.11566,0,0.43139
"D125850",0,0.13118,0.022838,0.19729,0,0.21932,0.029971,0.18554,0.10746,0.026431,0,0.090402,0.13377,0.13115,0.17775,0.071511,0,1,0.53652,0.33569,0.51068,0.12973,0.024675,0,0.095192,0.052036,0,0,0.14262,0,0.18453,0,0,0.1155,0.046583,0.13418,0.030917,0.17881,0,0.13831,0,0.11898,0.28079,0.26469,0.074759,0.11515,0.24381,0.1199,0,0.022203,0.0267,0.097226,0.16132,0,0.070381,0,0.11812,0.033325,0.047283,0.037007,0.079035,0.023616,0.10051,0.14575,0.12995,0.074161,0.30076,0.14346,0.20896,0.019638,0,0.11821,0.062339,0.051199,0.091806,0,0.13006,0.1096,0.16038,0.047556,0.10363,0.18412,0.40423,0.055755,0,0.17369,0.081507,0.043667,0.095452,0.075848,0.02344,0.14712,0.15552,0.11654,0.13099,0.1052,0,0.23472,0.092006,0.15838,0.091117,0.11084,0.24987,0,0.08032,0.10975,0.2171,0.22371,0.89132,0.03505,0.19439,0.17892,0.25583,0.41391,0.15389,0.039946,0.051266,0.095198,0.25508,0.096141,0.092224,0.36104,0.25706,0.079358,0.062644,0,0,0.050171,0.11899,0.25706,0.09034,0.12147,0,0,0,0,0.22093,0,0,0,0,0,0,0,0.12549,0.095379,0.19534,0,0,0,0.084018,0,0,0,0,0,0,0.17887,0,0.078523,0.11173,0,0,0.12485,0
"D125851",0,0.17525,0,0.14177,0,0.062295,0.080067,0.12195,0.11162,0,0,0.059396,0.1372,0.097252,0.13625,0,0,0.53652,1,0.41919,0.37911,0.085526,0.032885,0,0.042292,0.069849,0,0,0.079849,0,0.14191,0,0,0.087684,0,0.076806,0.041501,0.1423,0,0.073206,0,0.078858,0.26571,0.18582,0.099969,0.066303,0.11177,0.079232,0,0.029628,0,0.1302,0.091958,0,0,0,0.11712,0,0,0,0.034996,0,0.13426,0.11564,0.097355,0,0.26639,0.10543,0.15532,0,0,0.044442,0,0.068197,0.037376,0,0.048603,0.070945,0.13696,0,0.10301,0.11275,0.25369,0.074841,0,0.13221,0.080848,0.058615,0.063406,0.067916,0.031279,0.11136,0.11469,0.030048,0.079586,0.04536,0,0.10626,0.1232,0.12258,0,0.11038,0.21385,0,0.070406,0.085324,0.23091,0.2969,0.54479,0.046711,0.12665,0.070408,0.33953,0.31553,0.20493,0,0.068815,0.095317,0.33854,0,0.090294,0.48081,0.34112,0.062084,0.084089,0,0,0.067346,0.067,0.34112,0.12098,0.16116,0,0,0,0,0.16931,0,0,0.037566,0,0,0,0,0.12231,0.084553,0.14812,0,0.073216,0,0.11251,0,0,0,0,0,0,0.13891,0,0.062929,0.17799,0,0,0,0
"D125852",0.077777,0.26849,0.079579,0.25728,0.027423,0.20594,0.21551,0.15376,0.27093,0.022216,0,0.037365,0.28506,0.15858,0.13195,0.097869,0.06424,0.33569,0.41919,1,0.54053,0.22179,0.11322,0.050888,0.079839,0.11052,0,0.062057,0.10561,0.03637,0.12224,0.028899,0.092627,0.11515,0.058372,0.17828,0.14368,0.27747,0.11688,0.18158,0.10292,0.14832,0.29761,0.22972,0.18357,0.20591,0.21282,0.12417,0,0.11198,0.078545,0.081372,0.17667,0.11736,0.028613,0.076204,0.15193,0.084152,0.068893,0.077273,0.11032,0.039519,0.13472,0.26985,0.21971,0.029595,0.2898,0.22639,0.12167,0.13202,0,0.21071,0,0.086368,0.19347,0.073046,0.15779,0.1559,0.20009,0.10629,0.089063,0.16135,0.40169,0.14078,0,0.11669,0.10101,0.22273,0.13987,0.19233,0.099558,0.15682,0.23321,0.075744,0.20997,0.13097,0.091558,0.25995,0.10281,0.30217,0.031995,0.13864,0.37588,0.1002,0.088386,0.089832,0.11588,0.52084,0.48071,0.058738,0.079324,0.19351,0.46057,0.65016,0.2615,0,0.085958,0.17972,0.46059,0.03915,0.19212,0.4824,0.4605,0.11823,0.26843,0.026659,0,0.10603,0.11497,0.4605,0.27284,0.17214,0.13326,0.072691,0.057262,0.071328,0.070585,0.061872,0.059307,0.023659,0,0.062341,0.067923,0,0.10197,0.20271,0.15298,0.088513,0.15346,0.090925,0.14069,0.10987,0.09556,0.071098,0,0.043993,0.092,0.16926,0.095516,0.18395,0.28297,0.057172,0.070013,0,0
"D125853",0.10839,0.24478,0.10074,0.27301,0.023089,0.25328,0.18228,0.20085,0.22636,0.0187,0,0.063543,0.27343,0.10287,0.21224,0.067806,0.053803,0.51068,0.37911,0.54053,1,0.14074,0.18121,0.042616,0.044782,0.037079,0,0.078367,0.11794,0,0.16136,0,0.17005,0.17659,0.048974,0.094201,0.098971,0.22056,0.14908,0.20425,0.13026,0.12553,0.34796,0.2617,0.093425,0.19627,0.23394,0.21173,0.051675,0.094309,0.17505,0.16274,0.19948,0.074426,0,0.19566,0.3685,0.11757,0.090515,0.064853,0.11152,0.016709,0.14224,0.19787,0.16017,0,0.40315,0.2142,0.21175,0.16708,0,0.13154,0,0.12699,0.16673,0.061504,0.15678,0.13078,0.20661,0.10786,0.12964,0.21443,0.39502,0.059354,0,0.15352,0.17256,0.15575,0.13469,0.071694,0.033108,0.20893,0.2207,0.031901,0.23696,0.097665,0.076615,0.27727,0.06537,0.27329,0,0.15802,0.2935,0.084309,0.037945,0.045244,0.15411,0.34707,0.5926,0.02474,0.21126,0.20245,0.32461,0.38455,0.30167,0,0.07265,0.22039,0.32435,0,0.17854,0.38235,0.32502,0.20682,0.1802,0.091194,0,0.1103,0.15745,0.32502,0.18511,0.21913,0.1104,0.060885,0.096307,0.089965,0.16024,0.078129,0.074929,0,0,0.078637,0.057186,0.101,0.15354,0.21407,0.1359,0.074476,0.12998,0.076506,0.13847,0.11139,0.053632,0.059788,0,0.060473,0.13952,0.14876,0.096745,0.12026,0.22802,0.096041,0.058945,0,0
"D126200",0.17594,0.19935,0.11021,0.30246,0.094018,0.22471,0.20575,0.19149,0.27312,0.076167,0.091799,0.082336,0.17464,0.16084,0.12396,0.13281,0.096161,0.12973,0.085526,0.22179,0.14074,1,0.046878,0.13107,0.044985,0.13142,0.075608,0.051844,0.10636,0.040551,0.084372,0.048338,0.059886,0.15702,0.20646,0.28,0.21302,0.32479,0.058077,0.28681,0.07328,0.16268,0.22014,0.22993,0.2368,0.27566,0.22931,0.18734,0.054232,0.18917,0.10037,0.13638,0.28435,0.16214,0.20688,0.082627,0.095958,0.031278,0.22498,0.20289,0.099013,0.066168,0.14324,0.34486,0.26112,0.21134,0.12161,0.25304,0.11417,0.1473,0.11615,0.28749,0.029137,0.13294,0.25226,0.083008,0.14499,0.12399,0.20883,0.091133,0.10133,0.22963,0.37783,0.20688,0.14275,0.080157,0.15174,0.22142,0.033436,0.28859,0.15136,0.26609,0.26897,0.077023,0.26964,0.18976,0.25342,0.18217,0.10269,0.39518,0.16776,0.12646,0.3374,0.11188,0.16501,0.22465,0.080717,0.10294,0.14819,0.066848,0.091198,0.27479,0.11723,0.18507,0.19829,0.038613,0.17741,0.1118,0.11747,0.11019,0.18369,0.14632,0.11681,0.23077,0.2247,0.059644,0.069065,0.17738,0.15066,0.11681,0.28634,0.097365,0.10215,0.12105,0.11943,0.10017,0.098436,0.05178,0.049633,0.030188,0.17153,0.052116,0.11647,0.081181,0.085285,0.17328,0.20309,0.098482,0.061259,0.10168,0.13083,0.14834,0.071237,0.098134,0.069746,0.20137,0.09174,0.20859,0.20463,0.24984,0.093951,0.096215,0.058786,0.088821,0.071466
"D127350",0.030918,0.048769,0.023183,0.072506,0,0.084671,0.1002,0.067584,0.089238,0,0,0.10348,0.10757,0.080329,0.095612,0.023685,0,0.024675,0.032885,0.11322,0.18121,0.046878,1,0,0.028279,0,0,0.10162,0.053491,0,0,0,0.27617,0.058743,0.043114,0.035271,0.057692,0.063295,0.30009,0.12396,0.061134,0.081468,0.13253,0.061984,0.016346,0.18816,0.062498,0.10417,0.071476,0,0.16606,0.057108,0.063168,0,0.03285,0.23066,0.36549,0.124,0.07828,0.016285,0,0,0.094759,0.065556,0.071602,0.033977,0.028432,0.13304,0.082755,0.14842,0,0.095501,0,0.023072,0.09472,0,0.12424,0.077234,0.12235,0,0,0.097676,0.19787,0,0,0,0.035967,0.06387,0.10837,0,0,0.077022,0.045986,0.060967,0.13205,0.046431,0,0.144,0.054626,0.16104,0.036732,0.076036,0.064469,0,0.025481,0.040234,0.061386,0.17813,0.023388,0.031575,0.056284,0.082258,0.044789,0.02892,0.10555,0.035589,0,0.063369,0.044888,0.044946,0.14076,0.039452,0.044621,0.16685,0.092983,0.13503,0,0.078335,0.033061,0.044621,0.027174,0.24744,0,0,0,0,0,0,0,0.075831,0,0,0,0.10488,0,0,0.021229,0,0,0,0,0.073403,0,0,0,0.029815,0.23782,0.018835,0.043513,0.056842,0.019568,0,0,0,0
"D127750",0.17948,0.11405,0.1166,0.35783,0.54526,0,0.092164,0.14399,0.077438,0,0,0,0.063049,0.010402,0.073497,0.016525,0.54347,0,0,0.050888,0.042616,0.13107,0,1,0,0,0.15454,0.10593,0,0,0,0.099373,0,0,0.083038,0.13737,0.17994,0.10306,0,0.32452,0.18097,0.042208,0.057105,0.29488,0,0.088727,0.05993,0.021159,0,0.12799,0.028707,0.045677,0.16893,0.27262,0.096365,0.083046,0,0,0.55366,0.55525,0,0,0.043199,0.062242,0.44216,0.25425,0.065047,0.056316,0,0.32789,0.12802,0.035559,0,0.036735,0.27953,0,0.040009,0,0.15303,0.15369,0,0.08309,0.032295,0,0,0,0.028796,0,0,0.018132,0.016814,0.10602,0.036922,0,0.12831,0.024194,0.28067,0.097199,0.022169,0.037798,0.13531,0.12039,0.050567,0.1497,0.05614,0.12639,0,0,0,0,0,0.025006,0,0,0.15714,0,0,0.11959,0,0.03319,0.032031,0,0,0.14048,0.39894,0.11449,0.36289,0.053734,0.011927,0,0.04306,0,0.11042,0.57301,0,0.12143,0.27959,0,0,0,0.035617,0,0.48434,0.33338,0,0.046142,0.13036,0.13172,0.092788,0.13606,0.13995,0.15056,0.081791,0.17948,0.35821,0.51578,0.022592,0.1549,0.21858,0.043598,0,0,0.089895,0,0.34792
"D131200",0,0,0.0528,0.029869,0,0.18273,0.017368,0.020997,0.040984,0.031096,0.095709,0.13532,0.15728,0.19174,0.1316,0.05331,0,0.095192,0.042292,0.079839,0.044782,0.044985,0.028279,0,1,0.029981,0,0,0.054942,0,0,0,0,0.10109,0,0.04626,0.042818,0.082405,0,0.084728,0,0.14595,0.074003,0.03933,0.065056,0.043044,0.1804,0.053907,0.048071,0,0.030914,0,0,0,0,0,0,0,0.018119,0.042443,0.03049,0.054546,0.21425,0.068534,0,0,0.2832,0,0.10406,0.02271,0,0.038303,0.21947,0.029679,0.048861,0,0.021153,0.061139,0.038895,0.024172,0.1337,0.136,0.069549,0.032277,0,0,0,0.025684,0.25226,0,0.032819,0.096341,0.040145,0.32617,0.14095,0.01954,0,0.15676,0.035388,0.091389,0,0.21748,0.040782,0,0,0,0,0,0.090221,0.04251,0.036446,0.060664,0,0.074244,0.021734,0.23297,0.06004,0.0273,0,0,0.025858,0,0,0.037918,0,0,0,0.028952,0.038521,0,0,0.026574,0,0,0,0,0,0.04277,0.040995,0.13915,0,0.042951,0.031372,0,0.035123,0,0.025308,0,0,0,0,0,0,0,0,0.019386,0,0.022456,0.026392,0.039875,0.025276,0,0,0,0
"D131440",0,0.10944,0.093461,0.20515,0,0.21814,0.1305,0.034653,0.084983,0.050572,0.22488,0.047164,0.14804,0.10311,0.068611,0.13827,0,0.052036,0.069849,0.11052,0.037079,0.13142,0,0,0.029981,1,0,0,0.080686,0.082212,0.13369,0.065331,0.048405,0.09486,0,0.10992,0.14098,0.13893,0,0.11457,0,0.13312,0.096133,0.067584,0.22119,0.14486,0.081452,0.17305,0.14856,0.063554,0.05296,0.061828,0.043375,0,0,0,0.041534,0,0,0,0.099869,0.044622,0.11648,0.15859,0.087481,0,0.074025,0.12837,0.11277,0,0,0.16041,0,0.15053,0,0.082378,0.039253,0.1282,0.049416,0,0.10297,0.11227,0.086757,0.41587,0,0.12471,0.079328,0.24472,0,0.19749,0.18083,0.078958,0.17572,0.042963,0.12049,0.12118,0,0.10434,0.14683,0.13987,0,0.071824,0.12081,0,0,0,0.065795,0,0.049312,0.068191,0.059762,0.27588,0,0.15506,0.10798,0.039021,0.32913,0.070456,0,0,0.10803,0.0874,0,0.075003,0.15117,0,0,0.36682,0.13887,0,0.14659,0.050086,0,0,0,0,0.07991,0,0,0.12106,0,0,0,0,0.057763,0,0.063579,0,0,0,0.053292,0,0,0,0,0.016338,0,0.079912,0,0.32326,0,0,0,0,0
"D132090",0.11895,0.10277,0.33151,0.18279,0.19271,0,0.11767,0.26513,0.023042,0,0,0,0.11523,0,0.10024,0,0.19876,0,0,0,0,0.075608,0,0.15454,0,0,1,0.57788,0,0,0,0,0,0,0.090948,0.074403,0.21903,0.13904,0,0.12982,0,0.02887,0.09392,0.1329,0,0.17512,0.065605,0,0,0.17497,0.052333,0.12513,0.089852,0.26732,0.13199,0.11377,0,0,0.12301,0.14382,0,0,0.11841,0.056576,0.14152,0.27518,0.029259,0.12351,0,0.15416,0.20859,0.097471,0,0.10063,0.22296,0,0,0,0.25999,0.31687,0,0.082738,0.029457,0,0,0,0.039407,0,0,0,0,0.081904,0.033667,0,0.069883,0.033063,0.12086,0.18775,0,0.02574,0.60544,0.081,0.069134,0.23288,0.10252,0.16821,0,0,0,0,0,0,0,0,0.14751,0,0,0.13896,0,0,0,0,0,0.06052,0.1844,0.18743,0.28304,0.098081,0,0,0,0,0.36875,0.40673,0,0.65125,0.24787,0,0,0,0.097482,0,0.21261,0.27199,0,0.12641,0.33219,0.31658,0,0.21154,0.33134,0.31099,0.2242,0.63123,0.2924,0.24119,0,0.29473,0.089557,0.059696,0,0,0.24641,0,0.29904
"D132300",0.081556,0.070457,0.23885,0.1139,0.13211,0.082421,0.14185,0.33941,0.063227,0,0,0,0.13816,0,0.068714,0.03126,0.13624,0,0,0.062057,0.078367,0.051844,0.10162,0.10593,0,0,0.57788,1,0,0,0,0,0.10443,0,0.062355,0.051011,0.13652,0.095308,0.11227,0.11773,0,0.039608,0.064383,0.1139,0,0.14245,0.04498,0,0,0.11994,0.16448,0.12876,0.092393,0.18323,0.090491,0.19549,0.10218,0.17928,0.084316,0.09858,0,0,0.081175,0.077668,0.097004,0.18862,0.020071,0.23611,0,0.29416,0.14303,0.11139,0,0.068996,0.19783,0,0.050203,0,0.18871,0.2011,0,0.070941,0.080942,0,0,0,0.054066,0,0.09628,0,0,0.11226,0.023095,0,0.095885,0.045543,0.082863,0.18867,0,0.052998,0.38894,0.055527,0.071089,0.15963,0.070285,0.1153,0,0.11952,0,0,0,0.023581,0,0,0.10111,0,0,0.095259,0,0,0,0,0,0.13431,0.12641,0.21447,0.19403,0.067245,0,0,0,0.062755,0.19438,0.2544,0,0.4143,0.16992,0,0,0,0.06687,0,0.14574,0.18644,0,0.086664,0.21075,0.18317,0,0.145,0.19309,0.18084,0.15369,0.49231,0.20044,0.15104,0.085505,0.18699,0.092136,0.040928,0,0,0.16892,0,0.205
"D133239",0,0.096517,0.08841,0.12642,0,0.12865,0.054531,0.10845,0.095166,0.43334,0.1084,0.18523,0.14885,0.41675,0.22489,0.12267,0,0.14262,0.079849,0.10561,0.11794,0.10636,0.053491,0,0.054942,0.080686,0,0,1,0.031417,0.18901,0.024963,0.036997,0.65892,0.050269,0.12771,0.13187,0.1091,0.029535,0.11621,0,0.27085,0.11269,0.14104,0.098902,0.083771,0.10047,0.24677,0.065002,0.016087,0.078239,0.11882,0.11868,0.0246,0,0.020958,0.1282,0,0.035936,0.028441,0.12526,0.53289,0.17363,0.15096,0.066971,0,0.10235,0.07001,0.27589,0.057764,0.076919,0.31424,0,0.042333,0.06364,0,0.085678,0.03827,0.11742,0.049514,0.21515,0.225,0.13337,0.086921,0.096936,0.17979,0.072801,0.14113,0.017215,0.036636,0.09433,0.12469,0.11679,0.086468,0.16345,0.098632,0,0.098363,0.088747,0.2553,0,0.14556,0.065366,0,0.018886,0.015454,0.1251,0,0.13506,0.19273,0.139,0.1065,0,0.094834,0.11512,0.067276,0.09782,0.14275,0,0,0.066771,0.09874,0,0.10581,0.04536,0,0,0.11415,0.08903,0,0.07055,0.016592,0.033108,0,0.035304,0,0.16116,0.026731,0.025623,0.14541,0,0.026847,0.022732,0,0.088108,0.17055,0.13267,0,0,0,0.060851,0,0.027519,0,0,0.025789,0.022769,0.12139,0.066042,0.17344,0.034224,0,0,0,0
"D134430",0,0,0,0.061264,0,0.072779,0.16701,0,0.093469,0,0,0.10114,0.066616,0.022973,0.026923,0.146,0,0,0,0.03637,0,0.040551,0,0,0,0.082212,0,0,0.031417,1,0.51849,0.38799,0.38637,0.077777,0.036665,0.029995,0.024447,0.028003,0,0.014435,0,0.069931,0.025226,0.026752,0.059418,0.09793,0.078852,0.070117,0,0,0.084518,0,0,0.05383,0,0,0.034602,0,0,0,0.12532,0.037179,0.031804,0.04581,0.028494,0,0,0.049766,0,0.031045,0,0.026182,0,0.081157,0.022251,0.13782,0.028938,0,0.026522,0,0,0.11732,0,0.089449,0,0.48545,0,0.10368,0.03767,0,0.037149,0.032905,0.081701,0.035763,0.053765,0,0,0.02083,0.14563,0.10131,0,0.021754,0,0,0.041327,0.033817,0,0,0,0.055519,0,0.055246,0,0,0.17556,0,0.081095,0.037317,0,0,0,0,0,0.024365,0,0,0,0.11865,0.026333,0,0,0,0,0,0,0,0,0.058493,0.056069,0,0,0.058746,0.07972,0,0.048031,0,0.034543,0,0,0,0,0,0.060218,0,0,0,0,0.030648,0.036102,0.072265,0.03439,0,0,0,0
"D134500",0,0.13907,0,0.15475,0,0.16305,0.19301,0.12308,0.14002,0,0,0.091952,0.11889,0.075002,0.11204,0.11833,0,0.18453,0.14191,0.12224,0.16136,0.084372,0,0,0,0.13369,0,0,0.18901,0.51849,1,0.31352,0.36814,0.14954,0.029747,0.12259,0.059637,0.11826,0,0.047016,0,0.11373,0.13406,0.1418,0.14499,0.14327,0.16352,0.13305,0,0.02857,0.0685,0.12515,0.18588,0.043675,0,0,0.14448,0,0.022703,0,0.10153,0.030165,0.10348,0.11347,0.11984,0,0.10163,0.14698,0.11222,0.025188,0,0.063864,0,0.065841,0.018053,0.11181,0.023479,0.068041,0.11723,0,0.13536,0.1929,0.08006,0.14435,0,0.77052,0.077718,0.17112,0.030563,0.065135,0.060301,0.10709,0.17951,0.029016,0.079525,0.043503,0,0.10649,0.23658,0.17896,0,0.071033,0.094374,0,0.03353,0.027437,0.13378,0,0.17478,0.045045,0.12174,0.13712,0,0.08229,0.22716,0,0.13179,0.030277,0,0,0.086797,0.17549,0,0.079449,0.080647,0,0,0.16085,0.11013,0,0.12699,0,0.060778,0,0,0,0.29368,0.047458,0.045491,0,0,0.047663,0.04188,0,0.15655,0.05483,0.11463,0,0,0,0.10815,0,0.048858,0,0,0,0,0.10886,0.029291,0.11911,0.027902,0,0,0,0
"D134510",0,0,0,0.11388,0.16556,0.057898,0.13314,0,0.089123,0,0,0.028063,0.036886,0.036511,0.08636,0.11612,0,0,0,0.028899,0,0.048338,0,0.099373,0,0.065331,0,0,0.024963,0.38799,0.31352,1,0.34014,0.061804,0.029133,0.047682,0.11775,0.044507,0,0.10019,0.038702,0.09263,0.060168,0.042531,0.047217,0.17187,0.021015,0.074289,0,0.027963,0.067217,0,0,0.042772,0,0.072931,0.027494,0,0.019687,0.071263,0.099693,0.029541,0.025271,0.036403,0.11364,0,0.019165,0.039547,0,0.049341,0,0.020805,0,0.064492,0.10711,0.10952,0.022994,0,0.063346,0,0,0.19463,0.018902,0.071081,0,0.29975,0,0.082483,0.060201,0,0.02952,0.026145,0.064996,0.028416,0.044801,0,0.038757,0.016551,0.15464,0.066042,0,0.051889,0.022148,0,0.06591,0.053871,0,0,0,0.044114,0,0.087828,0,0,0.094656,0,0.064443,0.029651,0,0,0.056267,0,0,0.058261,0.039381,0,0,0.09428,0.020924,0,0.037797,0,0,0.14249,0,0,0,0.046477,0.044551,0,0,0.046678,0.13673,0,0.038164,0,0.055045,0,0,0,0,0,0.047848,0,0,0.084533,0.039655,0.048838,0.05738,0.076554,0.027325,0,0,0,0
"D134520",0.057565,0.024721,0,0.073827,0,0.1169,0.21753,0.051355,0.12146,0,0,0.069221,0.14608,0.027091,0.031759,0.085964,0,0,0,0.092627,0.17005,0.059886,0.27617,0,0,0.048405,0,0.10443,0.036997,0.38637,0.36814,0.34014,1,0.07654,0.064818,0.053027,0.043224,0.032977,0.25857,0.086682,0.028937,0.068706,0.061659,0.047585,0.069233,0.15377,0.10365,0.098353,0.034202,0,0.16803,0.05959,0.04274,0.031695,0,0.26837,0.24402,0.094162,0.029211,0.01704,0.073785,0.02189,0.037503,0.080971,0.033608,0,0.04562,0.11779,0.027097,0.12891,0,0.097098,0,0.047784,0.10989,0.081147,0.12879,0.024682,0.095905,0,0,0.12238,0.11794,0.052666,0,0.32541,0.056303,0.081412,0.11204,0,0.021873,0.097237,0.11424,0.021057,0.12301,0.047843,0,0.11309,0.085747,0.15605,0,0.052952,0.049334,0,0.048771,0.039863,0.032097,0.14109,0,0.032689,0.062525,0.083568,0,0,0.14859,0,0.047748,0.068795,0,0,0.044422,0,0,0.13728,0.029281,0.059651,0,0.093348,0.062781,0,0,0.17488,0,0,0,0,0,0.03444,0.033012,0,0,0.034589,0.033388,0.065687,0.02828,0,0.040731,0,0,0,0,0.053175,0.035456,0,0,0.031396,0.20021,0.036139,0.08576,0.085146,0.020248,0,0,0,0
"D137215",0,0.1277,0.11065,0.1487,0,0.13014,0.117,0.087397,0.20921,0.31927,0.080718,0.13035,0.19759,0.41102,0.27729,0.13928,0,0.1155,0.087684,0.11515,0.17659,0.15702,0.058743,0,0.10109,0.09486,0,0,0.65892,0.077777,0.14954,0.061804,0.07654,1,0.069127,0.11467,0.19112,0.163,0.02437,0.1277,0,0.22975,0.15736,0.14229,0.27512,0.14974,0.11208,0.27793,0.071357,0.013277,0.11977,0.13585,0.097634,0.020298,0,0.017292,0.14689,0.039728,0.067992,0.023306,0.34112,0.47055,0.2089,0.20139,0.12191,0,0.11784,0.19942,0.18762,0.058764,0.063462,0.31118,0,0.27947,0.097834,0.078459,0.10887,0.096608,0.14834,0.055897,0.19578,0.26861,0.16366,0.13557,0.12009,0.1413,0.10945,0.13444,0.042622,0.091576,0.088797,0.11319,0.25105,0.068969,0.15863,0.11109,0,0.14277,0.13123,0.30269,0,0.13166,0.08612,0,0.047076,0.025502,0.20617,0.02607,0.093492,0.17621,0.15132,0.13829,0.029672,0.096387,0.16135,0.051146,0.12423,0.18536,0.029755,0.03169,0.12211,0.10766,0.029532,0.13346,0.037457,0,0,0.1214,0.12314,0.029532,0.09668,0.082635,0.055566,0,0.1109,0.02533,0.075601,0.066169,0.063459,0.091966,0,0.066455,0.034696,0,0.10895,0.21893,0.12066,0,0,0,0.050235,0.015544,0.022706,0,0,0.051539,0.018787,0.12196,0.040842,0.20579,0.067389,0.081788,0,0.039097,0
"D137750",0.10233,0.08842,0.13579,0.098242,0.055232,0.077981,0.12672,0.15438,0.079446,0,0,0.018837,0.086838,0.012252,0.071802,0.20089,0.064006,0.046583,0,0.058372,0.048974,0.20646,0.043114,0.083038,0,0,0.090948,0.062355,0.050269,0.036665,0.029747,0.029133,0.064818,0.069127,1,0.62654,0.10432,0.10457,0.068939,0.12372,0.026063,0.024855,0.026907,0.18075,0.046487,0.083386,0.29024,0.12522,0,0.11285,0.1133,0.13453,0.2391,0.11488,0.28891,0.097879,0.055364,0.11256,0.13234,0.11008,0,0.039669,0.067849,0.23187,0.12296,0.27201,0.050381,0.18737,0,0.11625,0.059789,0.12596,0,0.10819,0.15594,0,0.061793,0.11147,0.13254,0.052946,0,0.071126,0.11435,0,0,0.02827,0.10193,0,0.060284,0.064897,0.039957,0.14067,0.11732,0.019073,0.14049,0.14458,0.13139,0.088907,0.025803,0.12208,0.3356,0.069799,0.17893,0.15049,0.24586,0.21398,0.029072,0,0.044151,0.02961,0,0.029466,0,0,0.063382,0,0,0.079621,0,0.47652,0.037747,0,0,0.19793,0.052854,0.053734,0.040572,0.084396,0.14222,0,0.050765,0.077561,0.050095,0.071486,0.057611,0.10743,0.035506,0.09359,0.089756,0,0.041963,0.093995,0.068494,0.05843,0.07685,0.10805,0.15679,0.13189,0.034824,0.13657,0.1407,0.15356,0.064231,0.10461,0.041885,0.084775,0.053181,0.17223,0.096308,0.089854,0.018341,0.057383,0.035297,0.10627,0.042832
"D137760",0.08372,0.14546,0.12682,0.19874,0.092952,0.18236,0.15571,0.17735,0.11485,0.018546,0.057082,0.049759,0.18516,0.1159,0.13254,0.14723,0.069996,0.13418,0.076806,0.17828,0.094201,0.28,0.035271,0.13737,0.04626,0.10992,0.074403,0.051011,0.12771,0.029995,0.12259,0.047682,0.053027,0.11467,0.62654,1,0.18718,0.22317,0.056399,0.21342,0.042582,0.11758,0.13644,0.18838,0.19025,0.1775,0.30843,0.19618,0.02867,0.13872,0.10191,0.19982,0.22302,0.093979,0.237,0.10009,0.10617,0.092087,0.19735,0.15579,0.018185,0.048675,0.12683,0.27887,0.22904,0.22322,0.11419,0.27549,0.082637,0.12224,0.048912,0.21991,0,0.10621,0.14819,0,0.075988,0.18407,0.16831,0.043315,0.07545,0.16854,0.21018,0.11709,0,0.11466,0.14038,0.12342,0.049318,0.19611,0.068558,0.18765,0.2285,0.031209,0.24961,0.19194,0.24046,0.18462,0.12806,0.21998,0.19517,0.12877,0.30783,0.12314,0.18327,0.13579,0.09619,0,0.12714,0.049577,0.065888,0.15922,0,0.16475,0.10497,0.028559,0.071414,0.08142,0,0.38172,0.20642,0.094996,0,0.17294,0.2438,0.043959,0.033191,0.13975,0.16226,0,0.18925,0.063452,0.040983,0.097624,0.070805,0.11746,0.14627,0.076565,0.073428,0.024315,0.034329,0.076896,0.093589,0.0478,0.1265,0.088394,0.19059,0.10792,0.028491,0.11175,0.17366,0.12565,0.052546,0.085583,0.034265,0.092588,0.11351,0.18647,0.16113,0.21828,0.015004,0.070632,0.028876,0.087646,0.03504
"D137800",0.10406,0.11915,0.21678,0.29655,0.18537,0.10769,0.17774,0.093866,0.16134,0.065661,0.089539,0.14874,0.27064,0.28927,0.20931,0.098306,0.1635,0.030917,0.041501,0.14368,0.098971,0.21302,0.057692,0.17994,0.042818,0.14098,0.21903,0.13652,0.13187,0.024447,0.059637,0.11775,0.043224,0.19112,0.10432,0.18718,1,0.22416,0.070615,0.3369,0.25088,0.28412,0.18573,0.17272,0.16824,0.29772,0.10413,0.28069,0.34624,0.1129,0.13736,0.14456,0.12977,0.19421,0.037846,0.19789,0.098589,0.037466,0.15989,0.16764,0.035494,0.13453,0.24724,0.19138,0.32251,0.078846,0.13915,0.20433,0.15696,0.16626,0.059822,0.19963,0,0.13647,0.19243,0,0.073571,0.18187,0.24211,0.13562,0.18484,0.21065,0.13582,0.11702,0.056522,0.055962,0.17049,0.15331,0.040195,0.24452,0.1416,0.14535,0.1502,0.081523,0.31374,0.12684,0.13343,0.21849,0.086564,0.21829,0.14454,0.29217,0.14931,0.1007,0.044091,0.086961,0.077869,0,0.029299,0.22702,0.053234,0.17201,0,0.13218,0.16476,0.05496,0.107,0.20554,0,0,0.26599,0.051931,0,0.19872,0.30463,0.11139,0.11012,0.16204,0.14715,0,0.11962,0.10551,0.11445,0.29382,0.15425,0.17945,0.1422,0.083233,0.07981,0.10917,0.027981,0.083586,0.1833,0.13685,0.10266,0.072048,0.23735,0.10489,0.072656,0.091642,0.14209,0.10346,0.085659,0.19732,0.11183,0.22075,0.071116,0.34063,0.10278,0.20846,0.024523,0.15363,0.07061,0,0.11455
"D140300",0.039076,0.17287,0.15225,0.21249,0.10543,0.23207,0.16835,0.14242,0.24746,0.053992,0.054312,0.10561,0.30745,0.2188,0.22723,0.10095,0.081572,0.17881,0.1423,0.27747,0.22056,0.32479,0.063295,0.10306,0.082405,0.13893,0.13904,0.095308,0.1091,0.028003,0.11826,0.044507,0.032977,0.163,0.10457,0.22317,0.22416,1,0.026326,0.23899,0.073342,0.1668,0.24194,0.24504,0.1944,0.32798,0.22067,0.22316,0.098774,0.14463,0.078267,0.22978,0.1667,0.15356,0.087051,0.074731,0.15147,0.042918,0.15584,0.1343,0.068364,0.030579,0.17031,0.1996,0.26376,0.13756,0.16827,0.22854,0.2479,0.12649,0.06853,0.24148,0,0.31687,0.12374,0.06591,0.16057,0.13739,0.24282,0.070375,0.14124,0.24094,0.33809,0.12724,0,0.11235,0.20072,0.15874,0.10769,0.23267,0.07925,0.30267,0.24032,0.10586,0.26888,0.16035,0.08045,0.30241,0.15907,0.26146,0.12175,0.1657,0.56311,0.095543,0.084255,0.15481,0.16331,0.15065,0.20866,0.069418,0.083163,0.18496,0.17158,0.30321,0.18579,0.052942,0.083399,0.13773,0.17192,0.064175,0.27187,0.23972,0.171,0.12337,0.24558,0.061577,0.12613,0.13075,0.19085,0.171,0.54859,0.16933,0.11838,0.10997,0.12705,0.20103,0.19066,0.095383,0.091464,0.098647,0.03205,0.095952,0.12488,0.11168,0.16021,0.22639,0.20536,0.083571,0,0.086655,0.14397,0.1012,0.098116,0.10644,0.1281,0.15393,0.040623,0.19833,0.13743,0.19836,0.1056,0.095449,0.080877,0.041897,0.13121
"D140600",0.048745,0,0,0.039803,0,0.046521,0.1449,0.055224,0.11082,0,0,0.068863,0.067828,0.044755,0.079463,0,0,0,0,0.11688,0.14908,0.058077,0.30009,0,0,0,0,0.11227,0.029535,0,0,0,0.25857,0.02437,0.068939,0.056399,0.070615,0.026326,1,0.083905,0.096552,0.067409,0.10159,0.02535,0.11058,0.21842,0.1003,0.068903,0.11288,0,0.12454,0.095183,0.068269,0,0,0.64093,0.16726,0.10123,0.096204,0.027206,0,0,0.093419,0.08669,0.085799,0,0.023649,0.21577,0.089507,0.1804,0,0.18255,0,0,0.093005,0,0.15264,0.081518,0.050096,0,0,0.049124,0.23551,0,0,0,0.15054,0.10152,0.072477,0,0,0.1262,0.10294,0,0.091333,0.10123,0,0.080645,0,0.20571,0,0.042403,0.13194,0,0,0,0.051245,0.2318,0,0,0,0.053789,0,0,0.08755,0,0,0,0,0,0,0,0,0.21683,0.14781,0.1468,0,0.12459,0.026391,0,0,0.35478,0,0,0,0,0,0,0,0,0,0,0,0.16676,0,0,0,0,0,0,0,0,0,0,0,0.024879,0.77658,0,0.070374,0.13816,0,0,0,0,0
"D143100",0.12548,0.15088,0.17525,0.45976,0.22385,0.23827,0.15279,0.19315,0.14358,0.088546,0.064227,0.10827,0.28611,0.1865,0.17284,0.1186,0.24925,0.13831,0.073206,0.18158,0.20425,0.28681,0.12396,0.32452,0.084728,0.11457,0.12982,0.11773,0.11621,0.014435,0.047016,0.10019,0.086682,0.1277,0.12372,0.21342,0.3369,0.23899,0.083905,1,0.1324,0.23536,0.21224,0.31328,0.1212,0.26437,0.25615,0.27213,0.13563,0.14124,0.17211,0.15428,0.21242,0.18996,0.14235,0.16704,0.14279,0.09978,0.39371,0.32663,0.043797,0.078188,0.21615,0.23235,0.35668,0.15491,0.17733,0.15843,0.1312,0.27669,0.10575,0.18805,0.041574,0.094225,0.30974,0,0.15466,0.13222,0.27548,0.16019,0.14804,0.26797,0.22101,0.1002,0.022239,0.04402,0.11422,0.11702,0.11776,0.15253,0.12913,0.18042,0.16739,0.08321,0.38925,0.12922,0.20336,0.28144,0.073293,0.21055,0.1926,0.31106,0.23681,0.089344,0.11392,0.18958,0.080458,0.058582,0.13128,0.11739,0.11974,0.2042,0.033051,0.13135,0.1932,0.094234,0.089643,0.19227,0.033143,0.096517,0.16621,0.074539,0.032896,0.29153,0.26341,0.1334,0.15155,0.13988,0.14026,0.032896,0.080736,0.10942,0.06792,0.25375,0.042543,0.10625,0.1573,0.049133,0.047114,0.078704,0.016525,0.049344,0.20211,0.20119,0.080862,0.095514,0.28057,0.088118,0.10265,0.091176,0.12119,0.13221,0.063469,0.11695,0.15116,0.29637,0.086803,0.28579,0.22563,0.19702,0.068658,0.022592,0.055866,0.041684,0.14356
"D143465",0.17071,0.11667,0.055308,0.24191,0.073492,0,0.035388,0,0.16353,0,0,0.12584,0.076387,0.14153,0.09601,0,0.21099,0,0,0.10292,0.13026,0.07328,0.061134,0.18097,0,0,0,0,0,0,0,0.038702,0.028937,0,0.026063,0.042582,0.25088,0.073342,0.096552,0.1324,1,0.1012,0.10166,0.094104,0.027188,0.070957,0.018801,0.099248,0.20571,0.14326,0.064214,0,0.12771,0.15621,0,0.098864,0.050029,0,0.20579,0.16688,0,0,0.045905,0.033441,0.38404,0,0.11666,0.035948,0.13128,0.13215,0,0,0,0,0.13564,0,0.04272,0.11928,0.19346,0.14025,0,0.079358,0.051167,0,0,0,0,0.049803,0,0.028438,0,0.023659,0.039274,0,0.13092,0,0.20129,0.1204,0.034687,0.11398,0,0.1541,0.072289,0.069564,0,0,0,0,0,0,0,0.097552,0,0,0.12873,0,0.029816,0.13142,0,0,0.025059,0,0,0.10421,0.24929,0.15304,0,0.057996,0.018804,0,0.12725,0.052786,0.075136,0.26222,0,0,0,0,0,0,0,0,0.060755,0.079807,0,0,0.057528,0.062109,0.18854,0.06356,0.064942,0.060958,0,0.0978,0,0.17485,0.10764,0.1448,0.077045,0.10706,0,0,0,0,0
"D144700",0.032765,0.084636,0.06654,0.25409,0.070165,0.24453,0.12121,0.12934,0.11718,0.15535,0.087075,0.4327,0.30627,0.46625,0.33646,0.14171,0.02715,0.11898,0.078858,0.14832,0.12553,0.16268,0.081468,0.042208,0.14595,0.13312,0.02887,0.039608,0.27085,0.069931,0.11373,0.09263,0.068706,0.22975,0.024855,0.11758,0.28412,0.1668,0.067409,0.23536,0.1012,1,0.25584,0.17428,0.25116,0.23118,0.10921,0.28574,0.21111,0.083991,0.10978,0.12422,0.073897,0.073018,0.018037,0.15582,0.082343,0.017856,0.050979,0.099894,0.21894,0.21865,0.26772,0.15871,0.15672,0.01876,0.14017,0.12707,0.24112,0.14867,0.018997,0.22035,0.033484,0.088513,0.10658,0.094298,0.10167,0.15883,0.15049,0.081196,0.36645,0.2606,0.19443,0.20309,0,0.10637,0.086445,0.35133,0.089556,0.082108,0.21663,0.18434,0.20853,0.26659,0.432,0.084141,0.033046,0.13817,0.16504,0.25081,0.020225,0.30238,0.11384,0.047694,0.028015,0.04845,0.055896,0.046965,0.12663,0.22221,0.085906,0.26842,0.026681,0.12127,0.16668,0.13913,0.23225,0.11963,0.02675,0,0.22639,0.096827,0.026565,0.15461,0.1689,0.10752,0.053434,0.20925,0.13811,0.026565,0.11543,0.075404,0.015787,0.060504,0.044011,0.045417,0.11315,0.079316,0.076027,0.33542,0.026669,0.079785,0.10363,0.074722,0.11435,0.08619,0.14814,0.041689,0,0.042998,0.089786,0.041577,0.081642,0.022123,0.053352,0.055003,0.067819,0.21891,0.11021,0.33511,0.060305,0.018226,0.067299,0,0.054727
"D145500",0.035471,0.17237,0.066327,0.35069,0.09495,0.19249,0.21276,0.18492,0.19154,0.046644,0.048547,0.16038,0.26976,0.21751,0.24476,0.067057,0.044083,0.28079,0.26571,0.29761,0.34796,0.22014,0.13253,0.057105,0.074003,0.096133,0.09392,0.064383,0.11269,0.025226,0.13406,0.060168,0.061659,0.15736,0.026907,0.13644,0.18573,0.24194,0.10159,0.21224,0.10166,0.25584,1,0.23793,0.14563,0.29959,0.29464,0.15789,0.066956,0.18171,0.13288,0.10012,0.097954,0.079025,0.019526,0.17105,0.11809,0,0.11936,0.14236,0.10749,0.041156,0.19133,0.17987,0.25933,0.061035,0.32539,0.26139,0.1428,0.13701,0.041154,0.11835,0.036241,0.089716,0.1433,0,0.13967,0.12775,0.1742,0.12711,0.1274,0.33013,0.30268,0.10243,0.038853,0.12636,0.12081,0.14358,0.055433,0.13679,0.043933,0.11226,0.24629,0.16222,0.3011,0.073876,0.035777,0.25202,0.23369,0.28728,0.06569,0.22522,0.22887,0.10332,0.076648,0.11181,0.14625,0.12753,0.29749,0.062312,0.13982,0.2696,0.1458,0.21583,0.38477,0.070718,0.078832,0.20966,0.14542,0.031086,0.29503,0.21477,0.14643,0.17666,0.22465,0.074401,0.083687,0.13911,0.10956,0.14643,0.16535,0.16561,0.051439,0.082651,0.08718,0.073716,0.20927,0.042934,0.041154,0.069961,0.028871,0.043118,0.1436,0.12305,0.11079,0.07395,0.14433,0.090395,0.032179,0.093165,0.1499,0.12143,0.22646,0.071905,0.086452,0.098918,0.097454,0.13198,0.066276,0.17742,0.36523,0.059147,0.22508,0,0.088416
"D146500",0.13194,0.24306,0.2306,0.34222,0.21216,0.20511,0.13905,0.24399,0.13185,0.03257,0,0.081897,0.21027,0.14865,0.13648,0.17715,0.23633,0.26469,0.18582,0.22972,0.2617,0.22993,0.061984,0.29488,0.03933,0.067584,0.1329,0.1139,0.14104,0.026752,0.1418,0.042531,0.047585,0.14229,0.18075,0.18838,0.17272,0.24504,0.02535,0.31328,0.094104,0.17428,0.23793,1,0.06886,0.16118,0.26272,0.13956,0.046477,0.13732,0.15851,0.18235,0.30975,0.27598,0.12759,0.071505,0.10808,0.10278,0.25197,0.36234,0.081189,0.10468,0.13647,0.20683,0.2857,0.17647,0.22749,0.1982,0.071789,0.37239,0.16151,0.23023,0.0387,0.12812,0.26978,0,0.14886,0.13045,0.2986,0.14777,0.065919,0.22513,0.2257,0.034485,0,0.13386,0.13858,0.053888,0.088303,0.079118,0.014473,0.14409,0.17817,0.042617,0.25712,0.14927,0.20264,0.23495,0.094766,0.26432,0.19786,0.14936,0.24465,0.14679,0.13099,0.24595,0.10684,0.16606,0.24984,0.043278,0.11674,0.11887,0.15893,0.16696,0.25947,0.024798,0.031708,0.23442,0.15844,0.11794,0.096778,0.22386,0.15972,0.16989,0.26118,0.19756,0.22566,0.092639,0.12735,0.15972,0.092906,0.16606,0.094682,0.17603,0.042043,0.13057,0.24768,0.068296,0.065498,0.03795,0.03066,0.068591,0.23829,0.25254,0.11254,0.17786,0.26836,0.12904,0.078532,0.13327,0.18917,0.16046,0.14072,0.15399,0.22195,0.22107,0.038926,0.26266,0.18974,0.10716,0.1233,0.041877,0.1289,0.078808,0.12554
"D151400",0,0.089235,0.062043,0.18949,0,0.27844,0.20241,0.074043,0.29869,0.054526,0.39679,0.083547,0.16632,0.1899,0.13161,0.078737,0,0.074759,0.099969,0.18357,0.093425,0.2368,0.016346,0,0.065056,0.22119,0,0,0.098902,0.059418,0.14499,0.047217,0.069233,0.27512,0.046487,0.19025,0.16824,0.1944,0.11058,0.1212,0.027188,0.25116,0.14563,0.06886,1,0.28268,0.13716,0.17875,0.085422,0.031189,0.071926,0.13069,0.062379,0,0,0.079377,0.088957,0.022272,0.043023,0.024459,0.37617,0.064051,0.11186,0.24422,0.18385,0,0.10157,0.36991,0.12122,0.026251,0,0.31083,0,0.32574,0.078414,0.18459,0.049048,0.18073,0.10009,0.027989,0.22062,0.18447,0.22362,0.3552,0.022676,0.11267,0.21355,0.34244,0.015929,0.18429,0.21533,0.19905,0.50371,0.046428,0.12687,0.19058,0,0.16658,0.15248,0.28619,0,0.092683,0.28428,0,0.035287,0.014288,0.20964,0.091267,0.10769,0.073206,0.08591,0.21732,0.10396,0.23407,0.1037,0.056159,0.36656,0.064132,0.10415,0,0.30865,0.18506,0.10365,0.14012,0.15947,0,0,0.25806,0.13782,0.10365,0.22287,0.12444,0,0,0.18063,0.18417,0.086673,0.099177,0.095075,0.062978,0,0.099765,0.018142,0,0.14417,0.090191,0.07625,0,0,0,0.057601,0,0,0,0,0.036757,0.084915,0.11478,0.047624,0.4131,0.074975,0.19156,0,0,0
"D152700",0.12546,0.11864,0.16233,0.2523,0.11772,0.27702,0.4024,0.13524,0.312,0.037782,0.037648,0.14514,0.24312,0.14863,0.20478,0.13442,0.068475,0.11515,0.066303,0.20591,0.19627,0.27566,0.18816,0.088727,0.043044,0.14486,0.17512,0.14245,0.083771,0.09793,0.14327,0.17187,0.15377,0.14974,0.083386,0.1775,0.29772,0.32798,0.21842,0.26437,0.070957,0.23118,0.29959,0.16118,0.28268,1,0.17734,0.24576,0.10213,0.16112,0.19517,0.26302,0.11403,0.10762,0.045567,0.25474,0.18414,0.06002,0.13553,0.13407,0.10697,0.021256,0.21022,0.27647,0.21906,0.062953,0.16573,0.37192,0.14045,0.16001,0.047765,0.27125,0.028072,0.20077,0.17214,0.16803,0.16415,0.14385,0.18281,0.13173,0.088941,0.28543,0.31391,0.17842,0.045131,0.12116,0.38524,0.21089,0.1585,0.35585,0.066341,0.18233,0.26186,0.12796,0.26583,0.15008,0.085313,0.27858,0.20026,0.39881,0.11564,0.20565,0.29117,0.10735,0.046974,0.093845,0.101,0.12479,0.13414,0.048252,0.059971,0.341,0.070473,0.17291,0.21428,0.072746,0.11889,0.13909,0.070583,0.024364,0.51267,0.12375,0.070282,0.22919,0.2328,0.11764,0.064756,0.16257,0.21134,0.070282,0.17697,0.24363,0.091732,0.15481,0.34806,0.25187,0.11392,0.083299,0.07987,0.094384,0.02234,0.085308,0.14798,0.12753,0.14461,0.090065,0.17248,0.10732,0.037747,0.097464,0.15138,0.1061,0.15647,0.15817,0.066896,0.13795,0.19851,0.15618,0.12544,0.266,0.10419,0.33698,0.15345,0.029183,0.068416
"D153800",0.073826,0.20998,0.084152,0.261,0.062016,0.28344,0.19556,0.18245,0.16282,0.054618,0,0.070312,0.20936,0.16182,0.10578,0.17658,0.061692,0.24381,0.11177,0.21282,0.23394,0.22931,0.062498,0.05993,0.1804,0.081452,0.065605,0.04498,0.10047,0.078852,0.16352,0.021015,0.10365,0.11208,0.29024,0.30843,0.10413,0.22067,0.1003,0.25615,0.018801,0.10921,0.29464,0.26272,0.13716,0.17734,1,0.21182,0.022489,0.20525,0.13148,0.11758,0.2441,0.082865,0.17026,0.10729,0.094737,0.040715,0.19092,0.11333,0.065296,0.028713,0.11034,0.2776,0.19264,0.15635,0.22309,0.28563,0.088669,0.14802,0.043128,0.19816,0.11556,0.06245,0.18069,0,0.11549,0.14665,0.2118,0.087636,0.095153,0.22623,0.27129,0.086593,0,0.15232,0.13486,0.093982,0.089216,0.17474,0.057308,0.13957,0.27659,0.12927,0.24281,0.17146,0.094267,0.27165,0.093848,0.2981,0.25116,0.17953,0.3167,0.14477,0.21251,0.19712,0.1265,0.053256,0.231,0.021359,0.14209,0.16423,0.060614,0.20438,0.23715,0.048738,0.06298,0.11851,0.060783,0.18482,0.12821,0.13664,0.06033,0.20011,0.15416,0.038761,0.029266,0.092579,0.14791,0.06033,0.1123,0.10201,0.036136,0.06888,0,0.051652,0.16276,0.022503,0.02157,0,0.030269,0.0226,0.15686,0.042148,0.096004,0.077987,0.19739,0.1268,0.025121,0.13116,0.18665,0.17662,0.11597,0.075461,0.030213,0.12879,0.077025,0.2023,0.083389,0.153,0.19129,0,0.10201,0.21446,0.030896
"D155600",0.05159,0.098979,0.20441,0.1887,0.01758,0.27648,0.13859,0.098893,0.1156,0.16093,0.069891,0.17684,0.3429,0.31336,0.22862,0.23893,0,0.1199,0.079232,0.12417,0.21173,0.18734,0.10417,0.021159,0.053907,0.17305,0,0,0.24677,0.070117,0.13305,0.074289,0.098353,0.27793,0.12522,0.19618,0.28069,0.22316,0.068903,0.27213,0.099248,0.28574,0.15789,0.13956,0.17875,0.24576,0.21182,1,0.40191,0.10877,0.16916,0.086709,0.086499,0.059471,0.092657,0.080506,0.15998,0.071777,0.07631,0.020397,0.071494,0.19204,0.1968,0.26712,0.19947,0.096832,0.13326,0.19573,0.2305,0.12895,0.057202,0.28702,0,0.17131,0.10753,0.046843,0.066233,0.21498,0.13498,0.037007,0.32954,0.25834,0.20315,0.13703,0.11692,0.10663,0.10915,0.22524,0.038424,0.15064,0.16795,0.13604,0.17734,0.073616,0.40629,0.14104,0.016578,0.18209,0.13247,0.28424,0.1322,0.21643,0.24824,0.066058,0.13286,0.070983,0.079268,0,0.1274,0.19112,0.11917,0.23738,0,0.12624,0.15331,0.044663,0.13906,0.12904,0,0.12701,0.17029,0.073485,0,0.2056,0.18899,0.074887,0,0.15292,0.27784,0,0.13057,0.089091,0,0.015163,0.036721,0.022835,0.068154,0.079566,0.076293,0.14403,0,0.079903,0.01455,0.099225,0.1325,0.085565,0.15271,0.063464,0.15851,0.061,0.10687,0.10113,0.041039,0,0,0.06334,0.07226,0.24077,0.087014,0.24762,0.047293,0.036576,0.022619,0.10241,0
"D155601",0.04105,0,0.16267,0.14064,0,0.085285,0,0,0,0.11554,0.18348,0.22396,0.24059,0.22704,0.12476,0.13248,0,0,0,0,0.051675,0.054232,0.071476,0,0.048071,0.14856,0,0,0.065002,0,0,0,0.034202,0.071357,0,0.02867,0.34624,0.098774,0.11288,0.13563,0.20571,0.21111,0.066956,0.046477,0.085422,0.10213,0.022489,0.40191,1,0,0.094227,0,0,0,0,0.077586,0.058473,0,0.041794,0,0.074962,0.066866,0.11374,0.0607,0.099676,0,0.083542,0.042014,0.20591,0.0802,0,0.091433,0,0.17753,0,0,0.051512,0.10843,0.054449,0,0.32351,0.11533,0.040109,0.080298,0,0,0.054084,0.12084,0,0.1016,0.16821,0.087142,0.096814,0.094701,0.1956,0.047029,0,0.09101,0,0.10772,0,0.19888,0.047145,0,0,0,0,0,0,0.29,0,0.097569,0,0,0.10359,0.062566,0.10713,0.098997,0,0,0,0,0,0.067761,0.083847,0.13702,0,0.1396,0.14256,0,0,0.12737,0,0,0,0,0,0,0,0.17074,0,0,0,0.093274,0,0,0.033068,0,0,0,0,0,0,0,0,0.044779,0.084491,0.20401,0.030498,0.13604,0,0,0,0.086584,0
"D157300",0.12337,0.12774,0.11303,0.21045,0.13253,0.20682,0.19601,0.13352,0.14826,0,0,0,0.16723,0.083357,0.083251,0.055987,0.12333,0.022203,0.029628,0.11198,0.094309,0.18917,0,0.12799,0,0.063554,0.17497,0.11994,0.016087,0,0.02857,0.027963,0,0.013277,0.11285,0.13872,0.1129,0.14463,0,0.14124,0.14326,0.083991,0.18171,0.13732,0.031189,0.16112,0.20525,0.10877,0,1,0.10875,0.077779,0.093259,0.19409,0.1924,0.095923,0.017721,0.054171,0.15327,0.1338,0.042663,0,0.19695,0.17716,0.17914,0.14199,0.097187,0.22435,0.023494,0.23434,0.086269,0.06701,0,0.12485,0.18688,0,0.030193,0.10765,0.14427,0.15284,0.041535,0.13803,0.15915,0.092002,0.06336,0.026576,0.081476,0.070838,0,0.14385,0.084523,0.085382,0.11132,0,0.17448,0.054743,0.12739,0.1288,0.049833,0.18238,0.15317,0.13382,0.18651,0.75392,0.1705,0.1563,0.027955,0,0.021044,0,0.05317,0.11342,0,0.051765,0.18368,0,0.065811,0.11513,0,0.037526,0.054391,0.035999,0,0.21674,0.20347,0.077517,0.11675,0.060865,0.053984,0,0.14948,0,0.12479,0.16253,0,0.13749,0.13634,0,0,0,0.040274,0,0.19743,0.11234,0.049198,0.052322,0.14711,0.76944,0.15311,0.77407,0.73308,0.67654,0.21607,0.20305,0.12061,0.15711,0.051795,0.13216,0.092568,0.10155,0.10744,0,0.23751,0,0.12335
"D157700",0.074905,0.10246,0.19027,0.15974,0.015869,0.21134,0.22555,0.22172,0.13834,0.025712,0,0.057369,0.15221,0.058336,0.10204,0.23928,0.03689,0.0267,0,0.078545,0.17505,0.10037,0.16606,0.028707,0.030914,0.05296,0.052333,0.16448,0.078239,0.084518,0.0685,0.067217,0.16803,0.11977,0.1133,0.10191,0.13736,0.078267,0.12454,0.17211,0.064214,0.10978,0.13288,0.15851,0.071926,0.19517,0.13148,0.16916,0.094227,0.10875,1,0.14258,0.089837,0.049562,0.13512,0.19675,0.22862,0.25507,0.10112,0.081218,0.10252,0.057498,0.06938,0.20704,0.10815,0.086409,0.11872,0.22396,0.061705,0.26369,0.034403,0.13782,0,0.1257,0.16061,0.042285,0.084753,0.1848,0.1362,0.083925,0.025176,0.21429,0.1626,0.027444,0.032563,0.066595,0.2248,0.10715,0.085137,0.049893,0.024692,0.1327,0.10017,0.010976,0.20014,0.13434,0.029904,0.16377,0.044686,0.19932,0.094107,0.075351,0.14705,0.086425,0.11724,0.11834,0.03346,0.043226,0.025273,0.017039,0.061296,0.13062,0,0.015557,0.2075,0,0.024881,0.12818,0,0.069239,0.087928,0,0,0.18918,0.063198,0.13083,0.023344,0.13823,0.14158,0,0.029227,0.13854,0.014293,0.02739,0.10626,0.082637,0.020429,0.089806,0.086106,0.029735,0.024144,0.090187,0.094024,0.10495,0.088483,0.093202,0.10063,0.088376,0,0.091489,0.08082,0.11428,0.15105,0.040078,0.0241,0.074344,0.14602,0.079846,0.11185,0.13564,0.18368,0.082743,0.14598,0.030323,0.024644
"D160750",0.070375,0.15396,0.10588,0.092316,0.037944,0.14551,0.17609,0.17835,0.12382,0,0,0.054365,0.13726,0.051711,0.13941,0,0.058702,0.097226,0.1302,0.081372,0.16274,0.13638,0.057108,0.045677,0,0.061828,0.12513,0.12876,0.11882,0,0.12515,0,0.05959,0.13585,0.13453,0.19982,0.14456,0.22978,0.095183,0.15428,0,0.12422,0.10012,0.18235,0.13069,0.26302,0.11758,0.086709,0,0.077779,0.14258,1,0.30578,0.079004,0.11778,0.13473,0.17931,0.11607,0.11158,0.13203,0,0,0.14127,0.13717,0.10654,0.081241,0.1054,0.20237,0.14192,0.16261,0.08226,0.15467,0,0.11909,0.10086,0,0.093117,0.12412,0.18398,0.079494,0.090838,0.11187,0.1407,0.066248,0,0.1166,0.40495,0.051884,0.083022,0.060117,0.027433,0.35267,0.16061,0,0.15348,0.13811,0.10915,0.21957,0.10864,0.13805,0.087908,0.082308,0.2759,0.068834,0.060649,0.049818,0.16274,0.051045,0.092142,0,0.11169,0.062093,0,0.07595,0.13539,0,0.060911,0.027382,0,0,0.18754,0.16108,0,0.12648,0.11077,0.15248,0.055819,0.11764,0.097811,0,0.14138,0.13947,0.034176,0.06549,0.17802,0.19758,0.19816,0.085859,0.082363,0,0.057732,0.08623,0.10075,0.08039,0.17837,0.14867,0.13032,0.060173,0,0.063005,0.1636,0.060042,0.044184,0.095827,0.057625,0.12029,0.073286,0.12229,0.10609,0.14382,0.030879,0.11882,0.048562,0,0.058928
"D161400",0.2564,0.24389,0.11717,0.24192,0.08622,0.1293,0.10067,0.30008,0.099956,0.022271,0,0.018641,0.098646,0.048738,0.10249,0.080282,0.17204,0.16132,0.091958,0.17667,0.19948,0.28435,0.063168,0.16893,0,0.043375,0.089852,0.092393,0.11868,0,0.18588,0,0.04274,0.097634,0.2391,0.22302,0.12977,0.1667,0.068269,0.21242,0.12771,0.073897,0.097954,0.30975,0.062379,0.11403,0.2441,0.086499,0,0.093259,0.089837,0.30578,1,0.17381,0.17135,0.09669,0.13146,0.083426,0.28003,0.2693,0,0,0.067087,0.19477,0.26557,0.20951,0.20234,0.18506,0.072716,0.21415,0.089253,0.13824,0,0.042752,0.21127,0,0.11066,0.11014,0.27413,0.10524,0.10884,0.08844,0.22776,0.046475,0,0.17678,0.13435,0.074383,0.019857,0.10568,0.019572,0.22789,0.16068,0,0.15937,0.20939,0.22218,0.20121,0.076743,0.17756,0.20304,0.080707,0.25273,0.099978,0.13261,0.12823,0.11541,0.036576,0.15283,0,0.07889,0.10309,0,0.053281,0.16083,0,0.042733,0.13937,0,0.20244,0.056245,0.11371,0,0.16875,0.18628,0.16018,0.040078,0.083487,0.12774,0,0.10891,0.059429,0.15525,0.21867,0,0.070743,0.21818,0,0,0,0.44769,0,0.11423,0.087152,0.076191,0.11821,0.21568,0.088326,0.10667,0.091419,0.16349,0.13152,0.031725,0.13987,0.041375,0.18484,0.052564,0.22462,0.095989,0.07723,0,0,0.034868,0.10448,0.04231
"D164230",0.23048,0.16576,0.17283,0.18044,0.28517,0.019183,0.1311,0.11252,0.074115,0,0,0.027656,0.090884,0.017989,0.084341,0.028536,0.31752,0,0,0.11736,0.074426,0.16214,0,0.27262,0,0,0.26732,0.18323,0.0246,0.05383,0.043675,0.042772,0.031695,0.020298,0.11488,0.093979,0.19421,0.15356,0,0.18996,0.15621,0.073018,0.079025,0.27598,0,0.10762,0.082865,0.059471,0,0.19409,0.049562,0.079004,0.17381,1,0.083332,0.071828,0.027094,0,0.21676,0.25285,0,0.029112,0.099635,0.11268,0.30068,0.17364,0.075623,0.077935,0,0.26904,0.22238,0.061515,0,0.063538,0.18007,0,0.068894,0.03296,0.21981,0.1837,0,0.10452,0.018617,0,0.04214,0.041505,0.024906,0,0.029496,0.031363,0,0.077477,0.042588,0.028003,0.14764,0.020896,0.25494,0.13274,0.037883,0.065381,0.18731,0.12078,0.043649,0.25945,0.097085,0.21873,0,0,0,0.043473,0,0,0,0,0.19003,0,0,0.2077,0,0,0,0,0,0.13646,0.27782,0.19887,0.36341,0.092884,0.02062,0,0,0,0.19101,0.28615,0,0.21005,0.20861,0.045801,0.043903,0,0.06161,0.046,0.23525,0.34614,0.037609,0.079808,0.25195,0.22857,0.339,0.23599,0.24252,0.22667,0.18865,0.31046,0.37076,0.19114,0,0.26859,0.16975,0.056535,0.026928,0,0.15551,0,0.25227
"D165199",0.11154,0.096463,0.11343,0.096634,0.040028,0.096195,0.055053,0.22657,0.043426,0,0,0,0.053891,0,0.020839,0.18904,0.061919,0.070381,0,0.028613,0,0.20688,0.03285,0.096365,0,0,0.13199,0.090491,0,0,0,0,0,0,0.28891,0.237,0.037846,0.087051,0,0.14235,0,0.018037,0.019526,0.12759,0,0.045567,0.17026,0.092657,0,0.1924,0.13512,0.11778,0.17135,0.083332,1,0.070993,0,0.21259,0.13617,0.044849,0,0,0.024618,0.17991,0.13642,0.54498,0.01828,0.15669,0,0.096878,0.086767,0.10365,0,0.23504,0.14051,0,0,0.13028,0.1329,0.051242,0,0.051762,0.11245,0,0,0,0.074249,0,0,0,0.028751,0.12795,0.097095,0,0.15596,0.12923,0.21529,0.048671,0,0.08219,0.35066,0.084221,0.17541,0.2567,0.44584,0.36988,0,0,0.066707,0,0,0.04299,0,0,0.045988,0,0,0.028885,0,0.29479,0,0,0,0.24095,0.038336,0.077979,0.058884,0.061205,0.12519,0,0.036808,0,0.036053,0.069078,0,0.10391,0.051532,0,0,0,0.060902,0,0.066265,0.084794,0.037183,0.07888,0.20358,0.22512,0,0.23287,0.23999,0.25652,0.046611,0.10108,0.06079,0.082001,0,0.18055,0.15702,0.037252,0,0,0.051229,0.16057,0.062164
"D165720",0.12908,0.055275,0.048152,0.13653,0.10351,0.065693,0.18162,0.096104,0.1423,0,0,0.047331,0.16084,0.046083,0.11073,0,0.053371,0,0,0.076204,0.19566,0.082627,0.23066,0.083046,0,0,0.11377,0.19549,0.020958,0,0,0.072931,0.26837,0.017292,0.097879,0.10009,0.19789,0.074731,0.64093,0.16704,0.098864,0.15582,0.17105,0.071505,0.079377,0.25474,0.10729,0.080506,0.077586,0.095923,0.19675,0.13473,0.09669,0.071828,0.070993,1,0.23513,0.10594,0.11816,0.097011,0,0,0.087893,0.092816,0.1374,0.073862,0.085622,0.22103,0.061521,0.23155,0.074789,0.14306,0,0.054129,0.13611,0,0.10243,0.085389,0.088613,0.044168,0,0.091336,0.19557,0,0,0,0.12896,0.072471,0.075937,0,0,0.1322,0.092027,0,0.20494,0.090469,0.097536,0.11207,0.032658,0.17084,0.079923,0.13118,0.15021,0.062582,0.055141,0.045293,0.036363,0.15066,0,0,0,0.14777,0,0,0.10214,0,0,0.02489,0,0,0.14253,0,0,0.36263,0.17169,0.16907,0.050739,0.14205,0.035479,0,0.031723,0.3036,0.031066,0.11905,0,0.089569,0.044404,0,0,0,0.052478,0,0.11422,0.22976,0,0.067991,0.046219,0.083898,0,0.087296,0.058524,0.054589,0.040163,0.087124,0.052381,0.10702,0.56953,0.041008,0.14518,0.14591,0.024404,0,0.044142,0,0.053565
"D166710",0.048949,0.13013,0.040977,0.11509,0,0.14581,0.16513,0.11448,0.14962,0,0,0.071261,0.19566,0.081266,0.15932,0.041577,0,0.11812,0.11712,0.15193,0.3685,0.095958,0.36549,0,0,0.041534,0,0.10218,0.1282,0.034602,0.14448,0.027494,0.24402,0.14689,0.055364,0.10617,0.098589,0.15147,0.16726,0.14279,0.050029,0.082343,0.11809,0.10808,0.088957,0.18414,0.094737,0.15998,0.058473,0.017721,0.22862,0.17931,0.13146,0.027094,0,0.23513,1,0.11865,0.065337,0.014567,0,0.018713,0.12828,0.13526,0.12359,0,0.11687,0.15665,0.17546,0.13259,0,0.10584,0,0.040857,0.085801,0,0.059194,0.10544,0.20448,0,0.13422,0.11265,0.19881,0.044503,0,0.13722,0.1524,0.10778,0.12301,0.040385,0.018709,0.18988,0.14017,0.018,0.14784,0.080726,0,0.27162,0.097786,0.18108,0,0.114,0.17913,0,0.020801,0.034103,0.2123,0.1064,0.11188,0.055912,0.16033,0.14831,0.039674,0.076638,0.16893,0,0.04092,0.094033,0.039761,0,0.15115,0.14376,0.039525,0.29445,0.10014,0.076819,0,0.10048,0.15824,0.039525,0.17889,0.14799,0.076499,0,0.054516,0.067929,0.10092,0.058883,0.056456,0,0,0.059138,0,0.083852,0.15705,0.089962,0.1037,0,0,0,0.06706,0.042633,0.030309,0,0,0.026661,0.152,0.096445,0.07309,0.12242,0.034642,0.054444,0,0,0
"D166760",0,0.031869,0.084296,0.031447,0,0.1486,0.0915,0.13231,0.071298,0,0,0,0.088928,0,0.041268,0.094995,0,0.033325,0,0.084152,0.11757,0.031278,0.124,0,0,0,0,0.17928,0,0,0,0,0.094162,0.039728,0.11256,0.092087,0.037466,0.042918,0.10123,0.09978,0,0.017856,0,0.10278,0.022272,0.06002,0.040715,0.071777,0,0.054171,0.25507,0.11607,0.083426,0,0.21259,0.10594,0.11865,1,0.019039,0,0,0,0.048743,0.052649,0.044025,0.08557,0.036195,0.15289,0,0.11948,0,0.12055,0,0.12463,0.085899,0,0.045264,0.16032,0.062214,0,0,0.038362,0.091216,0,0,0,0.073301,0,0.14456,0,0,0.050606,0.020822,0,0.10094,0.08208,0,0.080321,0,0.095634,0.093585,0.033492,0.085549,0.072226,0.16416,0.13689,0,0.10776,0.031587,0,0,0.021212,0,0,0,0,0,0,0,0.113,0.054235,0,0,0.17958,0,0.038599,0,0,0.12284,0,0.036452,0.11226,0,0,0.082776,0.051475,0,0.089649,0.085998,0,0,0.090036,0,0,0.11047,0.077151,0.080284,0.063152,0,0.065112,0.067541,0.095029,0,0,0,0,0.077093,0.047643,0.02771,0.018441,0,0.082448,0,0.075706,0
"D168600",0.15731,0.12247,0.12188,0.32577,0.27782,0.026943,0.12137,0.17108,0.10314,0,0,0.03919,0.09307,0.050073,0.10969,0.053943,0.38537,0.047283,0,0.068893,0.090515,0.22498,0.07828,0.55366,0.018119,0,0.12301,0.084316,0.035936,0,0.022703,0.019687,0.029211,0.067992,0.13234,0.19735,0.15989,0.15584,0.096204,0.39371,0.20579,0.050979,0.11936,0.25197,0.043023,0.13553,0.19092,0.07631,0.041794,0.15327,0.10112,0.11158,0.28003,0.21676,0.13617,0.11816,0.065337,0.019039,1,0.55555,0,0.013477,0.068908,0.12524,0.35621,0.22347,0.094898,0.1439,0.070121,0.43101,0.18193,0.07646,0,0.043875,0.22771,0,0.067562,0.060334,0.24333,0.15116,0.03102,0.1155,0.13009,0,0.019096,0.022644,0.081179,0.063892,0,0.072835,0.013384,0.13116,0.070215,0,0.1642,0.058983,0.26186,0.13698,0.017645,0.14506,0.15974,0.12658,0.16336,0.13588,0.090543,0.16098,0.019641,0,0.04479,0,0.017962,0.060936,0,0.023524,0.17524,0,0,0.13548,0,0.081326,0.052799,0,0,0.16323,0.33447,0.21049,0.31884,0.088797,0.098075,0,0.11169,0.081497,0.14054,0.28689,0.067514,0.096656,0.19407,0,0,0,0.028357,0,0.2733,0.3693,0.019001,0.081516,0.1341,0.11949,0.073293,0.12339,0.12703,0.13353,0.086902,0.14253,0.31892,0.41276,0.09446,0.15002,0.15905,0.078621,0.039971,0.038871,0.095524,0.071303,0.24201
"D168601",0.14798,0.10529,0.092785,0.34262,0.37355,0.063354,0.11257,0.18927,0.09528,0,0,0.072012,0.088698,0.060407,0.069424,0.030709,0.44215,0.037007,0,0.077273,0.064853,0.20289,0.016285,0.55525,0.042443,0,0.14382,0.09858,0.028441,0,0,0.071263,0.01704,0.023306,0.11008,0.15579,0.16764,0.1343,0.027206,0.32663,0.16688,0.099894,0.14236,0.36234,0.024459,0.13407,0.11333,0.020397,0,0.1338,0.081218,0.13203,0.2693,0.25285,0.044849,0.097011,0.014567,0,0.55555,1,0.035121,0,0.053668,0.09628,0.29435,0.1705,0.152,0.08386,0.023392,0.34094,0.17207,0.05598,0.041792,0.034196,0.28226,0,0.079799,0.017588,0.12848,0.23099,0.035256,0.10762,0.050317,0,0,0,0.053596,0.029062,0.016047,0.051856,0,0.14046,0.11733,0.030952,0.23016,0.022479,0.30494,0.16327,0.020669,0.070091,0.10077,0.12253,0.094751,0.15885,0.034835,0.11913,0.022946,0,0.035069,0,0,0.058667,0,0,0.14178,0.02678,0,0.16017,0,0,0.048084,0,0,0.11905,0.34518,0.14394,0.36606,0.033328,0.011089,0,0.020077,0.015283,0.10248,0.38211,0.035356,0.11301,0.2362,0.02463,0.023609,0,0.033155,0.024735,0.36751,0.35779,0.020227,0.042952,0.10612,0.13964,0.085009,0.14422,0.1485,0.15735,0.12686,0.16669,0.3672,0.42491,0.042037,0.11699,0.18591,0.052886,0.047761,0,0.13942,0,0.29447
"D170900",0,0.050241,0.087669,0.14891,0,0.28909,0.086799,0.1058,0.21864,0.15312,0.12137,0.069864,0.11405,0.089508,0.085812,0.22169,0,0.079035,0.034996,0.11032,0.11152,0.099013,0,0,0.03049,0.099869,0,0,0.12526,0.12532,0.10153,0.099693,0.073785,0.34112,0,0.018185,0.035494,0.068364,0,0.043797,0,0.21894,0.10749,0.081189,0.37617,0.10697,0.065296,0.071494,0.074962,0.042663,0.10252,0,0,0,0,0,0,0,0,0.035121,1,0.14993,0.040396,0.12466,0.05313,0,0.086065,0.26521,0.058262,0.075294,0,0.12779,0,0.43118,0.067673,0.25389,0.071033,0.02533,0.032169,0.060921,0.054976,0.14274,0.072222,0.24297,0,0.13104,0.038572,0.29905,0,0.024324,0.14014,0.059853,0.5143,0.04341,0.058552,0.048663,0,0.089428,0.093447,0.15168,0,0.032719,0.050704,0.056873,0.050635,0.020502,0.16555,0.083846,0.099758,0.06891,0.030259,0.11743,0.095438,0.091994,0.16229,0.039684,0.17197,0.13614,0.095694,0,0.021454,0.084088,0.095005,0.031405,0,0,0,0.16941,0.063968,0.095005,0.030578,0.022012,0,0,0.032742,0.040644,0,0.035468,0.033998,0.060922,0,0.035853,0.051901,0,0.029288,0.12249,0.041916,0.049712,0,0.051261,0.053185,0.049578,0.073017,0,0,0,0,0.055777,0.02189,0.13539,0.10522,0.032605,0.080252,0,0
"D175505",0,0.022411,0.098346,0.077426,0,0.066321,0.012816,0.03147,0.04026,0.28699,0.10826,0.11909,0.089347,0.44543,0.1647,0.15848,0,0.023616,0,0.039519,0.016709,0.066168,0,0,0.054546,0.044622,0,0,0.53289,0.037179,0.030165,0.029541,0.02189,0.47055,0.039669,0.048675,0.13453,0.030579,0,0.078188,0,0.21865,0.041156,0.10468,0.064051,0.021256,0.028713,0.19204,0.066866,0,0.057498,0,0,0.029112,0,0,0.018713,0,0.013477,0,0.14993,1,0.10491,0.086795,0.01541,0,0.051282,0,0.13063,0.067683,0.091024,0.31958,0,0.043887,0.048468,0,0.047837,0.066382,0.043187,0.036449,0.092938,0.20695,0.066448,0.048333,0.11471,0.028666,0,0.056305,0.020372,0,0.08457,0.071186,0.029652,0.096893,0.11329,0.058328,0,0.033996,0.026165,0.24099,0,0.088187,0,0,0.02235,0.018288,0,0,0.022323,0.21916,0.081175,0.060168,0,0.027515,0.048202,0.0696,0.065653,0.18473,0,0,0,0,0,0.054469,0,0,0,0.086047,0.042741,0,0,0,0,0,0,0,0,0.031634,0.030323,0.10273,0,0.031771,0.023335,0,0.025976,0.19853,0.074795,0,0,0,0,0,0.032567,0,0,0.01442,0,0.082948,0.058575,0.1339,0.0374,0,0,0,0
"D176807",0.044718,0.076985,0.11836,0.20912,0.071839,0.1703,0.13169,0.079996,0.080348,0.12434,0.098348,0.30511,0.51079,0.29677,0.3455,0.052178,0.05558,0.10051,0.13426,0.13472,0.14224,0.14324,0.094759,0.043199,0.21425,0.11648,0.11841,0.081175,0.17363,0.031804,0.10348,0.025271,0.037503,0.2089,0.067849,0.12683,0.24724,0.17031,0.093419,0.21615,0.045905,0.26772,0.19133,0.13647,0.11186,0.21022,0.11034,0.1968,0.11374,0.19695,0.06938,0.14127,0.067087,0.099635,0.024618,0.087893,0.12828,0.048743,0.068908,0.053668,0.040396,0.10491,1,0.10696,0.16073,0.076954,0.23124,0.15015,0.26509,0.10081,0.051887,0.1712,0.091506,0.1144,0.051503,0,0.026776,0.13547,0.11316,0.045897,0.24155,0.24114,0.20946,0.14682,0,0.096882,0.088503,0.17874,0.24698,0.12992,0.19578,0.18529,0.12727,0.20116,0.25487,0.074203,0.022543,0.22431,0.11221,0.23234,0.082822,0.40265,0.10323,0.065104,0.038238,0.094625,0.076172,0.032002,0.095255,0.26587,0.094237,0.16777,0.03644,0.093762,0.18121,0.50874,0.15522,0.19183,0.036521,0,0.11492,0.13201,0.036304,0.13934,0.20754,0.093784,0.10551,0.17103,0.12322,0.036304,0.11024,0.10115,0.064855,0.062929,0.049974,0.12402,0.18507,0.081184,0.077858,0.23591,0.0364,0.081535,0.059442,0.15498,0.13361,0.06988,0.13077,0.056967,0,0.058699,0.12248,0.056786,0.11144,0.090658,0.109,0.049026,0.074962,0.16267,0.050147,0.20832,0.03183,0.049776,0.091857,0,0.11147
"D181000",0.079838,0.2227,0.18707,0.22565,0.034374,0.26125,0.27999,0.26203,0.2366,0.083557,0.043406,0.026113,0.24241,0.14878,0.14087,0.26375,0.05325,0.14575,0.11564,0.26985,0.19787,0.34486,0.065556,0.062242,0.068534,0.15859,0.056576,0.077668,0.15096,0.04581,0.11347,0.036403,0.080971,0.20139,0.23187,0.27887,0.19138,0.1996,0.08669,0.23235,0.033441,0.15871,0.17987,0.20683,0.24422,0.27647,0.2776,0.26712,0.0607,0.17716,0.20704,0.13717,0.19477,0.11268,0.17991,0.092816,0.13526,0.052649,0.12524,0.09628,0.12466,0.086795,0.10696,1,0.19376,0.16941,0.17607,0.32588,0.080477,0.16611,0.093039,0.30422,0,0.1222,0.22003,0.045902,0.13152,0.18123,0.21536,0.1499,0.17149,0.27552,0.29601,0.16419,0.1843,0.10713,0.21336,0.20975,0.012508,0.24279,0.14272,0.19866,0.23706,0.011866,0.28432,0.22995,0.066269,0.21857,0.13625,0.37923,0.20871,0.11243,0.32869,0.19088,0.16703,0.1143,0.16823,0.068917,0.13761,0.019279,0.13306,0.29869,0.052217,0.19556,0.16999,0.042779,0.10828,0.1761,0.052362,0.17786,0.20455,0.11769,0.051972,0.22368,0.16724,0.10366,0.025239,0.13311,0.20958,0.051972,0.1336,0.15139,0.098711,0.060105,0.10899,0.044543,0.088572,0.038842,0.03723,0.050242,0.026104,0.039007,0.085264,0.036347,0.1154,0.19224,0.20948,0.17322,0.20076,0.17474,0.22239,0.19484,0.059939,0.088081,0.026055,0.088181,0.066706,0.18956,0.14497,0.25949,0.069137,0.10856,0.065878,0.065986,0.026644
"D181500",0.16703,0.23056,0.15667,0.40951,0.4601,0.13397,0.16015,0.22194,0.18922,0.018451,0,0.090282,0.20577,0.1773,0.21868,0.079375,0.3971,0.12995,0.097355,0.21971,0.16017,0.26112,0.071602,0.44216,0,0.087481,0.14152,0.097004,0.066971,0.028494,0.11984,0.11364,0.033608,0.12191,0.12296,0.22904,0.32251,0.26376,0.085799,0.35668,0.38404,0.15672,0.25933,0.2857,0.18385,0.21906,0.19264,0.19947,0.099676,0.17914,0.10815,0.10654,0.26557,0.30068,0.13642,0.1374,0.12359,0.044025,0.35621,0.29435,0.05313,0.01541,0.16073,0.19376,1,0.23874,0.13365,0.25311,0.1201,0.26172,0.11931,0.16625,0,0.085355,0.25546,0,0.075438,0.17521,0.32238,0.1465,0.087511,0.27714,0.2427,0.092996,0.022046,0.1138,0.12435,0.1627,0.015613,0.18793,0.053446,0.1263,0.18607,0.014823,0.23829,0.11644,0.1818,0.23641,0.14529,0.23951,0.21147,0.15804,0.25021,0.11786,0.15754,0.21911,0.16917,0.02873,0.12312,0.023011,0.10844,0.18842,0.032699,0.17853,0.2305,0,0.089226,0.15906,0.03279,0.16332,0.19738,0.11958,0.032545,0.17934,0.49392,0.14901,0.23363,0.18814,0.15883,0.032545,0.18926,0.076531,0.13133,0.44096,0.046189,0.1112,0.31213,0.024244,0.023239,0,0.032612,0.024349,0.37794,0.30115,0.10421,0.090225,0.31346,0.10382,0.090259,0.10727,0.16609,0.12044,0.099857,0.16465,0.23064,0.32026,0.089751,0.34501,0.14992,0.21102,0.043367,0.045974,0.082318,0.084587,0.28429
"D182830",0.077231,0.10017,0.17608,0.17225,0.22139,0.081036,0.13374,0.30604,0.029955,0,0,0,0.093541,0,0.065141,0.15608,0.21675,0.074161,0,0.029595,0,0.21134,0.033977,0.25425,0,0,0.27518,0.18862,0,0,0,0,0,0,0.27201,0.22322,0.078846,0.13756,0,0.15491,0,0.01876,0.061035,0.17647,0,0.062953,0.15635,0.096832,0,0.14199,0.086409,0.081241,0.20951,0.17364,0.54498,0.073862,0,0.08557,0.22347,0.1705,0,0,0.076954,0.16941,0.23874,1,0.019013,0.18352,0,0.15083,0.13547,0.15058,0,0.065337,0.22879,0,0,0.10159,0.18178,0.1067,0,0.080703,0.11742,0,0,0,0.051223,0,0,0,0.029915,0.13353,0.043762,0,0.13822,0.13502,0.078468,0.067188,0,0.085886,0.46284,0.087693,0.16048,0.18905,0.24041,0.25369,0,0,0.07029,0,0,0.044634,0,0,0.14368,0,0,0.090306,0,0.30817,0,0,0,0.14006,0.20004,0.12172,0.18394,0.063679,0.10953,0,0.038298,0,0.11306,0.21792,0,0.21623,0.26867,0,0,0,0.063346,0,0.22187,0.17668,0,0.082068,0.24068,0.16536,0,0.17146,0.17683,0.23277,0.1457,0.21066,0.19002,0.26209,0,0.23823,0.058145,0.038758,0,0,0.16014,0.16921,0.32889
"D184700",0.15045,0.17306,0.19883,0.23174,0.053717,0.22133,0.12393,0.29131,0.16493,0.043374,0.044943,0.14954,0.3282,0.20433,0.18283,0.11056,0.083772,0.30076,0.26639,0.2898,0.40315,0.12161,0.028432,0.065047,0.2832,0.074025,0.029259,0.020071,0.10235,0,0.10163,0.019165,0.04562,0.11784,0.050381,0.11419,0.13915,0.16827,0.023649,0.17733,0.11666,0.14017,0.32539,0.22749,0.10157,0.16573,0.22309,0.13326,0.083542,0.097187,0.11872,0.1054,0.20234,0.075623,0.01828,0.085622,0.11687,0.036195,0.094898,0.152,0.086065,0.051282,0.23124,0.17607,0.13365,0.019013,1,0.14922,0.1855,0.096334,0.019253,0.11112,0.10316,0.12705,0.11988,0,0.086908,0.10093,0.13656,0.11772,0.11807,0.20691,0.19421,0.04588,0,0.095678,0.12389,0.071688,0.17193,0.070109,0.040983,0.19975,0.14067,0.19991,0.2301,0.12352,0.092619,0.2744,0.067703,0.21623,0.020498,0.24582,0.19498,0.081129,0.099215,0.058698,0.14128,0.11984,0.3193,0.058117,0.12868,0.11953,0.13701,0.18011,0.21021,0.13122,0.070015,0.2803,0.13665,0,0.089343,0.19525,0.1376,0.12503,0.13817,0.0347,0.026132,0.068504,0.12424,0.1376,0.082606,0.14277,0.051346,0.10871,0.03711,0.04608,0.14456,0.060293,0.057822,0.12988,0.1093,0.060552,0.088592,0.056924,0.12114,0.10391,0.13108,0.071517,0.09883,0.073532,0.12196,0.07087,0.082765,0.068493,0.026978,0.1019,0.034666,0.14837,0.099814,0.10358,0.29149,0.036963,0.090965,0,0.027588
"D187360",0.069715,0.17005,0.17311,0.20966,0.056191,0.26009,0.35545,0.27376,0.49079,0,0,0.038447,0.22766,0.09209,0.15793,0.13465,0.057948,0.14346,0.10543,0.22639,0.2142,0.25304,0.13304,0.056316,0,0.12837,0.12351,0.23611,0.07001,0.049766,0.14698,0.039547,0.11779,0.19942,0.18737,0.27549,0.20433,0.22854,0.21577,0.15843,0.035948,0.12707,0.26139,0.1982,0.36991,0.37192,0.28563,0.19573,0.042014,0.22435,0.22396,0.20237,0.18506,0.077935,0.15669,0.22103,0.15665,0.15289,0.1439,0.08386,0.26521,0,0.15015,0.32588,0.25311,0.18352,0.14922,1,0.10021,0.23716,0.060871,0.27754,0,0.31308,0.21331,0.21002,0.073797,0.22843,0.14899,0.083888,0.044371,0.21884,0.32977,0.16099,0.057514,0.13804,0.35063,0.18871,0.081948,0.21999,0.067295,0.21575,0.34879,0,0.22597,0.21836,0.035263,0.26198,0.20471,0.36386,0.20477,0.086954,0.33677,0.17002,0.16716,0.14927,0.17845,0.15196,0.1662,0.020112,0.054554,0.1829,0.11512,0.20869,0.21766,0,0.10807,0.094729,0.11534,0.13549,0.34033,0.18004,0.11474,0.19239,0.23741,0.12816,0.082529,0.18646,0.1538,0.11474,0.19818,0.19802,0.050728,0.065375,0.34128,0.19558,0.19992,0.063567,0.060963,0,0.028472,0.06398,0.10849,0.14137,0.10498,0.13063,0.15755,0.18315,0,0.18842,0.20745,0.16356,0.15272,0.094551,0.085257,0.087895,0.18609,0.1541,0.10509,0.23175,0.13888,0.34528,0.16787,0.072111,0.087193
"D188470",0.032522,0.083534,0.050431,0.18267,0,0.17852,0.048917,0.10216,0.096036,0.17824,0.14183,0.26365,0.1784,0.29728,0.25515,0.050938,0,0.20896,0.15532,0.12167,0.21175,0.11417,0.082755,0,0.10406,0.11277,0,0,0.27589,0,0.11222,0,0.027097,0.18762,0,0.082637,0.15696,0.2479,0.089507,0.1312,0.13128,0.24112,0.1428,0.071789,0.12122,0.14045,0.088669,0.2305,0.20591,0.023494,0.061705,0.14192,0.072716,0,0,0.061521,0.17546,0,0.070121,0.023392,0.058262,0.13063,0.26509,0.080477,0.1201,0,0.1855,0.10021,1,0.064244,0,0.12886,0,0.11097,0.017531,0,0.026747,0.14285,0.11571,0.028483,0.26687,0.1757,0.16183,0.12148,0,0.10454,0.089121,0.19343,0.075801,0.053595,0.13226,0.33015,0.092917,0.12186,0.21706,0.035795,0,0.13952,0.097418,0.11254,0,0.26784,0.18621,0,0,0.022627,0.16281,0.046149,0.19797,0.28172,0.13954,0.15601,0.05255,0.16964,0.18399,0.089992,0.13786,0.10205,0.052666,0,0.12852,0.19065,0.052353,0.14229,0.13284,0.10985,0,0.16272,0.12975,0.052353,0.13928,0.073236,0,0,0.054273,0,0.13388,0,0,0.16826,0,0,0.034945,0.07396,0.13742,0,0.13359,0,0,0,0.088961,0,0,0,0,0.021054,0.066996,0.18607,0.024162,0.15407,0.05141,0,0,0,0
"D190300",0.17765,0.1126,0.23581,0.23404,0.24357,0.10996,0.1396,0.27893,0.084052,0.037771,0,0.064985,0.14677,0.083825,0.12314,0.16999,0.20955,0.019638,0,0.13202,0.16708,0.1473,0.14842,0.32789,0.02271,0,0.15416,0.29416,0.057764,0.031045,0.025188,0.049341,0.12891,0.058764,0.11625,0.12224,0.16626,0.12649,0.1804,0.27669,0.13215,0.14867,0.13701,0.37239,0.026251,0.16001,0.14802,0.12895,0.0802,0.23434,0.26369,0.16261,0.21415,0.26904,0.096878,0.23155,0.13259,0.11948,0.43101,0.34094,0.075294,0.067683,0.10081,0.16611,0.26172,0.15083,0.096334,0.23716,0.064244,1,0.29655,0.1305,0,0.036642,0.2348,0,0.10577,0.11545,0.24944,0.13503,0,0.15102,0.15083,0,0,0.023937,0.086243,0.078256,0.068169,0.018066,0,0.1799,0.061361,0.01615,0.18747,0.10994,0.13347,0.19061,0.043961,0.15995,0.16314,0.098915,0.13879,0.28143,0.09387,0.21026,0.024616,0.063507,0.018562,0.025072,0.045053,0.12593,0,0.02288,0.17488,0,0,0.13509,0,0.066994,0.015976,0,0,0.16287,0.27625,0.47131,0.33131,0.12925,0.073299,0,0.02148,0.11737,0.084706,0.16248,0,0.12114,0.12032,0.026414,0.02532,0,0.035532,0.026529,0.29208,0.47915,0.02169,0.091602,0.17318,0.25146,0.029487,0.26232,0.26741,0.2765,0.19047,0.14762,0.33015,0.22017,0.16397,0.15373,0.21402,0.10987,0.062469,0,0.17947,0,0.1455
"D190310",0.11804,0.10135,0.088272,0.067047,0.12793,0.01974,0.057994,0.070284,0.060711,0.068205,0,0,0.056791,0.056242,0.065926,0.059492,0.13163,0,0,0,0,0.11615,0,0.12802,0,0,0.20859,0.14303,0.076919,0,0,0,0,0.063462,0.059789,0.048912,0.059822,0.06853,0,0.10575,0,0.018997,0.041154,0.16151,0,0.047765,0.043128,0.057202,0,0.086269,0.034403,0.08226,0.089253,0.22238,0.086767,0.074789,0,0,0.18193,0.17207,0,0.091024,0.051887,0.093039,0.11931,0.13547,0.019253,0.060871,0,0.29655,1,0.10681,0,0.066156,0.091265,0,0.023942,0,0.064948,0.10799,0,0.081692,0.019384,0,0.1297,0,0.025931,0,0,0,0,0.053843,0.022154,0,0.1075,0.043563,0.12147,0.05098,0,0.067937,0.14637,0.035491,0.045448,0.11477,0.067393,0.20048,0,0,0,0,0.040647,0.022519,0,0,0.072695,0,0,0.060882,0,0,0,0,0,0.039785,0.080799,0.48292,0.18801,0.064478,0,0,0,0,0.076022,0.10934,0,0.16412,0.10861,0,0,0,0.064146,0,0.14036,0.32879,0,0.20633,0.14112,0.10033,0,0.10452,0.10733,0.10009,0.09824,0.15976,0.19395,0.086807,0,0.075134,0.1178,0.078534,0,0,0.10797,0,0.13101
"D191390",0.018258,0.094965,0.19571,0.19514,0.059134,0.27074,0.19276,0.14298,0.25861,0.24567,0.076227,0.10235,0.24094,0.35609,0.19841,0.19979,0.04575,0.11821,0.044442,0.21071,0.13154,0.28749,0.095501,0.035559,0.038303,0.16041,0.097471,0.11139,0.31424,0.026182,0.063864,0.020805,0.097098,0.31118,0.12596,0.21991,0.19963,0.24148,0.18255,0.18805,0,0.22035,0.11835,0.23023,0.31083,0.27125,0.19816,0.28702,0.091433,0.06701,0.13782,0.15467,0.13824,0.061515,0.10365,0.14306,0.10584,0.12055,0.07646,0.05598,0.12779,0.31958,0.1712,0.30422,0.16625,0.15058,0.11112,0.27754,0.12886,0.1305,0.10681,1,0,0.15628,0.18988,0.079687,0.16137,0.19177,0.14623,0.063418,0.14835,0.3391,0.30233,0.18642,0.22202,0.059538,0.19567,0.21212,0.057475,0.18483,0.1446,0.18951,0.26072,0.040882,0.23073,0.41244,0.018556,0.19369,0.074101,0.66235,0.1694,0.1214,0.3008,0.05359,0.08016,0.10522,0.083381,0.13718,0.14437,0.085744,0.15304,0.22415,0.061058,0.22632,0.091298,0.049006,0.15447,0.15751,0.06114,0.14623,0.20923,0.10937,0.060917,0.14165,0.19136,0.057564,0.086851,0.15254,0.18854,0.060917,0.17163,0.18217,0.053385,0.0518,0.10371,0.1801,0.1269,0.066858,0.11096,0.143,0.029962,0.067292,0.065272,0.06259,0.11328,0.23661,0.16516,0.046892,0,0.048317,0.084041,0.06264,0.068795,0.074625,0.089722,0.070773,0.14177,0.16139,0.11049,0.34908,0.039828,0.10349,0.075611,0.075621,0.091759
"D192000",0,0,0,0,0,0.10569,0,0,0,0,0,0.050939,0.06679,0.16656,0,0,0,0.062339,0,0,0,0.029137,0,0,0.21947,0,0,0,0,0,0,0,0,0,0,0,0,0,0,0.041574,0,0.033484,0.036241,0.0387,0,0.028072,0.11556,0,0,0,0,0,0,0,0,0,0,0,0,0.041792,0,0,0.091506,0,0,0,0.10316,0,0,0,0,0,1,0,0,0,0,0,0,0,0,0.073014,0.034145,0,0,0,0,0,0.10953,0,0,0,0.039101,0.15692,0.054087,0,0,0.15168,0,0,0,0.16054,0,0,0,0,0,0,0.05908,0,0,0.039664,0,0,0,0.18196,0,0,0,0,0,0,0,0,0,0,0,0,0,0,0,0,0,0,0,0,0,0,0,0,0,0,0,0,0,0,0,0,0,0,0,0,0,0,0,0,0,0,0,0,0,0,0,0,0
"D193200",0.084924,0.07335,0.25246,0.14536,0.030517,0.15883,0.11283,0.085004,0.25312,0.049741,0.11814,0.046418,0.18041,0.04606,0.099306,0.13398,0.047211,0.051199,0.068197,0.086368,0.12699,0.13294,0.023072,0.036735,0.029679,0.15053,0.10063,0.068996,0.042333,0.081157,0.065841,0.064492,0.047784,0.27947,0.10819,0.10621,0.13647,0.31687,0,0.094225,0,0.088513,0.089716,0.12812,0.32574,0.20077,0.06245,0.17131,0.17753,0.12485,0.1257,0.11909,0.042752,0.063538,0.23504,0.054129,0.040857,0.12463,0.043875,0.034196,0.43118,0.043887,0.1144,0.1222,0.085355,0.065337,0.12705,0.31308,0.11097,0.036642,0.066156,0.15628,0,1,0.066013,0.20538,0.071104,0.098668,0.078307,0.03907,0.077663,0.14829,0.098857,0.18334,0,0.061451,0.13323,0.10219,0.066767,0.048579,0.092315,0.17625,0.30958,0.042255,0.10212,0.11293,0.057505,0.14933,0.090753,0.16064,0.070698,0.083204,0.20407,0.16659,0.2522,0.21112,0.16107,0.16438,0.097658,0.09985,0,0.065281,0.18722,0.12033,0.14028,0.038628,0.11946,0.15554,0.18758,0,0.084125,0.16489,0.18661,0.14798,0.029227,0.059457,0.044893,0.16391,0.16206,0.18661,0.19545,0.1329,0.027486,0.052669,0.12847,0.1995,0.039288,0.10363,0.099387,0.11647,0.046431,0.10431,0.050524,0.064653,0.11361,0.21269,0.10214,0.14616,0,0.15128,0.15574,0.14538,0.035535,0.077068,0.046345,0.046963,0,0.090568,0.10711,0.13184,0.10266,0.12812,0.039056,0,0.047393
"D203700",0.14885,0.16781,0.20929,0.29054,0.17861,0.18805,0.19717,0.21733,0.20237,0.027266,0,0.047448,0.13829,0.067544,0.1699,0.1463,0.20409,0.091806,0.037376,0.19347,0.16673,0.25226,0.09472,0.27953,0.048861,0,0.22296,0.19783,0.06364,0.022251,0.018053,0.10711,0.10989,0.097834,0.15594,0.14819,0.19243,0.12374,0.093005,0.30974,0.13564,0.10658,0.1433,0.26978,0.078414,0.17214,0.18069,0.10753,0,0.18688,0.16061,0.10086,0.21127,0.18007,0.14051,0.13611,0.085801,0.085899,0.22771,0.28226,0.067673,0.048468,0.051503,0.22003,0.25546,0.22879,0.11988,0.21331,0.017531,0.2348,0.091265,0.18988,0,0.066013,1,0.044702,0.25232,0.10857,0.24524,0.3638,0.026484,0.21738,0.14901,0.014265,0.075237,0.017156,0.10792,0.033486,0.07653,0.053498,0.037089,0.16287,0.079209,0.023156,0.2453,0.15562,0.16825,0.16693,0.031512,0.20405,0.25784,0.11491,0.15503,0.23582,0.13613,0.16735,0.017641,0.117,0.095277,0.01797,0.10039,0.1089,0.051056,0.049335,0.18065,0,0.013049,0.15241,0.051125,0.12165,0.09485,0.044951,0.050936,0.19846,0.1543,0.08181,0.073896,0.077423,0.1305,0.050936,0.06715,0.081061,0.14091,0.31098,0.09831,0.20474,0.091072,0.075759,0.072618,0.014479,0.025465,0.076208,0.2968,0.0891,0.077879,0.1002,0.20735,0.22883,0.12979,0.21524,0.23669,0.26396,0.13659,0.19786,0.076339,0.2888,0.08904,0.20402,0.21342,0.11376,0.080969,0.071586,0.12872,0.064914,0.11104
"D205700",0,0,0,0.082617,0,0.14704,0.0961,0,0.18944,0,0,0,0.023307,0,0,0.073042,0,0,0,0.073046,0.061504,0.083008,0,0,0,0.082378,0,0,0,0.13782,0.11181,0.10952,0.081147,0.078459,0,0,0,0.06591,0,0,0,0.094298,0,0,0.18459,0.16803,0,0.046843,0,0,0.042285,0,0,0,0,0,0,0,0,0,0.25389,0,0,0.045902,0,0,0,0.21002,0,0,0,0.079687,0,0.20538,0.044702,1,0.029058,0.041951,0,0,0,0.050138,0.048158,0.26935,0,0.15714,0.063928,0.17453,0,0,0.11313,0.066114,0.23401,0,0,0.053723,0,0,0.27458,0.13067,0,0,0.057989,0,0,0,0,0.13908,0.082573,0,0,0.08309,0.15848,0.10167,0.059549,0,0.16367,0,0.1587,0,0.071191,0.13953,0.15811,0,0,0,0,0.1603,0.026458,0.15811,0.11287,0,0,0,0.10878,0.1355,0,0.05874,0.056305,0,0,0.059377,0,0,0.048505,0.10656,0,0,0,0,0,0,0,0,0,0,0,0,0.072535,0.12162,0.069202,0.1086,0,0,0
"D208085",0.040991,0.087965,0.082818,0.15348,0.046384,0.14048,0.10619,0.06486,0.14367,0.05646,0,0.094553,0.12334,0.079974,0.20753,0.097525,0.051272,0.13006,0.048603,0.15779,0.15678,0.14499,0.12424,0.040009,0.021153,0.039253,0,0.050203,0.085678,0.028938,0.023479,0.022994,0.12879,0.10887,0.061793,0.075988,0.073571,0.16057,0.15264,0.15466,0.04272,0.10167,0.13967,0.14886,0.049048,0.16415,0.11549,0.066233,0.051512,0.030193,0.084753,0.093117,0.11066,0.068894,0,0.10243,0.059194,0.045264,0.067562,0.079799,0.071033,0.047837,0.026776,0.13152,0.075438,0,0.086908,0.073797,0.026747,0.10577,0.023942,0.16137,0,0.071104,0.25232,0.029058,1,0.017584,0.091085,0.12545,0,0.21623,0.14836,0.018553,0.022612,0.022312,0.095553,0.02931,0.064135,0.08903,0.015635,0.083231,0.068706,0.08523,0.13455,0.18676,0.064337,0.16237,0.061223,0.17915,0,0.057956,0.10706,0.04067,0.034862,0.057012,0.092164,0.18535,0.11486,0.02337,0.16985,0.089293,0.099387,0.085951,0.091713,0.02662,0.016971,0.13546,0.099656,0.040791,0.080294,0.087569,0.098932,0.09393,0.063602,0.021303,0,0.033292,0.093578,0.098932,0.021227,0.1876,0.043886,0.058094,0.063157,0.028215,0,0.049244,0.047203,0.098759,0,0.049617,0.06245,0,0.04055,0.10726,0.10659,0.036303,0.055978,0.037154,0.037969,0.035637,0.025348,0.057171,0,0.10381,0.11943,0.0824,0.091714,0.10676,0.093864,0.022635,0,0,0
"D208550",0.029624,0.10135,0.11077,0.14998,0,0.31857,0.13152,0.10512,0.21543,0,0,0.066298,0.15602,0.17137,0.11645,0.14338,0,0.1096,0.070945,0.1559,0.13078,0.12399,0.077234,0,0.061139,0.1282,0,0,0.03827,0,0.068041,0,0.024682,0.096608,0.11147,0.18407,0.18187,0.13739,0.081518,0.13222,0.11928,0.15883,0.12775,0.13045,0.18073,0.14385,0.14665,0.21498,0.10843,0.10765,0.1848,0.12412,0.11014,0.03296,0.13028,0.085389,0.10544,0.16032,0.060334,0.017588,0.02533,0.066382,0.13547,0.18123,0.17521,0.10159,0.10093,0.22843,0.14285,0.11545,0,0.19177,0,0.098668,0.10857,0.041951,0.017584,1,0.099617,0.082318,0.12427,0.266,0.1744,0.16307,0.032543,0.063443,0.096879,0.19014,0.045796,0.12297,0.067768,0.12039,0.11679,0,0.20803,0.20003,0,0.11515,0.088948,0.29194,0.11111,0.10712,0.17042,0.057252,0.10106,0.083066,0.066828,0.042022,0.10006,0,0.091034,0.38905,0.047836,0.18718,0.073597,0,0.098961,0,0.047959,0.13415,0.1735,0.13092,0.047628,0.13647,0.21308,0.099863,0,0.14694,0.40091,0.047628,0.20748,0.11103,0,0,0.098454,0.081554,0.081164,0.45831,0.41884,0,0,0.45186,0.026111,0.067359,0.49193,0.092038,0.12845,0.075577,0.040134,0.077774,0.10765,0.075331,0,0,0,0.032348,0.091405,0.10034,0.065891,0.16625,0.063101,0.098058,0,0.059934,0
"D209850",0.12065,0.25934,0.22092,0.28645,0.12008,0.11919,0.12192,0.23068,0.14781,0.016408,0.050499,0.061853,0.18952,0.1183,0.19961,0.10614,0.14645,0.16038,0.13696,0.20009,0.20661,0.20883,0.12235,0.15303,0.038895,0.049416,0.25999,0.18871,0.11742,0.026522,0.11723,0.063346,0.095905,0.14834,0.13254,0.16831,0.24211,0.24282,0.050096,0.27548,0.19346,0.15049,0.1742,0.2986,0.10009,0.18281,0.2118,0.13498,0.054449,0.14427,0.1362,0.18398,0.27413,0.21981,0.1329,0.088613,0.20448,0.062214,0.24333,0.12848,0.032169,0.043187,0.11316,0.21536,0.32238,0.18178,0.13656,0.14899,0.11571,0.24944,0.064948,0.14623,0,0.078307,0.24524,0,0.091085,0.099617,1,0.13641,0.12538,0.20939,0.20365,0.05303,0,0.11149,0.10311,0.075158,0.058343,0.048245,0.031868,0.17093,0.15744,0.027603,0.16714,0.10952,0.13393,0.23632,0.096042,0.23783,0.29208,0.17291,0.25587,0.11142,0.15074,0.29002,0.17988,0.10694,0.15196,0.065274,0.13998,0.13746,0.091123,0.099901,0.26721,0.025265,0.069075,0.19415,0.091358,0.12566,0.10042,0.16706,0.090723,0.20847,0.20381,0.17008,0.1195,0.13024,0.14572,0.090723,0.17435,0.087309,0.19376,0.2109,0,0.19032,0.18317,0.022566,0.021631,0.021511,0.03036,0.022664,0.17441,0.10584,0.099418,0.13491,0.64599,0.11584,0.08961,0.10143,0.17533,0.16371,0.092952,0.23584,0.12136,0.21723,0.057832,0.6204,0.12594,0.13403,0.079947,0,0.076628,0.087551,0.12431
"D210050",0.11624,0.17317,0.1698,0.2397,0.099635,0.097111,0.1405,0.16482,0.13292,0.040876,0,0.020714,0.11805,0.044614,0.11919,0.088903,0.23943,0.047556,0,0.10629,0.10786,0.091133,0,0.15369,0.024172,0,0.31687,0.2011,0.049514,0,0,0,0,0.055897,0.052946,0.043315,0.13562,0.070375,0,0.16019,0.14025,0.081196,0.12711,0.14777,0.027989,0.13173,0.087636,0.037007,0,0.15284,0.083925,0.079494,0.10524,0.1837,0.051242,0.044168,0,0,0.15116,0.23099,0.060921,0.036449,0.045897,0.1499,0.1465,0.1067,0.11772,0.083888,0.028483,0.13503,0.10799,0.063418,0,0.03907,0.3638,0,0.12545,0.082318,0.13641,1,0.088964,0.15571,0.023248,0,0.025514,0,0.056986,0.071792,0,0.019243,0,0.047629,0.052377,0,0.13345,0.052214,0.12927,0.12649,0,0.10105,0.21614,0.086012,0.040253,0.2041,0.039801,0.065227,0,0,0.020401,0,0.073456,0.11202,0,0.025146,0.19111,0,0,0.18529,0,0,0.021867,0,0,0.071915,0.14462,0.072756,0.10971,0.038079,0.068513,0,0,0,0.15499,0.25072,0.043052,0.23012,0.096074,0.086568,0.082935,0,0.037847,0.08686,0.19272,0.10547,0.071019,0.09834,0.17157,0.20141,0.096697,0.18518,0.21299,0.19927,0.17411,0.28401,0.11333,0.19617,0,0.16333,0.086902,0.088883,0.05605,0,0.19138,0,0.11591
"D211980",0,0.12524,0.069882,0.13661,0,0.16365,0.027991,0.086071,0.05681,0.17175,0.13627,0.16975,0.37448,0.33222,0.24851,0.070159,0,0.10363,0.10301,0.089063,0.12964,0.10133,0,0,0.1337,0.10297,0,0,0.21515,0,0.13536,0,0,0.19578,0,0.07545,0.18484,0.14124,0,0.14804,0,0.36645,0.1274,0.065919,0.22062,0.088941,0.095153,0.32954,0.32351,0.041535,0.025176,0.090838,0.10884,0,0,0,0.13422,0,0.03102,0.035256,0.054976,0.092938,0.24155,0.17149,0.087511,0,0.11807,0.044371,0.26687,0,0,0.14835,0,0.077663,0.026484,0,0,0.12427,0.12538,0.088964,1,0.1892,0.099926,0.11093,0,0.1285,0.075782,0.24379,0,0.047252,0.18624,0.20133,0.16783,0.089536,0.25532,0.031559,0,0.089813,0.085963,0.11559,0,0.22334,0.15129,0,0,0,0.13768,0,0.098161,0.27233,0.11866,0.22324,0,0.059696,0.12984,0.085006,0.17361,0.04921,0,0,0.08573,0.12737,0,0.13839,0.058504,0,0,0.099509,0.21479,0,0.12177,0,0.085075,0,0,0,0.11814,0.069603,0.066716,0.23506,0,0.069899,0,0,0.1738,0.07199,0.11659,0,0,0,0.078498,0,0,0,0,0.048289,0,0.21738,0.021315,0.18677,0,0,0,0,0
"D219700",0.046688,0.17365,0.17129,0.25926,0.10059,0.29878,0.21502,0.16238,0.2384,0.16881,0.048874,0.17773,0.32437,0.35404,0.30118,0.193,0.058245,0.18412,0.11275,0.16135,0.21443,0.22963,0.097676,0.08309,0.136,0.11227,0.082738,0.070941,0.225,0.11732,0.1929,0.19463,0.12238,0.26861,0.071126,0.16854,0.21065,0.24094,0.049124,0.26797,0.079358,0.2606,0.33013,0.22513,0.18447,0.28543,0.22623,0.25834,0.11533,0.13803,0.21429,0.11187,0.08844,0.10452,0.051762,0.091336,0.11265,0.038362,0.1155,0.10762,0.14274,0.20695,0.24114,0.27552,0.27714,0.080703,0.20691,0.21884,0.1757,0.15102,0.081692,0.3391,0.073014,0.14829,0.21738,0.050138,0.21623,0.266,0.20939,0.15571,0.1892,1,0.30927,0.10819,0.16668,0.17613,0.17458,0.18709,0.11033,0.14832,0.087297,0.17851,0.21956,0.12319,0.33139,0.21008,0.04761,0.29985,0.13214,0.40426,0.087289,0.21197,0.23805,0.08033,0.090756,0.15795,0.12351,0.067058,0.18475,0.095217,0.22536,0.32758,0.076335,0.18067,0.21066,0.12361,0.1202,0.2195,0.076532,0.056348,0.21889,0.11986,0.076001,0.14753,0.18292,0.073605,0.07506,0.16646,0.22353,0.076001,0.14145,0.12716,0.033982,0.097991,0.11096,0.11398,0.14924,0.17801,0.16648,0.14546,0.019073,0.17835,0.13657,0.10797,0.21944,0.18617,0.21735,0.081131,0.037091,0.083642,0.10749,0.1009,0.11873,0.063339,0.076232,0.1236,0.07589,0.2102,0.11388,0.24304,0.14005,0.092246,0.11467,0.026185,0.078082
"D222100",0.084292,0.15982,0.12687,0.24918,0.035778,0.2874,0.23225,0.22377,0.29311,0.028937,0,0.11072,0.24242,0.19947,0.219,0.11868,0.013834,0.40423,0.25369,0.40169,0.39502,0.37783,0.19787,0.032295,0.069549,0.086757,0.029457,0.080942,0.13337,0,0.08006,0.018902,0.11794,0.16366,0.11435,0.21018,0.13582,0.33809,0.23551,0.22101,0.051167,0.19443,0.30268,0.2257,0.22362,0.31391,0.27129,0.20315,0.040109,0.15915,0.1626,0.1407,0.22776,0.018617,0.11245,0.19557,0.19881,0.091216,0.13009,0.050317,0.072222,0.066448,0.20946,0.29601,0.2427,0.11742,0.19421,0.32977,0.16183,0.15083,0.019384,0.30233,0.034145,0.098857,0.14901,0.048158,0.14836,0.1744,0.20365,0.023248,0.099926,0.30927,1,0.1239,0.073943,0.076022,0.32338,0.15738,0.10448,0.23713,0.05141,0.21799,0.35171,0.10098,0.25407,0.35556,0.033726,0.30204,0.13768,0.40651,0.13309,0.14468,0.47039,0.032444,0.10138,0.10724,0.13734,0.34157,0.44151,0.019208,0.16017,0.3473,0.30327,0.44783,0.19923,0.065673,0.070533,0.11723,0.30324,0.12891,0.31238,0.3417,0.30328,0.20576,0.20947,0.08758,0.02631,0.1137,0.17707,0.30328,0.36672,0.26644,0.066218,0.030862,0.1501,0.11686,0.092491,0.04047,0.038802,0.046435,0.19725,0.040777,0.029613,0.078011,0.11987,0.20206,0.14276,0.028359,0,0.029253,0.0765,0.072003,0.041749,0.022574,0.027161,0.054963,0.20197,0.14033,0.075178,0.22909,0.14025,0.14965,0.045896,0.068523,0.027775
"D223350",0,0.080282,0.046904,0.20768,0,0.26455,0.20185,0.03713,0.11422,0.054775,0.24111,0.051055,0.1217,0.11023,0.073913,0.094779,0,0.055755,0.074841,0.14078,0.059354,0.20688,0,0,0.032277,0.41587,0,0,0.086921,0.089449,0.14435,0.071081,0.052666,0.13557,0,0.11709,0.11702,0.12724,0,0.1002,0,0.20309,0.10243,0.034485,0.3552,0.17842,0.086593,0.13703,0.080298,0.092002,0.027444,0.066248,0.046475,0,0,0,0.044503,0,0,0,0.24297,0.048333,0.14682,0.16419,0.092996,0,0.04588,0.16099,0.12148,0,0,0.18642,0,0.18334,0.014265,0.26935,0.018553,0.16307,0.05303,0,0.11093,0.10819,0.1239,1,0,0.13466,0.061274,0.32792,0,0.1827,0.3708,0.10616,0.29355,0.046537,0.08689,0.10791,0,0.08137,0.22899,0.20234,0,0.077119,0.10816,0,0,0,0.070498,0.044338,0.079183,0.073853,0.064033,0.21788,0.050472,0.19725,0.1167,0.04201,0.55118,0.023951,0.050602,0,0.13752,0.13812,0.050253,0.080807,0.1607,0,0,0.5961,0.10202,0.050253,0.18818,0,0,0,0.034623,0.042979,0.085621,0.037505,0.035951,0.06522,0,0.037912,0,0,0.092862,0.032559,0.06823,0,0,0,0.057101,0,0,0,0,0,0,0.086057,0.023147,0.31278,0.022055,0.034479,0,0,0
"D226150",0,0.031912,0,0,0,0.092404,0.054788,0,0.11731,0.096879,0,0,0,0.15853,0.069127,0.056154,0,0,0,0,0,0.14275,0,0,0,0,0,0,0.096936,0,0,0,0,0.12009,0,0,0.056522,0,0,0.022239,0,0,0.038853,0,0.022676,0.045131,0,0.11692,0,0.06336,0.032563,0,0,0.04214,0,0,0,0,0.019096,0,0,0.11471,0,0.1843,0.022046,0,0,0.057514,0,0,0.1297,0.22202,0,0,0.075237,0,0.022612,0.032543,0,0.025514,0,0.16668,0.073943,0,1,0,0.073622,0,0,0.092545,0,0,0,0,0.11292,0.020595,0,0,0,0.21299,0,0,0,0.086188,0,0,0,0,0,0,0.038388,0.021268,0,0,0,0,0,0,0,0,0.081785,0,0,0.068011,0,0,0,0,0.020388,0,0,0.027956,0,0,0.12479,0,0,0,0,0,0,0,0,0,0,0.1164,0.053273,0.078279,0.051311,0.079625,0.080347,0.075849,0,0,0,0,0,0,0.055621,0.055749,0,0.12422,0,0,0
"D227300",0,0.13203,0,0.14657,0,0.17408,0.18313,0.11587,0.11973,0,0,0.084165,0.11115,0.070223,0.10639,0.11504,0,0.17369,0.13221,0.11669,0.15352,0.080157,0,0,0,0.12471,0,0,0.17979,0.48545,0.77052,0.29975,0.32541,0.1413,0.02827,0.11466,0.055962,0.11235,0,0.04402,0,0.10637,0.12636,0.13386,0.11267,0.12116,0.15232,0.10663,0,0.026576,0.066595,0.1166,0.17678,0.041505,0,0,0.13722,0,0.022644,0,0.13104,0.028666,0.096882,0.10713,0.1138,0,0.095678,0.13804,0.10454,0.023937,0,0.059538,0,0.061451,0.017156,0.15714,0.022312,0.063443,0.11149,0,0.1285,0.17613,0.076022,0.13466,0,1,0.072404,0.19165,0.029045,0.060734,0.056144,0.10027,0.19275,0.027575,0.073315,0.040564,0,0.10039,0.22127,0.16807,0,0.066506,0.089654,0,0.031864,0.026074,0.12464,0,0.16451,0.042807,0.11342,0.12944,0,0.076729,0.2156,0,0.12294,0.028773,0,0,0.080863,0.1635,0,0.074386,0.075197,0,0,0.15061,0.1046,0,0.12163,0,0.060622,0,0,0,0.27675,0.0451,0.043231,0,0,0.045295,0.036608,0,0.14657,0.054688,0.10732,0,0,0,0.10075,0,0.04643,0,0,0,0,0.1019,0.027835,0.1114,0.026516,0,0,0,0
"D234700",0.022183,0.15808,0.12008,0.085327,0.023925,0.17186,0.37044,0.12408,0.34902,0,0,0.016373,0.14014,0.032111,0.14231,0.070793,0.018507,0.081507,0.080848,0.10101,0.17256,0.15174,0.035967,0.028796,0,0.079328,0.039407,0.054066,0.072801,0,0.077718,0,0.056303,0.10945,0.10193,0.14038,0.17049,0.20072,0.15054,0.11422,0,0.086445,0.12081,0.13858,0.21355,0.38524,0.13486,0.10915,0.054084,0.081476,0.2248,0.40495,0.13435,0.024906,0.074249,0.12896,0.1524,0.073301,0.081179,0.053596,0.038572,0,0.088503,0.21336,0.12435,0.051223,0.12389,0.35063,0.089121,0.086243,0.025931,0.19567,0,0.13323,0.10792,0.063928,0.095553,0.096879,0.10311,0.056986,0.075782,0.17458,0.32338,0.061274,0.073622,0.072404,1,0.063934,0.052432,0.20718,0.051567,0.24677,0.29308,0,0.14059,0.29434,0.046262,0.18344,0.067471,0.24242,0.055237,0.060995,0.34051,0.065105,0.038251,0.031376,0.13354,0.09619,0.11525,0,0.093328,0.065426,0.073014,0.093708,0.11279,0,0.056244,0.087711,0.073113,0.033924,0.37336,0.16426,0.072843,0.16181,0.068845,0.070017,0.035196,0.073382,0.16478,0.072843,0.18983,0.20745,0.02155,0.02064,0.47625,0.22324,0.12352,0.081393,0.078058,0.044141,0.036402,0.081921,0.039609,0.025343,0.15871,0.11915,0.08789,0.056909,0,0.058696,0.1225,0.056755,0.17584,0.030198,0.036335,0.061292,0.13962,0.096239,0.083558,0.17055,0.10207,0.49231,0.19371,0,0.037156
"D236000",0.024443,0.12737,0.036535,0.21921,0,0.37357,0.13151,0.058856,0.12612,0.11306,0.19113,0.1345,0.2369,0.17104,0.19666,0.16536,0,0.043667,0.058615,0.22273,0.15575,0.22142,0.06387,0,0.025684,0.24472,0,0,0.14113,0.10368,0.17112,0.082483,0.081412,0.13444,0,0.12342,0.15331,0.15874,0.10152,0.11702,0.049803,0.35133,0.14358,0.053888,0.34244,0.21089,0.093982,0.22524,0.12084,0.070838,0.10715,0.051884,0.074383,0,0,0.072471,0.10778,0,0.063892,0.029062,0.29905,0.056305,0.17874,0.20975,0.1627,0,0.071688,0.18871,0.19343,0.078256,0,0.21212,0,0.10219,0.033486,0.17453,0.02931,0.19014,0.075158,0.071792,0.24379,0.18709,0.15738,0.32792,0,0.19165,0.063934,1,0,0.14184,0.28838,0.099599,0.37407,0.072118,0.1822,0.084031,0,0.08476,0.12212,0.21157,0,0.11681,0.15694,0.047062,0.025687,0,0.055213,0.034694,0.061997,0.085642,0.05015,0.2668,0.039494,0.21266,0.22681,0.033428,0.27328,0.037981,0.039596,0,0.14393,0.10814,0.039322,0.07581,0.25484,0.05117,0,0.3252,0.18896,0.039322,0.20241,0.036727,0.072342,0,0.027092,0.033631,0.067057,0.029348,0.028131,0.11928,0,0.029666,0.042947,0.08579,0.072707,0.086693,0.053714,0.041136,0,0.042418,0.08873,0.041025,0.060421,0,0,0,0.08148,0.082626,0.036272,0.38489,0.052059,0.026979,0.066407,0,0
"D241100",0,0,0.039524,0.022409,0,0.15094,0.09151,0.047345,0.092119,0,0,0.11647,0.24462,0.12641,0.14933,0.019969,0,0.095452,0.063406,0.13987,0.13469,0.033436,0.10837,0,0.25226,0,0,0.09628,0.017215,0.03767,0.030563,0.060201,0.11204,0.042622,0.060284,0.049318,0.040195,0.10769,0.072477,0.11776,0,0.089556,0.055433,0.088303,0.015929,0.1585,0.089216,0.038424,0,0,0.085137,0.083022,0.019857,0.029496,0,0.075937,0.12301,0.14456,0,0.016047,0,0.020372,0.24698,0.012508,0.015613,0,0.17193,0.081948,0.075801,0.068169,0,0.057475,0.10953,0.066767,0.07653,0,0.064135,0.045796,0.058343,0,0,0.11033,0.10448,0,0,0.029045,0.052432,0,1,0,0.025256,0.10857,0.029906,0.26748,0.15702,0.029275,0,0.18328,0.053059,0.14965,0,0.23604,0.076531,0,0.045495,0.12812,0,0.11516,0.090469,0.060929,0,0.01523,0.043276,0.083741,0.032612,0.21017,0,0.040951,0.043371,0,0.058193,0.038119,0.043113,0.058456,0,0.02761,0,0.021664,0.043352,0.043113,0.052327,0.1203,0,0,0.05921,0.036816,0,0.096177,0.092237,0.098289,0,0.096593,0,0,0.078975,0.055186,0.037995,0,0,0,0,0,0.032997,0,0,0,0.055197,0.033711,0.039603,0.026376,0.03775,0.058976,0,0,0
"D246300",0.027913,0.096892,0.066864,0.15517,0.030173,0.21357,0.20843,0.033694,0.13192,0.051831,0,0.021226,0.13592,0.12132,0.095425,0.046448,0.023283,0.075848,0.067916,0.19233,0.071694,0.28859,0,0.018132,0,0.19749,0,0,0.036636,0,0.065135,0,0,0.091576,0.064897,0.19611,0.24452,0.23267,0,0.15253,0.028438,0.082108,0.13679,0.079118,0.18429,0.35585,0.17474,0.15064,0.1016,0.14385,0.049893,0.060117,0.10568,0.031363,0,0,0.040385,0,0.072835,0.051856,0.024324,0,0.12992,0.24279,0.18793,0,0.070109,0.21999,0.053595,0.018066,0,0.18483,0,0.048579,0.053498,0,0.08903,0.12297,0.048245,0.019243,0.047252,0.14832,0.23713,0.1827,0.092545,0.060734,0.20718,0.14184,0,1,0.043266,0.038374,0.16095,0,0.1547,0.1145,0.17562,0.19813,0.085029,0.33007,0,0.050865,0.16411,0.027369,0,0,0.063974,0,0.071881,0,0.058108,0.24268,0,0.21596,0.053074,0,0.12346,0.065661,0,0.048927,0.3153,0.084983,0,0.10093,0.23505,0,0,0.070697,0.12773,0,0.14061,0.088216,0.027555,0.026063,0.22276,0,0.077698,0,0,0.055352,0,0,0.024913,0,0.056164,0,0.062316,0.024004,0.037997,0.024721,0.077404,0.023878,0,0.038147,0,0.030866,0,0.060239,0.021009,0.19011,0,0.22184,0,0.059744,0
"D247640",0,0.022426,0.043062,0.14682,0,0.16381,0.077402,0.031062,0.070572,0.0955,0.22163,0.085626,0.27052,0.15074,0.08022,0.082911,0,0.02344,0.031279,0.099558,0.033108,0.15136,0,0.016814,0.032819,0.18083,0,0,0.09433,0.037149,0.060301,0.02952,0.021873,0.088797,0.039957,0.068558,0.1416,0.07925,0,0.12913,0,0.21663,0.043933,0.014473,0.21533,0.066341,0.057308,0.16795,0.16821,0.084523,0.024692,0.027433,0.019572,0,0.028751,0,0.018709,0,0.013384,0,0.14014,0.08457,0.19578,0.14272,0.053446,0.029915,0.040983,0.067295,0.13226,0,0,0.1446,0,0.092315,0.037089,0.11313,0.015635,0.067768,0.031868,0,0.18624,0.087297,0.05141,0.3708,0,0.056144,0.051567,0.28838,0.025256,0.043266,1,0.1362,0.16557,0.081502,0.14082,0.057802,0,0.066119,0.052372,0.1084,0.066328,0.19375,0.060382,0.025344,0.022342,0.018303,0.029512,0.037364,0.044419,0.21839,0.067035,0.077867,0.042533,0.081966,0.06759,0.076892,0.36818,0.044522,0.042643,0.039617,0.057434,0.075477,0.042348,0.070623,0.053558,0,0,0.3244,0.088451,0.042348,0.10441,0,0,0,0.029177,0.036219,0.035996,0.031606,0.030296,0.10894,0,0.031949,0,0,0.05208,0.027438,0.041413,0.022154,0,0.022844,0.047497,0.022093,0,0,0,0.014299,0,0.27602,0.019506,0.2847,0.018586,0.029055,0,0,0
"D254200",0.069573,0.099643,0.10392,0.12772,0.024756,0.18848,0.14844,0.23536,0.2426,0.060339,0.095812,0.12238,0.16818,0.18181,0.1727,0.087344,0.038423,0.14712,0.11136,0.15682,0.20893,0.26609,0.077022,0.10602,0.096341,0.078958,0.081904,0.11226,0.12469,0.032905,0.10709,0.026145,0.097237,0.11319,0.14067,0.18765,0.14535,0.30267,0.1262,0.18042,0.023659,0.18434,0.11226,0.14409,0.19905,0.18233,0.13957,0.13604,0.087142,0.085382,0.1327,0.35267,0.22789,0.077477,0.12795,0.1322,0.18988,0.050606,0.13116,0.14046,0.059853,0.071186,0.18529,0.19866,0.1263,0.13353,0.19975,0.21575,0.33015,0.1799,0.053843,0.18951,0,0.17625,0.16287,0.066114,0.083231,0.12039,0.17093,0.047629,0.20133,0.17851,0.21799,0.10616,0,0.10027,0.24677,0.099599,0.10857,0.038374,0.1362,1,0.18284,0.12002,0.26482,0.15496,0.07135,0.21517,0.092952,0.20051,0.086124,0.16218,0.31452,0.067506,0.07927,0.081266,0.13876,0.13267,0.17874,0.13417,0.12297,0.13492,0.11327,0.16999,0.14352,0.061602,0.13894,0.089343,0.11346,0.035095,0.13846,0.20316,0.11295,0.20476,0.095163,0.19888,0.036418,0.17135,0.15336,0.11295,0.22363,0.12424,0.022298,0.042866,0.10445,0.19462,0.12779,0.11218,0.10755,0.069511,0.037666,0.11285,0.04112,0.079225,0.18763,0.12397,0.14118,0.059011,0,0.061478,0.12686,0.078651,0.05765,0.062724,0.037597,0.12878,0.09576,0.17351,0.20798,0.22874,0.065929,0.1043,0.031684,0,0.038447
"D254500",0.037918,0.19967,0.10023,0.27256,0.040942,0.35806,0.20773,0.11466,0.33512,0.033611,0.1215,0.10277,0.25136,0.16019,0.13312,0.13022,0.031632,0.15552,0.11469,0.23321,0.2207,0.26897,0.045986,0.036922,0.040145,0.17572,0.033667,0.023095,0.11679,0.081701,0.17951,0.064996,0.11424,0.25105,0.11732,0.2285,0.1502,0.24032,0.10294,0.16739,0.039274,0.20853,0.24629,0.17817,0.50371,0.26186,0.27659,0.17734,0.096814,0.11132,0.10017,0.16061,0.16068,0.042588,0.097095,0.092027,0.14017,0.020822,0.070215,0.11733,0.5143,0.029652,0.12727,0.23706,0.18607,0.043762,0.14067,0.34879,0.092917,0.061361,0.022154,0.26072,0.039101,0.30958,0.079209,0.23401,0.068706,0.11679,0.15744,0.052377,0.16783,0.21956,0.35171,0.29355,0,0.19275,0.29308,0.37407,0.029906,0.16095,0.16557,0.18284,1,0.073431,0.21813,0.2517,0.13215,0.25178,0.13828,0.29069,0.047191,0.14456,0.32442,0.092756,0.065698,0.053554,0.21614,0.10945,0.17988,0.04533,0.12317,0.25481,0.12465,0.22692,0.23851,0.051379,0.23102,0.13467,0.1249,0.028982,0.24491,0.19514,0.12421,0.14688,0.17947,0.019911,0.03007,0.22204,0.11692,0.12421,0.24139,0.10054,0.095234,0.035343,0.08564,0.13316,0.13194,0.046275,0.044367,0.040105,0.0311,0.046626,0.067685,0.021651,0.095297,0.17074,0.11098,0.081133,0.025818,0.083652,0.13934,0.11435,0.071407,0.051719,0.031043,0.095505,0.079055,0.1598,0.10109,0.31231,0.095943,0.085515,0.078482,0,0.031744
"D256370",0,0,0.037576,0.042512,0,0.13089,0.024668,0,0.029189,0.065617,0.10421,0.35896,0.15912,0.29452,0.24573,0.056911,0,0.11654,0.030048,0.075744,0.031901,0.077023,0.060967,0,0.32617,0.042963,0,0,0.086468,0.035763,0.029016,0.028416,0.021057,0.068969,0.019073,0.031209,0.081523,0.10586,0,0.08321,0,0.26659,0.16222,0.042617,0.046428,0.12796,0.12927,0.073616,0.094701,0,0.010976,0,0,0.028003,0,0,0.018,0,0,0.030952,0.04341,0.096893,0.20116,0.011866,0.014823,0,0.19991,0,0.12186,0.01615,0,0.040882,0.15692,0.042255,0.023156,0,0.08523,0,0.027603,0,0.089536,0.12319,0.10098,0.046537,0,0.027575,0,0.072118,0.26748,0,0.081502,0.12002,0.073431,1,0.22813,0,0,0.16086,0.075948,0.098956,0,0.22422,0.029051,0,0.072531,0.017592,0,0,0.11042,0.17513,0,0.059581,0,0.052888,0.046396,0.23328,0.063192,0.077736,0,0,0.055625,0,0,0.039646,0,0,0,0.062187,0.04114,0,0,0.06465,0,0,0,0,0,0.030429,0.029168,0.30184,0,0.030561,0,0,0.024986,0,0.035968,0,0,0,0,0,0.031327,0,0,0,0,0.079904,0.018781,0.05331,0.01789,0,0,0,0
"D256700",0.094003,0.13623,0.17631,0.27038,0.10062,0.31756,0.18276,0.19765,0.18288,0.11946,0.059709,0.31523,0.40927,0.35947,0.27807,0.20282,0.076699,0.13099,0.079586,0.20997,0.23696,0.26964,0.13205,0.12831,0.14095,0.12049,0.069883,0.095885,0.16345,0.053765,0.079525,0.044801,0.12301,0.15863,0.14049,0.24961,0.31374,0.26888,0.091333,0.38925,0.13092,0.432,0.3011,0.25712,0.12687,0.26583,0.24281,0.40629,0.1956,0.17448,0.20014,0.15348,0.15937,0.14764,0.15596,0.20494,0.14784,0.10094,0.1642,0.23016,0.058552,0.11329,0.25487,0.28432,0.23829,0.13822,0.2301,0.22597,0.21706,0.18747,0.1075,0.23073,0.054087,0.10212,0.2453,0,0.13455,0.20803,0.16714,0.13345,0.25532,0.33139,0.25407,0.08689,0.11292,0.073315,0.14059,0.1822,0.15702,0.1547,0.14082,0.26482,0.21813,0.22813,1,0.14263,0.23481,0.27705,0.12209,0.27424,0.13794,0.34535,0.29267,0.12951,0.10296,0.11473,0.045022,0.038444,0.12417,0.15502,0.11,0.23627,0,0.14311,0.19934,0.12414,0.10311,0.18682,0,0.10192,0.22426,0.059054,0,0.25655,0.23327,0.11311,0.063845,0.12386,0.18505,0,0.14458,0.10151,0.053645,0.11054,0.064984,0.091858,0.10936,0.063934,0.061307,0.26702,0.021499,0.064209,0.16716,0.12177,0.092067,0.1104,0.18911,0.12598,0.12737,0.12974,0.1574,0.1478,0.098793,0.090251,0.064471,0.17048,0.11287,0.23039,0.17785,0.22322,0.10308,0.044231,0.090506,0.054168,0.066061
"D260480",0.076137,0.13588,0.20364,0.12124,0.020073,0.20328,0.16072,0.20234,0.2754,0.048834,0,0,0.12966,0.092053,0.094892,0.19735,0.015527,0.1052,0.04536,0.13097,0.097665,0.18976,0.046431,0.024194,0.01954,0.12118,0.033063,0.045543,0.098632,0,0.043503,0,0.047843,0.11109,0.14458,0.19194,0.12684,0.16035,0.10123,0.12922,0,0.084141,0.073876,0.14927,0.19058,0.15008,0.17146,0.14104,0.047029,0.054743,0.13434,0.13811,0.20939,0.020896,0.12923,0.090469,0.080726,0.08208,0.058983,0.022479,0.048663,0.058328,0.074203,0.22995,0.11644,0.13502,0.12352,0.21836,0.035795,0.10994,0.043563,0.41244,0,0.11293,0.15562,0.053723,0.18676,0.20003,0.10952,0.052214,0.031559,0.21008,0.35556,0.10791,0.020595,0.040564,0.29434,0.084031,0.029275,0.1145,0.057802,0.15496,0.2517,0,0.14263,1,0.018915,0.1422,0.057075,0.31811,0.15362,0.050903,0.24525,0.036466,0.099998,0.082924,0.085051,0.053847,0.13221,0,0.25119,0.1652,0.061359,0.16331,0.03543,0,0.063433,0.074088,0.061442,0.14883,0.14137,0.11078,0.061216,0.12519,0.1208,0.039237,0.02953,0.078171,0.19505,0.061216,0.1978,0.11633,0.01808,0.017317,0.10514,0.13085,0.077736,0.068158,0.065366,0.038412,0.24283,0.068601,0.03329,0.021263,0.093584,0.17863,0.11713,0.031875,0,0.03288,0.068709,0.048011,0.023375,0.025336,0.030485,0.051647,0.077738,0.10718,0.056141,0.23476,0.040227,0.10492,0.025691,0.081812,0.031174
"D260970",0.2245,0.16258,0.10731,0.18753,0.15172,0,0.069518,0.040718,0.086526,0,0,0,0.049364,0.016298,0.038195,0,0.18537,0,0,0.091558,0.076615,0.25342,0,0.28067,0,0,0.12086,0.082863,0,0,0,0.038757,0,0,0.13139,0.24046,0.13343,0.08045,0,0.20336,0.20129,0.033046,0.035777,0.20264,0,0.085313,0.094267,0.016578,0,0.12739,0.029904,0.10915,0.22218,0.25494,0.21529,0.097536,0,0,0.26186,0.30494,0,0,0.022543,0.066269,0.1818,0.078468,0.092619,0.035263,0,0.13347,0.12147,0.018556,0,0.057505,0.16825,0,0.064337,0,0.13393,0.12927,0,0.04761,0.033726,0,0,0,0.046262,0,0,0.17562,0,0.07135,0.13215,0,0.23481,0.018915,1,0.11272,0.034736,0.060259,0.084907,0.084987,0.059276,0.13709,0.05858,0.073579,0,0,0,0,0,0.019592,0,0,0.11821,0,0,0.1199,0,0,0.025095,0,0,0.11358,0.23239,0.10884,0.053921,0.056046,0,0,0.033741,0,0.10932,0.23987,0,0.095155,0.047189,0,0,0,0.055769,0,0.18439,0.11861,0,0.072231,0.10754,0.12117,0.16732,0.12537,0.12809,0.11987,0.042682,0.19183,0.055666,0.16379,0.035399,0.14905,0.30736,0.051188,0,0,0.046911,0,0.056924
"D264700",0.12063,0.15231,0.24535,0.25217,0.062774,0.29463,0.17409,0.19051,0.21003,0.027049,0,0.097801,0.28561,0.20504,0.17432,0.099978,0.12834,0.23472,0.10626,0.25995,0.27727,0.18217,0.144,0.097199,0.15676,0.10434,0.18775,0.18867,0.098363,0.02083,0.10649,0.016551,0.11309,0.14277,0.088907,0.18462,0.21849,0.30241,0.080645,0.28144,0.1204,0.13817,0.25202,0.23495,0.16658,0.27858,0.27165,0.18209,0.09101,0.1288,0.16377,0.21957,0.20121,0.13274,0.048671,0.11207,0.27162,0.080321,0.13698,0.16327,0.089428,0.033996,0.22431,0.21857,0.23641,0.067188,0.2744,0.26198,0.13952,0.19061,0.05098,0.19369,0.15168,0.14933,0.16693,0,0.16237,0.11515,0.23632,0.12649,0.089813,0.29985,0.30204,0.08137,0,0.10039,0.18344,0.08476,0.18328,0.19813,0.066119,0.21517,0.25178,0.16086,0.27705,0.1422,0.11272,1,0.10377,0.24225,0.12426,0.19532,0.27837,0.085883,0.062892,0.092377,0.37423,0.10572,0.22234,0.03367,0.12453,0.19964,0.071646,0.22262,0.16427,0.076866,0.049956,0.19436,0.071832,0,0.19946,0.12953,0.071332,0.21023,0.21482,0.10761,0.069106,0.085336,0.14258,0.071332,0.11705,0.17012,0.097633,0.17045,0.049172,0.1745,0.16778,0.053173,0.050995,0.070659,0.023842,0.053403,0.077902,0.12064,0.10665,0.10732,0.18363,0.089467,0.061799,0.078162,0.13509,0.11391,0.072985,0.16916,0.07139,0.18232,0.07604,0.18252,0.1001,0.18078,0.073424,0.049052,0.060163,0.031174,0.073012
"D266120",0,0.11794,0,0.13251,0.036834,0.10356,0.10061,0.061177,0.13937,0,0,0.13044,0.11509,0.13034,0.13324,0.077188,0,0.092006,0.1232,0.10281,0.06537,0.10269,0.054626,0.022169,0.035388,0.14683,0,0,0.088747,0.14563,0.23658,0.15464,0.085747,0.13123,0.025803,0.12806,0.086564,0.15907,0,0.073293,0.034687,0.16504,0.23369,0.094766,0.15248,0.20026,0.093848,0.13247,0,0.049833,0.044686,0.10864,0.076743,0.037883,0,0.032658,0.097786,0,0.017645,0.020669,0.093447,0.026165,0.11221,0.13625,0.14529,0,0.067703,0.20471,0.097418,0.043961,0,0.074101,0,0.090753,0.031512,0.27458,0.061223,0.088948,0.096042,0,0.085963,0.13214,0.13768,0.22899,0,0.22127,0.067471,0.12212,0.053059,0.085029,0.052372,0.092952,0.13828,0.075948,0.12209,0.057075,0.034736,0.10377,1,0.19649,0,0.092471,0.098887,0,0.029083,0.023798,0.11614,0,0.087195,0.039072,0.10569,0.13729,0,0.10758,0.12733,0.044536,0.14393,0.026262,0,0,0.17583,0.15233,0,0.086442,0.14061,0,0,0.16978,0.074446,0,0.13524,0.051512,0,0.03177,0,0,0.14129,0.041164,0.039458,0.06315,0,0.041342,0.030487,0,0.13588,0,0.099487,0,0,0,0.093884,0,0.042378,0,0,0.018857,0.035541,0.094456,0.051124,0.13927,0.024202,0,0,0,0
"D266600",0.058332,0.19056,0.14552,0.28598,0.04693,0.32552,0.27566,0.15803,0.40259,0.12843,0.039866,0.13129,0.28355,0.33983,0.24115,0.19151,0.036325,0.15838,0.12258,0.30217,0.27329,0.39518,0.16104,0.037798,0.091389,0.13987,0.02574,0.052998,0.2553,0.10131,0.17896,0.066042,0.15605,0.30269,0.12208,0.21998,0.21829,0.26146,0.20571,0.21055,0.11398,0.25081,0.28728,0.26432,0.28619,0.39881,0.2981,0.28424,0.10772,0.18238,0.19932,0.13805,0.17756,0.065381,0.08219,0.17084,0.18108,0.095634,0.14506,0.070091,0.15168,0.24099,0.23234,0.37923,0.23951,0.085886,0.21623,0.36386,0.11254,0.15995,0.067937,0.66235,0,0.16064,0.20405,0.13067,0.17915,0.29194,0.23783,0.10105,0.11559,0.40426,0.40651,0.20234,0.21299,0.16807,0.24242,0.21157,0.14965,0.33007,0.1084,0.20051,0.29069,0.098956,0.27424,0.31811,0.060259,0.24225,0.19649,1,0.098267,0.17567,0.3076,0.071415,0.088591,0.12479,0.11571,0.171,0.17508,0.068045,0.1855,0.37132,0.11941,0.22565,0.26614,0.077282,0.16386,0.20502,0.11966,0.090507,0.27219,0.17042,0.11899,0.20285,0.21327,0.061261,0.022989,0.17143,0.27115,0.11899,0.23026,0.25784,0.090462,0.054632,0.1801,0.1021,0.12527,0.22047,0.24298,0.11328,0.023777,0.22088,0.090687,0.068141,0.24245,0.25623,0.19714,0.062955,0.039767,0.064729,0.10695,0.10059,0.091069,0.060334,0.023733,0.064217,0.17641,0.16894,0.14208,0.35116,0.14362,0.17949,0.080101,0.090912,0.02427
"D267740",0.083568,0.10835,0.28636,0.19947,0.13479,0.094031,0.12487,0.31209,0.032302,0,0,0,0.12215,0,0.070108,0.17895,0.13927,0.091117,0,0.031995,0,0.16776,0.036732,0.13531,0,0,0.60544,0.38894,0,0,0,0,0,0,0.3356,0.19517,0.14454,0.12175,0,0.1926,0,0.020225,0.06569,0.19786,0,0.11564,0.25116,0.1322,0,0.15317,0.094107,0.087908,0.20304,0.18731,0.35066,0.079923,0,0.093585,0.15974,0.10077,0,0,0.082822,0.20871,0.21147,0.46284,0.020498,0.20477,0,0.16314,0.14637,0.1694,0,0.070698,0.25784,0,0,0.11111,0.29208,0.21614,0,0.087289,0.13309,0,0,0,0.055237,0,0,0,0.066328,0.086124,0.047191,0,0.13794,0.15362,0.084907,0.12426,0,0.098267,1,0.095471,0.18087,0.20393,0.27136,0.28375,0,0,0.086361,0,0,0.048536,0,0,0.10336,0,0,0.097192,0,0.3535,0,0,0,0.17224,0.12897,0.13152,0.19797,0.068904,0.12538,0,0.04131,0,0.19154,0.26992,0,0.44639,0.17337,0,0,0,0.068292,0,0.14898,0.19058,0,0.088806,0.37864,0.21884,0,0.18496,0.23145,0.25292,0.15681,0.42336,0.20451,0.18352,0,0.39078,0.062916,0.041938,0,0,0.17235,0.20798,0.20915
"D273300",0.07665,0.10554,0.097973,0.23296,0.098296,0.15126,0.12099,0.092004,0.077209,0.091542,0.083201,0.27442,0.38625,0.29698,0.2229,0.074783,0.10206,0.11084,0.11038,0.13864,0.15802,0.12646,0.076036,0.12039,0.21748,0.071824,0.081,0.055527,0.14556,0.021754,0.071033,0.051889,0.052952,0.13166,0.069799,0.12877,0.29217,0.1657,0.042403,0.31106,0.1541,0.30238,0.22522,0.14936,0.092683,0.20565,0.17953,0.21643,0.19888,0.13382,0.075351,0.082308,0.080707,0.12078,0.084221,0.13118,0.114,0.033492,0.12658,0.12253,0.032719,0.088187,0.40265,0.11243,0.15804,0.087693,0.24582,0.086954,0.26784,0.098915,0.035491,0.1214,0.16054,0.083204,0.11491,0,0.057956,0.10712,0.17291,0.086012,0.22334,0.21197,0.14468,0.077119,0,0.066506,0.060995,0.11681,0.23604,0.050865,0.19375,0.16218,0.14456,0.22422,0.34535,0.050903,0.084987,0.19532,0.092471,0.17567,0.095471,1,0.11517,0.11926,0.065398,0.11527,0.074246,0.021891,0.10502,0.22239,0.13315,0.20089,0.024928,0.096504,0.18682,0.21133,0.096761,0.18564,0.024983,0.023202,0.20581,0.090637,0.024834,0.22479,0.18959,0.083365,0.072175,0.10711,0.10521,0.024834,0.090672,0.046215,0.076922,0.11434,0.024192,0.063576,0.12689,0.01851,0.017742,0.16964,0.024898,0.01859,0.11046,0.087051,0.093302,0.015939,0.1564,0.10485,0.06357,0.10788,0.15382,0.13092,0.076225,0.10445,0.07456,0.15342,0.04753,0.29233,0.057156,0.15182,0.045396,0,0.062834,0,0.076254
"D275000",0.058341,0.22156,0.13877,0.22557,0.041928,0.30051,0.22504,0.20246,0.29364,0,0,0.014343,0.2849,0.1706,0.13443,0.15761,0.032433,0.24987,0.21385,0.37588,0.2935,0.3374,0.064469,0.050567,0.040782,0.12081,0.069134,0.071089,0.065366,0,0.094374,0.022148,0.049334,0.08612,0.17893,0.30783,0.14931,0.56311,0.13194,0.23681,0.072289,0.11384,0.22887,0.24465,0.28428,0.29117,0.3167,0.24824,0.047145,0.18651,0.14705,0.2759,0.25273,0.043649,0.17541,0.15021,0.17913,0.085549,0.16336,0.094751,0.050704,0,0.10323,0.32869,0.25021,0.16048,0.19498,0.33677,0.18621,0.13879,0.045448,0.3008,0,0.20407,0.15503,0.057989,0.10706,0.17042,0.25587,0.040253,0.15129,0.23805,0.47039,0.10816,0,0.089654,0.34051,0.15694,0.076531,0.16411,0.060382,0.31452,0.32442,0.029051,0.29267,0.24525,0.059276,0.27837,0.098887,0.3076,0.18087,0.11517,1,0.11445,0.18712,0.15344,0.16084,0.28429,0.30545,0.022534,0.081426,0.21681,0.29235,0.38495,0.19645,0,0.08249,0.12281,0.29218,0.15162,0.27122,0.34463,0.29259,0.18085,0.18408,0.08182,0.030839,0.097381,0.19974,0.29259,0.56346,0.21284,0.078974,0.054265,0.12109,0.22084,0.10816,0.047446,0.04549,0.038472,0.031896,0.047806,0.069413,0.044415,0.1191,0.19807,0.1815,0.10025,0.1086,0.12339,0.16094,0.11676,0.12517,0.052944,0.031837,0.11896,0.12158,0.17712,0.10355,0.2413,0.19227,0.13029,0.13795,0.08068,0.032556
"D300125",0.16499,0.14239,0.15108,0.12607,0.14143,0.12295,0.16314,0.15826,0.076656,0,0,0,0.11085,0,0.074835,0.074636,0.16481,0,0,0.1002,0.084309,0.11188,0,0.1497,0,0,0.23288,0.15963,0,0,0,0,0,0,0.15049,0.12314,0.1007,0.095543,0,0.089344,0.069564,0.047694,0.10332,0.14679,0,0.10735,0.14477,0.066058,0,0.75392,0.086425,0.068834,0.099978,0.25945,0.2567,0.062582,0,0.072226,0.13588,0.15885,0.056873,0,0.065104,0.19088,0.11786,0.18905,0.081129,0.17002,0,0.28143,0.11477,0.05359,0,0.16659,0.23582,0,0.04067,0.057252,0.11142,0.2041,0,0.08033,0.032444,0,0.086188,0,0.065105,0.047062,0,0.027369,0.025344,0.067506,0.092756,0,0.12951,0.036466,0.13709,0.085883,0,0.071415,0.20393,0.11926,0.11445,1,0.22758,0.20848,0,0,0,0,0,0,0,0,0.18334,0,0,0.154,0,0.050027,0,0,0,0.16807,0.17052,0.10312,0.15562,0.053954,0.035947,0,0.032446,0,0.16713,0.1867,0,0.18299,0.13628,0,0,0,0.053681,0,0.23389,0.14952,0.032779,0.069535,0.17278,0.94585,0.20865,0.9466,0.93936,0.88643,0.24673,0.27137,0.16076,0.12745,0,0.15474,0.098685,0.032839,0.047327,0,0.2712,0,0.16441
"D303110",0.086559,0.099903,0.088054,0.099386,0.031087,0.074394,0.071319,0.24456,0.056148,0,0,0.021232,0.13385,0.01381,0.048619,0.16758,0.048093,0.08032,0.070406,0.088386,0.037945,0.16501,0.025481,0.05614,0,0,0.10252,0.070285,0.018886,0.041327,0.03353,0.06591,0.048771,0.047076,0.24586,0.18327,0.044091,0.084255,0,0.11392,0,0.028015,0.076648,0.13099,0.035287,0.046974,0.21251,0.13286,0,0.1705,0.11724,0.060649,0.13261,0.097085,0.44584,0.055141,0.020801,0.16416,0.090543,0.034835,0.050635,0.02235,0.038238,0.16703,0.15754,0.24041,0.099215,0.16716,0,0.09387,0.067393,0.08016,0,0.2522,0.13613,0,0.034862,0.10106,0.15074,0.039801,0,0.090756,0.10138,0,0,0.031864,0.038251,0.025687,0.045495,0,0.022342,0.07927,0.065698,0.072531,0.10296,0.099998,0.05858,0.062892,0.029083,0.088591,0.27136,0.065398,0.18712,0.22758,1,0.37663,0.066268,0.04173,0.10176,0.033375,0,0.033356,0.047496,0.030501,0.071511,0,0,0.20333,0.047628,0.22797,0,0.04185,0.047272,0.21491,0.029773,0.060568,0.045731,0.071306,0.11272,0.047272,0.028603,0.021914,0.028,0.053654,0,0.080712,0.040021,0.035163,0.033705,0,0.047298,0.035315,0.051468,0.065861,0.057754,0.091652,0.21996,0.19974,0.052811,0.20645,0.21276,0.22385,0.072399,0.078508,0.047211,0.04778,0,0.19512,0.086887,0.043401,0.14808,0,0.039785,0.12354,0.048278
"D312910",0.11873,0.12269,0.14742,0.16487,0.10765,0.061741,0.070069,0.17568,0.082823,0,0,0.017373,0.10337,0.022634,0.11927,0.21709,0.12274,0.10975,0.085324,0.089832,0.045244,0.22465,0.040234,0.12639,0,0,0.16821,0.1153,0.015454,0.033817,0.027437,0.053871,0.039863,0.025502,0.21398,0.13579,0.086961,0.15481,0,0.18958,0,0.04845,0.11181,0.24595,0.014288,0.093845,0.19712,0.070983,0,0.1563,0.11834,0.049818,0.12823,0.21873,0.36988,0.045293,0.034103,0.13689,0.16098,0.11913,0.020502,0.018288,0.094625,0.1143,0.21911,0.25369,0.058698,0.14927,0.022627,0.21026,0.20048,0.10522,0,0.21112,0.16735,0,0.057012,0.083066,0.29002,0.065227,0,0.15795,0.10724,0,0,0.026074,0.031376,0,0.12812,0,0.018303,0.081266,0.053554,0.017592,0.11473,0.082924,0.073579,0.092377,0.023798,0.12479,0.28375,0.11527,0.15344,0.20848,0.37663,1,0.053737,0.10215,0.10403,0.054704,0,0.027399,0.11628,0.074813,0.14631,0,0,0.11028,0.11658,0.18932,0,0.10244,0.11577,0.20674,0.10302,0.16274,0.1614,0.097536,0.12856,0.11577,0.047007,0.053704,0.069042,0.11591,0,0.13218,0.13846,0.028773,0.02758,0,0.038846,0.028897,0.15295,0.22692,0.047259,0.099855,0.37927,0.18275,0,0.18886,0.19495,0.23416,0.11859,0.12877,0.16348,0.19332,0,0.33648,0.14629,0.059296,0.10198,0,0.097788,0.10423,0.16749
"D600081",0,0.16545,0,0.081382,0,0.083724,0.056688,0.14465,0.14811,0,0,0.028081,0.092495,0.055276,0.13543,0,0,0.2171,0.23091,0.11588,0.15411,0.080717,0.061386,0,0,0.065795,0,0,0.1251,0,0.13378,0,0.032097,0.20617,0.029072,0.09619,0.077869,0.16331,0.051245,0.080458,0,0.055896,0.14625,0.10684,0.20964,0.101,0.1265,0.079268,0,0.027955,0.03346,0.16274,0.11541,0,0,0.036363,0.2123,0,0.019641,0.022946,0.16555,0,0.076172,0.16823,0.16917,0,0.14128,0.17845,0.16281,0.024616,0,0.083381,0,0.16107,0.017641,0,0.092164,0.066828,0.17988,0,0.13768,0.12351,0.13734,0.070498,0,0.12464,0.13354,0.055213,0,0.063974,0.029512,0.13876,0.21614,0,0.045022,0.085051,0,0.37423,0.11614,0.11571,0,0.074246,0.16084,0,0.066268,0.053737,1,0.10987,0.20567,0,0.1696,0.095885,0.12505,0.16114,0.11998,0,0.064821,0.059303,0.1254,0,0.12279,0.28231,0.12446,0.1247,0.079209,0,0,0.063438,0.091627,0.12446,0.076087,0.086487,0,0,0,0,0.15961,0,0,0,0,0,0,0,0.16718,0.080002,0.18709,0,0,0,0.10606,0,0,0,0,0.020983,0.039505,0.17304,0,0.09749,0.082883,0,0,0,0
"D600319",0,0.083365,0,0.10278,0,0.098301,0.12529,0.087717,0.24211,0,0,0,0.11752,0.023116,0.054155,0,0,0.22371,0.2969,0.52084,0.34707,0.10294,0.17813,0,0,0,0,0.11952,0,0,0,0,0.14109,0.02607,0,0,0,0.15065,0.2318,0.058582,0,0.046965,0.12753,0.16606,0.091267,0.12479,0.053256,0,0,0,0.043226,0.051045,0.036576,0,0,0.15066,0.1064,0.10776,0,0,0.083846,0,0.032002,0.068917,0.02873,0,0.11984,0.15196,0.046149,0.063507,0,0.13718,0,0.16438,0.117,0.13908,0.18535,0.042022,0.10694,0,0,0.067058,0.34157,0.044338,0,0,0.09619,0.034694,0.11516,0,0.037364,0.13267,0.10945,0,0.038444,0.053847,0,0.10572,0,0.171,0,0.021891,0.28429,0,0.04173,0.10215,0.10987,1,0.3808,0.055871,0,0.02778,0.87656,0.57612,0.15096,0,0.040557,0.075099,0.87658,0,0.071355,0.77117,0.87645,0.050959,0,0.050858,0,0.039788,0.026503,0.87645,0.16122,0.33406,0,0,0.10903,0.13581,0,0.05884,0.056401,0,0,0.059478,0,0,0.048587,0.20807,0.069481,0,0,0,0,0,0,0,0,0,0.18271,0.061646,0.10921,0.04847,0.33561,0.10885,0,0,0
"D600496",0,0.12433,0.021587,0.19996,0,0.23619,0.057275,0.19336,0.15276,0.024983,0,0.085675,0.14099,0.12426,0.14951,0.067719,0,0.89132,0.54479,0.48071,0.5926,0.14819,0.023388,0,0.090221,0.049312,0,0,0.13506,0,0.17478,0,0,0.093492,0.044151,0.12714,0.029299,0.20866,0,0.13128,0,0.12663,0.29749,0.24984,0.10769,0.13414,0.231,0.1274,0,0.021044,0.025273,0.092142,0.15283,0,0.066707,0,0.11188,0.031587,0.04479,0.035069,0.099758,0.022323,0.095255,0.13761,0.12312,0.07029,0.3193,0.1662,0.19797,0.018562,0,0.14437,0.05908,0.097658,0.095277,0.082573,0.11486,0.10006,0.15196,0.020401,0.098161,0.18475,0.44151,0.079183,0,0.16451,0.11525,0.061997,0.090469,0.071881,0.044419,0.17874,0.17988,0.11042,0.12417,0.13221,0,0.22234,0.087195,0.17508,0.086361,0.10502,0.30545,0,0.10176,0.10403,0.20567,0.3808,1,0.033222,0.18518,0.18656,0.43463,0.51342,0.14491,0.037858,0.072683,0.090499,0.43437,0.091123,0.12972,0.51145,0.435,0.075176,0.059366,0,0,0.071188,0.12848,0.435,0.15278,0.11382,0,0,0.06473,0.080629,0.20926,0.034964,0.033515,0,0,0.035344,0,0,0.14773,0.15373,0.18508,0,0.052768,0,0.079624,0,0,0,0,0,0,0.16947,0.043164,0.087795,0.19626,0.064627,0,0.11833,0
"D600634",0,0,0.059648,0.08324,0,0.04037,0.019139,0,0.030135,0.13745,0.16661,0.17973,0.2285,0.26532,0.16532,0.089679,0,0.03505,0.046711,0.058738,0.02474,0.066848,0.031575,0,0.04251,0.068191,0,0,0.19273,0.055519,0.045045,0.044114,0.032689,0.17621,0.02961,0.049577,0.22702,0.069418,0,0.11739,0,0.22221,0.062312,0.043278,0.073206,0.048252,0.021359,0.19112,0.29,0,0.017039,0,0,0.043473,0,0,0.055912,0,0,0,0.06891,0.21916,0.26587,0.019279,0.023011,0,0.058117,0.020112,0.28172,0.025072,0,0.085744,0,0.09985,0.01797,0,0.02337,0,0.065274,0,0.27233,0.095217,0.019208,0.073853,0,0.042807,0,0.085642,0.060929,0,0.21839,0.13417,0.04533,0.17513,0.15502,0,0,0.03367,0.039072,0.068045,0,0.22239,0.022534,0,0.033375,0.054704,0,0.055871,0.033222,1,0,0.02342,0.063621,0.04108,0.097121,0.1064,0.099577,0.2957,0.063761,0,0,0.05604,0.063382,0.062551,0,0,0,0.097983,0.064826,0.063382,0.038599,0.02944,0,0,0,0,0,0.047238,0.045281,0.15582,0,0.047443,0,0,0.038789,0,0.057139,0,0,0,0,0,0.048632,0,0,0,0,0.1998,0.029155,0.083868,0.055568,0,0,0,0
"D600803",0,0.15071,0.052411,0.13701,0,0.16044,0.069461,0.10597,0.12747,0.060632,0,0.02565,0.13929,0.13541,0.13958,0.079347,0,0.19439,0.12665,0.079324,0.21126,0.091198,0.056284,0,0.036446,0.059762,0,0,0.139,0,0.12174,0,0.062525,0.15132,0,0.065888,0.053234,0.083163,0,0.11974,0,0.085906,0.13982,0.11674,0.08591,0.059971,0.14209,0.11917,0,0.05317,0.061296,0.11169,0.07889,0,0,0,0.16033,0,0.017962,0,0.030259,0.081175,0.094237,0.13306,0.10844,0,0.12868,0.054554,0.13954,0.045053,0.040647,0.15304,0,0,0.10039,0,0.16985,0.091034,0.13998,0.073456,0.11866,0.22536,0.16017,0.064033,0.038388,0.11342,0.093328,0.05015,0,0.058108,0.067035,0.12297,0.12317,0,0.11,0.25119,0,0.12453,0.10569,0.1855,0,0.13315,0.081426,0,0,0,0.1696,0,0.18518,0,1,0.22756,0,0.11019,0.13583,0,0.094091,0.11548,0,0,0.1918,0.15661,0,0.12626,0.071946,0,0,0.05762,0.078732,0,0.06911,0,0,0,0,0,0.14525,0,0,0,0,0,0.0311,0,0.14366,0.073075,0.13763,0,0,0,0.096514,0.061384,0,0,0,0.038429,0,0.10626,0.026178,0.11088,0.025057,0,0,0,0
"D600807",0.01957,0.16911,0.10391,0.28875,0.041569,0.36407,0.14491,0.12897,0.18933,0.067517,0.05273,0.11853,0.22643,0.19902,0.22611,0.1657,0,0.17892,0.070408,0.19351,0.20245,0.27479,0.082258,0.025006,0.060664,0.27588,0,0.023581,0.1065,0.055246,0.13712,0.087828,0.083568,0.13829,0.029466,0.15922,0.17201,0.18496,0.053789,0.2042,0.097552,0.26842,0.2696,0.11887,0.21732,0.341,0.16423,0.23738,0.097569,0.11342,0.13062,0.062093,0.10309,0,0.04299,0.14777,0.14831,0.021212,0.060936,0.058667,0.11743,0.060168,0.16777,0.29869,0.18842,0.044634,0.11953,0.1829,0.15601,0.12593,0.022519,0.22415,0.039664,0.065281,0.1089,0.08309,0.089293,0.38905,0.13746,0.11202,0.22324,0.32758,0.3473,0.21788,0.021268,0.12944,0.065426,0.2668,0.01523,0.24268,0.077867,0.13492,0.25481,0.059581,0.23627,0.1652,0.019592,0.19964,0.13729,0.37132,0.048536,0.20089,0.21681,0,0.033356,0.027399,0.095885,0.02778,0.18656,0.02342,0.22756,1,0.031624,0.21646,0.17005,0.051798,0.18566,0.091075,0.031705,0.058993,0.32418,0.11494,0.031486,0.21158,0.20277,0.085732,0,0.16829,0.30057,0.031486,0.18084,0.046915,0.057376,0.035841,0.021693,0.026929,0.080748,0.25549,0.23134,0.022461,0,0.25101,0.034393,0.044445,0.31085,0.12973,0.11948,0,0,0,0.053657,0.050869,0,0,0,0.042585,0.060306,0.097257,0.072556,0.27104,0.013819,0.021603,0,0,0
"D601208",0,0.094884,0,0.11704,0,0.055582,0.055414,0.032924,0.23285,0,0,0,0.079738,0.026322,0.061637,0,0,0.25583,0.33953,0.46057,0.32461,0.11723,0.044789,0,0,0,0,0,0,0,0,0,0,0.029672,0,0,0,0.17158,0,0.033051,0,0.026681,0.1458,0.15893,0.10396,0.070473,0.060614,0,0,0,0,0,0,0,0,0,0.039674,0,0,0,0.095438,0,0.03644,0.052217,0.032699,0,0.13701,0.11512,0.05255,0,0,0.061058,0,0.18722,0.051056,0.15848,0.099387,0.047836,0.091123,0,0,0.076335,0.30327,0.050472,0,0,0.073014,0.039494,0.043276,0,0.042533,0.11327,0.12465,0,0,0.061359,0,0.071646,0,0.11941,0,0.024928,0.29235,0,0.047496,0.11628,0.12505,0.87656,0.43463,0.063621,0,0.031624,1,0.65749,0.17261,0,0.046168,0.085496,0.99998,0,0.08131,0.87975,0.99993,0,0,0,0,0.045293,0.03017,0.99993,0.18369,0.21762,0,0,0.12424,0.15476,0,0.066981,0.064205,0,0,0.067708,0,0,0.05531,0.23697,0.079081,0,0,0,0,0,0,0,0,0,0,0.070164,0.082845,0.055232,0.38299,0.12404,0,0,0
"D601318",0,0.15302,0.026609,0.15087,0,0.19949,0.14718,0.08488,0.23681,0.030795,0,0,0.19357,0.1923,0.099157,0.026901,0,0.41391,0.31553,0.65016,0.38455,0.18507,0.02892,0,0.074244,0.15506,0,0,0.094834,0,0.08229,0,0,0.096387,0,0.16475,0.13218,0.30321,0,0.13135,0,0.12127,0.21583,0.16696,0.23407,0.17291,0.20438,0.12624,0,0.051765,0.015557,0.07595,0.053281,0,0,0,0.076638,0,0.023524,0,0.091994,0.027515,0.093762,0.19556,0.17853,0,0.18011,0.20869,0.16964,0.02288,0,0.22632,0,0.12033,0.049335,0.10167,0.085951,0.18718,0.099901,0.025146,0.059696,0.18067,0.44783,0.19725,0,0.076729,0.093708,0.21266,0.083741,0.21596,0.081966,0.16999,0.22692,0.052888,0.14311,0.16331,0,0.22262,0.10758,0.22565,0,0.096504,0.38495,0,0.030501,0.074813,0.16114,0.57612,0.51342,0.04108,0.11019,0.21646,0.65749,1,0.16182,0,0.11969,0.082633,0.65719,0,0.24433,0.68565,0.65793,0.036025,0.27263,0,0,0.11853,0.1038,0.65793,0.29699,0.18828,0,0,0.079702,0.099279,0.09816,0.042999,0.041217,0,0,0.043466,0,0,0.15539,0.18923,0.10356,0,0,0,0.065464,0,0,0,0,0,0,0.09801,0.053147,0.18823,0.25256,0.079576,0,0,0
"D601367",0.1477,0.29218,0.14226,0.36957,0.11534,0.1486,0.32565,0.15124,0.18434,0.036422,0.086506,0.12664,0.21407,0.094201,0.21594,0.19731,0.16327,0.15389,0.20493,0.2615,0.30167,0.19829,0.10555,0.15714,0.021734,0.10798,0.14751,0.10111,0.11512,0.17556,0.22716,0.094656,0.14859,0.16135,0.063382,0.10497,0.16476,0.18579,0.08755,0.1932,0.12873,0.16668,0.38477,0.25947,0.1037,0.21428,0.23715,0.15331,0.10359,0.18368,0.2075,0.13539,0.16083,0.19003,0.045988,0.10214,0.16893,0,0.17524,0.14178,0.16229,0.048202,0.18121,0.16999,0.2305,0.14368,0.21021,0.21766,0.18399,0.17488,0.072695,0.091298,0,0.14028,0.18065,0.059549,0.091713,0.073597,0.26721,0.19111,0.12984,0.21066,0.19923,0.1167,0,0.2156,0.11279,0.22681,0.032612,0.053074,0.06759,0.14352,0.23851,0.046396,0.19934,0.03543,0.11821,0.16427,0.12733,0.26614,0.10336,0.18682,0.19645,0.18334,0.071511,0.14631,0.11998,0.15096,0.14491,0.097121,0.13583,0.17005,0.17261,0.16182,1,0.028287,0.10627,0.22885,0.17213,0,0.11242,0.24715,0.17337,0.16309,0.26297,0.10941,0.098566,0.22784,0.1053,0.17337,0.11161,0.11351,0.1679,0.1577,0.033004,0.11591,0.20372,0.025278,0.02423,0.043423,0.034002,0.025387,0.22941,0.16869,0.0847,0.14069,0.24622,0.16112,0.089012,0.16635,0.23023,0.19668,0.32481,0.17096,0.10182,0.13606,0.070276,0.26049,0.12587,0.13967,0.29402,0,0.32979,0,0.14027
"D601518",0,0,0.034325,0.038223,0,0.068012,0,0,0,0.078899,0.12457,0.20414,0.26003,0.15752,0.13116,0.034696,0,0.039946,0,0,0,0.038613,0.035589,0,0.23297,0.039021,0,0,0.067276,0,0,0,0,0.051146,0,0.028559,0.05496,0.052942,0,0.094234,0,0.13913,0.070718,0.024798,0.056159,0.072746,0.048738,0.044663,0.062566,0,0,0,0,0,0,0,0,0,0,0.02678,0.039684,0.0696,0.50874,0.042779,0,0,0.13122,0,0.089992,0,0,0.049006,0.18196,0.038628,0,0,0.02662,0,0.025265,0,0.085006,0.12361,0.065673,0.04201,0,0,0,0.033428,0.21017,0,0.076892,0.061602,0.051379,0.23328,0.12414,0,0,0.076866,0.044536,0.077282,0,0.21133,0,0,0,0,0,0,0.037858,0.1064,0,0.051798,0,0,0.028287,1,0.075623,0.069858,0,0,0.032542,0,0,0.026117,0,0,0,0.037682,0.025074,0,0,0.033443,0,0,0,0,0,0,0,0.21848,0,0,0,0,0,0,0.03294,0,0,0,0,0,0,0,0,0,0,0.057452,0,0.050848,0,0,0,0,0
"D601626",0,0.103,0.042481,0.2303,0,0.25913,0.08453,0.03414,0.098056,0.074196,0.30267,0.088058,0.1251,0.12994,0.099572,0.085884,0,0.051266,0.068815,0.085958,0.07265,0.17741,0,0,0.06004,0.32913,0,0,0.09782,0.081095,0.13179,0.064443,0.047748,0.12423,0,0.071414,0.107,0.083399,0,0.089643,0.029816,0.23225,0.078832,0.031708,0.36656,0.11889,0.06298,0.13906,0.10713,0.065811,0.024881,0.060911,0.042733,0,0,0,0.04092,0,0,0,0.17197,0.065653,0.15522,0.10828,0.089226,0,0.070015,0.10807,0.13786,0,0,0.15447,0,0.11946,0.013049,0.16367,0.016971,0.098961,0.069075,0,0.17361,0.1202,0.070533,0.55118,0,0.12294,0.056244,0.27328,0,0.12346,0.36818,0.13894,0.23102,0.063192,0.10311,0.063433,0,0.049956,0.14393,0.16386,0,0.096761,0.08249,0,0,0,0.064821,0.040557,0.072683,0.099577,0.094091,0.18566,0.046168,0.11969,0.10627,0.075623,1,0.043859,0.046287,0,0.08401,0.12677,0.045967,0.074824,0.088163,0,0,0.59863,0.077639,0.045967,0.11443,0,0,0,0.03167,0.039314,0.078728,0.034307,0.032885,0.085457,0,0.034679,0,0,0.085238,0.029783,0.062619,0,0,0,0.052502,0,0,0,0,0.031481,0,0.11551,0.021173,0.39994,0.020175,0.031539,0,0,0
"D601665",0.10547,0.1585,0.20157,0.24723,0.11246,0.1067,0.13002,0.23431,0.10133,0.09123,0.071019,0.081055,0.29397,0.14335,0.16647,0.14276,0.17605,0.095198,0.095317,0.17972,0.22039,0.1118,0.063369,0.11959,0.0273,0.070456,0.13896,0.095259,0.14275,0.037317,0.030277,0.029651,0.068795,0.18536,0.079621,0.08142,0.20554,0.13773,0,0.19227,0.13142,0.11963,0.20966,0.23442,0.064132,0.13909,0.11851,0.12904,0.098997,0.11513,0.12818,0.027382,0.13937,0.2077,0.028885,0.02489,0.094033,0,0.13548,0.16017,0.13614,0.18473,0.19183,0.1761,0.15906,0.090306,0.2803,0.094729,0.10205,0.13509,0.060882,0.15751,0,0.15554,0.15241,0,0.13546,0,0.19415,0.18529,0.04921,0.2195,0.11723,0.023951,0,0.028773,0.087711,0.037981,0.040951,0.065661,0.044522,0.089343,0.13467,0.077736,0.18682,0.074088,0.1199,0.19436,0.026262,0.20502,0.097192,0.18564,0.12281,0.154,0.20333,0.11028,0.059303,0.075099,0.090499,0.2957,0.11548,0.091075,0.085496,0.082633,0.22885,0.069858,0.043859,1,0.085709,0,0.061435,0.07532,0.085134,0.12169,0.16362,0.082092,0.12382,0.085924,0.075302,0.085134,0.025941,0.082059,0.13204,0.17243,0,0.10907,0.10843,0.031751,0.030435,0.10622,0.04271,0.031889,0.11649,0.089231,0.026072,0.17011,0.15537,0.13563,0.19799,0.13946,0.14396,0.18049,0.1638,0.17929,0.12791,0.14567,0.02719,0.18404,0.058795,0.095764,0.18285,0,0.14411,0,0.13082
"D601666",0,0.095147,0,0.1173,0,0.055657,0.05549,0.033016,0.23279,0,0,0,0.079939,0.02638,0.061809,0,0,0.25508,0.33854,0.46059,0.32435,0.11747,0.044888,0,0,0,0,0,0,0,0,0,0,0.029755,0,0,0,0.17192,0,0.033143,0,0.02675,0.14542,0.15844,0.10415,0.070583,0.060783,0,0,0,0,0,0,0,0,0,0.039761,0,0,0,0.095694,0,0.036521,0.052362,0.03279,0,0.13665,0.11534,0.052666,0,0,0.06114,0,0.18758,0.051125,0.1587,0.099656,0.047959,0.091358,0,0,0.076532,0.30324,0.050602,0,0,0.073113,0.039596,0.043371,0,0.042643,0.11346,0.1249,0,0,0.061442,0,0.071832,0,0.11966,0,0.024983,0.29218,0,0.047628,0.11658,0.1254,0.87658,0.43437,0.063761,0,0.031705,0.99998,0.65719,0.17213,0,0.046287,0.085709,1,0,0.08142,0.87975,0.99983,0,0,0,0,0.045409,0.030248,0.99983,0.18397,0.21691,0,0,0.12441,0.15496,0,0.067153,0.06437,0,0,0.067882,0,0,0.055452,0.23745,0.0793,0,0,0,0,0,0,0,0,0,0,0.070358,0.082957,0.055307,0.38284,0.12421,0,0,0
"D601682",0,0.044242,0.078986,0.11435,0,0.10604,0.025302,0.15663,0.019841,0.051276,0,0,0.024754,0.028125,0.033609,0.20466,0,0.096141,0,0.03915,0,0.11019,0.044946,0.03319,0,0,0,0,0,0,0,0,0,0.03169,0.47652,0.38172,0,0.064175,0,0.096517,0,0,0.031086,0.11794,0,0.024364,0.18482,0.12701,0,0.037526,0.069239,0,0.20244,0,0.29479,0,0,0.113,0.081326,0,0,0,0,0.17786,0.16332,0.30817,0,0.13549,0,0.066994,0,0.14623,0,0,0.12165,0,0.040791,0.13415,0.12566,0,0,0.056348,0.12891,0,0,0,0.033924,0,0,0.048927,0.039617,0.035095,0.028982,0,0.10192,0.14883,0,0,0,0.090507,0.3535,0.023202,0.15162,0.050027,0.22797,0.18932,0,0,0.091123,0,0,0.058993,0,0,0,0,0,0,0,1,0,0,0,0.078733,0,0,0,0,0.14367,0,0.050719,0,0,0,0,0,0,0,0,0,0,0,0,0,0,0,0.16855,0.043731,0,0.045092,0.046783,0.088121,0,0,0,0.028226,0,0.18224,0,0,0,0,0,0.21935,0
"D601744",0,0.10736,0.037118,0.17152,0.053248,0.2197,0.35035,0.077503,0.24469,0,0,0.092903,0.20766,0.143,0.19701,0,0,0.092224,0.090294,0.19212,0.17854,0.18369,0.14076,0.032031,0.025858,0.10803,0,0,0.066771,0,0.086797,0.056267,0.044422,0.12211,0.037747,0.20642,0.26599,0.27187,0,0.16621,0.025059,0.22639,0.29503,0.096778,0.30865,0.51267,0.12821,0.17029,0,0.054391,0.087928,0.18754,0.056245,0,0,0.14253,0.15115,0.054235,0.052799,0.048084,0.021454,0,0.11492,0.20455,0.19738,0,0.089343,0.34033,0.12852,0.015976,0,0.20923,0,0.084125,0.09485,0.071191,0.080294,0.1735,0.10042,0.021867,0.08573,0.21889,0.31238,0.13752,0.081785,0.080863,0.37336,0.14393,0.058193,0.3153,0.057434,0.13846,0.24491,0.055625,0.22426,0.14137,0.025095,0.19946,0.17583,0.27219,0,0.20581,0.27122,0,0,0,0.12279,0.071355,0.12972,0,0.1918,0.32418,0.08131,0.24433,0.11242,0.032542,0.08401,0.061435,0.08142,0,1,0.18326,0.081119,0.1799,0.20895,0,0,0.083185,0.15247,0.081119,0.28983,0.11233,0,0.045911,0.62972,0.22375,0.10355,0.090328,0.086628,0.069187,0,0.090915,0.070884,0,0.17818,0.1065,0.081583,0,0,0,0.068812,0.04361,0,0,0,0.057047,0.025677,0.076953,0.055794,0.20594,0.057347,0.6083,0,0,0
"D601941",0,0.21425,0,0.16728,0,0.126,0.09913,0.11968,0.24463,0,0,0.035882,0.14325,0.095703,0.13892,0,0,0.36104,0.48081,0.4824,0.38235,0.14632,0.039452,0,0,0.0874,0,0,0.09874,0,0.17549,0,0,0.10766,0,0.094996,0.051931,0.23972,0,0.074539,0,0.096827,0.21477,0.22386,0.18506,0.12375,0.13664,0.073485,0,0.035999,0,0.16108,0.11371,0,0,0,0.14376,0,0,0,0.084088,0,0.13201,0.11769,0.11958,0,0.19525,0.18004,0.19065,0,0,0.10937,0,0.16489,0.044951,0.13953,0.087569,0.13092,0.16706,0,0.12737,0.11986,0.3417,0.13812,0,0.1635,0.16426,0.10814,0.038119,0.084983,0.075477,0.20316,0.19514,0,0.059054,0.11078,0,0.12953,0.15233,0.17042,0,0.090637,0.34463,0,0.04185,0.10244,0.28231,0.77117,0.51145,0.05604,0.15661,0.11494,0.87975,0.68565,0.24715,0,0.12677,0.07532,0.87975,0,0.18326,1,0.87965,0.076778,0.10522,0,0,0.12418,0.10943,0.87965,0.26281,0.19111,0,0,0.10938,0.13625,0.20937,0.059011,0.056565,0,0,0.059652,0,0,0.19999,0.20871,0.18119,0,0,0,0.13916,0,0,0,0,0,0,0.1703,0.072938,0.12652,0.33687,0.10921,0,0,0
"D601942",0,0.094438,0,0.1166,0,0.055452,0.055283,0.032769,0.23292,0,0,0,0.079397,0.026223,0.061348,0,0,0.25706,0.34112,0.4605,0.32502,0.11681,0.044621,0,0,0,0,0,0,0,0,0,0,0.029532,0,0,0,0.171,0,0.032896,0,0.026565,0.14643,0.15972,0.10365,0.070282,0.06033,0,0,0,0,0,0,0,0,0,0.039525,0,0,0,0.095005,0,0.036304,0.051972,0.032545,0,0.1376,0.11474,0.052353,0,0,0.060917,0,0.18661,0.050936,0.15811,0.098932,0.047628,0.090723,0,0,0.076001,0.30328,0.050253,0,0,0.072843,0.039322,0.043113,0,0.042348,0.11295,0.12421,0,0,0.061216,0,0.071332,0,0.11899,0,0.024834,0.29259,0,0.047272,0.11577,0.12446,0.87645,0.435,0.063382,0,0.031486,0.99993,0.65793,0.17337,0,0.045967,0.085134,0.99983,0,0.081119,0.87965,1,0,0,0,0,0.045095,0.030039,1,0.18321,0.21876,0,0,0.12395,0.15439,0,0.066689,0.063925,0,0,0.067413,0,0,0.055069,0.23615,0.078709,0,0,0,0,0,0,0,0,0,0,0.069834,0.08265,0.055103,0.38319,0.12375,0,0,0
"D602080",0.12114,0.14859,0.12158,0.21431,0.073596,0.19066,0.21098,0.16051,0.15859,0.031767,0.076779,0.067687,0.18017,0.10348,0.15031,0.12551,0.087067,0.079358,0.062084,0.11823,0.20682,0.23077,0.16685,0.14048,0.037918,0.075003,0.06052,0.13431,0.10581,0.024365,0.079449,0.058261,0.13728,0.13346,0.19793,0.17294,0.19872,0.12337,0.21683,0.29153,0.10421,0.15461,0.17666,0.16989,0.14012,0.22919,0.20011,0.2056,0.067761,0.21674,0.18918,0.12648,0.16875,0.13646,0.24095,0.36263,0.29445,0.17958,0.16323,0.11905,0.031405,0.054469,0.13934,0.22368,0.17934,0.14006,0.12503,0.19239,0.14229,0.16287,0.039785,0.14165,0,0.14798,0.19846,0,0.09393,0.13647,0.20847,0.071915,0.13839,0.14753,0.20576,0.080807,0.068011,0.074386,0.16181,0.07581,0.058456,0.10093,0.070623,0.20476,0.14688,0.039646,0.25655,0.12519,0.11358,0.21023,0.086442,0.20285,0.17224,0.22479,0.18085,0.16807,0.21491,0.20674,0.1247,0.050959,0.075176,0.062551,0.12626,0.21158,0,0.036025,0.16309,0.026117,0.074824,0.12169,0,0.078733,0.1799,0.076778,0,1,0.16527,0.072053,0.026988,0.11488,0.15494,0,0.067753,0.11828,0.05379,0.11244,0.039584,0.047648,0.094821,0.020731,0.019872,0.070078,0.027913,0.020821,0.0913,0.058871,0.10609,0.036169,0.17317,0.16489,0.095827,0.17003,0.20439,0.22453,0.042705,0.094875,0.027861,0.19014,0.22118,0.19774,0.10298,0.17744,0.038575,0.0394,0.023479,0.035014,0.028491
"D602096",0.17695,0.21216,0.13286,0.31712,0.49833,0.10649,0.18935,0.21331,0.12286,0,0,0.051151,0.20315,0.16857,0.17601,0,0.37567,0.062644,0.084089,0.26843,0.1802,0.2247,0.092983,0.39894,0,0.15117,0.1844,0.12641,0.04536,0,0.080647,0.039381,0.029281,0.037457,0.052854,0.2438,0.30463,0.24558,0.14781,0.26341,0.24929,0.1689,0.22465,0.26118,0.15947,0.2328,0.15416,0.18899,0.083847,0.20347,0.063198,0.11077,0.18628,0.27782,0.038336,0.17169,0.10014,0,0.33447,0.34518,0,0,0.20754,0.16724,0.49392,0.20004,0.13817,0.23741,0.13284,0.27625,0.080799,0.19136,0,0.029227,0.1543,0,0.063602,0.21308,0.20381,0.14462,0.058504,0.18292,0.20947,0.1607,0,0.075197,0.068845,0.25484,0,0.23505,0.053558,0.095163,0.17947,0,0.23327,0.1208,0.23239,0.21482,0.14061,0.21327,0.12897,0.18959,0.18408,0.17052,0.029773,0.10302,0.079209,0,0.059366,0,0.071946,0.20277,0,0.27263,0.26297,0,0.088163,0.16362,0,0,0.20895,0.10522,0,0.16527,1,0.1463,0.22316,0.20949,0.076146,0,0.20869,0.052904,0.17558,0.44553,0,0.14473,0.5792,0,0,0,0.056683,0,0.41051,0.28307,0.069539,0.036286,0.2084,0.15042,0.1481,0.15457,0.22355,0.14901,0.13015,0.23836,0.22664,0.34701,0.15478,0.2317,0.15636,0.19841,0,0,0.14304,0,0.5988
"D602134",0.14163,0.060715,0.10593,0.10802,0.11437,0.035547,0.069508,0.15118,0.027255,0,0,0.083791,0.085122,0.054543,0.10386,0.026912,0.11783,0,0,0.026659,0.091194,0.059644,0.13503,0.11449,0,0,0.18743,0.21447,0,0,0,0,0.059651,0,0.053734,0.043959,0.11139,0.061577,0.1468,0.1334,0.15304,0.10752,0.074401,0.19756,0,0.11764,0.038761,0.074887,0.13702,0.077517,0.13083,0.15248,0.16018,0.19887,0.077979,0.16907,0.076819,0.038599,0.21049,0.14394,0,0,0.093784,0.10366,0.14901,0.12172,0.0347,0.12816,0.10985,0.47131,0.48292,0.057564,0,0.059457,0.08181,0,0.021303,0.099863,0.17008,0.072756,0,0.073605,0.08758,0,0,0,0.070017,0.05117,0.02761,0,0,0.19888,0.019911,0,0.11311,0.039237,0.10884,0.10761,0,0.061261,0.13152,0.083365,0.08182,0.10312,0.060568,0.16274,0,0.050858,0,0,0,0.085732,0,0,0.10941,0,0,0.082092,0,0,0,0,0,0.072053,0.1463,1,0.16808,0.11753,0.038752,0,0,0.14378,0.068304,0.09825,0,0.14747,0.097586,0,0,0,0.057653,0,0.12585,0.35668,0,0.074682,0.076091,0.090155,0,0.093912,0.096442,0.089939,0.088267,0.14355,0.17339,0.097263,0.11087,0.067511,0.10605,0.092908,0,0,0.097012,0,0.11771
"D602404",0.053056,0.045843,0.1196,0.21405,0.43804,0,0.078619,0.12942,0.02058,0,0,0,0.076996,0,0.089315,0,0.35401,0,0,0,0,0.069065,0,0.36289,0,0,0.28304,0.19403,0,0,0,0,0,0,0.040572,0.033191,0.11012,0.12613,0,0.15155,0,0.053434,0.083687,0.22566,0,0.064756,0.029266,0,0,0.11675,0.023344,0.055819,0.040078,0.36341,0.058884,0.050739,0,0,0.31884,0.36606,0,0,0.10551,0.025239,0.23363,0.18394,0.026132,0.082529,0,0.33131,0.18801,0.086851,0,0.044893,0.073896,0,0,0,0.1195,0.10971,0,0.07506,0.02631,0,0,0,0.035196,0,0,0,0,0.036418,0.03007,0,0.063845,0.02953,0.053921,0.069106,0,0.022989,0.19797,0.072175,0.030839,0.15562,0.045731,0.1614,0,0,0,0,0,0,0,0,0.098566,0,0,0.12382,0,0,0,0,0,0.026988,0.22316,0.16808,1,0.043758,0,0,0,0,0.15502,0.20343,0,0.22215,0.29994,0,0,0,0.087065,0,0.19295,0.76452,0,0.055736,0.15563,0.13617,0,0.14031,0.14558,0.13573,0.19977,0.2167,0.9976,0.11927,0,0.13808,0.08279,0.02663,0,0,0.21956,0,0.36275
"D602439",0.11096,0.18098,0.12996,0.30048,0.029746,0.1854,0.12418,0.066456,0.1067,0.048988,0.23644,0.10733,0.13629,0.11285,0.16298,0.10525,0.069049,0.050171,0.067346,0.10603,0.1103,0.17738,0.078335,0.053734,0.028952,0.36682,0.098081,0.067245,0.11415,0.11865,0.16085,0.09428,0.093348,0.1214,0.084396,0.13975,0.16204,0.13075,0.12459,0.13988,0.057996,0.20925,0.13911,0.092639,0.25806,0.16257,0.092579,0.15292,0.1396,0.060865,0.13823,0.11764,0.083487,0.092884,0.061205,0.14205,0.10048,0,0.088797,0.033328,0.16941,0.086047,0.17103,0.13311,0.18814,0.063679,0.068504,0.18646,0.16272,0.12925,0.064478,0.15254,0,0.16391,0.077423,0.1603,0.033292,0.14694,0.13024,0.038079,0.099509,0.16646,0.1137,0.5961,0,0.15061,0.073382,0.3252,0.021664,0.070697,0.3244,0.17135,0.22204,0.062187,0.12386,0.078171,0.056046,0.085336,0.16978,0.17143,0.068904,0.10711,0.097381,0.053954,0.071306,0.097536,0.063438,0.039788,0.071188,0.097983,0.05762,0.16829,0.045293,0.11853,0.22784,0.037682,0.59863,0.085924,0.045409,0,0.083185,0.12418,0.045095,0.11488,0.20949,0.11753,0.043758,1,0.1067,0.045095,0.1133,0.042765,0.026792,0.051333,0.031069,0.11579,0.11534,0.067296,0.064507,0.058347,0.045258,0.067807,0.073993,0.16856,0.11111,0.087834,0.16729,0.047165,0,0.049385,0.10184,0.047063,0.06927,0.075112,0.045174,0.045807,0.1007,0.17123,0.14639,0.38852,0.03957,0.03094,0.038069,0,0.046195
"D603165",0.059776,0.098609,0.19653,0.14431,0,0.25747,0.12011,0.12362,0.20273,0.032302,0.076708,0.084781,0.22045,0.10103,0.18332,0.29484,0,0.11899,0.067,0.11497,0.15745,0.15066,0.033061,0.011927,0.038521,0.13887,0,0,0.08903,0.026333,0.11013,0.020924,0.062781,0.12314,0.14222,0.16226,0.14715,0.19085,0.026391,0.14026,0.018804,0.13811,0.10956,0.12735,0.13782,0.21134,0.14791,0.27784,0.14256,0.053984,0.14158,0.097811,0.12774,0.02062,0.12519,0.035479,0.15824,0.12284,0.098075,0.011089,0.063968,0.042741,0.12322,0.20958,0.15883,0.10953,0.12424,0.1538,0.12975,0.073299,0,0.18854,0,0.16206,0.1305,0.026458,0.093578,0.40091,0.14572,0.068513,0.21479,0.22353,0.17707,0.10202,0.020388,0.1046,0.16478,0.18896,0.043352,0.12773,0.088451,0.15336,0.11692,0.04114,0.18505,0.19505,0,0.14258,0.074446,0.27115,0.12538,0.10521,0.19974,0.035947,0.11272,0.12856,0.091627,0.026503,0.12848,0.064826,0.078732,0.30057,0.03017,0.1038,0.1053,0.025074,0.077639,0.075302,0.030248,0.14367,0.15247,0.10943,0.030039,0.15494,0.076146,0.038752,0,0.1067,1,0.030039,0.15471,0.13574,0.057127,0,0.12504,0.051452,0.076841,0.47121,0.49445,0.079456,0,0.46847,0,0.069291,0.54805,0.12928,0.16024,0.031422,0,0.032401,0.084675,0.0475,0.023067,0,0,0.041097,0.019152,0.15727,0.085405,0.18458,0.026356,0.12452,0,0.076564,0
"D603266",0,0.094438,0,0.1166,0,0.055452,0.055283,0.032769,0.23292,0,0,0,0.079397,0.026223,0.061348,0,0,0.25706,0.34112,0.4605,0.32502,0.11681,0.044621,0,0,0,0,0,0,0,0,0,0,0.029532,0,0,0,0.171,0,0.032896,0,0.026565,0.14643,0.15972,0.10365,0.070282,0.06033,0,0,0,0,0,0,0,0,0,0.039525,0,0,0,0.095005,0,0.036304,0.051972,0.032545,0,0.1376,0.11474,0.052353,0,0,0.060917,0,0.18661,0.050936,0.15811,0.098932,0.047628,0.090723,0,0,0.076001,0.30328,0.050253,0,0,0.072843,0.039322,0.043113,0,0.042348,0.11295,0.12421,0,0,0.061216,0,0.071332,0,0.11899,0,0.024834,0.29259,0,0.047272,0.11577,0.12446,0.87645,0.435,0.063382,0,0.031486,0.99993,0.65793,0.17337,0,0.045967,0.085134,0.99983,0,0.081119,0.87965,1,0,0,0,0,0.045095,0.030039,1,0.18321,0.21876,0,0,0.12395,0.15439,0,0.066689,0.063925,0,0,0.067413,0,0,0.055069,0.23615,0.078709,0,0,0,0,0,0,0,0,0,0,0.069834,0.08265,0.055103,0.38319,0.12375,0,0,0
"D603388",0,0.15449,0.024947,0.15234,0.035779,0.17847,0.19304,0.059938,0.26552,0,0,0,0.23369,0.14645,0.13887,0.025253,0,0.09034,0.12098,0.27284,0.18511,0.28634,0.027174,0.04306,0,0.14659,0,0,0.07055,0,0.12699,0.037797,0,0.09668,0.050765,0.18925,0.11962,0.54859,0,0.080736,0.12725,0.11543,0.16535,0.092906,0.22287,0.17697,0.1123,0.13057,0,0.14948,0.029227,0.14138,0.10891,0,0.036808,0.031723,0.17889,0.036452,0.11169,0.020077,0.030578,0,0.11024,0.1336,0.18926,0.038298,0.082606,0.19818,0.13928,0.02148,0,0.17163,0,0.19545,0.06715,0.11287,0.021227,0.20748,0.17435,0,0.12177,0.14145,0.36672,0.18818,0,0.12163,0.18983,0.20241,0.052327,0.14061,0.10441,0.22363,0.24139,0,0.14458,0.1978,0.033741,0.11705,0.13524,0.23026,0.04131,0.090672,0.56346,0.032446,0.028603,0.047007,0.076087,0.16122,0.15278,0.038599,0.06911,0.18084,0.18369,0.29699,0.11161,0,0.11443,0.025941,0.18397,0.050719,0.28983,0.26281,0.18321,0.067753,0.20869,0,0,0.1133,0.15471,0.18321,1,0.050468,0.11177,0.03086,0.22337,0.30769,0.092409,0.083388,0.079949,0,0,0.084028,0.029613,0,0.13547,0.21668,0.049676,0.028362,0,0.029245,0.09197,0.028285,0,0,0,0.036623,0.034523,0.071053,0.08398,0.17701,0.080216,0.24077,0,0,0
"D604416",0.07867,0.043781,0.08238,0.088287,0,0.092282,0.16476,0.065498,0.16782,0,0,0.075166,0.13752,0.061031,0.14328,0.044987,0,0.12147,0.16116,0.17214,0.21913,0.097365,0.24744,0,0.026574,0.050086,0,0.062755,0.016592,0,0,0,0.17488,0.082635,0.077561,0.063452,0.10551,0.16933,0.35478,0.10942,0.052786,0.075404,0.16561,0.16606,0.12444,0.24363,0.10201,0.089091,0.12737,0,0.13854,0.13947,0.059429,0,0,0.3036,0.14799,0.11226,0.081497,0.015283,0.022012,0,0.10115,0.15139,0.076531,0,0.14277,0.19802,0.073236,0.11737,0,0.18217,0,0.1329,0.081061,0,0.1876,0.11103,0.087309,0,0,0.12716,0.26644,0,0.027956,0,0.20745,0.036727,0.1203,0.088216,0,0.12424,0.10054,0.06465,0.10151,0.11633,0,0.17012,0.051512,0.25784,0,0.046215,0.21284,0,0.021914,0.053704,0.086487,0.33406,0.11382,0.02944,0,0.046915,0.21762,0.18828,0.11351,0.033443,0,0.082059,0.21691,0,0.11233,0.19111,0.21876,0.11828,0.052904,0.14378,0,0.042765,0.13574,0.21876,0.050468,1,0,0,0.1141,0.035488,0,0.061823,0.059305,0.1012,0,0.06209,0,0.088658,0.083569,0.10639,0.036489,0,0,0,0,0,0,0,0,0.028228,0.27506,0.032375,0.078467,0.11536,0.095017,0.11361,0,0,0
"D604827",0.10447,0.17807,0.22299,0.1381,0.14126,0,0.0847,0.093136,0.061413,0,0,0,0.095288,0,0.11416,0,0.14156,0,0,0.13326,0.1104,0.10215,0,0.11042,0,0,0.36875,0.19438,0.033108,0,0.060778,0,0,0.055566,0.050095,0.040983,0.11445,0.11838,0,0.06792,0.075136,0.015787,0.051439,0.094682,0,0.091732,0.036136,0,0,0.12479,0.014293,0.034176,0.15525,0.19101,0.036053,0.031066,0.076499,0,0.14054,0.10248,0,0,0.064855,0.098711,0.13133,0.11306,0.051346,0.050728,0,0.084706,0.076022,0.053385,0,0.027486,0.14091,0,0.043886,0,0.19376,0.15499,0.085075,0.033982,0.066218,0,0,0.060622,0.02155,0.072342,0,0.027555,0,0.022298,0.095234,0,0.053645,0.01808,0.10932,0.097633,0,0.090462,0.19154,0.076922,0.078974,0.16713,0.028,0.069042,0,0,0,0,0,0.057376,0,0,0.1679,0,0,0.13204,0,0,0,0,0,0.05379,0.17558,0.068304,0.15502,0.026792,0.057127,0,0.11177,0,1,0.21208,0,0.21431,0.13576,0,0,0,0.053308,0,0.11682,0.11172,0,0.15682,0.16988,0.19965,0.098323,0.15159,0.20859,0.19584,0.12279,0.31524,0.16014,0.12432,0,0.15243,0.049327,0.016305,0,0,0.13496,0,0.16378
"D605055",0.15826,0.1363,0.19786,0.41907,0.64296,0,0.11004,0.20143,0.10041,0,0,0,0.076052,0.014906,0.10621,0,0.51994,0,0,0.072691,0.060885,0.12105,0,0.57301,0,0,0.40673,0.2544,0,0,0,0.14249,0,0,0.071486,0.097624,0.29382,0.10997,0,0.25375,0.26222,0.060504,0.082651,0.17603,0,0.15481,0.06888,0.015163,0,0.16253,0.02739,0.06549,0.21867,0.28615,0.069078,0.11905,0,0,0.28689,0.38211,0,0,0.062929,0.060105,0.44096,0.21792,0.10871,0.065375,0,0.16248,0.10934,0.0518,0,0.052669,0.31098,0,0.058094,0,0.2109,0.25072,0,0.097991,0.030862,0,0,0,0.02064,0,0,0.026063,0,0.042866,0.035343,0,0.11054,0.017317,0.23987,0.17045,0.03177,0.054632,0.26992,0.11434,0.054265,0.1867,0.053654,0.11591,0,0,0,0,0,0.035841,0,0,0.1577,0,0,0.17243,0,0,0.045911,0,0,0.11244,0.44553,0.09825,0.20343,0.051333,0,0,0.03086,0,0.21208,1,0,0.29008,0.37655,0,0,0,0.051059,0,0.62315,0.17972,0,0.066157,0.22282,0.19409,0.13249,0.16992,0.20432,0.19142,0.11915,0.36775,0.20664,0.56894,0.032377,0.23264,0.14094,0.046862,0,0,0.13095,0,0.4688
"D605218",0,0,0.056651,0.039126,0,0.15087,0.41639,0.031478,0.30517,0,0,0.039469,0.054699,0,0.10681,0,0,0,0,0.057262,0.096307,0.11943,0,0,0,0,0,0,0.035304,0,0,0,0,0.1109,0.057611,0.070805,0.15425,0.12705,0,0.042543,0,0.044011,0.08718,0.042043,0.18063,0.34806,0,0.036721,0,0,0.10626,0.17802,0,0,0,0,0.054516,0.082776,0.067514,0.035356,0.032742,0,0.049974,0.10899,0.046189,0,0.03711,0.34128,0.054273,0,0,0.10371,0,0.12847,0.09831,0.10878,0.063157,0.098454,0,0.043052,0,0.11096,0.1501,0.034623,0.12479,0,0.47625,0.027092,0.05921,0.22276,0.029177,0.10445,0.08564,0,0.064984,0.10514,0,0.049172,0,0.1801,0,0.024192,0.12109,0,0,0,0,0.10903,0.06473,0,0,0.021693,0.12424,0.079702,0.033004,0,0.03167,0,0.12441,0,0.62972,0.10938,0.12395,0.039584,0,0,0,0.031069,0.12504,0.12395,0.22337,0.1141,0,0,1,0.36275,0,0.13786,0.13221,0,0,0.13875,0.05282,0,0.11341,0.16264,0,0,0,0,0,0,0,0,0,0.031823,0,0,0.056861,0.11459,0.097254,0.95398,0,0,0
"D605480",0.093654,0.080909,0.27252,0.14968,0.15126,0.14458,0.2396,0.18822,0.16145,0,0,0,0.13585,0,0.13156,0,0.15618,0,0,0.071328,0.089965,0.10017,0,0.12143,0,0,0.65125,0.4143,0,0,0,0,0,0.02533,0.10743,0.11746,0.17945,0.20103,0,0.10625,0,0.045417,0.073716,0.13057,0.18417,0.25187,0.051652,0.022835,0,0.13749,0.082637,0.19758,0.070743,0.21005,0.10391,0.089569,0.067929,0.051475,0.096656,0.11301,0.040644,0,0.12402,0.044543,0.1112,0.21623,0.04608,0.19558,0,0.12114,0.16412,0.1801,0,0.1995,0.20474,0.1355,0.028215,0.081554,0.19032,0.23012,0,0.11398,0.11686,0.042979,0,0,0.22324,0.033631,0.036816,0,0.036219,0.19462,0.13316,0,0.091858,0.13085,0.095155,0.1745,0,0.1021,0.44639,0.063576,0.22084,0.18299,0.080712,0.13218,0,0.13581,0.080629,0,0,0.026929,0.15476,0.099279,0.11591,0,0.039314,0.10907,0.15496,0,0.22375,0.13625,0.15439,0.047648,0.14473,0.14747,0.22215,0.11579,0.051452,0.15439,0.30769,0.035488,0.21431,0.29008,0.36275,1,0.19455,0.11419,0.10949,0,0.076637,0.11506,0.16707,0.21373,0.094033,0.25279,0.24116,0.20514,0,0.16623,0.21649,0.20268,0.17597,0.4519,0.2295,0.17229,0,0.21397,0.14134,0.14146,0.067574,0.40664,0.1934,0,0.23471
"D605526",0.046432,0.16128,0.10474,0.30622,0.51269,0.12463,0.13794,0.37758,0.054408,0,0,0.034276,0.13513,0.067244,0.15669,0,0.34607,0.22093,0.16931,0.070585,0.16024,0.098436,0,0.27959,0,0.07991,0.24787,0.16992,0.16116,0,0.29368,0,0,0.075601,0.035506,0.14627,0.1422,0.19066,0,0.1573,0,0.11315,0.20927,0.24768,0.086673,0.11392,0.16276,0.068154,0,0.13634,0.020429,0.19816,0.21818,0.20861,0.051532,0.044404,0.10092,0,0.19407,0.2362,0,0,0.18507,0.088572,0.31213,0.26867,0.14456,0.19992,0.13388,0.12032,0.10861,0.1269,0,0.039288,0.091072,0,0,0.081164,0.18317,0.096074,0.11814,0.14924,0.092491,0.085621,0,0.27675,0.12352,0.067057,0,0.077698,0.035996,0.12779,0.13194,0,0.10936,0.077736,0.047189,0.16778,0.14129,0.12527,0.17337,0.12689,0.10816,0.13628,0.040021,0.13846,0.15961,0,0.20926,0,0.14525,0.080748,0,0.09816,0.20372,0,0.078728,0.10843,0,0,0.10355,0.20937,0,0.094821,0.5792,0.097586,0.29994,0.11534,0.076841,0,0.092409,0,0.13576,0.37655,0,0.19455,1,0,0,0,0.076195,0,0.42623,0.21249,0.14028,0.048777,0.2372,0.11925,0,0.12287,0.25651,0.11887,0.17495,0.18977,0.30461,0.27255,0,0.21899,0.069959,0.095464,0,0,0.19228,0,0.80346
"D605804",0,0,0.061355,0.034744,0,0.12378,0.081359,0.024449,0.20477,0,0,0.030051,0.078993,0.058655,0.068731,0.031008,0,0,0,0.061872,0.078129,0.05178,0,0,0.04277,0,0,0,0.026731,0.058493,0.047458,0.046477,0.03444,0.066169,0.09359,0.076565,0.083233,0.095383,0,0.049133,0,0.079316,0.042934,0.068296,0.099177,0.083299,0.022503,0.079566,0,0,0.089806,0.085859,0,0.045801,0,0,0.058883,0.089649,0,0.02463,0.035468,0.031634,0.081184,0.038842,0.024244,0,0.060293,0.063567,0,0.026414,0,0.066858,0,0.10363,0.075759,0.05874,0.049244,0.45831,0.022566,0.086568,0.069603,0.17801,0.04047,0.037505,0,0.0451,0.081393,0.029348,0.096177,0,0.031606,0.11218,0.046275,0.030429,0.063934,0.068158,0,0.053173,0.041164,0.22047,0,0.01851,0.047446,0,0.035163,0.028773,0,0.05884,0.034964,0.047238,0,0.25549,0.066981,0.042999,0.025278,0,0.034307,0.031751,0.067153,0,0.090328,0.059011,0.066689,0.020731,0,0,0,0.067296,0.47121,0.066689,0.083388,0.061823,0,0,0.13786,0.11419,0,1,0.94294,0,0,0.9985,0,0,0.74957,0.17195,0.02939,0,0,0,0,0,0.051236,0,0,0,0,0.026076,0.092166,0.061434,0.05853,0.13731,0,0,0
"D605805",0,0,0.058856,0.033304,0,0.11866,0.078016,0.023435,0.22725,0,0,0.028805,0.075747,0.056223,0.065915,0.029723,0,0,0,0.059307,0.074929,0.049633,0,0,0.040995,0,0,0,0.025623,0.056069,0.045491,0.044551,0.033012,0.063459,0.089756,0.073428,0.07981,0.091464,0,0.047114,0,0.076027,0.041154,0.065498,0.095075,0.07987,0.02157,0.076293,0,0,0.086106,0.082363,0,0.043903,0,0,0.056456,0.085998,0,0.023609,0.033998,0.030323,0.077858,0.03723,0.023239,0,0.057822,0.060963,0,0.02532,0,0.11096,0,0.099387,0.072618,0.056305,0.047203,0.41884,0.021631,0.082935,0.066716,0.16648,0.038802,0.035951,0,0.043231,0.078058,0.028131,0.092237,0,0.030296,0.10755,0.044367,0.029168,0.061307,0.065366,0,0.050995,0.039458,0.24298,0,0.017742,0.04549,0,0.033705,0.02758,0,0.056401,0.033515,0.045281,0,0.23134,0.064205,0.041217,0.02423,0,0.032885,0.030435,0.06437,0,0.086628,0.056565,0.063925,0.019872,0,0,0,0.064507,0.49445,0.063925,0.079949,0.059305,0,0,0.13221,0.10949,0,0.94294,1,0,0,0.94442,0,0,0.70695,0.16902,0.028172,0,0,0,0,0,0.049113,0,0,0,0,0.024996,0.088345,0.058897,0.056104,0.13168,0,0,0
"D605839",0,0,0.1065,0.071282,0,0.069463,0.015427,0,0,0.1786,0.1512,0.42005,0.23507,0.33884,0.28317,0.1079,0,0,0.037566,0.023659,0,0.030188,0.075831,0,0.13915,0.12106,0,0,0.14541,0,0,0,0,0.091966,0,0.024315,0.10917,0.098647,0,0.078704,0,0.33542,0.069961,0.03795,0.062978,0.094384,0,0.14403,0.17074,0,0.029735,0,0,0,0,0,0,0,0,0,0.060922,0.10273,0.23591,0.050242,0,0,0.12988,0,0.16826,0,0,0.143,0,0.11647,0.014479,0,0.098759,0,0.021511,0,0.23506,0.14546,0.046435,0.06522,0,0,0.044141,0.11928,0.098289,0.055352,0.10894,0.069511,0.040105,0.30184,0.26702,0.038412,0,0.070659,0.06315,0.11328,0,0.16964,0.038472,0,0,0,0,0,0,0.15582,0,0.022461,0,0,0.043423,0.21848,0.085457,0.10622,0,0,0.069187,0,0,0.070078,0,0,0,0.058347,0.079456,0,0,0.1012,0,0,0,0,0,0,0,1,0,0,0,0,0,0,0.028044,0,0,0,0,0,0,0,0,0.017493,0,0.084776,0,0.055816,0,0,0,0,0
"D605841",0.22534,0.047414,0.041259,0.023369,0.059185,0,0.027122,0.25423,0.021286,0,0,0,0.026563,0,0.030813,0,0.045781,0,0,0,0,0.17153,0,0.035617,0,0,0.097482,0.06687,0,0,0,0,0,0,0.041963,0.034329,0.027981,0.03205,0,0.016525,0,0.026669,0.028871,0.03066,0,0.02234,0.030269,0,0,0.040274,0.024144,0.057732,0.44769,0.06161,0.060902,0.052478,0,0,0.028357,0.033155,0,0,0.0364,0.026104,0.032612,0.063346,0.1093,0.028472,0,0.035532,0.064146,0.029962,0,0.046431,0.025465,0,0,0,0.03036,0.037847,0,0.019073,0.19725,0,0,0,0.036402,0,0,0,0,0.037666,0.0311,0,0.021499,0.24283,0.055769,0.023842,0,0.023777,0.068292,0.024898,0.031896,0.053681,0.047298,0.038846,0,0,0,0,0,0,0,0,0.034002,0,0,0.04271,0,0,0,0,0,0.027913,0.056683,0.057653,0.087065,0.045258,0,0,0,0,0.053308,0.051059,0,0.076637,0.076195,0,0,0,1,0,0.048989,0.062691,0,0.057646,0.039552,0.046922,0,0.04842,0.0502,0.046797,0.068918,0.074702,0.089883,0.03029,0,0.035092,0.04132,0.027543,0,0,0.075746,0,0.091915
"D605844",0,0,0.06162,0.035008,0,0.12822,0.081846,0.024553,0.20471,0,0,0.030181,0.079463,0.058906,0.069028,0.031142,0,0,0,0.062341,0.078637,0.052116,0,0,0.042951,0,0,0,0.026847,0.058746,0.047663,0.046678,0.034589,0.066455,0.093995,0.076896,0.083586,0.095952,0,0.049344,0,0.079785,0.043118,0.068591,0.099765,0.085308,0.0226,0.079903,0,0,0.090187,0.08623,0,0.046,0,0,0.059138,0.090036,0,0.024735,0.035853,0.031771,0.081535,0.039007,0.024349,0,0.060552,0.06398,0,0.026529,0,0.067292,0,0.10431,0.076208,0.059377,0.049617,0.45186,0.022664,0.08686,0.069899,0.17835,0.040777,0.037912,0,0.045295,0.081921,0.029666,0.096593,0,0.031949,0.11285,0.046626,0.030561,0.064209,0.068601,0,0.053403,0.041342,0.22088,0,0.01859,0.047806,0,0.035315,0.028897,0,0.059478,0.035344,0.047443,0,0.25101,0.067708,0.043466,0.025387,0,0.034679,0.031889,0.067882,0,0.090915,0.059652,0.067413,0.020821,0,0,0,0.067807,0.46847,0.067413,0.084028,0.06209,0,0,0.13875,0.11506,0,0.9985,0.94442,0,0,1,0,0,0.74955,0.17295,0.029518,0,0,0,0,0,0.051458,0,0,0,0,0.026189,0.092763,0.061834,0.058974,0.1382,0,0,0
"D606889",0.18766,0.15947,0.1581,0.39266,0.66746,0.047556,0.15284,0.22721,0.057981,0,0,0.047428,0.1157,0.028642,0.10112,0.068124,0.37463,0,0,0.067923,0.057186,0.11647,0,0.48434,0.031372,0,0.21261,0.14574,0.022732,0.07972,0.04188,0.13673,0.033388,0.034696,0.068494,0.093589,0.1833,0.12488,0,0.20211,0.060755,0.10363,0.1436,0.23829,0.018142,0.14798,0.15686,0.01455,0,0.19743,0.094024,0.10075,0.11423,0.23525,0.066265,0.11422,0,0,0.2733,0.36751,0.051901,0.023335,0.059442,0.085264,0.37794,0.22187,0.088592,0.10849,0.034945,0.29208,0.14036,0.065272,0,0.050524,0.2968,0,0.06245,0.026111,0.17441,0.19272,0,0.13657,0.029613,0,0,0.036608,0.039609,0.042947,0,0.024913,0,0.04112,0.067685,0,0.16716,0.03329,0.18439,0.077902,0.030487,0.090687,0.14898,0.11046,0.069413,0.23389,0.051468,0.15295,0,0,0,0,0.0311,0.034393,0,0,0.22941,0,0,0.11649,0,0,0.070884,0,0,0.0913,0.41051,0.12585,0.19295,0.073993,0,0,0.029613,0,0.11682,0.62315,0.05282,0.16707,0.42623,0,0,0,0.048989,0,1,0.20553,0,0.063462,0.15198,0.20467,0.040663,0.21173,0.21874,0.204,0.22522,0.20359,0.19596,0.524,0.031069,0.13495,0.15775,0.060016,0.092449,0,0.24755,0,0.5285
"D607060",0.24425,0.066021,0.11498,0.21241,0.34253,0,0.075549,0.11459,0.014818,0,0,0.056901,0.11137,0.03698,0.13152,0,0.31268,0,0,0,0.101,0.081181,0.10488,0.33338,0,0,0.27199,0.18644,0,0,0,0,0.065687,0,0.05843,0.0478,0.13685,0.11168,0.16676,0.20119,0.079807,0.074722,0.12305,0.25254,0,0.12753,0.042148,0.099225,0.093274,0.11234,0.10495,0.08039,0.087152,0.34614,0.084794,0.22976,0.083852,0,0.3693,0.35779,0,0,0.15498,0.036347,0.30115,0.17668,0.056924,0.14137,0.07396,0.47915,0.32879,0.06259,0,0.064653,0.0891,0,0,0.067359,0.10584,0.10547,0,0.10797,0.078011,0,0,0,0.025343,0.08579,0,0,0,0.079225,0.021651,0,0.12177,0.021263,0.11861,0.12064,0,0.068141,0.19058,0.087051,0.044415,0.14952,0.065861,0.22692,0,0,0,0,0,0.044445,0,0,0.16869,0,0,0.089231,0,0,0,0,0,0.058871,0.28307,0.35668,0.76452,0.16856,0.069291,0,0,0.088658,0.11172,0.17972,0,0.21373,0.21249,0,0,0,0.062691,0,0.20553,1,0,0.081208,0.13792,0.13081,0,0.13582,0.13987,0.13044,0.14397,0.20822,0.75516,0.12708,0.13428,0.12237,0.18107,0.077165,0,0,0.15823,0,0.25696
"D607154",0,0.087526,0.050381,0.071614,0,0.19222,0.11928,0.10378,0.19488,0,0,0.049408,0.11387,0.096744,0.13484,0.025462,0,0.12549,0.12231,0.10197,0.15354,0.085285,0,0,0.035123,0.057763,0,0,0.088108,0.048031,0.15655,0.038164,0.02828,0.10895,0.07685,0.1265,0.10266,0.16021,0,0.080862,0,0.11435,0.11079,0.11254,0.14417,0.14461,0.096004,0.1325,0,0.049198,0.088483,0.17837,0.076191,0.037609,0.037183,0,0.15705,0.11047,0.019001,0.020227,0.029288,0.025976,0.13361,0.1154,0.10421,0,0.12114,0.10498,0.13742,0.02169,0,0.11328,0,0.11361,0.077879,0.048505,0.04055,0.49193,0.099418,0.071019,0.1738,0.21944,0.11987,0.092862,0,0.14657,0.15871,0.072707,0.078975,0.056164,0.05208,0.18763,0.095297,0.024986,0.092067,0.093584,0,0.10665,0.13588,0.24245,0,0.093302,0.1191,0.032779,0.057754,0.047259,0.16718,0.048587,0.14773,0.038789,0.14366,0.31085,0.05531,0.15539,0.0847,0,0.085238,0.026072,0.055452,0,0.17818,0.19999,0.055069,0.10609,0.069539,0,0,0.11111,0.54805,0.055069,0.13547,0.083569,0,0,0.11341,0.094033,0.14028,0.74957,0.70695,0,0,0.74955,0,0,1,0.14138,0.15946,0.028654,0,0.029546,0.12387,0.028575,0.042073,0,0,0,0,0.12616,0.075825,0.10267,0.048196,0.11296,0,0,0
"D607202",0.071091,0.22684,0.15947,0.12615,0.037888,0.12651,0.10708,0.10583,0.17466,0.12258,0,0,0.16014,0.1212,0.18818,0.10714,0.0593,0.095379,0.084553,0.20271,0.21407,0.17328,0,0.046142,0,0,0.12641,0.086664,0.17055,0,0.05483,0,0,0.21893,0.10805,0.088394,0.072048,0.22639,0,0.095514,0,0.08619,0.07395,0.17786,0.090191,0.090065,0.077987,0.085565,0,0.052322,0.093202,0.14867,0.11821,0.079808,0.07888,0.067991,0.089962,0.077151,0.081516,0.042952,0.12249,0.19853,0.06988,0.19224,0.090225,0.082068,0.10391,0.13063,0,0.091602,0.20633,0.23661,0,0.21269,0.1002,0.10656,0.10726,0.092038,0.13491,0.09834,0.07199,0.18617,0.20206,0.032559,0.1164,0.054688,0.11915,0.086693,0.055186,0,0.027438,0.12397,0.17074,0,0.1104,0.17863,0.072231,0.10732,0,0.25623,0.088806,0.015939,0.19807,0.069535,0.091652,0.099855,0.080002,0.20807,0.15373,0,0.073075,0.12973,0.23697,0.18923,0.14069,0,0.029783,0.17011,0.23745,0,0.1065,0.20871,0.23615,0.036169,0.036286,0.074682,0.055736,0.087834,0.12928,0.23615,0.21668,0.10639,0.15682,0.066157,0.16264,0.25279,0.048777,0.17195,0.16902,0,0.057646,0.17295,0.063462,0.081208,0.14138,1,0.15259,0.060786,0,0.063657,0.065026,0.060654,0.044118,0.096804,0.05754,0.039288,0,0.090453,0.16209,0.14344,0.10388,0.1622,0.04849,0,0.05884
"D607373",0.12822,0.25855,0.26745,0.25268,0.13072,0.14702,0.1122,0.25554,0.096963,0.12087,0.065838,0.05741,0.13102,0.099079,0.22775,0.15895,0.16728,0.19534,0.14812,0.15298,0.1359,0.20309,0.021229,0.13036,0.025308,0.063579,0.33219,0.21075,0.13267,0.034543,0.11463,0.055045,0.040731,0.12066,0.15679,0.19059,0.23735,0.20536,0,0.28057,0.057528,0.14814,0.14433,0.26836,0.07625,0.17248,0.19739,0.15271,0.033068,0.14711,0.10063,0.13032,0.21568,0.25195,0.20358,0.046219,0.1037,0.080284,0.1341,0.10612,0.041916,0.074795,0.13077,0.20948,0.31346,0.24068,0.13108,0.15755,0.13359,0.17318,0.14112,0.16516,0,0.10214,0.20735,0,0.10659,0.12845,0.64599,0.17157,0.11659,0.21735,0.14276,0.06823,0.053273,0.10732,0.08789,0.053714,0.037995,0.062316,0.041413,0.14118,0.11098,0.035968,0.18911,0.11713,0.10754,0.18363,0.099487,0.19714,0.37864,0.1564,0.1815,0.17278,0.21996,0.37927,0.18709,0.069481,0.18508,0.057139,0.13763,0.11948,0.079081,0.10356,0.24622,0.03294,0.062619,0.15537,0.0793,0.16855,0.081583,0.18119,0.078709,0.17317,0.2084,0.076091,0.15563,0.16729,0.16024,0.078709,0.049676,0.036489,0.16988,0.22282,0,0.24116,0.2372,0.02939,0.028172,0.028044,0.039552,0.029518,0.15198,0.13792,0.15946,0.15259,1,0.17538,0.075247,0.15712,0.2535,0.19412,0.12105,0.30698,0.15806,0.14554,0,0.76979,0.21443,0.1422,0.069386,0,0.09979,0.12184,0.16189
"D607498",0.14552,0.12553,0.15719,0.12431,0.12382,0.13342,0.1583,0.15846,0.078762,0,0,0,0.11104,0,0.066525,0.06524,0.14516,0,0,0.088513,0.074476,0.098482,0,0.13172,0,0,0.31658,0.18317,0,0,0,0,0,0,0.13189,0.10792,0.10489,0.083571,0,0.088118,0.062109,0.041689,0.090395,0.12904,0,0.10732,0.1268,0.063464,0,0.76944,0.088376,0.060173,0.088326,0.22857,0.22512,0.083898,0,0.063152,0.11949,0.13964,0.049712,0,0.056967,0.17322,0.10382,0.16536,0.071517,0.18315,0,0.25146,0.10033,0.046892,0,0.14616,0.22883,0,0.036303,0.075577,0.11584,0.20141,0,0.081131,0.028359,0,0.078279,0,0.056909,0.041136,0,0.024004,0.022154,0.059011,0.081133,0,0.12598,0.031875,0.12117,0.089467,0,0.062955,0.21884,0.10485,0.10025,0.94585,0.19974,0.18275,0,0,0,0,0,0,0,0,0.16112,0,0,0.13563,0,0.043731,0,0,0,0.16489,0.15042,0.090155,0.13617,0.047165,0.031422,0,0.028362,0,0.19965,0.19409,0,0.20514,0.11925,0,0,0,0.046922,0,0.20467,0.13081,0.028654,0.060786,0.17538,1,0.20065,0.96381,0.91873,0.87011,0.21587,0.2863,0.14067,0.16735,0.030214,0.15691,0.086391,0.028707,0.062408,0,0.23727,0,0.14386
"D607499",0.1418,0.12186,0.072429,0.062797,0.049247,0.060453,0.04636,0.036356,0.05434,0,0,0,0.0292,0,0,0,0.1171,0,0.073216,0.15346,0.12998,0.061259,0,0.092788,0,0,0,0,0,0,0,0,0,0,0.034824,0.028491,0.072656,0,0,0.10265,0.18854,0,0.032179,0.078532,0,0.037747,0.025121,0.15851,0,0.15311,0,0,0.10667,0.339,0,0,0,0,0.073293,0.085009,0,0,0,0.20076,0.090259,0,0.09883,0,0,0.029487,0,0,0,0,0.12979,0,0.055978,0.040134,0.08961,0.096697,0,0.037091,0,0,0.051311,0,0,0,0,0.037997,0,0,0.025818,0,0.12737,0,0.16732,0.061799,0,0.039767,0,0.06357,0.1086,0.20865,0.052811,0,0,0,0.052768,0,0,0,0,0,0.089012,0,0,0.19799,0,0,0,0,0,0.095827,0.1481,0,0,0,0,0,0,0,0.098323,0.13249,0,0,0,0,0,0,0,0,0.040663,0,0,0,0.075247,0.20065,1,0.19323,0.19445,0.18379,0,0.12812,0,0.080241,0,0.12097,0.034289,0,0.044112,0,0,0,0
"D607501",0.15048,0.12983,0.13753,0.11438,0.12757,0.12902,0.16335,0.14323,0.081015,0,0,0,0.11486,0,0.068167,0.067272,0.14999,0,0,0.090925,0.076506,0.10168,0,0.13606,0,0,0.21154,0.145,0,0,0,0,0,0,0.13657,0.11175,0.091642,0.086655,0,0.091176,0.06356,0.042998,0.093165,0.13327,0,0.097464,0.13116,0.061,0,0.77407,0.091489,0.063005,0.091419,0.23599,0.23287,0.087296,0,0.065112,0.12339,0.14422,0.051261,0,0.058699,0.17474,0.10727,0.17146,0.073532,0.18842,0,0.26232,0.10452,0.048317,0,0.15128,0.21524,0,0.037154,0.077774,0.10143,0.18518,0,0.083642,0.029253,0,0.079625,0,0.058696,0.042418,0,0.024721,0.022844,0.061478,0.083652,0,0.12974,0.03288,0.12537,0.078162,0,0.064729,0.18496,0.10788,0.12339,0.9466,0.20645,0.18886,0,0,0,0,0,0,0,0,0.16635,0,0,0.13946,0,0.045092,0,0,0,0.17003,0.15457,0.093912,0.14031,0.049385,0.032401,0,0.029245,0,0.15159,0.16992,0,0.16623,0.12287,0,0,0,0.04842,0,0.21173,0.13582,0.029546,0.063657,0.15712,0.96381,0.19323,1,0.89048,0.84492,0.22248,0.247,0.14494,0.15378,0.031065,0.14073,0.089721,0.030058,0.06429,0,0.24454,0,0.14824
"D607508",0.15418,0.21357,0.16542,0.17102,0.13228,0.16205,0.18322,0.22402,0.095917,0,0,0.022608,0.14867,0.044684,0.12206,0.069796,0.15406,0.084018,0.11251,0.14069,0.13847,0.13083,0,0.13995,0,0.053292,0.33134,0.19309,0.060851,0,0.10815,0,0,0.050235,0.1407,0.17366,0.14209,0.14397,0,0.12119,0.064942,0.089786,0.1499,0.18917,0.057601,0.15138,0.18665,0.10687,0,0.73308,0.08082,0.1636,0.16349,0.24252,0.23999,0.058524,0.06706,0.067541,0.12703,0.1485,0.053185,0,0.12248,0.22239,0.16609,0.17683,0.12196,0.20745,0.088961,0.26741,0.10733,0.084041,0,0.15574,0.23669,0,0.037969,0.10765,0.17533,0.21299,0.078498,0.10749,0.0765,0.057101,0.080347,0.10075,0.1225,0.08873,0,0.077404,0.047497,0.12686,0.13934,0,0.1574,0.068709,0.12809,0.13509,0.093884,0.10695,0.23145,0.15382,0.16094,0.93936,0.21276,0.19495,0.10606,0,0.079624,0,0.096514,0.053657,0,0.065464,0.23023,0,0.052502,0.14396,0,0.046783,0.068812,0.13916,0,0.20439,0.22355,0.096442,0.14558,0.10184,0.084675,0,0.09197,0,0.20859,0.20432,0,0.21649,0.25651,0,0,0,0.0502,0,0.21874,0.13987,0.12387,0.065026,0.2535,0.91873,0.19445,0.89048,1,0.86657,0.23077,0.30117,0.15039,0.13681,0,0.23199,0.092276,0.078671,0.044259,0,0.25365,0,0.15381
"D607516",0.14418,0.17443,0.17796,0.16066,0.12336,0.15326,0.17219,0.17459,0.066939,0,0,0,0.12526,0,0.065522,0.088518,0.14399,0,0,0.10987,0.11139,0.14834,0.073403,0.15056,0,0,0.31099,0.18084,0,0,0,0,0.053175,0.015544,0.15356,0.12565,0.10346,0.1012,0,0.13221,0.060958,0.041577,0.12143,0.16046,0,0.1061,0.17662,0.10113,0,0.67654,0.11428,0.060042,0.13152,0.22667,0.25652,0.054589,0.042633,0.095029,0.13353,0.15735,0.049578,0,0.056786,0.19484,0.12044,0.23277,0.07087,0.16356,0,0.2765,0.10009,0.06264,0,0.14538,0.26396,0,0.035637,0.075331,0.16371,0.19927,0,0.1009,0.072003,0,0.075849,0,0.056755,0.041025,0,0.023878,0.022093,0.078651,0.11435,0,0.1478,0.048011,0.11987,0.11391,0,0.10059,0.25292,0.13092,0.11676,0.88643,0.22385,0.23416,0,0,0,0,0.061384,0.050869,0,0,0.19668,0,0,0.18049,0,0.088121,0.04361,0,0,0.22453,0.14901,0.089939,0.13573,0.047063,0.0475,0,0.028285,0,0.19584,0.19142,0,0.20268,0.11887,0,0,0,0.046797,0,0.204,0.13044,0.028575,0.060654,0.19412,0.87011,0.18379,0.84492,0.86657,1,0.21517,0.28222,0.14022,0.17927,0,0.1735,0.086085,0.028644,0.041257,0,0.2365,0,0.14341
"D607554",0.041997,0.10889,0.094734,0.14337,0.13602,0.042411,0.21045,0.12748,0.081643,0,0,0.030937,0.12198,0.020123,0.094329,0.095766,0.10523,0,0,0.09556,0.053632,0.071237,0,0.081791,0,0,0.2242,0.15369,0.027519,0.060218,0.048858,0.047848,0.035456,0.022706,0.064231,0.052546,0.085659,0.098116,0,0.063469,0,0.081642,0.22646,0.14072,0,0.15647,0.11597,0.041039,0,0.21607,0.15105,0.044184,0.031725,0.18865,0.046611,0.040163,0.030309,0,0.086902,0.12686,0.073017,0.032567,0.11144,0.059939,0.099857,0.1457,0.082765,0.15272,0,0.19047,0.09824,0.068795,0,0.035535,0.13659,0,0.025348,0,0.092952,0.17411,0,0.11873,0.041749,0,0,0.04643,0.17584,0.060421,0.032997,0,0,0.05765,0.071407,0.031327,0.098793,0.023375,0.042682,0.072985,0.042378,0.091069,0.15681,0.076225,0.12517,0.24673,0.072399,0.11859,0,0,0,0.048632,0,0,0,0,0.32481,0,0,0.1638,0,0,0,0,0,0.042705,0.13015,0.088267,0.19977,0.06927,0.023067,0,0,0,0.12279,0.11915,0,0.17597,0.17495,0.051236,0.049113,0,0.068918,0.051458,0.22522,0.14397,0.042073,0.044118,0.12105,0.21587,0,0.22248,0.23077,0.21517,1,0.17165,0.20637,0.069575,0,0.1074,0.063246,0.04216,0.19441,0,0.90778,0,0.21106
"D607682",0.18491,0.15965,0.3015,0.16473,0.19698,0,0.13744,0.18074,0.053936,0,0,0,0.088212,0,0.076742,0,0.23023,0,0,0.071098,0.059788,0.098134,0,0.17948,0,0,0.63123,0.49231,0,0,0,0,0,0,0.10461,0.085583,0.19732,0.10644,0,0.11695,0.0978,0.022123,0.071905,0.15399,0,0.15817,0.075461,0,0,0.20305,0.040078,0.095827,0.13987,0.31046,0.10108,0.087124,0,0,0.14253,0.16669,0,0,0.090658,0.088081,0.16465,0.21066,0.068493,0.094551,0,0.14762,0.15976,0.074625,0,0.077068,0.19786,0,0.057171,0,0.23584,0.28401,0,0.063339,0.022574,0,0,0,0.030198,0,0,0.038147,0,0.062724,0.051719,0,0.090251,0.025336,0.19183,0.16916,0,0.060334,0.42336,0.10445,0.052944,0.27137,0.078508,0.12877,0,0,0,0,0,0,0,0,0.17096,0,0,0.17929,0,0,0,0,0,0.094875,0.23836,0.14355,0.2167,0.075112,0,0,0,0,0.31524,0.36775,0,0.4519,0.18977,0,0,0,0.074702,0,0.20359,0.20822,0,0.096804,0.30698,0.2863,0.12812,0.247,0.30117,0.28222,0.17165,1,0.22386,0.21746,0,0.27449,0.10301,0.045717,0,0,0.18865,0,0.22894
"D607688",0.054773,0.047327,0.12355,0.2134,0.43048,0,0.081217,0.13144,0.021246,0,0,0,0.079541,0,0.092267,0,0.3457,0,0,0,0,0.069746,0,0.35821,0,0,0.2924,0.20044,0,0,0,0,0,0,0.041885,0.034265,0.11183,0.1281,0,0.15116,0,0.053352,0.086452,0.22195,0,0.066896,0.030213,0,0,0.12061,0.0241,0.057625,0.041375,0.37076,0.06079,0.052381,0,0,0.31892,0.3672,0,0,0.109,0.026055,0.23064,0.19002,0.026978,0.085257,0,0.33015,0.19395,0.089722,0,0.046345,0.076339,0,0,0,0.12136,0.11333,0,0.076232,0.027161,0,0,0,0.036335,0,0,0,0,0.037597,0.031043,0,0.064471,0.030485,0.055666,0.07139,0,0.023733,0.20451,0.07456,0.031837,0.16076,0.047211,0.16348,0,0,0,0,0,0,0,0,0.10182,0,0,0.12791,0,0,0,0,0,0.027861,0.22664,0.17339,0.9976,0.045174,0,0,0,0,0.16014,0.20664,0,0.2295,0.30461,0,0,0,0.089883,0,0.19596,0.75516,0,0.05754,0.15806,0.14067,0,0.14494,0.15039,0.14022,0.20637,0.22386,1,0.12114,0,0.14023,0.082663,0.027492,0,0,0.22682,0,0.36836
"D607822",0.17861,0.13206,0.17578,0.38173,0.41813,0.077056,0.11689,0.17965,0.080514,0,0,0.029027,0.11721,0.074959,0.062517,0.065048,0.42509,0,0,0.043993,0.060473,0.20137,0.029815,0.51578,0.019386,0.016338,0.24119,0.15104,0.025789,0,0,0.084533,0.031396,0.051539,0.084775,0.092588,0.22075,0.15393,0.024879,0.29637,0.17485,0.055003,0.098918,0.22107,0.036757,0.13795,0.12879,0.06334,0.044779,0.15711,0.074344,0.12029,0.18484,0.19114,0.082001,0.10702,0.026661,0,0.41276,0.42491,0,0.01442,0.049026,0.088181,0.32026,0.26209,0.1019,0.087895,0.021054,0.22017,0.086807,0.070773,0,0.046963,0.2888,0,0.10381,0.032348,0.21723,0.19617,0.048289,0.1236,0.054963,0,0,0,0.061292,0,0,0.030866,0.014299,0.12878,0.095505,0,0.17048,0.051647,0.16379,0.18232,0.018857,0.064217,0.18352,0.15342,0.11896,0.12745,0.04778,0.19332,0.020983,0,0,0,0.038429,0.042585,0,0,0.13606,0,0.031481,0.14567,0,0.028226,0.057047,0,0,0.19014,0.34701,0.097263,0.11927,0.045807,0.041097,0,0.036623,0.028228,0.12432,0.56894,0.031823,0.17229,0.27255,0,0,0.017493,0.03029,0,0.524,0.12708,0,0.039288,0.14554,0.16735,0.080241,0.15378,0.13681,0.17927,0.069575,0.21746,0.12114,1,0.05775,0.17575,0.097621,0.087753,0.043488,0,0.076468,0,0.338
"D607850",0.035373,0,0,0.044611,0.037538,0.053028,0.14813,0.042059,0.12979,0,0,0.051544,0.084601,0.050174,0.083344,0,0,0,0,0.092,0.13952,0.09174,0.23782,0.022592,0,0,0,0.085505,0.022769,0,0,0.039655,0.20021,0.018787,0.053181,0.11351,0.071116,0.040623,0.77658,0.086803,0.10764,0.067819,0.097454,0.038926,0.084915,0.19851,0.077025,0.07226,0.084491,0.051795,0.14602,0.073286,0.052564,0,0,0.56953,0.152,0.077093,0.09446,0.042037,0,0,0.074962,0.066706,0.089751,0,0.034666,0.18609,0.066996,0.16397,0,0.14177,0,0,0.08904,0,0.11943,0.091405,0.057832,0,0,0.07589,0.20197,0,0,0,0.13962,0.08148,0.055197,0,0,0.09576,0.079055,0,0.11287,0.077738,0.035399,0.07604,0.035541,0.17641,0,0.04753,0.12158,0,0,0,0.039505,0.18271,0,0,0,0.060306,0,0,0.070276,0,0,0.02719,0,0,0.025677,0,0,0.22118,0.15478,0.11087,0,0.1007,0.019152,0,0.034523,0.27506,0,0.032377,0,0,0,0,0,0,0,0,0.031069,0.13428,0,0,0,0.030214,0,0.031065,0,0,0,0,0,0.05775,1,0,0.078759,0.12266,0.025259,0,0,0,0
"D608049",0.15228,0.24913,0.25461,0.27271,0.11611,0.1228,0.12445,0.24324,0.094509,0.074904,0.089336,0.14213,0.25944,0.17089,0.22956,0.14102,0.17979,0.17887,0.13891,0.16926,0.14876,0.20859,0.018835,0.1549,0.022456,0.079912,0.29473,0.18699,0.12139,0.030648,0.10886,0.048838,0.036139,0.12196,0.17223,0.18647,0.34063,0.19833,0,0.28579,0.1448,0.21891,0.13198,0.26266,0.11478,0.15618,0.2023,0.24077,0.20401,0.13216,0.079846,0.12229,0.22462,0.26859,0.18055,0.041008,0.096445,0.047643,0.15002,0.11699,0.055777,0.082948,0.16267,0.18956,0.34501,0.23823,0.14837,0.1541,0.18607,0.15373,0.075134,0.16139,0,0.090568,0.20402,0,0.0824,0.10034,0.6204,0.16333,0.21738,0.2102,0.14033,0.086057,0,0.1019,0.096239,0.082626,0.033711,0.060239,0.27602,0.17351,0.1598,0.079904,0.23039,0.10718,0.14905,0.18252,0.094456,0.16894,0.39078,0.29233,0.17712,0.15474,0.19512,0.33648,0.17304,0.061646,0.16947,0.1998,0.10626,0.097257,0.070164,0.09801,0.26049,0.057452,0.11551,0.18404,0.070358,0.18224,0.076953,0.1703,0.069834,0.19774,0.2317,0.067511,0.13808,0.17123,0.15727,0.069834,0.071053,0.032375,0.15243,0.23264,0,0.21397,0.21899,0.026076,0.024996,0.084776,0.035092,0.026189,0.13495,0.12237,0.12616,0.090453,0.76979,0.15691,0.12097,0.14073,0.23199,0.1735,0.1074,0.27449,0.14023,0.17575,0,1,0.11385,0.14286,0.061563,0,0.088538,0.1081,0.14364
"D608088",0.26121,0.10883,0.076352,0.14145,0.13906,0.0636,0.087663,0.12117,0.13913,0.13973,0,0.037149,0.097703,0.072424,0.070783,0.057422,0.12634,0,0,0.095516,0.096745,0.20463,0.043513,0.21858,0.026392,0,0.089557,0.092136,0.066042,0.036102,0.029291,0.05738,0.08576,0.040842,0.096308,0.16113,0.10278,0.13743,0.070374,0.22563,0.077045,0.11021,0.066276,0.18974,0.047624,0.12544,0.083389,0.087014,0.030498,0.092568,0.11185,0.10609,0.095989,0.16975,0.15702,0.14518,0.07309,0.02771,0.15905,0.18591,0.02189,0.058575,0.050147,0.14497,0.14992,0.058145,0.099814,0.10509,0.024162,0.21402,0.1178,0.11049,0,0.10711,0.21342,0.072535,0.091714,0.065891,0.12594,0.086902,0.021315,0.11388,0.075178,0.023147,0.055621,0.027835,0.083558,0.036272,0.039603,0.021009,0.019506,0.20798,0.10109,0.018781,0.17785,0.056141,0.30736,0.1001,0.051124,0.14208,0.062916,0.057156,0.10355,0.098685,0.086887,0.14629,0,0.10921,0.043164,0.029155,0.026178,0.072556,0.082845,0.053147,0.12587,0,0.021173,0.058795,0.082957,0,0.055794,0.072938,0.08265,0.10298,0.15636,0.10605,0.08279,0.14639,0.085405,0.08265,0.08398,0.078467,0.049327,0.14094,0.056861,0.14134,0.069959,0.092166,0.088345,0,0.04132,0.092763,0.15775,0.18107,0.075825,0.16209,0.21443,0.086391,0.034289,0.089721,0.092276,0.086085,0.063246,0.10301,0.082663,0.097621,0.078759,0.11385,1,0.12646,0.054234,0.056771,0.034757,0,0.084794
"D608232",0.067436,0.11878,0.1073,0.30372,0.03621,0.30394,0.17792,0.061484,0.18723,0.12156,0.17094,0.12167,0.28142,0.22375,0.23637,0.13115,0.04202,0.078523,0.062929,0.18395,0.12026,0.24984,0.056842,0.043598,0.039875,0.32326,0.059696,0.040928,0.17344,0.072265,0.11911,0.076554,0.085146,0.20579,0.089854,0.21828,0.20846,0.19836,0.13816,0.19702,0.10706,0.33511,0.17742,0.10716,0.4131,0.266,0.153,0.24762,0.13604,0.10155,0.13564,0.14382,0.07723,0.056535,0.037252,0.14591,0.12242,0.018441,0.078621,0.052886,0.13539,0.1339,0.20832,0.25949,0.21102,0.038758,0.10358,0.23175,0.15407,0.10987,0.078534,0.34908,0,0.13184,0.11376,0.12162,0.10676,0.16625,0.13403,0.088883,0.18677,0.24304,0.22909,0.31278,0.055749,0.1114,0.17055,0.38489,0.026376,0.19011,0.2847,0.22874,0.31231,0.05331,0.22322,0.23476,0.051188,0.18078,0.13927,0.35116,0.041938,0.15182,0.2413,0.032839,0.043401,0.059296,0.09749,0.04847,0.087795,0.083868,0.11088,0.27104,0.055232,0.18823,0.13967,0.050848,0.39994,0.095764,0.055307,0,0.20594,0.12652,0.055103,0.17744,0.19841,0.092908,0.02663,0.38852,0.18458,0.055103,0.17701,0.11536,0.016305,0.046862,0.11459,0.14146,0.095464,0.061434,0.058897,0.055816,0.027543,0.061834,0.060016,0.077165,0.10267,0.14344,0.1422,0.028707,0,0.030058,0.078671,0.028644,0.04216,0.045717,0.027492,0.087753,0.12266,0.14286,0.12646,1,0.036156,0.1143,0.023168,0,0.028113
"D608320",0,0.11589,0.018169,0.15636,0,0.075127,0.16201,0.14525,0.18853,0,0,0.038359,0.13348,0.034544,0.054073,0.073326,0,0.11173,0.17799,0.28297,0.22802,0.093951,0.019568,0,0.025276,0,0,0,0.034224,0.03439,0.027902,0.027325,0.020248,0.067389,0.018341,0.015004,0.024523,0.1056,0,0.068658,0,0.060305,0.36523,0.1233,0.074975,0.10419,0.19129,0.047293,0,0.10744,0.18368,0.030879,0,0.026928,0,0.024404,0.034642,0,0.039971,0.047761,0.10522,0.0374,0.03183,0.069137,0.043367,0,0.29149,0.13888,0.05141,0.062469,0,0.039828,0,0.10266,0.080969,0.069202,0.093864,0.063101,0.079947,0.05605,0,0.14005,0.14025,0.022055,0,0.026516,0.10207,0.052059,0.03775,0,0.018586,0.065929,0.095943,0.01789,0.10308,0.040227,0,0.073424,0.024202,0.14362,0,0.045396,0.19227,0.047327,0.14808,0.10198,0.082883,0.33561,0.19626,0.055568,0.025057,0.013819,0.38299,0.25256,0.29402,0,0.020175,0.18285,0.38284,0,0.057347,0.33687,0.38319,0.038575,0,0,0,0.03957,0.026356,0.38319,0.080216,0.095017,0,0,0.097254,0.067574,0,0.05853,0.056104,0,0,0.058974,0.092449,0,0.048196,0.10388,0.069386,0.062408,0.044112,0.06429,0.044259,0.041257,0.19441,0,0,0.043488,0.025259,0.061563,0.054234,0.036156,1,0.054163,0.1811,0,0
"D608437",0,0,0.056427,0.01597,0,0.13202,0.40316,0,0.31647,0,0,0,0.054479,0,0.10645,0,0,0,0,0.057172,0.096041,0.096215,0,0,0,0,0,0,0,0,0,0,0,0.081788,0.057383,0.070632,0.15363,0.095449,0,0.022592,0,0.018226,0.059147,0.041877,0.19156,0.33698,0,0.036576,0,0,0.082743,0.11882,0,0,0,0,0.054444,0.082448,0.038871,0,0.032605,0,0.049776,0.10856,0.045974,0,0.036963,0.34528,0,0,0,0.10349,0,0.12812,0.071586,0.1086,0.022635,0.098058,0,0,0,0.092246,0.14965,0.034479,0.12422,0,0.49231,0.026979,0.058976,0.22184,0.029055,0.1043,0.085515,0,0.044231,0.10492,0,0.049052,0,0.17949,0,0,0.13029,0,0,0,0,0.10885,0.064627,0,0,0.021603,0.12404,0.079576,0,0,0.031539,0,0.12421,0,0.6083,0.10921,0.12375,0.0394,0,0,0,0.03094,0.12452,0.12375,0.24077,0.11361,0,0,0.95398,0.40664,0,0.13731,0.13168,0,0,0.1382,0,0,0.11296,0.1622,0,0,0,0,0,0,0,0,0,0,0,0,0.056771,0.1143,0.054163,1,0,0,0
"D608583",0.046158,0.11968,0.10412,0.13793,0.14949,0.046613,0.20882,0.14011,0.071825,0,0,0,0.11172,0,0.077756,0.070169,0.11566,0,0,0.070013,0.058945,0.058786,0,0.089895,0,0,0.24641,0.16892,0,0,0,0,0,0,0.035297,0.028876,0.07061,0.080877,0,0.055866,0,0.067299,0.22508,0.1289,0,0.15345,0.10201,0.022619,0,0.23751,0.14598,0.048562,0.034868,0.15551,0.051229,0.044142,0,0,0.095524,0.13942,0.080252,0,0.091857,0.065878,0.082318,0.16014,0.090965,0.16787,0,0.17947,0.10797,0.075611,0,0.039056,0.12872,0,0,0,0.076628,0.19138,0,0.11467,0.045896,0,0,0,0.19371,0.066407,0,0,0,0.031684,0.078482,0,0.090506,0.025691,0.046911,0.060163,0,0.080101,0.17235,0.062834,0.13795,0.2712,0.039785,0.097788,0,0,0,0,0,0,0,0,0.32979,0,0,0.14411,0,0,0,0,0,0.023479,0.14304,0.097012,0.21956,0.038069,0,0,0,0,0.13496,0.13095,0,0.1934,0.19228,0,0,0,0.075746,0,0.24755,0.15823,0,0.04849,0.09979,0.23727,0,0.24454,0.25365,0.2365,0.90778,0.18865,0.22682,0.076468,0,0.088538,0.034757,0.023168,0.1811,0,1,0,0.23197
"D608895",0,0,0,0.058848,0,0.070151,0,0.083883,0,0.070243,0,0,0,0.035087,0,0.11047,0,0.12485,0,0,0,0.088821,0,0,0,0,0,0,0,0,0,0,0,0.039097,0.10627,0.087646,0,0.041897,0,0.041684,0,0,0,0.078808,0,0.029183,0.21446,0.10241,0.086584,0,0.030323,0,0.10448,0,0.16057,0,0,0.075706,0.071303,0,0,0,0,0.065986,0.084587,0.16921,0,0.072111,0,0,0,0.075621,0,0,0.064914,0,0,0.059934,0.087551,0,0,0.026185,0.068523,0,0,0,0,0,0,0.059744,0,0,0,0,0.054168,0.081812,0,0.031174,0,0.090912,0.20798,0,0.08068,0,0.12354,0.10423,0,0,0.11833,0,0,0,0,0,0,0,0,0,0,0.21935,0,0,0,0.035014,0,0,0,0,0.076564,0,0,0,0,0,0,0,0,0,0,0,0,0,0,0,0,0,0.12184,0,0,0,0,0,0,0,0,0,0,0.1081,0,0,0,0,0,1,0
"D608907",0.056011,0.048396,0.12636,0.2507,0.63585,0,0.11191,0.28702,0.021726,0,0,0,0.081347,0,0.094362,0,0.43139,0,0,0,0,0.071466,0,0.34792,0,0,0.29904,0.205,0,0,0,0,0,0,0.042832,0.03504,0.11455,0.13121,0,0.14356,0,0.054727,0.088416,0.12554,0,0.068416,0.030896,0,0,0.12335,0.024644,0.058928,0.04231,0.25227,0.062164,0.053565,0,0,0.24201,0.29447,0,0,0.11147,0.026644,0.28429,0.32889,0.027588,0.087193,0,0.1455,0.13101,0.091759,0,0.047393,0.11104,0,0,0,0.12431,0.11591,0,0.078082,0.027775,0,0,0,0.037156,0,0,0,0,0.038447,0.031744,0,0.066061,0.031174,0.056924,0.073012,0,0.02427,0.20915,0.076254,0.032556,0.16441,0.048278,0.16749,0,0,0,0,0,0,0,0,0.14027,0,0,0.13082,0,0,0,0,0,0.028491,0.5988,0.11771,0.36275,0.046195,0,0,0,0,0.16378,0.4688,0,0.23471,0.80346,0,0,0,0.091915,0,0.5285,0.25696,0,0.05884,0.16189,0.14386,0,0.14824,0.15381,0.14341,0.21106,0.22894,0.36836,0.338,0,0.14364,0.084794,0.028113,0,0,0.23197,0,1
