"","V1","V2","V3","V4","V5","V6","V7","V8","V9","V10","V11","V12","V13","V14","V15","V16","V17","V18","V19","V20","V21","V22","V23","V24","V25","V26","V27","V28","V29","V30","V31","V32","V33","V34","V35","V36","V37","V38","V39","V40","V41","V42","V43","V44","V45","V46","V47","V48","V49","V50","V51","V52","V53","V54","V55","V56","V57","V58","V59","V60","V61","V62","V63","V64","V65","V66","V67","V68","V69","V70","V71","V72","V73","V74","V75","V76","V77","V78","V79","V80","V81","V82","V83","V84","V85","V86","V87","V88","V89","V90","V91","V92","V93","V94","V95","V96","V97","V98","V99","V100","V101","V102","V103","V104","V105","V106","V107","V108","V109","V110","V111","V112","V113","V114","V115","V116","V117","V118","V119","V120","V121","V122","V123","V124","V125","V126","V127","V128","V129","V130","V131","V132","V133","V134","V135","V136","V137","V138","V139","V140","V141","V142","V143","V144","V145","V146","V147","V148","V149","V150","V151","V152","V153","V154","V155","V156","V157","V158","V159","V160","V161","V162","V163","V164","V165"
"1",0.00125542692695785,NA,NA,NA,NA,NA,NA,NA,NA,NA,NA,NA,NA,NA,NA,NA,NA,NA,NA,NA,NA,NA,NA,NA,NA,NA,0.000547506219525621,0.000547506219525621,NA,NA,NA,NA,NA,NA,NA,NA,NA,NA,NA,NA,NA,NA,NA,NA,NA,NA,NA,NA,NA,NA,NA,NA,NA,0.000626067066284907,NA,NA,NA,NA,NA,NA,NA,NA,NA,NA,0.000239794398742722,NA,NA,NA,NA,NA,NA,NA,NA,NA,NA,NA,NA,NA,NA,NA,NA,NA,NA,NA,NA,NA,NA,NA,NA,NA,NA,NA,NA,NA,NA,NA,NA,NA,NA,NA,0.000547506219525621,NA,NA,NA,NA,NA,NA,NA,NA,NA,NA,NA,NA,NA,NA,NA,NA,NA,NA,NA,NA,NA,NA,NA,NA,NA,NA,NA,NA,NA,NA,NA,NA,NA,NA,NA,NA,NA,NA,NA,NA,NA,NA,NA,NA,NA,NA,NA,NA,NA,NA,NA,NA,NA,NA,NA,NA,NA,NA,NA,NA,NA,NA,NA,NA
"2",NA,0.0603044126846208,0.000193585030954982,-0.000352215466455788,-0.000352215466455788,0.000263350788866555,NA,9.93824096781367e-05,-2.96103736006804e-05,0.000476580652561934,-3.4412973356408e-05,2.78290807282847e-05,0.000118691513796873,0.000209544908846896,NA,0.000526701577733109,-5.14078928414875e-05,NA,NA,8.7732303680549e-05,0.000605424743119596,-4.50237267454317e-05,8.04659353015221e-05,-9.52949621380075e-05,1.38837523796159e-05,NA,-1.52742977696935e-05,-1.52742977696935e-05,0.00100970146220355,NA,NA,NA,NA,0.000447411276772811,0.000115240371071631,0.000115240371071631,NA,0.000201682270484653,-0.000103916148940552,NA,-0.000130225420196409,NA,0.000411498132862509,0.000116574767944785,-3.4412973356408e-05,-0.000107934983046948,NA,-8.09498860879615e-05,-8.09498860879615e-05,0.000721765122572744,0.000171747563916129,NA,9.15102109028412e-05,0.000673656640472454,NA,-0.000103916148940552,NA,NA,-9.18524276853731e-05,-9.18524276853731e-05,NA,NA,0.000247112556577967,NA,-0.000959235914564179,NA,0.00042054108773696,NA,NA,0.00021027054386848,9.93824096781367e-05,-0.00041728686356331,0.000228616219174329,NA,0.000429536327378433,NA,NA,-0.000236882988805443,6.69639973776908e-05,NA,-2.96103736006804e-05,0.000147048118223428,8.7732303680549e-05,-0.00020869971547899,0.000178659331045954,0.000171747563916129,0.000349217881028379,NA,NA,4.60494204112558e-05,0.000137166044287503,0.000141491989429933,7.02207643736816e-05,NA,7.69679026353695e-05,-0.000263854708551825,0.000228616219174329,0.000149406916332355,NA,-0.00041728686356331,-1.52742977696935e-05,0.000107717938793158,0.000185925699424981,0.000721765122572744,0.000317720435041289,NA,0.000149406916332355,8.7732303680549e-05,NA,0.000291778426699414,NA,-0.000236882988805443,8.7732303680549e-05,8.7732303680549e-05,0.000947786085580883,0.000247112556577967,NA,5.08148597539769e-05,8.7732303680549e-05,0.000115240371071631,-0.000107934983046948,8.7732303680549e-05,8.7732303680549e-05,NA,-0.000352215466455788,0.00021027054386848,-9.18524276853731e-05,NA,8.40525351009682e-05,8.7732303680549e-05,0.000185925699424981,0.000165157393122123,2.54074298769884e-05,NA,-0.000107934983046948,-0.000107934983046948,-0.000352215466455788,8.40525351009682e-05,8.40525351009682e-05,NA,9.15102109028412e-05,8.40525351009682e-05,-0.000352215466455788,-9.18524276853731e-05,-3.89745468947607e-05,4.40904911081866e-06,6.69639973776908e-05,0.000721765122572744,NA,0.000906718563361791,0.000721765122572744,0.000721765122572744,-0.000140265700630841,2.54074298769884e-05,-9.18524276853731e-05,-0.000352215466455788,-0.000103916148940552,6.69639973776908e-05,NA,0.000251024485283947,0.000347213447306891,-0.000107934983046948,-0.000140265700630841,NA,-0.000352215466455788
"3",NA,0.000193585030954982,0.0152274209591993,5.71765528087782e-05,5.71765528087782e-05,NA,NA,0.000342306113898554,0.000213313330619737,0.000688688934824194,0.000613408253216883,0.000270752784948702,0.000695527923762506,0.000244430011243006,NA,0.00040808109734254,7.01548898665245e-05,NA,NA,0.000330656007900966,0.000244430011243006,0.000592186746438836,0.00032338963952194,5.55258667676846e-05,0.000710001704688931,NA,0.000137093159591139,0.000137093159591139,NA,NA,NA,NA,NA,0.000690334980993228,0.000601087779512466,0.000601087779512466,NA,0.00044460597470507,0.000474401902048595,NA,0.000804993402292218,NA,0.000639939991859211,0.000915383735819268,0.000613408253216883,0.000299011844418273,NA,0.000161973818132456,0.000161973818132456,0.000226978193374739,0.000414671268136547,NA,0.000334433915123259,0.000626288937188198,NA,0.000474401902048595,NA,NA,0.000498529344558953,0.000498529344558953,NA,NA,0.000325083213938106,NA,-0.000143160629944858,NA,0.000355000852344465,NA,NA,0.000453194248088897,0.000342306113898554,0.00598936311045431,0.000714463627615164,NA,0.000359498472165202,NA,0.00044460597470507,-8.12668566135589e-05,0.00081616219468508,NA,0.000213313330619737,0.000389971822443846,0.000330656007900966,3.4223988741427e-05,0.000421583035266372,0.000414671268136547,0.000592141585248796,NA,NA,0.000288973124631673,0.000213313330619737,0.000384415693650351,0.000313144468594099,NA,0.000319891606855787,0.000195065360748355,0.00025903841806315,0.000137093159591139,NA,0.00598936311045431,0.000137093159591139,0.000350641643013575,0.000428849403645398,0.000226978193374739,0.00030359052599663,NA,0.000137093159591139,0.000330656007900966,NA,0.000534702130919831,NA,-8.12668566135589e-05,0.000330656007900966,0.000330656007900966,0.000774872560988921,0.000325083213938106,NA,0.000170137738352974,0.000330656007900966,0.000601087779512466,0.000299011844418273,0.000330656007900966,0.000330656007900966,NA,5.71765528087782e-05,0.000453194248088897,0.000498529344558953,NA,0.000326976239321386,0.000330656007900966,0.000428849403645398,0.00040808109734254,0.000268331134097406,NA,0.000299011844418273,0.000299011844418273,5.71765528087782e-05,0.000326976239321386,0.000326976239321386,NA,0.000334433915123259,0.000326976239321386,5.71765528087782e-05,0.000498529344558953,0.000125243035028605,0.000146934833031395,0.00081616219468508,0.000226978193374739,NA,0.000273216553572001,0.000226978193374739,0.000226978193374739,0.000102658003589577,0.000268331134097406,0.000498529344558953,5.71765528087782e-05,0.000474401902048595,0.00081616219468508,NA,0.000493948189504364,0.000463067340605416,0.000299011844418273,0.000102658003589577,NA,5.71765528087782e-05
"4",NA,-0.000352215466455788,5.71765528087782e-05,0.217846398969308,0.217846398969308,0.000196708068631924,NA,-0.000131228689744912,-0.000389214256302546,-0.000254303965435652,-2.41834913450937e-05,-0.000155897112311504,-0.000694098134248252,-0.00155900844582549,NA,-9.80327571729018e-05,0.0452809629415411,NA,NA,-0.000154528901740087,-0.00147692085380376,-0.000401079363645332,-8.12740947603164e-05,0.0429403192457267,-0.000281020643526035,6.41902636945019e-05,-0.000519794952997583,-0.000519794952997583,NA,NA,NA,NA,NA,0.000184221126477786,-0.000299622688114872,-0.000299622688114872,-0.000116142032071596,-6.15078798103717e-05,-0.000409148991797547,NA,-0.000590944557629582,0.000111855972239793,0.000341087849626485,0.00958178177267428,-2.41834913450937e-05,-0.00118875362292564,NA,-0.000580710160357982,-0.000580710160357982,-0.000361884530792541,1.35016187310737e-05,-8.12740947603164e-05,0.000281590324596032,-0.000315823886771926,NA,-0.000409148991797547,NA,NA,-0.000393991900502433,-0.000393991900502433,NA,NA,-0.00107695202074272,NA,-0.00598296344045471,NA,1.35595437072611e-05,0.000786189720241577,-6.96051193400429e-05,0.000308139730940557,-2.45246716304725e-05,-0.00297789937347875,-9.53871607045121e-05,0.000114353105617556,2.70524031694711e-05,NA,7.33710318681205e-05,-0.00322924578993676,0.00015885925697028,NA,-0.000411503021466924,0.000118472454005402,-0.000154528901740087,-0.000948771047101854,2.73251529907229e-05,-9.14425863788951e-05,8.60277307333542e-05,0.000258083192200063,-6.15078798103717e-05,-8.30157535796192e-05,-0.000324012597921576,0.000531499217231492,-0.000189551980353822,NA,4.06581753168353e-05,-0.00184715573251365,4.0504856193221e-05,-0.000595524061528059,NA,-0.00297789937347875,-0.000519794952997583,-0.000155472211501867,4.18578897487766e-05,-0.000361884530792541,-0.000140671435336244,NA,-0.000595524061528059,-0.000154528901740087,NA,2.85882764043891e-05,NA,-0.00322924578993676,-0.000154528901740087,-0.000154528901740087,-0.00041438239254653,-0.00107695202074272,-0.000736133461762095,-0.000422186823140508,-0.000154528901740087,-0.000299622688114872,-0.00118875362292564,-0.000154528901740087,-0.000154528901740087,NA,0.217846398969308,0.000308139730940557,-0.000393991900502433,-0.000736133461762095,-0.000179137615194056,-0.000154528901740087,4.18578897487766e-05,-9.80327571729018e-05,9.6261152398757e-05,0.0309267118661577,-0.00118875362292564,-0.00118875362292564,0.217846398969308,-0.000179137615194056,-0.000179137615194056,0.000111855972239793,0.000281590324596032,-0.000179137615194056,0.217846398969308,-0.000393991900502433,-0.000690325058028328,-0.000651168919980733,0.00015885925697028,-0.000361884530792541,NA,-0.000269407810398017,-0.000361884530792541,-0.000361884530792541,-0.000871005309540556,9.6261152398757e-05,-0.000393991900502433,0.217846398969308,-0.000409148991797547,0.00015885925697028,-0.000125802297003983,-1.21656650110778e-05,-0.000249047260738858,-0.00118875362292564,-0.000871005309540556,NA,0.217846398969308
"5",NA,-0.000352215466455788,5.71765528087782e-05,0.217846398969308,0.217846398969308,0.000196708068631924,NA,-0.000131228689744912,-0.000389214256302546,-0.000254303965435652,-2.41834913450937e-05,-0.000155897112311504,-0.000694098134248252,-0.00155900844582549,NA,-9.80327571729018e-05,0.0452809629415411,NA,NA,-0.000154528901740087,-0.00147692085380376,-0.000401079363645332,-8.12740947603164e-05,0.0429403192457267,-0.000281020643526035,6.41902636945019e-05,-0.000519794952997583,-0.000519794952997583,NA,NA,NA,NA,NA,0.000184221126477786,-0.000299622688114872,-0.000299622688114872,-0.000116142032071596,-6.15078798103717e-05,-0.000409148991797547,NA,-0.000590944557629582,0.000111855972239793,0.000341087849626485,0.00958178177267428,-2.41834913450937e-05,-0.00118875362292564,NA,-0.000580710160357982,-0.000580710160357982,-0.000361884530792541,1.35016187310737e-05,-8.12740947603164e-05,0.000281590324596032,-0.000315823886771926,NA,-0.000409148991797547,NA,NA,-0.000393991900502433,-0.000393991900502433,NA,NA,-0.00107695202074272,NA,-0.00598296344045471,NA,1.35595437072611e-05,0.000786189720241577,-6.96051193400429e-05,0.000308139730940557,-2.45246716304725e-05,-0.00297789937347875,-9.53871607045121e-05,0.000114353105617556,2.70524031694711e-05,NA,7.33710318681205e-05,-0.00322924578993676,0.00015885925697028,NA,-0.000411503021466924,0.000118472454005402,-0.000154528901740087,-0.000948771047101854,2.73251529907229e-05,-9.14425863788951e-05,8.60277307333542e-05,0.000258083192200063,-6.15078798103717e-05,-8.30157535796192e-05,-0.000324012597921576,0.000531499217231492,-0.000189551980353822,NA,4.06581753168353e-05,-0.00184715573251365,4.0504856193221e-05,-0.000595524061528059,NA,-0.00297789937347875,-0.000519794952997583,-0.000155472211501867,4.18578897487766e-05,-0.000361884530792541,-0.000140671435336244,NA,-0.000595524061528059,-0.000154528901740087,NA,2.85882764043891e-05,NA,-0.00322924578993676,-0.000154528901740087,-0.000154528901740087,-0.00041438239254653,-0.00107695202074272,-0.000736133461762095,-0.000422186823140508,-0.000154528901740087,-0.000299622688114872,-0.00118875362292564,-0.000154528901740087,-0.000154528901740087,NA,0.217846398969308,0.000308139730940557,-0.000393991900502433,-0.000736133461762095,-0.000179137615194056,-0.000154528901740087,4.18578897487766e-05,-9.80327571729018e-05,9.6261152398757e-05,0.0309267118661577,-0.00118875362292564,-0.00118875362292564,0.217846398969308,-0.000179137615194056,-0.000179137615194056,0.000111855972239793,0.000281590324596032,-0.000179137615194056,0.217846398969308,-0.000393991900502433,-0.000690325058028328,-0.000651168919980733,0.00015885925697028,-0.000361884530792541,NA,-0.000269407810398017,-0.000361884530792541,-0.000361884530792541,-0.000871005309540556,9.6261152398757e-05,-0.000393991900502433,0.217846398969308,-0.000409148991797547,0.00015885925697028,-0.000125802297003983,-1.21656650110778e-05,-0.000249047260738858,-0.00118875362292564,-0.000871005309540556,NA,0.217846398969308
"6",NA,0.000263350788866555,NA,0.000196708068631924,0.000196708068631924,0.0100730694787602,NA,NA,NA,NA,0.000278276488775582,NA,0.000488337889673554,NA,NA,NA,0.000139920647778098,NA,NA,NA,NA,NA,NA,0.000125291624679258,NA,NA,NA,NA,NA,NA,NA,NA,NA,NA,NA,NA,NA,NA,NA,NA,NA,NA,0.000127446238457913,NA,0.000278276488775582,0.000121078284376277,NA,NA,NA,NA,NA,NA,NA,NA,NA,NA,NA,NA,NA,NA,NA,NA,0.000134113969136194,NA,-3.62911412171161e-06,NA,NA,NA,NA,NA,NA,-1.06845942797235e-05,NA,NA,NA,NA,NA,0.000173384594084892,NA,NA,NA,NA,NA,NA,NA,NA,NA,NA,NA,NA,NA,NA,NA,NA,NA,6.91050425413186e-05,NA,NA,NA,-1.06845942797235e-05,NA,NA,NA,NA,NA,NA,NA,NA,NA,NA,NA,0.000173384594084892,NA,NA,NA,0.000134113969136194,NA,NA,NA,NA,0.000121078284376277,NA,NA,NA,0.000196708068631924,NA,NA,NA,NA,NA,NA,NA,NA,NA,0.000121078284376277,0.000121078284376277,0.000196708068631924,NA,NA,NA,NA,NA,0.000196708068631924,NA,NA,NA,NA,NA,NA,NA,NA,NA,NA,NA,NA,0.000196708068631924,NA,NA,NA,NA,NA,0.000121078284376277,NA,NA,0.000196708068631924
"7",NA,NA,NA,NA,NA,NA,0.0123419774569943,NA,NA,NA,NA,NA,NA,NA,NA,NA,NA,NA,NA,NA,NA,NA,NA,NA,NA,NA,NA,NA,NA,NA,NA,NA,NA,NA,NA,NA,NA,NA,NA,NA,NA,NA,NA,NA,NA,NA,NA,NA,NA,NA,NA,NA,NA,NA,NA,NA,NA,NA,NA,NA,NA,NA,9.99501985147338e-05,NA,-0.000134171723426748,NA,NA,NA,NA,NA,NA,NA,NA,NA,NA,NA,NA,NA,NA,NA,NA,NA,NA,NA,0.000457185022556484,NA,NA,NA,NA,NA,NA,NA,NA,NA,NA,NA,NA,NA,NA,NA,NA,NA,0.000464451390935511,NA,0.000339192513286743,NA,NA,NA,NA,NA,NA,NA,NA,NA,NA,9.99501985147338e-05,NA,NA,NA,NA,NA,NA,NA,NA,NA,NA,NA,NA,NA,NA,0.000464451390935511,NA,NA,NA,NA,NA,NA,NA,NA,NA,NA,NA,NA,NA,NA,NA,NA,NA,NA,NA,NA,NA,NA,NA,NA,NA,NA,NA,NA,NA,NA,NA,NA,NA,NA
"8",NA,9.93824096781367e-05,0.000342306113898554,-0.000131228689744912,-0.000131228689744912,NA,NA,0.0263117823426423,0.000119110709342892,0.000500283692270504,0.000114308109587164,0.000176550163671857,-1.79928300960733e-05,5.6024768689316e-05,NA,0.000313878476065695,0.000148291328668223,NA,NA,0.000236453386624121,0.000256355516020869,0.000103697356198141,0.000229187018245095,0.000119033282470543,0.000162604835323188,NA,4.28905383142937e-05,4.28905383142937e-05,NA,NA,NA,NA,NA,0.000596132359716383,0.000412682536958776,0.000412682536958776,NA,0.000350403353428225,0.000285996659494905,NA,0.000233378116983192,NA,-3.6522140730505e-05,0.000265295850888357,0.000114308109587164,-4.28900948121407e-05,NA,6.77711968556109e-05,6.77711968556109e-05,0.000132775572097894,0.000320468646859702,NA,0.000240231293846414,0.000120748451572822,NA,0.000285996659494905,NA,NA,5.68686552581993e-05,5.68686552581993e-05,NA,NA,0.000136677971384416,NA,-0.000325030445760926,NA,0.00026079823106762,NA,0.000342306113898554,0.000358991626812052,0.000248103492621709,-0.000174652973468142,0.000164835796786305,NA,0.000265295850888357,NA,NA,-0.000175469477890404,0.000215685080321263,NA,0.000119110709342892,0.000295769201167001,0.000236453386624121,-5.9978632535418e-05,0.000327380413989526,0.000320468646859702,0.000497938963971951,NA,0.000350403353428225,0.000194770503354828,0.000119110709342892,0.000290213072373506,0.000218941847317254,NA,0.000225688985578942,-9.48633366470995e-05,0.000164835796786305,0.000282167868117451,NA,-0.000174652973468142,4.28905383142937e-05,0.00025643902173673,0.000334646782368553,0.000132775572097894,0.000209387904719785,NA,0.000282167868117451,0.000236453386624121,NA,0.000440499509642986,NA,-0.000175469477890404,0.000236453386624121,0.000236453386624121,8.45538231273159e-06,0.000136677971384416,NA,7.59351170761289e-05,0.000236453386624121,0.000412682536958776,-4.28900948121407e-05,0.000236453386624121,0.000236453386624121,NA,-0.000131228689744912,0.000358991626812052,5.68686552581993e-05,NA,0.000661934027577945,0.000236453386624121,0.000334646782368553,0.000313878476065695,0.000174128512820561,NA,-4.28900948121407e-05,-4.28900948121407e-05,-0.000131228689744912,0.000661934027577945,0.000661934027577945,NA,0.000240231293846414,0.000661934027577945,-0.000131228689744912,5.68686552581993e-05,3.10404137517601e-05,5.27322117545498e-05,0.000215685080321263,0.000132775572097894,NA,0.000179013932295156,0.000132775572097894,0.000132775572097894,8.45538231273159e-06,0.000174128512820561,5.68686552581993e-05,-0.000131228689744912,0.000285996659494905,0.000215685080321263,NA,0.000399745568227519,3.91376532814312e-05,-4.28900948121407e-05,8.45538231273159e-06,NA,-0.000131228689744912
"9",NA,-2.96103736006804e-05,0.000213313330619737,-0.000389214256302546,-0.000389214256302546,NA,NA,0.000119110709342892,0.0541812011064538,0.00024229812571287,-1.46846736916527e-05,4.755738039304e-05,0.000405061954682497,0.00100882714921383,NA,0.000184885692786878,-0.000153040514689138,NA,NA,0.0032163263246288,0.000763251140437639,0.00257373245759506,0.000396775261421419,-0.000167669537787978,3.36120520443713e-05,0.000347108713654282,-8.61022449645234e-05,-8.61022449645234e-05,NA,NA,NA,NA,NA,0.000467139576437566,-2.08449105438611e-05,-2.08449105438611e-05,NA,0.000221410570149408,0.00044879576885227,NA,-0.000110497120531653,NA,-0.00013464305652978,0.00013630306760954,-1.46846736916527e-05,0.000491660206361227,NA,0.000283233790950572,0.000283233790950572,3.78278881907736e-06,0.000191475863580885,0.000767481255119023,0.000800614081922981,0.000179898128076874,NA,0.00044879576885227,NA,NA,5.21385354476283e-05,5.21385354476283e-05,NA,NA,-0.000158847193331041,NA,-0.00073533073613156,NA,0.000862314893586601,NA,0.000213313330619737,0.000229998843533235,0.000119110709342892,0.0102271123997486,3.58430135074877e-05,0.000812258354846106,0.00013630306760954,NA,NA,0.00438577980437619,0.00072697544134753,NA,0.000176622643617014,0.000166776417888184,0.0032163263246288,-0.000181556040139606,0.000593162052910283,0.000191475863580885,0.000368946180693134,NA,0.000221410570149408,0.00446018163861231,0.000176622643617014,0.000950559417504257,8.99490640384369e-05,NA,9.66962023001247e-05,0.0110753167231102,0.000574427590742654,2.41823015598171e-05,NA,0.0102271123997486,-8.61022449645234e-05,0.000127446238457913,0.000205653999089736,3.78278881907736e-06,8.0395121440968e-05,NA,2.41823015598171e-05,0.0032163263246288,NA,0.000311506726364169,NA,0.00438577980437619,0.0032163263246288,0.0032163263246288,0.000105286347321935,-0.000158847193331041,-0.000183341676665699,9.02714590834875e-05,0.0032163263246288,-2.08449105438611e-05,0.000491660206361227,0.0032163263246288,0.0032163263246288,NA,-0.000389214256302546,0.000229998843533235,5.21385354476283e-05,-0.000183341676665699,0.000778241054517361,0.0032163263246288,0.000205653999089736,0.000184885692786878,4.51357295417437e-05,NA,0.000491660206361227,0.000491660206361227,-0.000389214256302546,0.000778241054517361,0.000778241054517361,NA,0.000800614081922981,0.000778241054517361,-0.000389214256302546,5.21385354476283e-05,0.00124397940330737,0.00211504615760274,0.00072697544134753,3.78278881907736e-06,NA,5.00211490163392e-05,3.78278881907736e-06,3.78278881907736e-06,0.000105286347321935,4.51357295417437e-05,5.21385354476283e-05,-0.000389214256302546,0.00044879576885227,0.00072697544134753,5.50810842199203e-05,0.000270752784948702,0.000197333160228033,0.000491660206361227,0.000105286347321935,NA,-0.000389214256302546
"10",NA,0.000476580652561934,0.000688688934824194,-0.000254303965435652,-0.000254303965435652,NA,NA,0.000500283692270504,0.00024229812571287,0.0452371015615635,0.000232692926201415,8.0395121440968e-05,0.000328955676647607,0.000524941153122996,NA,0.000217723433834806,0.000106290229296563,NA,NA,0.00184148174352311,-3.21096106717979e-05,0.000489525492121946,0.000133031976014205,6.24031600000426e-05,0.000666247929497089,NA,8.98577836556733e-05,8.98577836556733e-05,0.000459223376070027,NA,NA,NA,NA,0.000499977317485494,0.000502877041732392,0.000502877041732392,NA,0.000254248311197336,0.000580146733043982,NA,0.000751693124138323,NA,0.00025483843410988,0.0005346684088038,0.000232692926201415,0.000688686652648796,NA,-2.83838453752781e-05,-2.83838453752781e-05,0.000269627851222875,0.000224313604628813,0.000133031976014205,0.000144076251615525,0.00024557361017273,NA,0.000580146733043982,NA,NA,-3.92863869726897e-05,-3.92863869726897e-05,0.00075989290940442,NA,8.88701933708521e-05,NA,4.19557768142198e-05,NA,0.000164643188836731,0.00082822045064734,NA,0.000262836584581163,0.00015194845039082,0.000553833843567912,0.000333748300599696,0.00091077157798989,0.000169140808657468,0.00075989290940442,0.000254248311197336,0.00035677062022951,0.000435446867669612,NA,2.2955667112003e-05,0.000199614158936112,0.00184148174352311,-0.000156133674766307,0.000231225371758637,0.000224313604628813,0.000401783921741062,NA,NA,9.86154611239392e-05,0.0005357655515562,0.000194058030142617,0.000122786805086365,NA,0.000129533943348053,0.000592517337850849,6.86807545554158e-05,8.98577836556733e-05,NA,0.000553833843567912,8.98577836556733e-05,0.000516954750500546,0.000673370271764192,0.000269627851222875,0.000113232862488896,0.000271979313174104,8.98577836556733e-05,0.00184148174352311,NA,0.000344344467412097,NA,0.00035677062022951,0.00184148174352311,0.00184148174352311,0.000434748526282826,8.88701933708521e-05,NA,-2.02199251547602e-05,0.00184148174352311,0.000502877041732392,0.000688686652648796,0.00184148174352311,0.00184148174352311,NA,-0.000254303965435652,0.000262836584581163,-3.92863869726897e-05,NA,0.000876754277661146,0.00184148174352311,0.000673370271764192,0.000217723433834806,7.79734705896718e-05,NA,0.000688686652648796,0.000688686652648796,-0.000254303965435652,0.000876754277661146,0.000876754277661146,NA,0.000144076251615525,0.000876754277661146,-0.000254303965435652,-3.92863869726897e-05,0.000814416879161304,0.000336630058791173,0.000435446867669612,0.000269627851222875,NA,0.000362104571617399,0.000269627851222875,0.000269627851222875,-8.76996599181574e-05,7.79734705896718e-05,-3.92863869726897e-05,-0.000254303965435652,0.000580146733043982,0.000435446867669612,8.79188252678484e-05,0.00030359052599663,0.00085490307680966,0.000688686652648796,-8.76996599181574e-05,NA,-0.000254303965435652
"11",NA,-3.4412973356408e-05,0.000613408253216883,-2.41834913450937e-05,-2.41834913450937e-05,0.000278276488775582,NA,0.000114308109587164,-1.46846736916527e-05,0.000232692926201415,0.0556172844079712,0.00222892945445796,0.00114233579282142,0.00207197051408781,0.000306704126608441,0.00018008309303115,-0.000119299437400867,0.000389971822443846,0.000389971822443846,0.000774872560988921,0.00149288637899868,0.0068284992429868,0.00075307345585184,-5.05178624109245e-05,0.00090078497511003,NA,-9.0904844720251e-05,-9.0904844720251e-05,NA,NA,NA,NA,NA,0.000462336976681838,0.00101175247005901,0.00101175247005901,0.000952820004617559,0.000216607970393681,0.000429585369829359,NA,0.000120999389358048,0.000389971822443846,0.000501052332316675,0.000459387727196489,0.0556172844079712,0.00345740968209668,NA,0.0018284480084349,0.0018284480084349,0.000194347169615563,0.000186673263825157,0.0016169481976097,0.00121129080920293,0.000170292928565419,NA,0.000429585369829359,NA,NA,0.000236118366891155,0.000236118366891155,NA,NA,0.00366598063825535,0.00032338963952194,-0.000212112909651957,NA,0.000127002848033076,0.000752939769040029,0.000613408253216883,0.000225196243777508,0.000114308109587164,0.000915722529377978,0.000909708820962496,0.000797850555578923,0.000131500467853812,NA,0.000216607970393681,0.000904291467466305,0.000360166186062301,NA,0.000422844529145233,0.000161973818132456,0.000774872560988921,-0.000193774015569963,0.000193585030954982,0.000186673263825157,0.000364143580937406,0.000613408253216883,NA,0.00102944764723659,0.000167017444105558,0.00192207846825175,0.00112613302308629,0.000421583035266372,0.000742579357853382,0.00232458202054714,3.10404137517601e-05,-9.0904844720251e-05,NA,0.000915722529377978,-9.0904844720251e-05,0.000834829466326747,0.00106945274822222,0.000194347169615563,7.55925216852404e-05,NA,-9.0904844720251e-05,0.000774872560988921,0.000389971822443846,0.000306704126608441,NA,0.000904291467466305,0.000774872560988921,0.000774872560988921,9.08785480547516e-05,0.00366598063825535,NA,8.06662595720322e-05,0.000774872560988921,0.00101175247005901,0.00345740968209668,0.000774872560988921,0.000774872560988921,NA,-2.41834913450937e-05,0.000225196243777508,0.000236118366891155,NA,0.000763833255250179,0.000774872560988921,0.00106945274822222,0.000556552977551165,4.03331297860161e-05,0.000403740666900326,0.00345740968209668,0.00345740968209668,-2.41834913450937e-05,0.000763833255250179,0.000763833255250179,0.000389971822443846,0.00121129080920293,0.000763833255250179,-2.41834913450937e-05,0.000236118366891155,0.000626215175143025,0.001036578447227,0.000360166186062301,0.000194347169615563,NA,0.000286823890010087,0.000194347169615563,0.000194347169615563,-5.42932099547624e-05,4.03331297860161e-05,0.000236118366891155,-2.41834913450937e-05,0.000429585369829359,0.000360166186062301,0.00182462838169213,0.000265950185192974,0.000955011096388293,0.00345740968209668,-5.42932099547624e-05,NA,-2.41834913450937e-05
"12",NA,2.78290807282847e-05,0.000270752784948702,-0.000155897112311504,-0.000155897112311504,NA,NA,0.000176550163671857,4.755738039304e-05,8.0395121440968e-05,0.00222892945445796,0.0394522890887158,0.000692259226327322,0.00152578223817451,NA,0.000242325147115843,0.000403142924514766,NA,NA,0.000526186906837403,-8.70818892103881e-05,0.000260674845985441,0.000157633689295242,0.000344626832119406,9.10515063733363e-05,NA,-2.86627906355583e-05,-2.86627906355583e-05,NA,NA,NA,NA,NA,0.000524579030766531,3.6594543785104e-05,3.6594543785104e-05,0.00113954616687164,0.000278850024478373,-2.67483949468315e-05,NA,0.000307725551612126,0.00110081454454594,0.000874504656824832,0.000193742521938505,0.00222892945445796,0.000327773470907485,NA,0.00232638444111244,0.00232638444111244,0.000318831277784949,0.00024891531790985,NA,0.000168677964896562,4.919512262297e-05,NA,-2.67483949468315e-05,NA,NA,-1.46846736916527e-05,-1.46846736916527e-05,NA,0.000967650178702128,0.000632951326546569,NA,-0.000419061636608136,NA,0.000189244902117768,NA,0.0012791569050663,0.00132921344380679,0.000996549041235762,-0.00027172035703379,0.000382951727161769,NA,0.000193742521938505,NA,NA,-0.000274169870300577,0.000144131751371411,NA,0.000975776687527616,0.000224215872217149,0.000526186906837403,-0.00013153196148527,0.000255827085039674,0.00024891531790985,0.000426385635022099,0.000270752784948702,NA,0.000123217174404976,0.000291501552274944,0.000218659743423654,0.00137510123942506,NA,0.00092930552010746,-3.23514465706635e-05,9.32824678364528e-05,0.000380910178313516,0.00116403697019099,-0.00027172035703379,-2.86627906355583e-05,0.000184885692786878,0.000263093453418701,0.000318831277784949,0.000137834575769933,NA,0.000380910178313516,0.000526186906837403,NA,0.000368946180693134,0.00136042376167986,-0.000274169870300577,0.000526186906837403,0.000526186906837403,-6.30979466371205e-05,0.000632951326546569,NA,0.000480043914599022,0.000526186906837403,3.6594543785104e-05,0.000327773470907485,0.000526186906837403,0.000526186906837403,NA,-0.000155897112311504,0.00132921344380679,-1.46846736916527e-05,NA,0.000161220289094689,0.000526186906837403,0.000263093453418701,0.000242325147115843,0.000102575183870709,NA,0.000327773470907485,0.000327773470907485,-0.000155897112311504,0.000161220289094689,0.000161220289094689,0.00110081454454594,0.000168677964896562,0.000161220289094689,-0.000155897112311504,-1.46846736916527e-05,0.000345359804625915,0.00104588443558044,0.000144131751371411,0.000318831277784949,NA,0.000107460603345304,0.000318831277784949,0.000318831277784949,-6.30979466371205e-05,0.000102575183870709,-1.46846736916527e-05,-0.000155897112311504,-2.67483949468315e-05,0.000144131751371411,NA,0.000328192239277667,-3.24156756684208e-05,0.000327773470907485,-6.30979466371205e-05,NA,-0.000155897112311504
"13",NA,0.000118691513796873,0.000695527923762506,-0.000694098134248252,-0.000694098134248252,0.000488337889673554,NA,-1.79928300960733e-05,0.000405061954682497,0.000328955676647607,0.00114233579282142,0.000692259226327322,0.111218175139487,0.00110643687814798,NA,4.77821533479128e-05,-0.000383901316767342,NA,NA,-2.9642936093661e-05,0.000526116842769797,0.000792853224359278,-3.69093044726879e-05,-0.000447420681460638,0.000156424088036409,NA,-0.000250024777318113,-0.000250024777318113,NA,NA,NA,NA,NA,0.00145700666121599,0.000575266775010016,0.000575266775010016,0.000255732548387301,8.43070307104429e-05,0.000195209142618403,NA,-0.000204855473927019,0.000257670882760608,0.000789623616906217,0.000782345278637754,0.00114233579282142,-0.000330961030272565,NA,0.0012786627419365,0.0012786627419365,-7.02547097509119e-05,0.000305131439772703,NA,0.000389303463606085,0.000413250665832147,NA,0.000195209142618403,NA,0.000122310145400155,9.38516842590335e-05,9.38516842590335e-05,NA,NA,0.00204315053618195,NA,-0.00218808357194887,NA,-5.29809165016206e-06,NA,0.000348806373850407,9.28953040942699e-05,-1.79928300960733e-05,-0.00100607720868306,0.000163116972425758,NA,-8.00471829425369e-07,NA,0.00036500085290975,-0.000343620096158652,0.000583902196369379,NA,0.000197604712455894,2.96728784492183e-05,-2.9642936093661e-05,-0.000518752655057346,0.000318954974032352,5.43723241419195e-05,0.000231842641254169,7.62097911807718e-05,8.43070307104429e-05,5.37351527629557e-05,2.594171009552e-05,0.00024462029080031,-4.71544754005284e-05,NA,-4.04073371388405e-05,-0.000597071625557404,0.000163116972425758,-0.000107275971658499,NA,-0.00100607720868306,-0.000250024777318113,-9.65730098105223e-06,6.85504596507709e-05,-7.02547097509119e-05,-5.67084179979972e-05,NA,-0.000107275971658499,-2.9642936093661e-05,NA,0.000174403186925204,NA,-0.000343620096158652,-2.9642936093661e-05,-2.9642936093661e-05,0.000126159407161413,0.00204315053618195,-0.000320445216104665,0.000381990241057053,-2.9642936093661e-05,0.000575266775010016,-0.000330961030272565,-2.9642936093661e-05,-2.9642936093661e-05,NA,-0.000694098134248252,9.28953040942699e-05,9.38516842590335e-05,-0.000320445216104665,-3.33227046732418e-05,-2.9642936093661e-05,6.85504596507709e-05,4.77821533479128e-05,-9.19678098972215e-05,-0.000110320343424188,-0.000330961030272565,-0.000330961030272565,-0.000694098134248252,-3.33227046732418e-05,-3.33227046732418e-05,0.000257670882760608,0.000389303463606085,-3.33227046732418e-05,-0.000694098134248252,9.38516842590335e-05,0.00011262202111084,0.000242772809127578,0.000583902196369379,-7.02547097509119e-05,NA,2.22220106436118e-05,-7.02547097509119e-05,-7.02547097509119e-05,-2.28881675233307e-05,-9.19678098972215e-05,9.38516842590335e-05,-0.000694098134248252,0.000195209142618403,0.000583902196369379,NA,0.000867846286749402,-0.000122287511789949,-0.000330961030272565,-2.28881675233307e-05,NA,-0.000694098134248252
"14",NA,0.000209544908846896,0.000244430011243006,-0.00155900844582549,-0.00155900844582549,NA,NA,5.6024768689316e-05,0.00100882714921383,0.000524941153122996,0.00207197051408781,0.00152578223817451,0.00110643687814798,0.143482113609306,NA,-4.40602795578787e-06,-0.000488277679374743,NA,NA,0.000458222696366009,-0.000437350486307953,0.000427535955233373,-8.90974857763886e-05,-0.000517535725572423,0.00111120414828001,NA,-0.000359283346901377,-0.000359283346901377,0.000237093914279433,NA,NA,NA,NA,0.0002778478556949,0.000910161619742403,0.000910161619742403,0.00177203887001539,0.000260624490302348,-0.000227407828535364,NA,-0.000432467973602767,0.000205482701456907,-3.34440382767256e-05,9.04094852226118e-05,0.00207197051408781,2.83938568968439e-05,NA,0.00121807601275667,0.00121807601275667,0.000212445361939006,2.18414283821876e-06,0.000429157222849901,0.000749723970681602,-0.000198685313408458,NA,-0.000227407828535364,NA,NA,-0.000261415848763284,-0.000261415848763284,0.000315633985823232,NA,0.000360054723383687,NA,-0.00313842616357177,NA,8.14142455811384e-05,0.000748260653586123,0.00088163360546374,4.07071227905692e-05,-7.0181011399774e-05,-0.00112133206777342,0.000171752337014743,-7.41717858673609e-05,-5.29886531331261e-05,0.000315633985823232,3.21188494067422e-05,-0.000485237614613479,-8.81205591157574e-06,NA,0.000535429427246632,-2.25153028544824e-05,0.000458222696366009,-0.000560139481624938,0.000214578611424951,0.000200755077165301,0.000179654459950468,2.4021609877071e-05,3.21188494067422e-05,9.63565482202266e-05,-1.11480127589085e-05,0.000673261439363546,0.000388176539138539,NA,0.000189111994892567,-0.000550070248944571,6.55242851465627e-06,-0.000316028696873302,NA,-0.00112133206777342,-0.000359283346901377,7.26958269193581e-05,0.000850996279343737,0.000212445361939006,0.000140208752315097,NA,-0.000316028696873302,0.000458222696366009,NA,0.000122215005621503,NA,-0.000485237614613479,0.000458222696366009,0.000458222696366009,0.000163622783470702,0.000360054723383687,-0.000372633397408365,-7.17569131698223e-05,0.000458222696366009,0.000910161619742403,2.83938568968439e-05,0.000458222696366009,0.000458222696366009,0.0005556957113898,-0.00155900844582549,4.07071227905692e-05,-0.000261415848763284,-0.000372633397408365,0.000712435591672236,0.000458222696366009,0.000850996279343737,-4.40602795578787e-06,-0.000144155991200922,-0.00021469670603159,2.83938568968439e-05,2.83938568968439e-05,-0.00155900844582549,0.000712435591672236,0.000712435591672236,0.000205482701456907,0.000749723970681602,0.000712435591672236,-0.00155900844582549,-0.000261415848763284,0.000777306615510456,-0.000329758326580609,-8.81205591157574e-06,0.000212445361939006,NA,0.000228464879050149,0.000212445361939006,0.000212445361939006,1.29292059423831e-05,-0.000144155991200922,-0.000261415848763284,-0.00155900844582549,-0.000227407828535364,-8.81205591157574e-06,6.42666406519541e-05,8.14610642060361e-05,0.00028906964466068,2.83938568968439e-05,1.29292059423831e-05,NA,-0.00155900844582549
"15",NA,NA,NA,NA,NA,NA,NA,NA,NA,NA,0.000306704126608441,NA,NA,NA,0.00849745104129952,NA,NA,NA,NA,NA,NA,NA,NA,NA,NA,NA,NA,NA,NA,NA,NA,NA,NA,NA,NA,NA,NA,NA,NA,NA,NA,NA,NA,NA,0.000306704126608441,NA,NA,NA,NA,NA,NA,0.000421583035266372,NA,NA,NA,NA,NA,NA,0.000249264672279476,0.000249264672279476,NA,NA,0.000162541606969053,NA,NA,NA,NA,NA,NA,NA,NA,NA,NA,0.000436508735175399,NA,NA,NA,1.69265391308731e-05,NA,NA,NA,NA,NA,NA,NA,NA,NA,NA,NA,NA,NA,NA,0.000411337864338531,NA,NA,NA,NA,NA,NA,NA,NA,NA,0.00052704279938983,NA,NA,NA,NA,NA,NA,NA,NA,1.69265391308731e-05,NA,NA,NA,0.000162541606969053,NA,NA,NA,NA,NA,NA,NA,NA,NA,NA,0.000249264672279476,NA,NA,NA,0.00052704279938983,NA,NA,NA,NA,NA,NA,NA,NA,NA,NA,NA,NA,0.000249264672279476,NA,0.000245128228775827,NA,NA,NA,NA,NA,NA,NA,NA,0.000249264672279476,NA,NA,NA,0.000376469884520014,NA,NA,NA,NA,NA,NA
"16",NA,0.000526701577733109,0.00040808109734254,-9.80327571729018e-05,-9.80327571729018e-05,NA,NA,0.000313878476065695,0.000184885692786878,0.000217723433834806,0.00018008309303115,0.000242325147115843,4.77821533479128e-05,-4.40602795578787e-06,NA,0.0179858842511429,4.17272520336656e-05,NA,NA,0.000302228370068107,0.000767923054132304,0.000169472339642127,0.000294962001689081,2.70982289348256e-05,0.000228379818767174,NA,0.00010866552175828,0.00010866552175828,NA,NA,NA,NA,NA,0.000661907343160369,0.000173922856178942,0.000173922856178942,NA,0.000416178336872211,0.000110579917447007,NA,0.000364928083871164,NA,2.92528427134811e-05,0.000331070834332343,0.00018008309303115,2.28848886318454e-05,NA,0.000133546180299597,0.000133546180299597,0.000198550555541881,0.00096887405209624,NA,0.0003060062772904,0.000186523435016808,NA,0.000110579917447007,NA,NA,0.000122643638702185,0.000122643638702185,NA,NA,3.59205733917621e-05,NA,-0.00019820134854972,NA,0.000326573214511606,NA,NA,0.000424766610256038,0.000313878476065695,-0.000108877990024155,0.000230610780230291,NA,0.000331070834332343,NA,NA,-0.000109694494446418,0.000281460063765249,NA,0.000184885692786878,0.000361544184610987,0.000302228370068107,5.79635090856805e-06,0.000393155397433513,0.000386243630303688,0.000563713947415937,NA,NA,0.000260545486798814,0.000184885692786878,0.000355988055817492,0.00028471683076124,NA,0.000291463969022928,-2.90883532031134e-05,0.000230610780230291,0.00010866552175828,NA,-0.000108877990024155,0.00010866552175828,0.000322214005180716,0.000400421765812539,0.000198550555541881,0.000275162888163771,NA,0.00010866552175828,0.000302228370068107,NA,0.000506274493086972,NA,-0.000109694494446418,0.000302228370068107,0.000302228370068107,7.42303657567177e-05,3.59205733917621e-05,NA,0.000141710100520115,0.000302228370068107,0.000173922856178942,2.28848886318454e-05,0.000302228370068107,0.000302228370068107,NA,-9.80327571729018e-05,0.000424766610256038,0.000122643638702185,NA,0.000298548601488527,0.000302228370068107,0.000400421765812539,0.000379653459509681,0.000239903496264547,NA,2.28848886318454e-05,2.28848886318454e-05,-9.80327571729018e-05,0.000298548601488527,0.000298548601488527,NA,0.0003060062772904,0.000298548601488527,-9.80327571729018e-05,0.000122643638702185,9.68153971957462e-05,0.000118507195198536,0.000281460063765249,0.000198550555541881,NA,0.000244788915739142,0.000198550555541881,0.000198550555541881,7.42303657567177e-05,0.000239903496264547,0.000122643638702185,-9.80327571729018e-05,0.000110579917447007,0.000281460063765249,NA,0.000465520551671505,0.000104912636725417,2.28848886318454e-05,7.42303657567177e-05,NA,-9.80327571729018e-05
"17",NA,-5.14078928414875e-05,7.01548898665245e-05,0.0452809629415411,0.0452809629415411,0.000139920647778098,NA,0.000148291328668223,-0.000153040514689138,0.000106290229296563,-0.000119299437400867,0.000403142924514766,-0.000383901316767342,-0.000488277679374743,NA,4.17272520336656e-05,0.114627742596102,NA,NA,-3.56978374079082e-05,-0.000571671155602069,-0.000168453867833889,0.000338005932859386,0.189736074700437,-0.000109546388708841,0.000203950272901069,-6.31340703173059e-06,-6.31340703173059e-06,NA,NA,NA,NA,NA,0.000323981135684354,-2.51115036710296e-05,-2.51115036710296e-05,NA,7.82521293961957e-05,0.00015887973473292,NA,1.02410719777939e-06,0.000251615981446361,2.3331018458335e-05,0.00148182523604494,-0.000119299437400867,-0.000275643241912423,NA,-0.000204380027176419,-0.000204380027176419,-8.23645123794063e-05,4.83174228276723e-05,-4.29642057869351e-05,-3.19199301856159e-05,-0.000151402772459208,NA,0.00015887973473292,NA,NA,6.35771776877974e-05,6.35771776877974e-05,NA,NA,-0.000289076329598547,0.000185033798524455,-0.00229366356876812,NA,-1.13529929644093e-05,0.000476228087045059,NA,8.68404027800227e-05,-2.40477314103205e-05,-0.001217792082135,-0.000107315427245725,0.000140309779733049,0.000182676045201519,NA,NA,-0.00121429301866612,8.34545040673312e-05,NA,-0.000109694237889411,0.000537752481625104,-3.56978374079082e-05,-0.000467872921646031,5.52291899574969e-05,4.83174228276723e-05,0.000225787739939922,0.000336696571221913,NA,-7.73807206772013e-05,-0.000109694237889411,0.000232510488171816,-5.32093767147756e-05,NA,-4.64622384530877e-05,-0.000639455934757135,0.000144952268483017,0.000147393360600559,NA,-0.001217792082135,-6.31340703173059e-06,0.000164962386898265,0.000321377908161911,-8.23645123794063e-05,0.000278608592283458,NA,0.000147393360600559,-3.56978374079082e-05,NA,0.000168348285610957,NA,-0.00121429301866612,-3.56978374079082e-05,-3.56978374079082e-05,-0.000269236200921736,-0.000289076329598547,-0.000326500117418912,-0.000196045422422938,-3.56978374079082e-05,-2.51115036710296e-05,-0.000275643241912423,-3.56978374079082e-05,-3.56978374079082e-05,NA,0.0452809629415411,8.68404027800227e-05,6.35771776877974e-05,-0.000326500117418912,-3.9377605987489e-05,-3.56978374079082e-05,0.000321377908161911,4.17272520336656e-05,0.000393456321109581,0.0033633357842102,-0.000275643241912423,-0.000275643241912423,0.0452809629415411,-3.9377605987489e-05,-3.9377605987489e-05,0.000251615981446361,-3.19199301856159e-05,-3.9377605987489e-05,0.0452809629415411,6.35771776877974e-05,-0.00024111081028027,-0.00021941901227748,8.34545040673312e-05,-8.23645123794063e-05,NA,-9.31372917368733e-05,-8.23645123794063e-05,-8.23645123794063e-05,-0.000324188974937703,0.000393456321109581,6.35771776877974e-05,0.0452809629415411,0.00015887973473292,8.34545040673312e-05,2.02320784222796e-05,0.00012759434419549,-0.000146507117046938,-0.000275643241912423,-0.000324188974937703,NA,0.0452809629415411
"18",NA,NA,NA,NA,NA,NA,NA,NA,NA,NA,0.000389971822443846,NA,NA,NA,NA,NA,NA,0.00513714461323231,0.00513714461323231,NA,0.00217818479673379,NA,NA,NA,NA,NA,NA,NA,NA,NA,NA,NA,NA,NA,0.000383811585591637,0.000383811585591637,NA,NA,NA,NA,NA,NA,NA,NA,0.000389971822443846,0.000232773618044541,NA,NA,NA,NA,NA,NA,NA,NA,NA,NA,NA,NA,NA,NA,NA,NA,NA,NA,0.000219761553214815,NA,NA,NA,NA,NA,NA,0.00010101073938854,NA,0.000519776431010803,NA,NA,NA,0.000767481255119023,NA,NA,NA,NA,NA,NA,NA,NA,NA,NA,NA,NA,NA,NA,NA,NA,NA,NA,NA,NA,NA,0.00010101073938854,NA,NA,NA,NA,NA,NA,NA,NA,0.00513714461323231,NA,NA,0.000767481255119023,NA,NA,NA,NA,NA,0.00292865197526784,NA,0.000383811585591637,0.000232773618044541,NA,NA,NA,NA,NA,NA,NA,NA,NA,NA,NA,NA,NA,0.000232773618044541,0.000232773618044541,NA,NA,NA,NA,NA,NA,NA,NA,0.00138701093004552,NA,NA,NA,NA,NA,NA,NA,NA,NA,NA,NA,NA,NA,NA,NA,NA,0.000232773618044541,NA,NA,NA
"19",NA,NA,NA,NA,NA,NA,NA,NA,NA,NA,0.000389971822443846,NA,NA,NA,NA,NA,NA,0.00513714461323231,0.00513714461323231,NA,0.00217818479673379,NA,NA,NA,NA,NA,NA,NA,NA,NA,NA,NA,NA,NA,0.000383811585591637,0.000383811585591637,NA,NA,NA,NA,NA,NA,NA,NA,0.000389971822443846,0.000232773618044541,NA,NA,NA,NA,NA,NA,NA,NA,NA,NA,NA,NA,NA,NA,NA,NA,NA,NA,0.000219761553214815,NA,NA,NA,NA,NA,NA,0.00010101073938854,NA,0.000519776431010803,NA,NA,NA,0.000767481255119023,NA,NA,NA,NA,NA,NA,NA,NA,NA,NA,NA,NA,NA,NA,NA,NA,NA,NA,NA,NA,NA,0.00010101073938854,NA,NA,NA,NA,NA,NA,NA,NA,0.00513714461323231,NA,NA,0.000767481255119023,NA,NA,NA,NA,NA,0.00292865197526784,NA,0.000383811585591637,0.000232773618044541,NA,NA,NA,NA,NA,NA,NA,NA,NA,NA,NA,NA,NA,0.000232773618044541,0.000232773618044541,NA,NA,NA,NA,NA,NA,NA,NA,0.00138701093004552,NA,NA,NA,NA,NA,NA,NA,NA,NA,NA,NA,NA,NA,NA,NA,NA,0.000232773618044541,NA,NA,NA
"20",NA,8.7732303680549e-05,0.000330656007900966,-0.000154528901740087,-0.000154528901740087,NA,NA,0.000236453386624121,0.0032163263246288,0.00184148174352311,0.000774872560988921,0.000526186906837403,-2.9642936093661e-05,0.000458222696366009,NA,0.000302228370068107,-3.56978374079082e-05,NA,NA,0.0281243739441033,0.00135682816821524,0.00038048129188997,0.000631460615983877,-5.03268605067482e-05,0.000150954729325601,NA,3.12404323167059e-05,3.12404323167059e-05,NA,NA,NA,NA,NA,0.000584482253718795,0.0003893823249636,0.0003893823249636,NA,0.000338753247430638,0.00026269644749973,NA,6.84555674957604e-06,NA,0.000322381810035913,0.000253645744890769,0.000774872560988921,0.00192031989138854,NA,5.61210908580231e-05,5.61210908580231e-05,0.000121125466100307,0.000308818540862114,0.000631460615983877,0.000653549167186516,0.000109098345575234,NA,0.00026269644749973,NA,NA,0.000286823890010087,0.000286823890010087,NA,NA,0.000619529101756209,NA,-0.000238142168399519,NA,0.000249148125070033,NA,NA,0.000891069833117793,0.000669293564737107,0.000625524433736664,0.000153185690788717,0.00116428638668979,0.000253645744890769,NA,NA,0.000619808902780827,0.000204034974323675,NA,0.000107460603345304,0.000284119095169413,0.0281243739441033,-7.16287385330058e-05,0.000315730307991939,0.000308818540862114,0.000486288857974363,0.000330656007900966,NA,0.00018312039735724,0.000411307998179472,0.00130258744934794,0.000207291741319666,0.000543728312303329,0.000214038879581354,0.00150453395670887,0.000153185690788717,3.12404323167059e-05,NA,0.000625524433736664,3.12404323167059e-05,0.000244788915739142,0.000322996676370966,0.000121125466100307,0.000197737798722197,NA,3.12404323167059e-05,0.0281243739441033,NA,0.000428849403645398,NA,0.000619808902780827,0.0281243739441033,0.0281243739441033,0.000457314379165623,0.000619529101756209,NA,0.000324956813645946,0.0281243739441033,0.0003893823249636,0.00192031989138854,0.0281243739441033,0.0281243739441033,NA,-0.000154528901740087,0.000891069833117793,0.000286823890010087,NA,0.00063863381558277,0.0281243739441033,0.000322996676370966,0.000302228370068107,0.000162478406822973,NA,0.00192031989138854,0.00192031989138854,-0.000154528901740087,0.00063863381558277,0.00063863381558277,NA,0.000653549167186516,0.00063863381558277,-0.000154528901740087,0.000286823890010087,0.00206537814427598,0.0022172207302955,0.000204034974323675,0.000121125466100307,NA,0.000167363826297569,0.000121125466100307,0.000121125466100307,-3.19472368485617e-06,0.000162478406822973,0.000286823890010087,-0.000154528901740087,0.00026269644749973,0.000204034974323675,0.000541234314491163,0.000388095462229931,0.000549361192071721,0.00192031989138854,-3.19472368485617e-06,NA,-0.000154528901740087
"21",NA,0.000605424743119596,0.000244430011243006,-0.00147692085380376,-0.00147692085380376,NA,NA,0.000256355516020869,0.000763251140437639,-3.21096106717979e-05,0.00149288637899868,-8.70818892103881e-05,0.000526116842769797,-0.000437350486307953,NA,0.000767923054132304,-0.000571671155602069,0.00216740352884149,0.00216740352884149,0.00135682816821524,0.143482113609306,0.00164918992486702,-8.90974857763886e-05,-0.000569082819717736,0.000361591678065475,NA,-0.000236979806978998,-0.000236979806978998,NA,NA,NA,NA,NA,0.0002778478556949,-5.49993591906525e-05,-5.49993591906525e-05,-2.25153028544824e-05,3.21188494067422e-05,0.00116842923149394,NA,-0.000432467973602767,NA,-0.000391868501446746,9.04094852226118e-05,0.00149288637899868,-0.000598576201838598,NA,0.000176052839835664,0.000176052839835664,-8.96282455505748e-05,2.18414283821876e-06,-8.90974857763886e-05,-7.80532101750694e-05,-0.000125709607125792,NA,0.00116842923149394,0.0002778478556949,NA,-0.00031734899606966,-0.00031734899606966,5.96235971671838e-05,NA,0.000360054723383687,NA,-0.00261689604265743,NA,-5.74862729538628e-05,9.37873677886441e-05,NA,4.07071227905692e-05,-7.0181011399774e-05,-0.00112133206777342,-0.000110510622981493,-7.41717858673609e-05,-5.29886531331261e-05,5.96235971671838e-05,3.21188494067422e-05,-0.00138738372223267,0.000159100279119532,NA,-0.000130622833815582,-2.25153028544824e-05,0.00135682816821524,-0.000667890859450512,0.000494186280124321,0.000200755077165301,0.000179654459950468,NA,3.21188494067422e-05,0.000781873470907045,0.00100882714921383,0.000140243928192909,0.000168870580107504,NA,0.000189111994892567,7.54411483002413e-05,0.000855505039350521,-0.000129406319336162,NA,-0.00112133206777342,-0.000236979806978998,7.26958269193581e-05,1.63622783470702e-05,-8.96282455505748e-05,-2.14064071145319e-05,4.98498513835103e-05,-0.000129406319336162,0.00135682816821524,0.00216740352884149,0.00044081680273187,NA,-0.00138738372223267,0.00135682816821524,0.00135682816821524,0.000163622783470702,0.000360054723383687,NA,0.000838420131104675,0.00135682816821524,-5.49993591906525e-05,-0.000598576201838598,0.00135682816821524,0.00135682816821524,NA,-0.00147692085380376,4.07071227905692e-05,-0.00031734899606966,NA,0.000443503622047686,0.00135682816821524,1.63622783470702e-05,-4.40602795578787e-06,3.44305766174244e-05,NA,-0.000598576201838598,-0.000598576201838598,-0.00147692085380376,0.000443503622047686,0.000443503622047686,NA,-7.80532101750694e-05,0.000443503622047686,-0.00147692085380376,-0.00031734899606966,0.00057694172480923,-0.000187771439777718,0.000159100279119532,-8.96282455505748e-05,NA,-8.21543519637897e-05,-8.96282455505748e-05,-8.96282455505748e-05,-0.00045376932087955,3.44305766174244e-05,-0.00031734899606966,-0.00147692085380376,0.00116842923149394,0.000159100279119532,6.42666406519541e-05,0.000711281742838299,0.000666011359635613,-0.000598576201838598,-0.00045376932087955,NA,-0.00147692085380376
"22",NA,-4.50237267454317e-05,0.000592186746438836,-0.000401079363645332,-0.000401079363645332,NA,NA,0.000103697356198141,0.00257373245759506,0.000489525492121946,0.0068284992429868,0.000260674845985441,0.000792853224359278,0.000427535955233373,NA,0.000169472339642127,-0.000168453867833889,NA,NA,0.00038048129188997,0.00164918992486702,0.0589138301165226,0.00112467069324156,-0.000183082890932729,0.000232784189288104,NA,-0.000101515598109275,-0.000101515598109275,NA,NA,NA,NA,NA,0.000451726223292815,0.000123870264111639,0.000123870264111639,NA,0.000205997217004657,0.000925350260383687,NA,-5.54341558639452e-05,NA,-7.58862812420291e-05,0.000438166220418441,0.0068284992429868,0.00294501934723617,NA,-7.66349395679575e-05,-7.66349395679575e-05,-1.16305643256739e-05,0.000176062510436133,0.00156389443066458,0.00260042209195669,0.000395925495667952,NA,0.000925350260383687,NA,NA,0.000204286106724084,0.000204286106724084,NA,NA,8.85049800522864e-05,0.000312778886132916,-0.000585308447690612,NA,0.000116392094644052,0.00126989575637987,0.000197899977474986,0.000214585490388484,0.000103697356198141,0.00342342246827674,0.0005281875313084,0.00118437349287767,0.000829567693614557,NA,0.000205997217004657,0.00233983992093823,0.00107066294154624,NA,-2.52954270806764e-05,0.000151363064743432,0.00038048129188997,-0.000204384768958986,0.00056233534662078,0.000176062510436133,0.000353532827548383,NA,0.000205997217004657,0.00182514367649453,0.000391012268978162,0.00186902470130664,0.000345458213276235,0.00101833135524356,0.000710747097686312,0.00541816338880279,0.0005281875313084,0.000379484773518357,NA,0.00342342246827674,-0.000101515598109275,0.000112032885313162,0.000576868083378834,-1.16305643256739e-05,6.49817682962168e-05,NA,0.000379484773518357,0.00038048129188997,NA,0.000296093373219418,NA,0.00233983992093823,0.00038048129188997,0.00038048129188997,-7.55147167328096e-05,8.85049800522864e-05,NA,5.9444752793985e-05,0.00038048129188997,0.000123870264111639,0.00294501934723617,0.00038048129188997,0.00038048129188997,NA,-0.000401079363645332,0.000214585490388484,0.000204286106724084,NA,0.000373121754730808,0.00038048129188997,0.000576868083378834,0.000169472339642127,2.97223763969925e-05,0.00013306002916424,0.00294501934723617,0.00294501934723617,-0.000401079363645332,0.000373121754730808,0.000373121754730808,NA,0.00260042209195669,0.000373121754730808,-0.000401079363645332,0.000204286106724084,0.000573161408197907,0.00197632597929998,0.00107066294154624,-1.16305643256739e-05,NA,3.46077958715879e-05,-1.16305643256739e-05,-1.16305643256739e-05,5.90462878876808e-05,2.97223763969925e-05,0.000204286106724084,-0.000401079363645332,0.000925350260383687,0.00107066294154624,0.00133832867693279,0.000255339431803951,0.00015109310079378,0.00294501934723617,5.90462878876808e-05,NA,-0.000401079363645332
"23",NA,8.04659353015221e-05,0.00032338963952194,-8.12740947603164e-05,-8.12740947603164e-05,NA,NA,0.000229187018245095,0.000396775261421419,0.000133031976014205,0.00075307345585184,0.000157633689295242,-3.69093044726879e-05,-8.90974857763886e-05,NA,0.000294962001689081,0.000338005932859386,NA,NA,0.000631460615983877,-8.90974857763886e-05,0.00112467069324156,0.0293139494165266,0.000294118863562866,0.000483763513382011,NA,0.000244334919364222,0.000244334919364222,NA,NA,NA,NA,NA,0.000577215885339769,8.92313983583414e-05,8.92313983583414e-05,NA,0.000331486879051611,0.000544563929099409,NA,-4.20811629450816e-07,NA,-5.54386151071196e-05,0.000246379376511742,0.00075307345585184,0.0193286313859174,NA,4.88547224789963e-05,4.88547224789963e-05,0.00011385909772128,0.000301552172483087,0.00109771018182563,0.00113084300862959,0.000101831977196207,NA,0.000544563929099409,NA,NA,0.000580755092864945,0.000580755092864945,NA,NA,0.000590463628240101,0.00043826854817987,-0.000346024059525826,NA,0.000241881756691006,0.000393155397433513,NA,0.000340075152435438,0.000229187018245095,0.000361540787838437,0.00014591932240969,0.000225196243777508,0.000246379376511742,NA,NA,0.000356641761304863,0.000196768605944649,NA,0.000100194234966277,0.000276852726790386,0.000631460615983877,-7.88951069120327e-05,0.000308463939612912,0.000301552172483087,0.000479022489595337,NA,NA,0.000175854028978214,0.000100194234966277,0.000738979987482646,0.000596437537370143,0.00126931067933747,0.000206772511202327,-3.11728305585643e-05,0.00014591932240969,2.39740639376791e-05,NA,0.000361540787838437,0.000244334919364222,0.000237522547360116,0.000827847407472741,0.00011385909772128,0.000190471430343171,NA,2.39740639376791e-05,0.000631460615983877,NA,0.000421583035266372,NA,0.000356641761304863,0.000631460615983877,0.000631460615983877,-1.0461092063883e-05,0.000590463628240101,NA,5.70186426995143e-05,0.000631460615983877,8.92313983583414e-05,0.0193286313859174,0.000631460615983877,0.000631460615983877,NA,-8.12740947603164e-05,0.000340075152435438,0.000580755092864945,NA,0.000213857143667926,0.000631460615983877,0.000827847407472741,0.000294962001689081,0.000155212038443946,NA,0.0193286313859174,0.0193286313859174,-8.12740947603164e-05,0.000213857143667926,0.000213857143667926,NA,0.00113084300862959,0.000213857143667926,-8.12740947603164e-05,0.000580755092864945,0.000220634670239155,0.000568345762353996,0.000196768605944649,0.00011385909772128,NA,0.000160097457918542,0.00011385909772128,0.00011385909772128,-1.0461092063883e-05,0.000155212038443946,0.000580755092864945,-8.12740947603164e-05,0.000544563929099409,0.000196768605944649,0.00144617673844395,0.000380829093850905,2.02211789048166e-05,0.0193286313859174,-1.0461092063883e-05,NA,-8.12740947603164e-05
"24",NA,-9.52949621380075e-05,5.55258667676846e-05,0.0429403192457267,0.0429403192457267,0.000125291624679258,NA,0.000119033282470543,-0.000167669537787978,6.24031600000426e-05,-5.05178624109245e-05,0.000344626832119406,-0.000447420681460638,-0.000517535725572423,NA,2.70982289348256e-05,0.11113140607548,NA,NA,-5.03268605067482e-05,-0.000569082819717736,-0.000183082890932729,0.000294118863562866,0.123221015104611,-0.000124175411807681,0.000189321249802229,-7.94585225259306e-05,-7.94585225259306e-05,NA,NA,NA,NA,NA,0.000309352112585514,-6.89985729675496e-05,-6.89985729675496e-05,NA,6.36231062973557e-05,7.11055961398798e-05,NA,-8.67500313952607e-05,0.000236986958347521,2.88901219444714e-05,0.0013940510974519,-5.05178624109245e-05,-0.000378046403604303,NA,-0.000241631309061653,-0.000241631309061653,-0.000111622558577086,3.36883997288323e-05,-5.75932288857751e-05,-4.65489532844559e-05,-0.000166031795558048,NA,7.11055961398798e-05,NA,NA,-9.56793780640257e-06,-9.56793780640257e-06,NA,NA,-0.000286796610284886,0.000170404775425615,-0.00254335469820029,NA,-2.59820160632493e-05,0.000446970040847379,NA,7.22113796811827e-05,-3.86767545091605e-05,-0.00135150768406995,-0.000121944450344565,0.000111051733535369,0.000153417999003839,NA,NA,-0.00134812025745783,5.41964578696513e-05,NA,-0.000138952284087091,0.000493865412328584,-5.03268605067482e-05,-0.000497130967843711,4.06001668586569e-05,3.36883997288323e-05,0.000211158716841082,0.000307438525024233,NA,-9.20097437760413e-05,-3.61100631437416e-05,0.000203252441974136,-6.78383998136156e-05,NA,-6.10912615519277e-05,-0.000696507172357385,0.000101065199186497,5.96192220075188e-05,NA,-0.00135150768406995,-7.94585225259306e-05,0.000135704340700585,0.000292119861964231,-0.000111622558577086,0.000234721522986938,NA,5.96192220075188e-05,-5.03268605067482e-05,NA,0.000153719262512117,NA,-0.00134812025745783,-5.03268605067482e-05,-5.03268605067482e-05,-0.000327752293317096,-0.000286796610284886,-0.000341129140517752,-0.000225303468620617,-5.03268605067482e-05,-6.89985729675496e-05,-0.000378046403604303,-5.03268605067482e-05,-5.03268605067482e-05,NA,0.0429403192457267,7.22113796811827e-05,-9.56793780640257e-06,-0.000341129140517752,-5.4006629086329e-05,-5.03268605067482e-05,0.000292119861964231,2.70982289348256e-05,0.000334940228714221,0.0031439004377276,-0.000378046403604303,-0.000378046403604303,0.0429403192457267,-5.4006629086329e-05,-5.4006629086329e-05,0.000236986958347521,-4.65489532844559e-05,-5.4006629086329e-05,0.0429403192457267,-9.56793780640257e-06,-0.000315092875269355,-0.00023404803537632,5.41964578696513e-05,-0.000111622558577086,NA,-0.000107766314835713,-0.000111622558577086,-0.000111622558577086,-0.000368076044234223,0.000334940228714221,-9.56793780640257e-06,0.0429403192457267,7.11055961398798e-05,5.41964578696513e-05,-9.02596777540038e-06,0.00011296532109665,-0.000205023209442298,-0.000378046403604303,-0.000368076044234223,NA,0.0429403192457267
"25",NA,1.38837523796159e-05,0.000710001704688931,-0.000281020643526035,-0.000281020643526035,NA,NA,0.000162604835323188,3.36120520443713e-05,0.000666247929497089,0.00090078497511003,9.10515063733363e-05,0.000156424088036409,0.00111120414828001,NA,0.000228379818767174,-0.000109546388708841,NA,NA,0.000150954729325601,0.000361591678065475,0.000232784189288104,0.000483763513382011,-0.000124175411807681,0.0426410593594406,NA,-4.26081189842271e-05,-4.26081189842271e-05,NA,NA,NA,NA,NA,0.000510633702417862,0.000876144027701197,0.000876144027701197,0.00021027054386848,0.000726196183748273,0.000114999344897864,NA,0.00026588956656612,NA,0.000100836156133114,0.000555981178668536,0.00090078497511003,0.00027199215751281,NA,0.000714637324183816,0.000714637324183816,0.000290940621087611,0.000234969989561181,NA,0.000154732636547893,0.000266886380037466,NA,0.000114999344897864,NA,NA,-2.86300020403214e-05,-2.86300020403214e-05,NA,NA,0.000324134896552477,NA,-0.000607384924904184,NA,0.0001752995737691,NA,NA,0.000743372730515927,0.000521596462135241,-0.000160768132276363,0.00110289572390659,0.000158614060855601,0.000179797193589836,NA,0.000264904696129705,-0.000325549478888985,0.000456759637534349,NA,3.36120520443713e-05,0.00021027054386848,0.000150954729325601,-9.45677881790137e-05,0.000241881756691006,0.000234969989561181,0.00041244030667343,NA,NA,0.000109271846056307,0.000567734706353305,0.000605815621638834,0.000133443190018733,NA,0.000140190328280421,-7.41874316166697e-05,0.000355061070464432,-4.26081189842271e-05,NA,-0.000160768132276363,-4.26081189842271e-05,0.000170940364438209,0.000249148125070033,0.000290940621087611,0.000123889247421264,NA,-4.26081189842271e-05,0.000150954729325601,NA,0.000355000852344465,NA,-0.000325549478888985,0.000150954729325601,0.000150954729325601,0.000235768725262824,0.000324134896552477,-0.000139847550685403,-9.5635402223919e-06,0.000150954729325601,0.000876144027701197,0.00027199215751281,0.000150954729325601,0.000150954729325601,NA,-0.000281020643526035,0.000743372730515927,-2.86300020403214e-05,-0.000139847550685403,0.00014727496074602,0.000150954729325601,0.000249148125070033,0.000228379818767174,8.86298555220401e-05,NA,0.00027199215751281,0.00027199215751281,-0.000281020643526035,0.00014727496074602,0.00014727496074602,NA,0.000154732636547893,0.00014727496074602,-0.000281020643526035,-2.86300020403214e-05,8.74703043953426e-05,0.000368599213588278,0.000456759637534349,0.000290940621087611,NA,0.000383417341482135,0.000290940621087611,0.000290940621087611,4.23002415172856e-05,8.86298555220401e-05,-2.86300020403214e-05,-0.000281020643526035,0.000114999344897864,0.000456759637534349,NA,0.000314246910928998,0.000908185001471501,0.00027199215751281,4.23002415172856e-05,NA,-0.000281020643526035
"26",NA,NA,NA,6.41902636945019e-05,6.41902636945019e-05,NA,NA,NA,0.000347108713654282,NA,NA,NA,NA,NA,NA,NA,0.000203950272901069,NA,NA,NA,NA,NA,NA,0.000189321249802229,NA,0.00685834249870819,NA,NA,NA,NA,NA,NA,NA,NA,NA,NA,NA,NA,NA,NA,NA,NA,NA,NA,NA,0.000185107909499249,NA,NA,NA,NA,NA,NA,NA,NA,NA,NA,NA,NA,NA,NA,NA,NA,0.000198143594259166,NA,NA,NA,NA,NA,NA,NA,NA,5.33450308432482e-05,NA,NA,NA,NA,NA,0.000624484129483149,NA,NA,NA,NA,NA,NA,NA,NA,NA,0.00133699502790875,NA,NA,NA,NA,NA,NA,NA,0.00013313466766429,NA,NA,NA,5.33450308432482e-05,NA,NA,NA,NA,NA,NA,NA,NA,NA,NA,NA,0.000624484129483149,NA,NA,NA,0.000198143594259166,NA,NA,NA,NA,0.000185107909499249,NA,NA,NA,6.41902636945019e-05,NA,NA,NA,NA,NA,NA,NA,NA,NA,0.000185107909499249,0.000185107909499249,6.41902636945019e-05,NA,NA,NA,NA,NA,6.41902636945019e-05,NA,NA,NA,NA,NA,NA,NA,NA,NA,NA,NA,NA,6.41902636945019e-05,NA,NA,NA,NA,NA,0.000185107909499249,NA,NA,6.41902636945019e-05
"27",0.000546552255482365,-1.52742977696935e-05,0.000137093159591139,-0.000519794952997583,-0.000519794952997583,NA,NA,4.28905383142937e-05,-8.61022449645234e-05,8.98577836556733e-05,-9.0904844720251e-05,-2.86627906355583e-05,-0.000250024777318113,-0.000359283346901377,NA,0.00010866552175828,-6.31340703173059e-06,NA,NA,3.12404323167059e-05,-0.000236979806978998,-0.000101515598109275,0.000244334919364222,-7.94585225259306e-05,-4.26081189842271e-05,NA,0.0814362860668724,0.0814362860668724,NA,NA,NA,NA,NA,0.000390919405408968,2.25662834394515e-06,2.25662834394515e-06,NA,0.00014519039912081,-0.000124429249119926,NA,0.000402653725545464,0.000318554251170975,-0.00025830673489357,6.00828965809416e-05,-9.0904844720251e-05,-0.000277410597138477,NA,-0.000137441757451805,-0.000137441757451805,0.000249586403591628,0.000115255692552286,NA,3.50183395389982e-05,2.74577860196772e-05,NA,-0.000124429249119926,NA,NA,-0.000148344299049216,-0.000148344299049216,0.000172695146881251,NA,-0.000238303542858727,NA,-0.000795747190791902,NA,5.55852767602049e-05,NA,NA,0.000153778672504637,0.000282167868117451,-0.00067269923310648,0.000115632476446643,NA,6.00828965809416e-05,0.000172695146881251,NA,-0.000380682432197819,1.04721260138478e-05,NA,2.41823015598171e-05,9.05562468595852e-05,3.12404323167059e-05,-0.000265191586842833,0.000122167459682111,0.00081266562787705,0.000292726009664536,0.000137093159591139,NA,-1.04424509525872e-05,-8.61022449645234e-05,0.000366387027621044,0.000223844577508541,NA,0.000237338854031917,-0.000403765790420166,0.000345767077656859,0.00032837794159134,NA,-0.00067269923310648,0.0814362860668724,5.12260674293147e-05,0.000129433828061138,0.000249586403591628,4.17495041236974e-06,NA,0.00032837794159134,3.12404323167059e-05,NA,0.000235286555335571,NA,-0.000380682432197819,3.12404323167059e-05,3.12404323167059e-05,0.00015620216158353,-0.000238303542858727,NA,-0.000129277837231287,3.12404323167059e-05,2.25662834394515e-06,-0.000277410597138477,3.12404323167059e-05,3.12404323167059e-05,NA,-0.000519794952997583,0.000153778672504637,-0.000148344299049216,NA,2.75606637371252e-05,3.12404323167059e-05,0.000129433828061138,0.00010866552175828,0.0322465830734595,-9.24701990461591e-05,-0.000277410597138477,-0.000277410597138477,-0.000519794952997583,2.75606637371252e-05,2.75606637371252e-05,0.000318554251170975,3.50183395389982e-05,2.75606637371252e-05,-0.000519794952997583,-0.000148344299049216,-0.000151958289622447,-0.000108574693616867,1.04721260138478e-05,0.000249586403591628,NA,0.000143988747464346,0.000249586403591628,0.000249586403591628,-1.48312202327947e-06,0.0322465830734595,-0.000148344299049216,-0.000519794952997583,-0.000124429249119926,1.04721260138478e-05,NA,0.000194532613920104,0.000309613516427028,-0.000277410597138477,-1.48312202327947e-06,NA,-0.000519794952997583
"28",0.000546552255482365,-1.52742977696935e-05,0.000137093159591139,-0.000519794952997583,-0.000519794952997583,NA,NA,4.28905383142937e-05,-8.61022449645234e-05,8.98577836556733e-05,-9.0904844720251e-05,-2.86627906355583e-05,-0.000250024777318113,-0.000359283346901377,NA,0.00010866552175828,-6.31340703173059e-06,NA,NA,3.12404323167059e-05,-0.000236979806978998,-0.000101515598109275,0.000244334919364222,-7.94585225259306e-05,-4.26081189842271e-05,NA,0.0814362860668724,0.0814362860668724,NA,NA,NA,NA,NA,0.000390919405408968,2.25662834394515e-06,2.25662834394515e-06,NA,0.00014519039912081,-0.000124429249119926,NA,0.000402653725545464,0.000318554251170975,-0.00025830673489357,6.00828965809416e-05,-9.0904844720251e-05,-0.000277410597138477,NA,-0.000137441757451805,-0.000137441757451805,0.000249586403591628,0.000115255692552286,NA,3.50183395389982e-05,2.74577860196772e-05,NA,-0.000124429249119926,NA,NA,-0.000148344299049216,-0.000148344299049216,0.000172695146881251,NA,-0.000238303542858727,NA,-0.000795747190791902,NA,5.55852767602049e-05,NA,NA,0.000153778672504637,0.000282167868117451,-0.00067269923310648,0.000115632476446643,NA,6.00828965809416e-05,0.000172695146881251,NA,-0.000380682432197819,1.04721260138478e-05,NA,2.41823015598171e-05,9.05562468595852e-05,3.12404323167059e-05,-0.000265191586842833,0.000122167459682111,0.00081266562787705,0.000292726009664536,0.000137093159591139,NA,-1.04424509525872e-05,-8.61022449645234e-05,0.000366387027621044,0.000223844577508541,NA,0.000237338854031917,-0.000403765790420166,0.000345767077656859,0.00032837794159134,NA,-0.00067269923310648,0.0814362860668724,5.12260674293147e-05,0.000129433828061138,0.000249586403591628,4.17495041236974e-06,NA,0.00032837794159134,3.12404323167059e-05,NA,0.000235286555335571,NA,-0.000380682432197819,3.12404323167059e-05,3.12404323167059e-05,0.00015620216158353,-0.000238303542858727,NA,-0.000129277837231287,3.12404323167059e-05,2.25662834394515e-06,-0.000277410597138477,3.12404323167059e-05,3.12404323167059e-05,NA,-0.000519794952997583,0.000153778672504637,-0.000148344299049216,NA,2.75606637371252e-05,3.12404323167059e-05,0.000129433828061138,0.00010866552175828,0.0322465830734595,-9.24701990461591e-05,-0.000277410597138477,-0.000277410597138477,-0.000519794952997583,2.75606637371252e-05,2.75606637371252e-05,0.000318554251170975,3.50183395389982e-05,2.75606637371252e-05,-0.000519794952997583,-0.000148344299049216,-0.000151958289622447,-0.000108574693616867,1.04721260138478e-05,0.000249586403591628,NA,0.000143988747464346,0.000249586403591628,0.000249586403591628,-1.48312202327947e-06,0.0322465830734595,-0.000148344299049216,-0.000519794952997583,-0.000124429249119926,1.04721260138478e-05,NA,0.000194532613920104,0.000309613516427028,-0.000277410597138477,-1.48312202327947e-06,NA,-0.000519794952997583
"29",NA,0.00100970146220355,NA,NA,NA,NA,NA,NA,NA,0.000459223376070027,NA,NA,NA,0.000237093914279433,NA,NA,NA,NA,NA,NA,NA,NA,NA,NA,NA,NA,NA,NA,0.00423616054187595,NA,NA,NA,NA,NA,NA,NA,NA,NA,NA,NA,NA,NA,0.000270752784948702,NA,NA,NA,NA,NA,NA,NA,NA,NA,NA,NA,NA,NA,NA,NA,NA,NA,NA,NA,NA,NA,NA,NA,NA,NA,NA,NA,NA,0.000461630695910995,NA,NA,NA,NA,NA,0.000131805447788803,NA,NA,NA,NA,NA,NA,NA,NA,NA,NA,NA,NA,NA,NA,NA,NA,NA,NA,NA,0.000350165463993501,NA,0.000461630695910995,NA,NA,NA,NA,NA,NA,0.000350165463993501,NA,NA,NA,NA,0.000131805447788803,NA,NA,0.000827847407472741,NA,NA,NA,NA,NA,NA,NA,NA,NA,NA,NA,NA,NA,NA,NA,NA,NA,NA,NA,NA,NA,NA,NA,NA,NA,NA,NA,NA,NA,NA,NA,NA,NA,NA,NA,NA,NA,NA,NA,NA,NA,NA,NA,NA,NA,0.000346412578960638,NA,NA,NA,NA
"30",NA,NA,NA,NA,NA,NA,NA,NA,NA,NA,NA,NA,NA,NA,NA,NA,NA,NA,NA,NA,NA,NA,NA,NA,NA,NA,NA,NA,NA,0.00423616054187595,0.00211808027093797,0.00211808027093797,NA,NA,NA,NA,NA,NA,NA,NA,NA,NA,NA,NA,NA,NA,NA,NA,NA,NA,NA,NA,NA,NA,NA,NA,NA,NA,NA,NA,NA,NA,NA,NA,NA,NA,NA,NA,NA,NA,NA,NA,NA,NA,NA,NA,NA,0.000131805447788803,NA,NA,NA,NA,NA,NA,NA,0.00341626028238519,NA,NA,NA,NA,NA,NA,NA,NA,NA,NA,NA,0.000350165463993501,NA,NA,NA,NA,NA,NA,NA,NA,0.000350165463993501,NA,NA,NA,NA,0.000131805447788803,NA,NA,0.000315730307991939,NA,NA,0.000383210042755336,NA,NA,NA,NA,NA,NA,NA,NA,NA,NA,NA,NA,NA,NA,NA,NA,NA,NA,NA,NA,NA,NA,NA,NA,NA,NA,0.000338315339430967,NA,NA,NA,NA,NA,NA,NA,NA,NA,NA,NA,NA,NA,NA,NA,0.000346412578960638,NA,NA,NA,NA
"31",NA,NA,NA,NA,NA,NA,NA,NA,NA,NA,NA,NA,NA,NA,NA,NA,NA,NA,NA,NA,NA,NA,NA,NA,NA,NA,NA,NA,NA,0.00231446706242684,0.00231446706242684,0.00231446706242684,NA,NA,NA,NA,NA,NA,NA,NA,NA,NA,NA,NA,NA,NA,NA,NA,NA,NA,NA,NA,NA,NA,NA,NA,NA,NA,NA,NA,NA,NA,NA,NA,NA,NA,NA,NA,NA,NA,NA,NA,NA,NA,NA,NA,NA,0.000229998843533235,NA,NA,NA,NA,NA,NA,NA,0.00167661699907325,NA,NA,NA,NA,NA,NA,NA,NA,NA,NA,NA,0.000448358859737933,NA,NA,NA,NA,NA,NA,NA,NA,0.000448358859737933,NA,NA,NA,NA,0.000229998843533235,NA,NA,0.000413923703736371,NA,NA,0.000481403438499768,NA,NA,NA,NA,NA,NA,NA,NA,NA,NA,NA,NA,NA,NA,NA,NA,NA,NA,NA,NA,NA,NA,NA,NA,NA,NA,0.000436508735175399,NA,NA,NA,NA,NA,NA,NA,NA,NA,NA,NA,NA,NA,NA,NA,0.00044460597470507,NA,NA,NA,NA
"32",NA,NA,NA,NA,NA,NA,NA,NA,NA,NA,NA,NA,NA,NA,NA,NA,NA,NA,NA,NA,NA,NA,NA,NA,NA,NA,NA,NA,NA,0.00231446706242684,0.00231446706242684,0.00231446706242684,NA,NA,NA,NA,NA,NA,NA,NA,NA,NA,NA,NA,NA,NA,NA,NA,NA,NA,NA,NA,NA,NA,NA,NA,NA,NA,NA,NA,NA,NA,NA,NA,NA,NA,NA,NA,NA,NA,NA,NA,NA,NA,NA,NA,NA,0.000229998843533235,NA,NA,NA,NA,NA,NA,NA,0.00167661699907325,NA,NA,NA,NA,NA,NA,NA,NA,NA,NA,NA,0.000448358859737933,NA,NA,NA,NA,NA,NA,NA,NA,0.000448358859737933,NA,NA,NA,NA,0.000229998843533235,NA,NA,0.000413923703736371,NA,NA,0.000481403438499768,NA,NA,NA,NA,NA,NA,NA,NA,NA,NA,NA,NA,NA,NA,NA,NA,NA,NA,NA,NA,NA,NA,NA,NA,NA,NA,0.000436508735175399,NA,NA,NA,NA,NA,NA,NA,NA,NA,NA,NA,NA,NA,NA,NA,0.00044460597470507,NA,NA,NA,NA
"33",NA,NA,NA,NA,NA,NA,NA,NA,NA,NA,NA,NA,NA,NA,NA,NA,NA,NA,NA,NA,NA,NA,NA,NA,NA,NA,NA,NA,NA,NA,NA,NA,0.00231446706242684,NA,NA,NA,NA,NA,NA,NA,NA,NA,NA,NA,NA,NA,NA,NA,NA,NA,NA,NA,NA,NA,NA,NA,NA,NA,NA,NA,NA,NA,NA,NA,NA,NA,NA,NA,NA,NA,NA,NA,NA,NA,NA,NA,NA,NA,NA,NA,NA,NA,NA,NA,NA,NA,NA,NA,NA,NA,NA,NA,NA,NA,NA,NA,NA,NA,NA,NA,NA,NA,NA,NA,NA,NA,NA,NA,NA,NA,NA,NA,NA,NA,0.000413923703736371,NA,NA,NA,NA,NA,NA,NA,NA,NA,NA,NA,NA,NA,NA,NA,NA,NA,NA,NA,NA,NA,NA,NA,NA,NA,NA,NA,NA,NA,NA,NA,NA,NA,NA,NA,NA,NA,NA,NA,NA,NA,NA,NA,NA,NA,NA,NA,NA,NA,NA
"34",NA,0.000447411276772811,0.000690334980993228,0.000184221126477786,0.000184221126477786,NA,NA,0.000596132359716383,0.000467139576437566,0.000499977317485494,0.000462336976681838,0.000524579030766531,0.00146261099792741,0.0002778478556949,NA,0.000661907343160369,0.000323981135684354,NA,NA,0.000584482253718795,0.0002778478556949,0.000451726223292815,0.000577215885339769,0.000309352112585514,0.000510633702417862,NA,0.000390919405408968,0.000390919405408968,NA,NA,NA,NA,NA,0.00329938223065336,0.00045617673982963,0.00045617673982963,NA,0.000698432220522899,0.000392833801097695,NA,0.000366524529841838,NA,0.000311506726364169,0.000613324717983031,0.000462336976681838,0.000806664336053931,NA,0.000415800063950285,0.000415800063950285,0.000480804439192568,0.000668497513954376,NA,0.000588260160941088,0.000468777318667496,NA,0.000392833801097695,NA,NA,0.000404897522352873,0.000404897522352873,NA,NA,0.00031817445704245,NA,8.40525351009682e-05,NA,0.000608827098162294,NA,NA,0.000707020493906726,0.000596132359716383,0.000173375893626532,0.000512864663880979,NA,0.000613324717983031,NA,NA,0.00017255938920427,0.000563713947415937,NA,0.000467139576437566,0.000643798068261675,0.000584482253718795,0.000288050234559256,0.000675409281084201,0.000668497513954376,0.000845967831066625,NA,NA,0.000542799370449502,0.000467139576437566,0.00063824193946818,0.000566970714411928,NA,0.000573717852673616,0.000253165530447575,0.000512864663880979,0.000390919405408968,NA,0.000173375893626532,0.000390919405408968,0.000604467888831404,0.000682675649463227,0.000480804439192568,0.000557416771814459,NA,0.000390919405408968,0.000584482253718795,NA,0.00078852837673766,NA,0.00017255938920427,0.000584482253718795,0.000584482253718795,0.000356484249407406,0.00031817445704245,NA,0.000423963984170803,0.000584482253718795,0.00045617673982963,0.000806664336053931,0.000584482253718795,0.000584482253718795,NA,0.000184221126477786,0.000707020493906726,0.000404897522352873,NA,0.000580802485139215,0.000584482253718795,0.000682675649463227,0.000661907343160369,0.000522157379915235,NA,0.000806664336053931,0.000806664336053931,0.000184221126477786,0.000580802485139215,0.000580802485139215,NA,0.000588260160941088,0.000580802485139215,0.000184221126477786,0.000404897522352873,0.000379069280846434,0.000400761078849224,0.000563713947415937,0.000480804439192568,NA,0.00052704279938983,0.000480804439192568,0.000480804439192568,0.000356484249407406,0.000522157379915235,0.000404897522352873,0.000184221126477786,0.000392833801097695,0.000563713947415937,NA,0.000747774435322193,0.000387166520376105,0.000806664336053931,0.000356484249407406,NA,0.000184221126477786
"35",NA,0.000115240371071631,0.000601087779512466,-0.000299622688114872,-0.000299622688114872,NA,NA,0.000412682536958776,-2.08449105438611e-05,0.000502877041732392,0.00101175247005901,3.6594543785104e-05,0.000575266775010016,0.000910161619742403,NA,0.000173922856178942,-2.51115036710296e-05,0.000383811585591637,0.000383811585591637,0.0003893823249636,-5.49993591906525e-05,0.000123870264111639,8.92313983583414e-05,-6.89985729675496e-05,0.000876144027701197,NA,2.25662834394515e-06,2.25662834394515e-06,NA,NA,NA,NA,NA,0.00045617673982963,0.0575101014508845,0.0575101014508845,0.000155813581280248,0.000210447733541472,0.000952053359604579,NA,0.000102518678801423,NA,0.000694301665675962,0.00128690808996187,0.00101175247005901,0.00022576144806248,NA,5.20179454265795e-05,5.20179454265795e-05,0.000445358406853615,0.000180513026972949,NA,0.000100275673959661,0.000157972454861002,NA,0.000952053359604579,NA,NA,0.00021763765633453,0.00021763765633453,NA,NA,0.000504097295273112,NA,-0.000874814117177304,0.00187401217364895,0.000120842611180867,NA,NA,0.000219036006925299,0.000108147872734956,-0.000433052945217524,0.000246147145287967,0.000104157098267369,0.000125340231001604,NA,0.000210447733541472,-0.00027832969444333,0.000347845712357884,NA,0.000154696970401142,0.000155813581280248,0.0003893823249636,-0.000199934252422171,0.000187424794102773,0.000180513026972949,0.000357983344085198,NA,NA,5.48148834680752e-05,-2.08449105438611e-05,0.000496901696462369,7.89862274305009e-05,NA,8.57333656921888e-05,-0.000237558319381367,2.48801768995517e-05,0.000175703305502813,NA,-0.000433052945217524,2.25662834394515e-06,0.000116483401849977,0.0001946911624818,0.000445358406853615,6.9432284833032e-05,NA,0.000175703305502813,0.0003893823249636,0.000383811585591637,0.000300543889756233,NA,-0.00027832969444333,0.0003893823249636,0.0003893823249636,0.000733956049462845,0.000504097295273112,NA,6.83457858676155e-05,0.0003893823249636,0.0575101014508845,0.00022576144806248,0.0003893823249636,0.0003893823249636,NA,-0.000299622688114872,0.000219036006925299,0.00021763765633453,NA,9.28179981577875e-05,0.0003893823249636,0.0001946911624818,0.000173922856178942,3.41728929338077e-05,NA,0.00022576144806248,0.00022576144806248,-0.000299622688114872,9.28179981577875e-05,9.28179981577875e-05,NA,0.000100275673959661,9.28179981577875e-05,-0.000299622688114872,0.00021763765633453,0.000595413990881984,-8.72234081322033e-05,0.000347845712357884,0.000445358406853615,NA,0.000584073487445401,0.000445358406853615,0.000445358406853615,0.000733956049462845,3.41728929338077e-05,0.00021763765633453,-0.000299622688114872,0.000952053359604579,0.000347845712357884,NA,0.000259789948340766,0.000635900188530339,0.00022576144806248,0.000733956049462845,NA,-0.000299622688114872
"36",NA,0.000115240371071631,0.000601087779512466,-0.000299622688114872,-0.000299622688114872,NA,NA,0.000412682536958776,-2.08449105438611e-05,0.000502877041732392,0.00101175247005901,3.6594543785104e-05,0.000575266775010016,0.000910161619742403,NA,0.000173922856178942,-2.51115036710296e-05,0.000383811585591637,0.000383811585591637,0.0003893823249636,-5.49993591906525e-05,0.000123870264111639,8.92313983583414e-05,-6.89985729675496e-05,0.000876144027701197,NA,2.25662834394515e-06,2.25662834394515e-06,NA,NA,NA,NA,NA,0.00045617673982963,0.0575101014508845,0.0575101014508845,0.000155813581280248,0.000210447733541472,0.000952053359604579,NA,0.000102518678801423,NA,0.000694301665675962,0.00128690808996187,0.00101175247005901,0.00022576144806248,NA,5.20179454265795e-05,5.20179454265795e-05,0.000445358406853615,0.000180513026972949,NA,0.000100275673959661,0.000157972454861002,NA,0.000952053359604579,NA,NA,0.00021763765633453,0.00021763765633453,NA,NA,0.000504097295273112,NA,-0.000874814117177304,0.00187401217364895,0.000120842611180867,NA,NA,0.000219036006925299,0.000108147872734956,-0.000433052945217524,0.000246147145287967,0.000104157098267369,0.000125340231001604,NA,0.000210447733541472,-0.00027832969444333,0.000347845712357884,NA,0.000154696970401142,0.000155813581280248,0.0003893823249636,-0.000199934252422171,0.000187424794102773,0.000180513026972949,0.000357983344085198,NA,NA,5.48148834680752e-05,-2.08449105438611e-05,0.000496901696462369,7.89862274305009e-05,NA,8.57333656921888e-05,-0.000237558319381367,2.48801768995517e-05,0.000175703305502813,NA,-0.000433052945217524,2.25662834394515e-06,0.000116483401849977,0.0001946911624818,0.000445358406853615,6.9432284833032e-05,NA,0.000175703305502813,0.0003893823249636,0.000383811585591637,0.000300543889756233,NA,-0.00027832969444333,0.0003893823249636,0.0003893823249636,0.000733956049462845,0.000504097295273112,NA,6.83457858676155e-05,0.0003893823249636,0.0575101014508845,0.00022576144806248,0.0003893823249636,0.0003893823249636,NA,-0.000299622688114872,0.000219036006925299,0.00021763765633453,NA,9.28179981577875e-05,0.0003893823249636,0.0001946911624818,0.000173922856178942,3.41728929338077e-05,NA,0.00022576144806248,0.00022576144806248,-0.000299622688114872,9.28179981577875e-05,9.28179981577875e-05,NA,0.000100275673959661,9.28179981577875e-05,-0.000299622688114872,0.00021763765633453,0.000595413990881984,-8.72234081322033e-05,0.000347845712357884,0.000445358406853615,NA,0.000584073487445401,0.000445358406853615,0.000445358406853615,0.000733956049462845,3.41728929338077e-05,0.00021763765633453,-0.000299622688114872,0.000952053359604579,0.000347845712357884,NA,0.000259789948340766,0.000635900188530339,0.00022576144806248,0.000733956049462845,NA,-0.000299622688114872
"37",NA,NA,NA,-0.000116142032071596,-0.000116142032071596,NA,NA,NA,NA,NA,0.000952820004617559,0.00113954616687164,0.000255732548387301,0.00177203887001539,NA,NA,NA,NA,NA,NA,-2.25153028544824e-05,NA,NA,NA,0.00021027054386848,NA,NA,NA,NA,NA,NA,NA,NA,NA,0.000155813581280248,0.000155813581280248,0.0199857729583768,NA,9.24706425483121e-05,NA,NA,0.000571432914023682,1.11435678147865e-05,NA,0.000952820004617559,4.77561373315082e-06,NA,0.00221557890731239,0.00221557890731239,0.00100822239214975,NA,NA,NA,NA,NA,9.24706425483121e-05,NA,NA,NA,NA,NA,NA,0.000520332445699394,NA,NA,NA,0.000308463939612912,NA,0.000976330436376555,NA,NA,0.000505053696942699,0.000212501505331596,0.000291778426699414,NA,NA,NA,0.000274332088575006,NA,NA,0.000967227803884742,NA,NA,NA,NA,NA,NA,NA,0.000398069061973517,NA,NA,NA,0.000266607555862546,NA,NA,-4.71976281018079e-05,0.000212501505331596,NA,NA,0.000505053696942699,NA,NA,NA,0.00100822239214975,NA,NA,NA,NA,NA,NA,NA,0.000274332088575006,NA,NA,5.61210908580231e-05,0.000520332445699394,NA,NA,NA,0.000155813581280248,4.77561373315082e-06,NA,NA,NA,-0.000116142032071596,NA,NA,NA,0.000280439326589832,NA,NA,NA,NA,NA,4.77561373315082e-06,4.77561373315082e-06,-0.000116142032071596,0.000280439326589832,0.000280439326589832,0.000571432914023682,NA,0.000280439326589832,-0.000116142032071596,NA,7.87061222970516e-05,0.000100397920299841,NA,0.00100822239214975,NA,0.00114693747274153,0.00100822239214975,0.00100822239214975,NA,NA,NA,-0.000116142032071596,9.24706425483121e-05,NA,NA,NA,8.68033618267228e-05,4.77561373315082e-06,NA,NA,-0.000116142032071596
"38",NA,0.000201682270484653,0.00044460597470507,-6.15078798103717e-05,-6.15078798103717e-05,NA,NA,0.000350403353428225,0.000221410570149408,0.000254248311197336,0.000216607970393681,0.000278850024478373,8.43070307104429e-05,0.000260624490302348,NA,0.000416178336872211,7.82521293961957e-05,NA,NA,0.000338753247430638,3.21188494067422e-05,0.000205997217004657,0.000331486879051611,6.36231062973557e-05,0.000726196183748273,NA,0.00014519039912081,0.00014519039912081,NA,NA,NA,NA,NA,0.000698432220522899,0.000210447733541472,0.000210447733541472,NA,0.014519106200137,0.000147104794809537,NA,0.00012079552355368,NA,6.57777200760112e-05,0.000367595711694873,0.000216607970393681,5.94097659943754e-05,NA,0.000170071057662127,0.000170071057662127,0.000235075432904411,0.000422768507666218,NA,0.00034253115465293,0.000223048312379338,NA,0.000147104794809537,NA,NA,0.000514723823618295,0.000514723823618295,NA,NA,7.24454507542922e-05,NA,-0.00016167647118719,NA,0.000363098091874137,NA,NA,0.000461291487618568,0.000350403353428225,-7.23531126616254e-05,0.000267135657592821,NA,0.000367595711694873,NA,NA,5.00475573210885e-05,0.000317984941127779,NA,0.000221410570149408,0.000398069061973517,0.000338753247430638,4.23212282710981e-05,0.000429680274796043,0.000422768507666218,0.000600238824778467,NA,NA,0.000297070364161344,0.000221410570149408,0.000392512933180022,0.00032124170812377,NA,0.000327988846385458,7.43652415941668e-06,0.000267135657592821,0.00014519039912081,NA,-7.23531126616254e-05,0.00014519039912081,0.000358738882543246,0.00253333373865573,0.000235075432904411,0.000311687765526301,NA,0.00014519039912081,0.000338753247430638,NA,0.000542799370449502,NA,5.00475573210885e-05,0.000338753247430638,0.000338753247430638,0.000110755243119248,7.24454507542922e-05,NA,0.000178234977882645,0.000338753247430638,0.000210447733541472,5.94097659943754e-05,0.000338753247430638,0.000338753247430638,NA,-6.15078798103717e-05,0.000461291487618568,0.000514723823618295,NA,0.000335073478851057,0.000338753247430638,0.00253333373865573,0.000416178336872211,0.000276428373627077,NA,5.94097659943754e-05,5.94097659943754e-05,-6.15078798103717e-05,0.000335073478851057,0.000335073478851057,NA,0.00034253115465293,0.000335073478851057,-6.15078798103717e-05,0.000514723823618295,0.000133340274558276,0.000155032072561066,0.000317984941127779,0.000235075432904411,NA,0.000281313793101672,0.000235075432904411,0.000235075432904411,0.000417897277727359,0.000276428373627077,0.000514723823618295,-6.15078798103717e-05,0.000147104794809537,0.000317984941127779,0.000286373728305254,0.000502045429034035,0.000141437514087947,5.94097659943754e-05,0.000417897277727359,NA,-6.15078798103717e-05
"39",NA,-0.000103916148940552,0.000474401902048595,-0.000409148991797547,-0.000409148991797547,NA,NA,0.000285996659494905,0.00044879576885227,0.000580146733043982,0.000429585369829359,-2.67483949468315e-05,0.000195209142618403,-0.000227407828535364,NA,0.000110579917447007,0.00015887973473292,NA,NA,0.00026269644749973,0.00116842923149394,0.000925350260383687,0.000544563929099409,7.11055961398798e-05,0.000114999344897864,NA,-0.000124429249119926,-0.000124429249119926,NA,NA,NA,NA,NA,0.000392833801097695,0.000952053359604579,0.000952053359604579,9.24706425483121e-05,0.000147104794809537,0.0806245977221505,NA,0.000215975542199325,NA,0.000250901094552414,0.000320381376028201,0.000429585369829359,0.000206325415980964,NA,-7.46679320372914e-05,-7.46679320372914e-05,0.000255329590657809,0.000117170088241013,0.000544563929099409,0.000270252261944314,0.000219248229082592,NA,0.0806245977221505,NA,NA,2.76088401387234e-05,2.76088401387234e-05,0.000174609542569978,NA,-0.000147064708728194,0.000704159719364455,-0.000755544881328638,0.000208773313191439,5.74996724489318e-05,0.000208773313191439,0.000139007555279866,0.000155693068193364,4.48049340030206e-05,-0.000600172487460324,0.000119461267824096,0.000278015110559731,6.19972922696685e-05,0.000174609542569978,0.000490596381107937,-0.000607521027260686,0.000504058115327915,NA,0.000214335002392801,9.24706425483121e-05,0.00026269644749973,-0.000322933023242129,0.00044455050223054,0.000117170088241013,0.000294640405353263,NA,0.000147104794809537,0.000179330680961143,0.00044879576885227,0.000727642091484642,1.56432886985655e-05,0.000352079859682228,2.23904269602533e-05,-0.000266013896687754,0.00129218090391267,-1.43255106929935e-05,NA,-0.000600172487460324,-0.000124429249119926,5.31404631180416e-05,0.000459083238988594,0.000255329590657809,6.0893461010966e-06,NA,-1.43255106929935e-05,0.00026269644749973,NA,0.000237200951024298,NA,-0.000607521027260686,0.00026269644749973,0.00026269644749973,0.00056574375585507,-0.000147064708728194,-0.000318908112522278,-5.83400915962554e-05,0.00026269644749973,0.000952053359604579,0.000206325415980964,0.00026269644749973,0.00026269644749973,NA,-0.000409148991797547,0.000155693068193364,2.76088401387234e-05,-0.000318908112522278,2.9475059425852e-05,0.00026269644749973,0.000459083238988594,0.000110579917447007,-2.91700457981277e-05,NA,0.000206325415980964,0.000206325415980964,-0.000409148991797547,2.9475059425852e-05,2.9475059425852e-05,NA,0.000270252261944314,2.9475059425852e-05,-0.000409148991797547,2.76088401387234e-05,9.65145864877418e-05,-0.000104745902239414,0.000504058115327915,0.000255329590657809,NA,0.000147817538841799,0.000255329590657809,0.000255329590657809,-0.00011763097869768,-2.91700457981277e-05,2.76088401387234e-05,-0.000409148991797547,0.0806245977221505,0.000504058115327915,0.000157937409248962,0.000196447009608831,0.00053799204288343,0.000206325415980964,-0.00011763097869768,NA,-0.000409148991797547
"40",NA,NA,NA,NA,NA,NA,NA,NA,NA,NA,NA,NA,NA,NA,NA,NA,NA,NA,NA,NA,NA,NA,NA,NA,NA,NA,NA,NA,NA,NA,NA,NA,NA,NA,NA,NA,NA,NA,NA,0.00231446706242684,NA,NA,NA,NA,NA,NA,NA,NA,NA,NA,NA,NA,NA,NA,NA,NA,NA,NA,NA,NA,NA,NA,NA,NA,NA,NA,NA,NA,NA,NA,NA,NA,NA,NA,NA,NA,NA,NA,NA,NA,NA,NA,NA,NA,NA,NA,NA,NA,NA,NA,NA,NA,NA,NA,NA,NA,NA,NA,NA,NA,NA,NA,NA,NA,NA,NA,NA,NA,NA,NA,NA,NA,NA,NA,NA,NA,NA,NA,NA,NA,NA,NA,NA,NA,NA,NA,NA,NA,NA,NA,NA,NA,NA,NA,NA,NA,NA,NA,NA,NA,NA,NA,NA,NA,NA,NA,NA,NA,NA,NA,NA,NA,NA,NA,NA,NA,NA,NA,NA,NA,NA,NA,NA,NA,NA
"41",NA,-0.000130225420196409,0.000804993402292218,-0.000590944557629582,-0.000590944557629582,NA,NA,0.000233378116983192,-0.000110497120531653,0.000751693124138323,0.000120999389358048,0.000307725551612126,-0.000204855473927019,-0.000432467973602767,NA,0.000364928083871164,1.02410719777939e-06,NA,NA,6.84555674957604e-06,-0.000432467973602767,-5.54341558639452e-05,-4.20811629450816e-07,-8.67500313952607e-05,0.00026588956656612,NA,0.000402653725545464,0.000402653725545464,NA,NA,NA,NA,NA,0.000366524529841838,0.000102518678801423,0.000102518678801423,NA,0.00012079552355368,0.000215975542199325,NA,0.0924218562449966,NA,-0.000190659831468303,0.000267762833516487,0.000120999389358048,-0.000348609057884508,0.000246493667058554,-0.000161836633018934,-0.000161836633018934,2.72227593556221e-06,0.000378108425459177,NA,1.06234639718683e-05,0.000350109652748563,0.000522157379915235,0.000215975542199325,NA,NA,9.45904674900718e-05,9.45904674900718e-05,0.000148300271314122,NA,-0.000252301793751621,NA,-0.000602942410635766,NA,3.1190401193075e-05,NA,NA,0.000129383796937507,1.84956627471638e-05,-0.000881313995156486,0.00027258245095547,NA,0.000573962613261626,0.000148300271314122,0.00012079552355368,-0.000748333373074656,0.0001685412923823,NA,-0.000110497120531653,6.61613712924553e-05,6.84555674957604e-06,-0.000289586462409963,9.77725841149812e-05,9.08608169851565e-05,0.000268331134097406,NA,0.00012079552355368,-3.48373265197171e-05,-0.000110497120531653,6.06052424989603e-05,-1.06659825572913e-05,NA,-3.91884429560344e-06,-0.000506514949344743,0.00027258245095547,-0.000177047791631639,NA,-0.000881313995156486,0.000402653725545464,2.68311918621849e-05,0.000105038952494008,2.72227593556221e-06,-2.02199251547602e-05,NA,-0.000177047791631639,6.84555674957604e-06,NA,0.000210891679768441,NA,-0.000748333373074656,6.84555674957604e-06,6.84555674957604e-06,3.42277837478802e-05,-0.000252301793751621,NA,-0.000153672712798416,6.84555674957604e-06,0.000102518678801423,-0.000348609057884508,6.84555674957604e-06,6.84555674957604e-06,NA,-0.000590944557629582,0.000129383796937507,9.45904674900718e-05,NA,0.000202718367828854,6.84555674957604e-06,0.000105038952494008,8.42706461911499e-05,8.5428157380895e-05,NA,-0.000348609057884508,-0.000348609057884508,-0.000590944557629582,0.000202718367828854,0.000202718367828854,NA,1.06234639718683e-05,0.000202718367828854,-0.000590944557629582,9.45904674900718e-05,-0.000200748040756707,-0.000157364444751127,0.0001685412923823,2.72227593556221e-06,NA,9.51989963300859e-05,2.72227593556221e-06,2.72227593556221e-06,3.42277837478802e-05,8.5428157380895e-05,9.45904674900718e-05,-0.000590944557629582,0.000215975542199325,0.0001685412923823,NA,0.000170137738352974,-0.000104511979559151,-0.000348609057884508,3.42277837478802e-05,0.000246493667058554,-0.000590944557629582
"42",NA,NA,NA,0.000111855972239793,0.000111855972239793,NA,NA,NA,NA,NA,0.000389971822443846,0.00110081454454594,0.000257670882760608,0.000205482701456907,NA,NA,0.000251615981446361,NA,NA,NA,NA,NA,NA,0.000236986958347521,NA,NA,0.000318554251170975,0.000318554251170975,NA,NA,NA,NA,NA,NA,NA,NA,0.000571432914023682,NA,NA,NA,NA,0.00513714461323231,NA,NA,0.000389971822443846,NA,NA,NA,NA,NA,NA,NA,NA,NA,NA,NA,NA,NA,NA,NA,NA,NA,0.000245809302804457,NA,1.16873808629755e-05,NA,NA,NA,NA,NA,NA,NA,NA,NA,NA,NA,NA,0.000396775261421419,NA,NA,NA,NA,NA,NA,NA,NA,NA,0.000617969826755235,NA,NA,NA,NA,NA,NA,NA,0.000180800376209582,NA,NA,NA,NA,0.000318554251170975,NA,NA,NA,NA,NA,NA,NA,NA,NA,NA,0.000396775261421419,NA,NA,NA,0.000245809302804457,NA,NA,NA,NA,NA,NA,NA,NA,0.000111855972239793,NA,NA,NA,NA,NA,NA,NA,0.000449792225677242,NA,NA,NA,0.000111855972239793,NA,NA,0.00513714461323231,NA,NA,0.000111855972239793,NA,0.000809795044705747,0.000328395924611231,NA,NA,NA,NA,NA,NA,NA,0.000449792225677242,NA,0.000111855972239793,NA,NA,NA,NA,0.000314801366138112,NA,NA,NA,0.000111855972239793
"43",NA,0.000411498132862509,0.000639939991859211,0.000341087849626485,0.000341087849626485,0.000127446238457913,NA,-3.6522140730505e-05,-0.00013464305652978,0.00025483843410988,0.000501052332316675,0.000874504656824832,0.000789623616906217,-3.34440382767256e-05,NA,2.92528427134811e-05,2.3331018458335e-05,NA,NA,0.000322381810035913,-0.000391868501446746,-7.58862812420291e-05,-5.54386151071196e-05,2.88901219444714e-05,0.000100836156133114,NA,-0.00025830673489357,-0.00025830673489357,0.000270752784948702,NA,NA,NA,NA,0.000311506726364169,0.000694301665675962,0.000694301665675962,1.11435678147865e-05,6.57777200760112e-05,0.000250901094552414,NA,-0.000190659831468303,NA,0.121923429450205,0.00104334110923766,0.000501052332316675,-0.000263484327448471,NA,0.000221830855927355,0.000221830855927355,-0.000107313331019775,3.58430135074877e-05,-5.54386151071196e-05,-4.43943395058005e-05,0.000539694384230621,NA,0.000250901094552414,NA,NA,-0.000125480746420604,-0.000125480746420604,0.000382951727161769,NA,-0.000363922785519655,NA,-0.00157290868622471,NA,0.000148731986919676,NA,0.000311747752581544,7.43659934598382e-05,-3.6522140730505e-05,-0.000697876220402039,0.000541040838727402,NA,-1.93297824638571e-05,0.000382951727161769,6.57777200760112e-05,-0.00120733203698107,0.000260076891127338,NA,-0.00013464305652978,1.11435678147865e-05,0.000322381810035913,-0.000344604265887632,0.000281896352763489,3.58430135074877e-05,0.000213313330619737,NA,0.000664231710448225,1.66765314940922e-05,0.000529867930851041,0.000207561669531447,-6.56837860349602e-05,NA,-5.89366477732723e-05,-0.000679270262128142,0.000306387819691818,0.000237500324731326,NA,-0.000697876220402039,-0.00025830673489357,-2.8186611615484e-05,0.000296429089521542,-0.000107313331019775,-7.5237728632429e-05,NA,0.000237500324731326,0.000322381810035913,NA,0.000155873876290772,NA,-0.00120733203698107,0.000322381810035913,0.000322381810035913,0.00386431414057985,-0.000363922785519655,NA,-0.000220994241063307,0.000322381810035913,0.000694301665675962,-0.000263484327448471,0.000322381810035913,0.000322381810035913,NA,0.000341087849626485,7.43659934598382e-05,-0.000125480746420604,NA,0.00031134250429717,0.000322381810035913,0.000296429089521542,2.92528427134811e-05,0.000135407188625231,0.00028057563110216,-0.000263484327448471,-0.000263484327448471,0.000341087849626485,0.00031134250429717,0.00031134250429717,NA,-4.43943395058005e-05,0.00031134250429717,0.000341087849626485,-0.000125480746420604,1.44615730424956e-06,-1.94770864313732e-05,0.000260076891127338,-0.000107313331019775,NA,-1.48366106252517e-05,-0.000107313331019775,-0.000107313331019775,0.000147279489550507,0.000135407188625231,-0.000125480746420604,0.000341087849626485,0.000250901094552414,0.000260076891127338,NA,0.000115119934875305,0.00295148008476798,-0.000263484327448471,0.000147279489550507,NA,0.000341087849626485
"44",NA,0.000116574767944785,0.000915383735819268,0.00958178177267428,0.00958178177267428,NA,NA,0.000265295850888357,0.00013630306760954,0.0005346684088038,0.000459387727196489,0.000193742521938505,0.000782345278637754,9.04094852226118e-05,NA,0.000331070834332343,0.00148182523604494,NA,NA,0.000253645744890769,9.04094852226118e-05,0.000438166220418441,0.000246379376511742,0.0013940510974519,0.000555981178668536,NA,6.00828965809416e-05,6.00828965809416e-05,NA,NA,NA,NA,NA,0.000613324717983031,0.00128690808996187,0.00128690808996187,NA,0.000367595711694873,0.000320381376028201,NA,0.000267762833516487,NA,0.00104334110923766,0.0238376846097493,0.000459387727196489,0.000144991318397878,NA,8.49635551222588e-05,8.49635551222588e-05,0.000149967930364542,0.00033766100512635,NA,0.000257423652113062,0.000472268411167804,NA,0.000320381376028201,NA,NA,7.40610135248472e-05,7.40610135248472e-05,NA,NA,0.000171062687917712,NA,-0.000201588728952776,NA,0.000277990589334268,NA,NA,0.0003761839850787,0.000265295850888357,-0.000118534438914123,0.00151365978616727,NA,0.000282488209155005,NA,0.000367595711694873,-0.000158277119623756,0.000662141668664686,NA,0.00013630306760954,0.000312961559433649,0.000253645744890769,-4.27862742687702e-05,0.000344572772256174,0.00033766100512635,0.000515131322238599,NA,NA,0.000211962861621476,0.00013630306760954,0.000307405430640154,0.000236134205583902,NA,0.00024288134384559,4.10448347279607e-05,0.000560443101594769,0.00102587875227922,NA,-0.000118534438914123,6.00828965809416e-05,0.000273631380003378,0.000351839140635201,0.000149967930364542,0.000226580262986433,NA,0.00102587875227922,0.000253645744890769,NA,0.000457691867909634,NA,-0.000158277119623756,0.000253645744890769,0.000253645744890769,2.56477405793795e-05,0.000171062687917712,NA,0.000382641742174417,0.000253645744890769,0.00128690808996187,0.000144991318397878,0.000253645744890769,0.000253645744890769,NA,0.00958178177267428,0.0003761839850787,7.40610135248472e-05,NA,0.000249965976311188,0.000253645744890769,0.000351839140635201,0.000331070834332343,0.000191320871087209,0.000856703890803904,0.000144991318397878,0.000144991318397878,0.00958178177267428,0.000249965976311188,0.000249965976311188,NA,0.000257423652113062,0.000249965976311188,0.00958178177267428,7.40610135248472e-05,0.00029285233552568,6.99245700211976e-05,0.000662141668664686,0.000149967930364542,NA,0.000196206290561804,0.000149967930364542,0.000149967930364542,2.56477405793795e-05,0.000191320871087209,7.40610135248472e-05,0.00958178177267428,0.000320381376028201,0.000662141668664686,NA,0.000416937926494167,0.00142164007929734,0.000144991318397878,2.56477405793795e-05,NA,0.00958178177267428
"45",NA,-3.4412973356408e-05,0.000613408253216883,-2.41834913450937e-05,-2.41834913450937e-05,0.000278276488775582,NA,0.000114308109587164,-1.46846736916527e-05,0.000232692926201415,0.0556172844079712,0.00222892945445796,0.00114233579282142,0.00207197051408781,0.000306704126608441,0.00018008309303115,-0.000119299437400867,0.000389971822443846,0.000389971822443846,0.000774872560988921,0.00149288637899868,0.0068284992429868,0.00075307345585184,-5.05178624109245e-05,0.00090078497511003,NA,-9.0904844720251e-05,-9.0904844720251e-05,NA,NA,NA,NA,NA,0.000462336976681838,0.00101175247005901,0.00101175247005901,0.000952820004617559,0.000216607970393681,0.000429585369829359,NA,0.000120999389358048,0.000389971822443846,0.000501052332316675,0.000459387727196489,0.0556172844079712,0.00345740968209668,NA,0.0018284480084349,0.0018284480084349,0.000194347169615563,0.000186673263825157,0.0016169481976097,0.00121129080920293,0.000170292928565419,NA,0.000429585369829359,NA,NA,0.000236118366891155,0.000236118366891155,NA,NA,0.00366598063825535,0.00032338963952194,-0.000212112909651957,NA,0.000127002848033076,0.000752939769040029,0.000613408253216883,0.000225196243777508,0.000114308109587164,0.000915722529377978,0.000909708820962496,0.000797850555578923,0.000131500467853812,NA,0.000216607970393681,0.000904291467466305,0.000360166186062301,NA,0.000422844529145233,0.000161973818132456,0.000774872560988921,-0.000193774015569963,0.000193585030954982,0.000186673263825157,0.000364143580937406,0.000613408253216883,NA,0.00102944764723659,0.000167017444105558,0.00192207846825175,0.00112613302308629,0.000421583035266372,0.000742579357853382,0.00232458202054714,3.10404137517601e-05,-9.0904844720251e-05,NA,0.000915722529377978,-9.0904844720251e-05,0.000834829466326747,0.00106945274822222,0.000194347169615563,7.55925216852404e-05,NA,-9.0904844720251e-05,0.000774872560988921,0.000389971822443846,0.000306704126608441,NA,0.000904291467466305,0.000774872560988921,0.000774872560988921,9.08785480547516e-05,0.00366598063825535,NA,8.06662595720322e-05,0.000774872560988921,0.00101175247005901,0.00345740968209668,0.000774872560988921,0.000774872560988921,NA,-2.41834913450937e-05,0.000225196243777508,0.000236118366891155,NA,0.000763833255250179,0.000774872560988921,0.00106945274822222,0.000556552977551165,4.03331297860161e-05,0.000403740666900326,0.00345740968209668,0.00345740968209668,-2.41834913450937e-05,0.000763833255250179,0.000763833255250179,0.000389971822443846,0.00121129080920293,0.000763833255250179,-2.41834913450937e-05,0.000236118366891155,0.000626215175143025,0.001036578447227,0.000360166186062301,0.000194347169615563,NA,0.000286823890010087,0.000194347169615563,0.000194347169615563,-5.42932099547624e-05,4.03331297860161e-05,0.000236118366891155,-2.41834913450937e-05,0.000429585369829359,0.000360166186062301,0.00182462838169213,0.000265950185192974,0.000955011096388293,0.00345740968209668,-5.42932099547624e-05,NA,-2.41834913450937e-05
"46",NA,-0.000107934983046948,0.000299011844418273,-0.00118875362292564,-0.00118875362292564,0.000121078284376277,NA,-4.28900948121407e-05,0.000491660206361227,0.000688686652648796,0.00345740968209668,0.000327773470907485,-0.000330961030272565,2.83938568968439e-05,NA,2.28848886318454e-05,-0.000275643241912423,0.000232773618044541,0.000232773618044541,0.00192031989138854,-0.000598576201838598,0.00294501934723617,0.0184308648942372,-0.000378046403604303,0.00027199215751281,0.000185107909499249,-0.000277410597138477,-0.000277410597138477,NA,NA,NA,NA,NA,0.000806664336053931,0.00022576144806248,0.00022576144806248,4.77561373315082e-06,5.94097659943754e-05,0.000206325415980964,NA,-0.000348609057884508,NA,-0.000263484327448471,0.000144991318397878,0.00345740968209668,0.125790652903169,NA,2.38780686657541e-05,2.38780686657541e-05,-0.000120049239183047,2.9475059425852e-05,0.00348255686848207,0.00121838371338236,0.000104566622511345,NA,0.000206325415980964,NA,NA,-0.00023547624630676,-0.00023547624630676,0.000727642091484642,NA,5.34340256974791e-05,0.000166191435122634,-0.00219437007895011,NA,0.000135996078756405,0.00224942718116464,0.000299011844418273,0.000332382870245269,0.000110606601864583,0.001512213506412,8.84251782775561e-05,0.00124167225922861,-2.56977365454928e-05,0.000727642091484642,5.94097659943754e-05,0.00224460504881728,0.000240973028882431,NA,-4.87500840526823e-05,0.000481225391419644,0.00192031989138854,-0.000350972219969268,3.63868265556767e-05,2.9475059425852e-05,0.000206945376538101,5.13125264647043e-05,NA,0.000178229297983126,9.80156535916246e-05,0.00151827438454491,0.000497340205489072,0.000725156453222997,0.000270984744655467,0.00386574315285128,-0.000126157790647545,-0.000299819306750248,NA,0.001512213506412,-0.000277410597138477,-3.45545656971197e-05,0.000283693181358271,-0.000120049239183047,-8.16056827140647e-05,NA,-0.000299819306750248,0.00192031989138854,0.000232773618044541,0.000149505922209136,NA,0.00224460504881728,0.00192031989138854,0.00192031989138854,-0.000272701004048642,5.34340256974791e-05,NA,-0.000178276860852972,0.00192031989138854,0.00022576144806248,0.125790652903169,0.00192031989138854,0.00192031989138854,NA,-0.00118875362292564,0.000332382870245269,-0.00023547624630676,NA,0.000292238642052263,0.00192031989138854,0.000283693181358271,2.28848886318454e-05,-0.000116865074613289,-6.78539462975894e-05,0.125790652903169,0.125790652903169,-0.00118875362292564,0.000292238642052263,0.000292238642052263,NA,0.00121838371338236,0.000292238642052263,-0.00118875362292564,-0.00023547624630676,0.00110479761456205,0.00277270817159833,0.000240973028882431,-0.000120049239183047,NA,-2.75725187885232e-05,-0.000120049239183047,-0.000120049239183047,-0.000344605654529017,-0.000116865074613289,-0.00023547624630676,-0.00118875362292564,0.000206325415980964,0.000240973028882431,0.00183911382190513,0.000108751980793669,-0.000119289649205144,0.125790652903169,-0.000344605654529017,NA,-0.00118875362292564
"47",NA,NA,NA,NA,NA,NA,NA,NA,NA,NA,NA,NA,NA,NA,NA,NA,NA,NA,NA,NA,NA,NA,NA,NA,NA,NA,NA,NA,NA,NA,NA,NA,NA,NA,NA,NA,NA,NA,NA,NA,0.000246493667058554,NA,NA,NA,NA,NA,0.00685834249870819,NA,NA,NA,NA,NA,NA,NA,NA,NA,NA,NA,NA,NA,NA,NA,NA,NA,NA,NA,NA,NA,NA,NA,NA,NA,NA,NA,NA,NA,NA,NA,NA,NA,NA,NA,NA,NA,NA,NA,NA,NA,NA,NA,NA,NA,NA,NA,NA,NA,NA,NA,NA,NA,NA,NA,NA,NA,NA,NA,NA,NA,NA,NA,NA,NA,NA,NA,NA,NA,NA,NA,NA,NA,NA,NA,NA,NA,NA,NA,NA,NA,NA,NA,NA,NA,NA,NA,NA,NA,NA,NA,NA,NA,NA,NA,NA,NA,NA,NA,NA,NA,NA,NA,NA,NA,NA,NA,NA,NA,NA,NA,NA,NA,0.000267135657592821,NA,NA,0.00685834249870819,NA
"48",NA,-8.09498860879615e-05,0.000161973818132456,-0.000580710160357982,-0.000580710160357982,NA,NA,6.77711968556109e-05,0.000283233790950572,-2.83838453752781e-05,0.0018284480084349,0.00232638444111244,0.0012786627419365,0.00121807601275667,NA,0.000133546180299597,-0.000204380027176419,NA,NA,5.61210908580231e-05,0.000176052839835664,-7.66349395679575e-05,4.88547224789963e-05,-0.000241631309061653,0.000714637324183816,NA,-0.000137441757451805,-0.000137441757451805,NA,NA,NA,NA,NA,0.000415800063950285,5.20179454265795e-05,5.20179454265795e-05,0.00221557890731239,0.000170071057662127,-7.46679320372914e-05,NA,-0.000161836633018934,NA,0.000221830855927355,8.49635551222588e-05,0.0018284480084349,2.38780686657541e-05,NA,0.0714291142529602,0.0714291142529602,0.00032422837921558,0.000140136351093604,NA,5.98989980803154e-05,-5.95838441932762e-05,NA,-7.46679320372914e-05,NA,NA,9.65076286964943e-05,9.65076286964943e-05,0.000197575805422569,0.000276852726790386,0.000261837239997041,NA,-0.000991687345083761,NA,8.04659353015221e-05,NA,0.00194985911221923,0.000178659331045954,6.77711968556109e-05,0.000264205751136229,0.00106250752665798,6.37804223880239e-05,8.49635551222588e-05,0.000197575805422569,NA,-0.000400824661587373,3.5352784555165e-05,NA,0.000283233790950572,0.000115436905400902,5.61210908580231e-05,-0.000284235065114169,0.000147048118223428,0.000140136351093604,0.000317606668205853,NA,NA,1.443820758873e-05,7.39436186424515e-05,0.000109880776607407,0.00133303777931273,NA,0.00136677347062117,-0.00023598814050904,-1.54964989797934e-05,0.000452781234297926,NA,0.000264205751136229,-0.000137441757451805,7.61067259706319e-05,0.000154314486602455,0.00032422837921558,2.90556089536869e-05,NA,0.000452781234297926,5.61210908580231e-05,NA,0.000260167213876888,NA,-0.000400824661587373,5.61210908580231e-05,5.61210908580231e-05,0.000280605454290116,0.000261837239997041,NA,-1.24075658910748e-05,5.61210908580231e-05,5.20179454265795e-05,2.38780686657541e-05,5.61210908580231e-05,5.61210908580231e-05,NA,-0.000580710160357982,0.000178659331045954,9.65076286964943e-05,NA,0.000301269436045749,5.61210908580231e-05,0.000154314486602455,0.000133546180299597,-6.20378294553738e-06,NA,2.38780686657541e-05,2.38780686657541e-05,-0.000580710160357982,0.000301269436045749,0.000301269436045749,NA,5.98989980803154e-05,0.000301269436045749,-0.000580710160357982,9.65076286964943e-05,1.90229041771766e-05,8.40982981855457e-05,3.5352784555165e-05,0.00032422837921558,NA,0.000462943459807365,0.00032422837921558,0.00032422837921558,9.80395121419892e-05,-6.20378294553738e-06,9.65076286964943e-05,-0.000580710160357982,-7.46679320372914e-05,3.5352784555165e-05,NA,0.000635213336411706,0.000220768596016788,2.38780686657541e-05,9.80395121419892e-05,NA,-0.000580710160357982
"49",NA,-8.09498860879615e-05,0.000161973818132456,-0.000580710160357982,-0.000580710160357982,NA,NA,6.77711968556109e-05,0.000283233790950572,-2.83838453752781e-05,0.0018284480084349,0.00232638444111244,0.0012786627419365,0.00121807601275667,NA,0.000133546180299597,-0.000204380027176419,NA,NA,5.61210908580231e-05,0.000176052839835664,-7.66349395679575e-05,4.88547224789963e-05,-0.000241631309061653,0.000714637324183816,NA,-0.000137441757451805,-0.000137441757451805,NA,NA,NA,NA,NA,0.000415800063950285,5.20179454265795e-05,5.20179454265795e-05,0.00221557890731239,0.000170071057662127,-7.46679320372914e-05,NA,-0.000161836633018934,NA,0.000221830855927355,8.49635551222588e-05,0.0018284480084349,2.38780686657541e-05,NA,0.0714291142529602,0.0714291142529602,0.00032422837921558,0.000140136351093604,NA,5.98989980803154e-05,-5.95838441932762e-05,NA,-7.46679320372914e-05,NA,NA,9.65076286964943e-05,9.65076286964943e-05,0.000197575805422569,0.000276852726790386,0.000261837239997041,NA,-0.000991687345083761,NA,8.04659353015221e-05,NA,0.00194985911221923,0.000178659331045954,6.77711968556109e-05,0.000264205751136229,0.00106250752665798,6.37804223880239e-05,8.49635551222588e-05,0.000197575805422569,NA,-0.000400824661587373,3.5352784555165e-05,NA,0.000283233790950572,0.000115436905400902,5.61210908580231e-05,-0.000284235065114169,0.000147048118223428,0.000140136351093604,0.000317606668205853,NA,NA,1.443820758873e-05,7.39436186424515e-05,0.000109880776607407,0.00133303777931273,NA,0.00136677347062117,-0.00023598814050904,-1.54964989797934e-05,0.000452781234297926,NA,0.000264205751136229,-0.000137441757451805,7.61067259706319e-05,0.000154314486602455,0.00032422837921558,2.90556089536869e-05,NA,0.000452781234297926,5.61210908580231e-05,NA,0.000260167213876888,NA,-0.000400824661587373,5.61210908580231e-05,5.61210908580231e-05,0.000280605454290116,0.000261837239997041,NA,-1.24075658910748e-05,5.61210908580231e-05,5.20179454265795e-05,2.38780686657541e-05,5.61210908580231e-05,5.61210908580231e-05,NA,-0.000580710160357982,0.000178659331045954,9.65076286964943e-05,NA,0.000301269436045749,5.61210908580231e-05,0.000154314486602455,0.000133546180299597,-6.20378294553738e-06,NA,2.38780686657541e-05,2.38780686657541e-05,-0.000580710160357982,0.000301269436045749,0.000301269436045749,NA,5.98989980803154e-05,0.000301269436045749,-0.000580710160357982,9.65076286964943e-05,1.90229041771766e-05,8.40982981855457e-05,3.5352784555165e-05,0.00032422837921558,NA,0.000462943459807365,0.00032422837921558,0.00032422837921558,9.80395121419892e-05,-6.20378294553738e-06,9.65076286964943e-05,-0.000580710160357982,-7.46679320372914e-05,3.5352784555165e-05,NA,0.000635213336411706,0.000220768596016788,2.38780686657541e-05,9.80395121419892e-05,NA,-0.000580710160357982
"50",NA,0.000721765122572744,0.000226978193374739,-0.000361884530792541,-0.000361884530792541,NA,NA,0.000132775572097894,3.78278881907736e-06,0.000269627851222875,0.000194347169615563,0.000318831277784949,-7.02547097509119e-05,0.000212445361939006,NA,0.000198550555541881,-8.23645123794063e-05,NA,NA,0.000121125466100307,-8.96282455505748e-05,-1.16305643256739e-05,0.00011385909772128,-0.000111622558577086,0.000290940621087611,NA,0.000249586403591628,0.000249586403591628,NA,NA,NA,NA,NA,0.000480804439192568,0.000445358406853615,0.000445358406853615,0.00100822239214975,0.000235075432904411,0.000255329590657809,NA,2.72227593556221e-06,NA,-0.000107313331019775,0.000149967930364542,0.000194347169615563,-0.000120049239183047,NA,0.00032422837921558,0.00032422837921558,0.0502785458520113,0.000205140726335887,NA,0.000124903373322599,5.42053104900736e-06,NA,0.000255329590657809,NA,NA,-5.84592652656153e-05,-5.84592652656153e-05,0.000262580180664852,NA,3.13515584920752e-05,NA,-0.000612346971336538,NA,0.000145470310543806,NA,NA,0.000683714204065339,0.000461937935684653,-0.000403044131755678,4.95078762624902e-05,NA,0.000149967930364542,0.000262580180664852,NA,-0.000313996970514144,0.000100357159797449,NA,3.78278881907736e-06,0.000180441280643186,0.000121125466100307,-0.000175306553059233,0.000212052493465712,0.000205140726335887,0.000382611043448137,NA,NA,7.94425828310136e-05,3.78278881907736e-06,0.000174885151849691,0.000103613926793439,NA,0.000110361065055127,-0.000210191257170914,0.000295402544013844,-7.2437382209521e-05,NA,-0.000403044131755678,0.000249586403591628,0.000141111101212915,0.000219318861844739,0.0502785458520113,9.40599841959705e-05,NA,-7.2437382209521e-05,0.000121125466100307,NA,0.000325171589119171,NA,-0.000313996970514144,0.000121125466100307,0.000121125466100307,0.000605627330501533,3.13515584920752e-05,NA,-3.93928034476858e-05,0.000121125466100307,0.000445358406853615,-0.000120049239183047,0.000121125466100307,0.000121125466100307,NA,-0.000361884530792541,0.000683714204065339,-5.84592652656153e-05,NA,0.000117445697520726,0.000121125466100307,0.000219318861844739,0.000198550555541881,5.88005922967462e-05,NA,-0.000120049239183047,-0.000120049239183047,-0.000361884530792541,0.000117445697520726,0.000117445697520726,NA,0.000124903373322599,0.000117445697520726,-0.000361884530792541,-5.84592652656153e-05,2.78117779447547e-05,-6.25957087692649e-05,0.000100357159797449,0.0502785458520113,NA,0.03627692548816,0.0502785458520113,0.0502785458520113,-1.73582849333022e-05,5.88005922967462e-05,-5.84592652656153e-05,-0.000361884530792541,0.000255329590657809,0.000100357159797449,NA,0.000284417647703705,0.000238327748493041,-0.000120049239183047,-1.73582849333022e-05,NA,-0.000361884530792541
"51",NA,0.000171747563916129,0.000414671268136547,1.35016187310737e-05,1.35016187310737e-05,NA,NA,0.000320468646859702,0.000191475863580885,0.000224313604628813,0.000186673263825157,0.00024891531790985,0.000305131439772703,2.18414283821876e-06,NA,0.00096887405209624,4.83174228276723e-05,NA,NA,0.000308818540862114,2.18414283821876e-06,0.000176062510436133,0.000301552172483087,3.36883997288323e-05,0.000234969989561181,NA,0.000115255692552286,0.000115255692552286,NA,NA,NA,NA,NA,0.000668497513954376,0.000180513026972949,0.000180513026972949,NA,0.000422768507666218,0.000117170088241013,NA,0.000378108425459177,NA,3.58430135074877e-05,0.00033766100512635,0.000186673263825157,2.9475059425852e-05,NA,0.000140136351093604,0.000140136351093604,0.000205140726335887,0.0173067376445832,NA,0.000312596448084406,0.000193113605810815,NA,0.000117170088241013,NA,NA,0.000129233809496192,0.000129233809496192,NA,NA,4.25107441857687e-05,NA,0.000181934132778383,NA,0.000333163385305613,NA,0.000414671268136547,0.000431356781050045,0.000320468646859702,-0.000102287819230149,0.000670788693537459,NA,0.00033766100512635,NA,NA,-9.82185581595839e-06,0.000288050234559256,NA,0.000191475863580885,0.000368134355404993,0.000308818540862114,1.23865217025747e-05,0.000399745568227519,0.000392833801097695,0.000570304118209944,NA,NA,0.000267135657592821,0.000191475863580885,0.000362578226611498,0.000291307001555247,NA,0.000298054139816935,-2.24981824091068e-05,0.000237200951024298,0.000115255692552286,NA,-0.000102287819230149,0.000115255692552286,0.000328804175974723,0.000407011936606546,0.000205140726335887,0.000281753058957778,NA,0.000115255692552286,0.000308818540862114,NA,0.000512864663880979,NA,-9.82185581595839e-06,0.000308818540862114,0.000308818540862114,8.08205365507243e-05,4.25107441857687e-05,NA,0.000148300271314122,0.000308818540862114,0.000180513026972949,2.9475059425852e-05,0.000308818540862114,0.000308818540862114,NA,1.35016187310737e-05,0.000431356781050045,0.000129233809496192,NA,0.000305138772282533,0.000308818540862114,0.000407011936606546,0.000386243630303688,0.000246493667058554,NA,2.9475059425852e-05,2.9475059425852e-05,1.35016187310737e-05,0.000305138772282533,0.000305138772282533,NA,0.000312596448084406,0.000305138772282533,1.35016187310737e-05,0.000129233809496192,0.000103405567989753,0.000125097365992542,0.000288050234559256,0.000205140726335887,NA,0.000251379086533149,0.000205140726335887,0.000205140726335887,8.08205365507243e-05,0.000246493667058554,0.000129233809496192,1.35016187310737e-05,0.000117170088241013,0.000288050234559256,NA,0.000472110722465512,0.000419392406527712,2.9475059425852e-05,8.08205365507243e-05,NA,1.35016187310737e-05
"52",NA,NA,NA,-8.12740947603164e-05,-8.12740947603164e-05,NA,NA,NA,0.000767481255119023,0.000133031976014205,0.0016169481976097,NA,NA,0.000429157222849901,0.000421583035266372,NA,-4.29642057869351e-05,NA,NA,0.000631460615983877,-8.90974857763886e-05,0.00156389443066458,0.00109771018182563,-5.75932288857751e-05,NA,NA,NA,NA,NA,NA,NA,NA,NA,NA,NA,NA,NA,NA,0.000544563929099409,NA,NA,NA,-5.54386151071196e-05,NA,0.0016169481976097,0.00348255686848207,NA,NA,NA,NA,NA,0.0293139494165266,0.00167080644383465,NA,NA,0.000544563929099409,NA,NA,0.00132975092596487,0.00132975092596487,0.00154387343065635,NA,0.000320585896933675,0.00043826854817987,-5.06036545954742e-05,NA,NA,0.00388188985950805,NA,NA,0.000229187018245095,0.00220726081975212,NA,0.00168633214106549,NA,0.00154387343065635,NA,0.00351859036960712,NA,NA,NA,0.000276852726790386,0.000631460615983877,NA,NA,NA,NA,0.00032338963952194,NA,0.000994460637154832,0.000100194234966277,0.0024964730115414,0.000200025372940639,0.00126931067933747,0.000609931813893519,0.000571090966438378,NA,NA,NA,0.00220726081975212,NA,NA,0.00204846839792321,NA,NA,NA,NA,0.000631460615983877,NA,NA,NA,0.00351859036960712,0.000631460615983877,0.000631460615983877,NA,0.000320585896933675,NA,NA,0.000631460615983877,NA,0.00348255686848207,0.000631460615983877,0.000631460615983877,NA,-8.12740947603164e-05,NA,0.00132975092596487,NA,0.000624101078824716,0.000631460615983877,0.00204846839792321,NA,NA,0.000748377392874116,0.00348255686848207,0.00348255686848207,-8.12740947603164e-05,0.000624101078824716,0.000624101078824716,NA,0.00167080644383465,0.000624101078824716,-8.12740947603164e-05,0.00132975092596487,0.00201451356562279,0.000264018266244734,NA,NA,NA,NA,NA,NA,NA,NA,0.00132975092596487,-8.12740947603164e-05,0.000544563929099409,NA,0.00428780783942025,NA,NA,0.00348255686848207,NA,NA,-8.12740947603164e-05
"53",NA,9.15102109028412e-05,0.000334433915123259,0.000281590324596032,0.000281590324596032,NA,NA,0.000240231293846414,0.000800614081922981,0.000144076251615525,0.00121129080920293,0.000168677964896562,0.000389303463606085,0.000749723970681602,NA,0.0003060062772904,-3.19199301856159e-05,NA,NA,0.000653549167186516,-7.80532101750694e-05,0.00260042209195669,0.00113084300862959,-4.65489532844559e-05,0.000154732636547893,NA,3.50183395389982e-05,3.50183395389982e-05,NA,NA,NA,NA,NA,0.000588260160941088,0.000100275673959661,0.000100275673959661,NA,0.00034253115465293,0.000270252261944314,NA,1.06234639718683e-05,NA,-4.43943395058005e-05,0.000257423652113062,0.00121129080920293,0.00121838371338236,NA,5.98989980803154e-05,5.98989980803154e-05,0.000124903373322599,0.000312596448084406,0.00167080644383465,0.0275240414075359,0.000112876252797527,NA,0.000270252261944314,NA,NA,0.000613887919668903,0.000613887919668903,NA,NA,0.000120933573833825,NA,-0.000219252632288058,NA,0.000252926032292325,0.00167949756932469,NA,0.000351119428036757,0.000240231293846414,0.00065196978429271,0.000156963598011009,0.000236240519378827,0.000711234095714987,NA,NA,0.000889908084540772,0.0006120125545808,NA,0.000111238510567597,0.000287897002391705,0.000653549167186516,-6.78508313107135e-05,0.000319508215214231,0.000312596448084406,0.000490066765196656,NA,NA,0.00153314038427359,0.000418863812624057,0.0019149106603483,0.000211069648541959,0.00129139923054011,0.00112034891063113,0.000906544262372604,0.000156963598011009,3.50183395389982e-05,NA,0.00065196978429271,3.50183395389982e-05,0.000248566822961435,0.000326774583593258,0.000124903373322599,0.00020151570594449,NA,3.50183395389982e-05,0.000653549167186516,NA,0.000432627310867691,NA,0.000889908084540772,0.000653549167186516,0.000653549167186516,5.83183537436111e-07,0.000120933573833825,NA,6.80629183008334e-05,0.000653549167186516,0.000100275673959661,0.00121838371338236,0.000653549167186516,0.000653549167186516,NA,0.000281590324596032,0.000351119428036757,0.000613887919668903,NA,0.000224901419269245,0.000653549167186516,0.000326774583593258,0.0003060062772904,0.000166256314045265,0.000406127904460786,0.00121838371338236,0.00121838371338236,0.000281590324596032,0.000224901419269245,0.000224901419269245,NA,0.0275240414075359,0.000224901419269245,0.000281590324596032,0.000613887919668903,0.000536403195149585,0.000601478589157954,0.0006120125545808,0.000124903373322599,NA,0.000171141733519861,0.000124903373322599,0.000124903373322599,5.83183537436111e-07,0.000166256314045265,0.000613887919668903,0.000281590324596032,0.000270252261944314,0.0006120125545808,0.00149035384084922,0.000391873369452224,3.12654545061358e-05,0.00121838371338236,5.83183537436111e-07,NA,0.000281590324596032
"54",0.000624410168740893,0.000673656640472454,0.000626288937188198,-0.000315823886771926,-0.000315823886771926,NA,NA,0.000120748451572822,0.000179898128076874,0.00024557361017273,0.000170292928565419,4.919512262297e-05,0.000413250665832147,-0.000198685313408458,NA,0.000186523435016808,-0.000151402772459208,NA,NA,0.000109098345575234,-0.000125709607125792,0.000395925495667952,0.000101831977196207,-0.000166031795558048,0.000266886380037466,NA,2.74577860196772e-05,2.74577860196772e-05,NA,NA,NA,NA,NA,0.000468777318667496,0.000157972454861002,0.000157972454861002,NA,0.000223048312379338,0.000219248229082592,NA,0.000350109652748563,NA,0.000539694384230621,0.000472268411167804,0.000170292928565419,0.000104566622511345,NA,-5.95838441932762e-05,-5.95838441932762e-05,5.42053104900736e-06,0.000193113605810815,NA,0.000112876252797527,0.0536992745117168,NA,0.000219248229082592,NA,NA,-7.04863857906878e-05,-7.04863857906878e-05,NA,NA,-0.000118032110713358,NA,-0.000774009486474376,NA,0.000133443190018733,NA,NA,0.000231636585763165,0.000120748451572822,-0.000422484892112659,0.000271348302963699,NA,0.00013794080983947,NA,0.000223048312379338,-0.000425750909801708,0.00073188866803732,NA,-8.24433170599508e-06,0.000168414160118114,0.000109098345575234,-0.000187333673584305,0.000596437537370143,0.000193113605810815,0.000370583922923064,NA,0.000223048312379338,6.74154623059412e-05,0.000442165555102206,0.000522102854138101,9.15868062683669e-05,NA,9.83339445300548e-05,-0.000103326344828491,0.000579340817432444,2.74577860196772e-05,NA,-0.000422484892112659,2.74577860196772e-05,0.000129083980687843,0.000207291741319666,5.42053104900736e-06,8.20328636708981e-05,0.00118923649328851,2.74577860196772e-05,0.000109098345575234,NA,0.000313144468594099,NA,-0.000425750909801708,0.000109098345575234,0.000109098345575234,-4.14125259834471e-05,-0.000118032110713358,NA,9.35469435433475e-05,0.000109098345575234,0.000157972454861002,0.000104566622511345,0.000109098345575234,0.000109098345575234,NA,-0.000315823886771926,0.000231636585763165,-7.04863857906878e-05,NA,0.000105418576995653,0.000109098345575234,0.000207291741319666,0.000186523435016808,4.67734717716738e-05,NA,0.000104566622511345,0.000104566622511345,-0.000315823886771926,0.000105418576995653,0.000105418576995653,NA,0.000112876252797527,0.000105418576995653,-0.000315823886771926,-7.04863857906878e-05,0.00017795466832881,-7.46228292943373e-05,0.00073188866803732,5.42053104900736e-06,NA,5.16588912462692e-05,5.42053104900736e-06,5.42053104900736e-06,-4.14125259834471e-05,4.67734717716738e-05,-7.04863857906878e-05,-0.000315823886771926,0.000219248229082592,0.00073188866803732,NA,0.000272390527178632,0.000432677614885632,0.000104566622511345,-4.14125259834471e-05,NA,-0.000315823886771926
"55",NA,NA,NA,NA,NA,NA,NA,NA,NA,NA,NA,NA,NA,NA,NA,NA,NA,NA,NA,NA,NA,NA,NA,NA,NA,NA,NA,NA,NA,NA,NA,NA,NA,NA,NA,NA,NA,NA,NA,NA,0.00052296000600047,NA,NA,NA,NA,NA,NA,NA,NA,NA,NA,NA,NA,NA,0.00125542692695785,NA,NA,NA,NA,NA,NA,NA,NA,NA,NA,NA,NA,NA,NA,NA,NA,NA,NA,NA,NA,NA,NA,NA,NA,NA,NA,NA,NA,NA,NA,NA,NA,NA,NA,NA,NA,NA,NA,NA,NA,NA,NA,NA,NA,NA,NA,NA,NA,NA,NA,NA,NA,NA,NA,NA,NA,NA,NA,NA,NA,NA,NA,NA,NA,NA,NA,NA,NA,NA,NA,NA,NA,NA,NA,NA,NA,NA,NA,NA,NA,NA,NA,NA,NA,NA,NA,NA,NA,NA,NA,NA,NA,NA,NA,NA,NA,NA,NA,NA,NA,NA,NA,NA,NA,NA,NA,NA,NA,NA,NA
"56",NA,-0.000103916148940552,0.000474401902048595,-0.000409148991797547,-0.000409148991797547,NA,NA,0.000285996659494905,0.00044879576885227,0.000580146733043982,0.000429585369829359,-2.67483949468315e-05,0.000195209142618403,-0.000227407828535364,NA,0.000110579917447007,0.00015887973473292,NA,NA,0.00026269644749973,0.00116842923149394,0.000925350260383687,0.000544563929099409,7.11055961398798e-05,0.000114999344897864,NA,-0.000124429249119926,-0.000124429249119926,NA,NA,NA,NA,NA,0.000392833801097695,0.000952053359604579,0.000952053359604579,9.24706425483121e-05,0.000147104794809537,0.0806245977221505,NA,0.000215975542199325,NA,0.000250901094552414,0.000320381376028201,0.000429585369829359,0.000206325415980964,NA,-7.46679320372914e-05,-7.46679320372914e-05,0.000255329590657809,0.000117170088241013,0.000544563929099409,0.000270252261944314,0.000219248229082592,NA,0.0806245977221505,NA,NA,2.76088401387234e-05,2.76088401387234e-05,0.000174609542569978,NA,-0.000147064708728194,0.000704159719364455,-0.000755544881328638,0.000208773313191439,5.74996724489318e-05,0.000208773313191439,0.000139007555279866,0.000155693068193364,4.48049340030206e-05,-0.000600172487460324,0.000119461267824096,0.000278015110559731,6.19972922696685e-05,0.000174609542569978,0.000490596381107937,-0.000607521027260686,0.000504058115327915,NA,0.000214335002392801,9.24706425483121e-05,0.00026269644749973,-0.000322933023242129,0.00044455050223054,0.000117170088241013,0.000294640405353263,NA,0.000147104794809537,0.000179330680961143,0.00044879576885227,0.000727642091484642,1.56432886985655e-05,0.000352079859682228,2.23904269602533e-05,-0.000266013896687754,0.00129218090391267,-1.43255106929935e-05,NA,-0.000600172487460324,-0.000124429249119926,5.31404631180416e-05,0.000459083238988594,0.000255329590657809,6.0893461010966e-06,NA,-1.43255106929935e-05,0.00026269644749973,NA,0.000237200951024298,NA,-0.000607521027260686,0.00026269644749973,0.00026269644749973,0.00056574375585507,-0.000147064708728194,-0.000318908112522278,-5.83400915962554e-05,0.00026269644749973,0.000952053359604579,0.000206325415980964,0.00026269644749973,0.00026269644749973,NA,-0.000409148991797547,0.000155693068193364,2.76088401387234e-05,-0.000318908112522278,2.9475059425852e-05,0.00026269644749973,0.000459083238988594,0.000110579917447007,-2.91700457981277e-05,NA,0.000206325415980964,0.000206325415980964,-0.000409148991797547,2.9475059425852e-05,2.9475059425852e-05,NA,0.000270252261944314,2.9475059425852e-05,-0.000409148991797547,2.76088401387234e-05,9.65145864877418e-05,-0.000104745902239414,0.000504058115327915,0.000255329590657809,NA,0.000147817538841799,0.000255329590657809,0.000255329590657809,-0.00011763097869768,-2.91700457981277e-05,2.76088401387234e-05,-0.000409148991797547,0.0806245977221505,0.000504058115327915,0.000157937409248962,0.000196447009608831,0.00053799204288343,0.000206325415980964,-0.00011763097869768,NA,-0.000409148991797547
"57",NA,NA,NA,NA,NA,NA,NA,NA,NA,NA,NA,NA,NA,NA,NA,NA,NA,NA,NA,NA,0.0002778478556949,NA,NA,NA,NA,NA,NA,NA,NA,NA,NA,NA,NA,NA,NA,NA,NA,NA,NA,NA,NA,NA,NA,NA,NA,NA,NA,NA,NA,NA,NA,NA,NA,NA,NA,NA,0.00329938223065336,NA,NA,NA,NA,NA,NA,NA,8.40525351009682e-05,NA,NA,NA,NA,NA,NA,NA,NA,NA,NA,NA,NA,NA,NA,NA,NA,NA,NA,NA,NA,NA,NA,NA,NA,NA,NA,NA,NA,NA,NA,NA,NA,NA,NA,NA,NA,NA,NA,NA,NA,NA,NA,NA,NA,NA,NA,NA,NA,NA,NA,NA,NA,NA,NA,NA,NA,NA,NA,NA,NA,NA,NA,NA,NA,NA,NA,NA,NA,NA,NA,NA,NA,NA,NA,NA,NA,NA,NA,NA,NA,NA,NA,NA,NA,NA,NA,NA,NA,NA,NA,NA,NA,NA,NA,NA,NA,NA,NA,NA,NA
"58",NA,NA,NA,NA,NA,NA,NA,NA,NA,NA,NA,NA,0.000122310145400155,NA,NA,NA,NA,NA,NA,NA,NA,NA,NA,NA,NA,NA,NA,NA,NA,NA,NA,NA,NA,NA,NA,NA,NA,NA,NA,NA,NA,NA,NA,NA,NA,NA,NA,NA,NA,NA,NA,NA,NA,NA,NA,NA,NA,0.0115968864087181,NA,NA,NA,NA,0.000417283922376873,NA,NA,NA,NA,NA,NA,NA,NA,NA,NA,NA,NA,NA,0.00117779944933777,NA,NA,NA,NA,NA,NA,NA,NA,NA,NA,NA,NA,NA,NA,NA,NA,NA,NA,NA,NA,NA,NA,NA,NA,NA,NA,NA,NA,NA,NA,NA,NA,NA,NA,NA,NA,NA,NA,0.000417283922376873,NA,NA,NA,NA,NA,NA,NA,NA,NA,NA,NA,NA,NA,NA,NA,NA,NA,NA,NA,NA,NA,NA,NA,NA,NA,NA,NA,NA,NA,NA,NA,NA,NA,NA,NA,NA,NA,NA,NA,NA,NA,NA,NA,NA,NA,NA,NA,NA,NA
"59",NA,-9.18524276853731e-05,0.000498529344558953,-0.000393991900502433,-0.000393991900502433,NA,NA,5.68686552581993e-05,5.21385354476283e-05,-3.92863869726897e-05,0.000236118366891155,-1.46846736916527e-05,9.38516842590335e-05,-0.000261415848763284,0.000249264672279476,0.000122643638702185,6.35771776877974e-05,NA,NA,0.000286823890010087,-0.00031734899606966,0.000204286106724084,0.000580755092864945,-9.56793780640257e-06,-2.86300020403214e-05,NA,-0.000148344299049216,-0.000148344299049216,NA,NA,NA,NA,NA,0.000404897522352873,0.00021763765633453,0.00021763765633453,NA,0.000514723823618295,2.76088401387234e-05,NA,9.45904674900718e-05,NA,-0.000125480746420604,7.40610135248472e-05,0.000236118366891155,-0.00023547624630676,NA,9.65076286964943e-05,9.65076286964943e-05,-5.84592652656153e-05,0.000129233809496192,0.00132975092596487,0.000613887919668903,-7.04863857906878e-05,NA,2.76088401387234e-05,NA,NA,0.0756716002775465,0.0756716002775465,NA,NA,0.000196421990412571,NA,-0.00128504785699136,NA,6.95633937041105e-05,0.000638060860382099,NA,0.000531900370385949,0.000637504515994789,-0.000166418031232684,-2.6399040577205e-05,5.28778807906124e-05,0.000689081590794733,NA,NA,-0.000576993024164942,0.000245287277404371,NA,-7.21241280206178e-05,0.000405455519095846,0.000286823890010087,-0.000251213469898928,0.000136145576626017,0.000129233809496192,0.000306704126608441,0.000151071276535044,NA,0.00079968982992073,-7.21241280206178e-05,0.000394343261508856,0.000251800811396352,0.000924673953363677,3.44541482154321e-05,-0.000358845530086981,-2.6399040577205e-05,-0.000100301806609568,NA,-0.000166418031232684,-0.000148344299049216,6.52041843732204e-05,0.000897134385235322,-5.84592652656153e-05,1.81530673562754e-05,NA,-0.000100301806609568,0.000286823890010087,NA,0.000249264672279476,NA,-0.000576993024164942,0.000286823890010087,0.000286823890010087,-0.000182779455050778,0.000196421990412571,NA,-0.000115299720287381,0.000286823890010087,0.00021763765633453,-0.00023547624630676,0.000286823890010087,0.000286823890010087,NA,-0.000393991900502433,0.000531900370385949,0.0756716002775465,NA,4.15387806810308e-05,0.000286823890010087,0.000897134385235322,0.000441674068893235,-1.7106324542949e-05,-7.84920821022535e-05,-0.00023547624630676,-0.00023547624630676,-0.000393991900502433,4.15387806810308e-05,4.15387806810308e-05,NA,0.000613887919668903,4.15387806810308e-05,-0.000393991900502433,0.0756716002775465,0.000144769471508457,-8.06184597290562e-05,0.000245287277404371,-5.84592652656153e-05,NA,-1.22209050683535e-05,-5.84592652656153e-05,-5.84592652656153e-05,0.000226092746303058,-1.7106324542949e-05,0.0756716002775465,-0.000393991900502433,2.76088401387234e-05,0.000245287277404371,0.000445415640625874,0.000208510730864009,-0.000152097184082079,-0.00023547624630676,0.000226092746303058,NA,-0.000393991900502433
"60",NA,-9.18524276853731e-05,0.000498529344558953,-0.000393991900502433,-0.000393991900502433,NA,NA,5.68686552581993e-05,5.21385354476283e-05,-3.92863869726897e-05,0.000236118366891155,-1.46846736916527e-05,9.38516842590335e-05,-0.000261415848763284,0.000249264672279476,0.000122643638702185,6.35771776877974e-05,NA,NA,0.000286823890010087,-0.00031734899606966,0.000204286106724084,0.000580755092864945,-9.56793780640257e-06,-2.86300020403214e-05,NA,-0.000148344299049216,-0.000148344299049216,NA,NA,NA,NA,NA,0.000404897522352873,0.00021763765633453,0.00021763765633453,NA,0.000514723823618295,2.76088401387234e-05,NA,9.45904674900718e-05,NA,-0.000125480746420604,7.40610135248472e-05,0.000236118366891155,-0.00023547624630676,NA,9.65076286964943e-05,9.65076286964943e-05,-5.84592652656153e-05,0.000129233809496192,0.00132975092596487,0.000613887919668903,-7.04863857906878e-05,NA,2.76088401387234e-05,NA,NA,0.0756716002775465,0.0756716002775465,NA,NA,0.000196421990412571,NA,-0.00128504785699136,NA,6.95633937041105e-05,0.000638060860382099,NA,0.000531900370385949,0.000637504515994789,-0.000166418031232684,-2.6399040577205e-05,5.28778807906124e-05,0.000689081590794733,NA,NA,-0.000576993024164942,0.000245287277404371,NA,-7.21241280206178e-05,0.000405455519095846,0.000286823890010087,-0.000251213469898928,0.000136145576626017,0.000129233809496192,0.000306704126608441,0.000151071276535044,NA,0.00079968982992073,-7.21241280206178e-05,0.000394343261508856,0.000251800811396352,0.000924673953363677,3.44541482154321e-05,-0.000358845530086981,-2.6399040577205e-05,-0.000100301806609568,NA,-0.000166418031232684,-0.000148344299049216,6.52041843732204e-05,0.000897134385235322,-5.84592652656153e-05,1.81530673562754e-05,NA,-0.000100301806609568,0.000286823890010087,NA,0.000249264672279476,NA,-0.000576993024164942,0.000286823890010087,0.000286823890010087,-0.000182779455050778,0.000196421990412571,NA,-0.000115299720287381,0.000286823890010087,0.00021763765633453,-0.00023547624630676,0.000286823890010087,0.000286823890010087,NA,-0.000393991900502433,0.000531900370385949,0.0756716002775465,NA,4.15387806810308e-05,0.000286823890010087,0.000897134385235322,0.000441674068893235,-1.7106324542949e-05,-7.84920821022535e-05,-0.00023547624630676,-0.00023547624630676,-0.000393991900502433,4.15387806810308e-05,4.15387806810308e-05,NA,0.000613887919668903,4.15387806810308e-05,-0.000393991900502433,0.0756716002775465,0.000144769471508457,-8.06184597290562e-05,0.000245287277404371,-5.84592652656153e-05,NA,-1.22209050683535e-05,-5.84592652656153e-05,-5.84592652656153e-05,0.000226092746303058,-1.7106324542949e-05,0.0756716002775465,-0.000393991900502433,2.76088401387234e-05,0.000245287277404371,0.000445415640625874,0.000208510730864009,-0.000152097184082079,-0.00023547624630676,0.000226092746303058,NA,-0.000393991900502433
"61",NA,NA,NA,NA,NA,NA,NA,NA,NA,0.00075989290940442,NA,NA,NA,0.000315633985823232,NA,NA,NA,NA,NA,NA,5.96235971671838e-05,NA,NA,NA,NA,NA,0.000172695146881251,0.000172695146881251,NA,NA,NA,NA,NA,NA,NA,NA,NA,NA,0.000174609542569978,NA,0.000148300271314122,NA,0.000382951727161769,NA,NA,0.000727642091484642,NA,0.000197575805422569,0.000197575805422569,0.000262580180664852,NA,0.00154387343065635,NA,NA,NA,0.000174609542569978,NA,NA,NA,NA,0.0123419774569943,NA,NA,NA,0.000248860272248464,NA,NA,0.00209252799135145,NA,NA,NA,0.00033235345551664,NA,NA,NA,0.0123419774569943,NA,0.0012489682589663,NA,NA,NA,NA,NA,NA,NA,NA,NA,NA,NA,NA,NA,NA,NA,NA,NA,NA,NA,NA,NA,0.00033235345551664,0.000172695146881251,NA,NA,0.000262580180664852,NA,NA,NA,NA,NA,NA,NA,0.0012489682589663,NA,NA,NA,NA,NA,NA,NA,NA,0.000727642091484642,NA,NA,NA,NA,NA,NA,NA,0.000362578226611498,NA,NA,NA,0.000303933121387519,NA,0.000727642091484642,0.000727642091484642,NA,0.000362578226611498,0.000362578226611498,NA,NA,0.000362578226611498,NA,NA,0.000160845022318718,NA,NA,0.000262580180664852,NA,NA,0.000262580180664852,0.000262580180664852,0.000472906773248243,0.000303933121387519,NA,NA,0.000174609542569978,NA,0.00140853397841728,NA,NA,0.000727642091484642,0.000472906773248243,NA,NA
"62",NA,NA,NA,NA,NA,NA,NA,NA,NA,NA,NA,0.000967650178702128,NA,NA,NA,NA,NA,NA,NA,NA,NA,NA,NA,NA,NA,NA,NA,NA,NA,NA,NA,NA,NA,NA,NA,NA,NA,NA,NA,NA,NA,NA,NA,NA,NA,NA,NA,0.000276852726790386,0.000276852726790386,NA,NA,NA,NA,NA,NA,NA,NA,NA,NA,NA,NA,0.00768677391779644,0.000179227119882551,NA,-5.48948020589307e-05,NA,NA,NA,NA,NA,NA,0.000570184219620092,NA,NA,NA,NA,NA,NA,NA,NA,NA,NA,NA,NA,NA,NA,NA,NA,NA,NA,NA,NA,NA,NA,NA,0.000114218193287676,NA,NA,NA,0.000570184219620092,NA,NA,NA,NA,NA,NA,NA,NA,NA,NA,NA,NA,NA,NA,NA,0.000179227119882551,NA,NA,NA,NA,NA,NA,NA,NA,NA,NA,NA,NA,NA,NA,NA,NA,NA,NA,NA,NA,NA,NA,NA,NA,NA,NA,NA,NA,NA,NA,NA,NA,NA,NA,NA,NA,NA,NA,NA,NA,NA,NA,NA,NA,NA,NA,NA,NA,NA
"63",NA,0.000247112556577967,0.000325083213938106,-0.00107695202074272,-0.00107695202074272,0.000134113969136194,9.99501985147338e-05,0.000136677971384416,-0.000158847193331041,8.88701933708521e-05,0.00366598063825535,0.000632951326546569,0.00204315053618195,0.000360054723383687,0.000162541606969053,3.59205733917621e-05,-0.000289076329598547,NA,NA,0.000619529101756209,0.000360054723383687,8.85049800522864e-05,0.000590463628240101,-0.000286796610284886,0.000324134896552477,0.000198143594259166,-0.000238303542858727,-0.000238303542858727,NA,NA,NA,NA,NA,0.00031817445704245,0.000504097295273112,0.000504097295273112,0.000520332445699394,7.24454507542922e-05,-0.000147064708728194,NA,-0.000252301793751621,0.000245809302804457,-0.000363922785519655,0.000171062687917712,0.00366598063825535,5.34340256974791e-05,NA,0.000261837239997041,0.000261837239997041,3.13515584920752e-05,4.25107441857687e-05,0.000320585896933675,0.000120933573833825,-0.000118032110713358,NA,-0.000147064708728194,NA,0.000417283922376873,0.000196421990412571,0.000196421990412571,NA,0.000179227119882551,0.117978019471846,0.000179227119882551,-0.00237455070424278,NA,0.000162067448276238,0.000134113969136194,6.4348211224621e-05,0.000358454239765102,0.000136677971384416,-0.00116027774811302,0.000574379492118807,0.000128696422449242,0.000171062687917712,NA,0.00107532896897262,-0.000580851695281666,7.18411467835242e-05,NA,0.000150158392631291,0.000232009388474999,0.000619529101756209,-0.000337936535209351,4.94225113155934e-05,4.25107441857687e-05,0.000219981061298018,6.4348211224621e-05,NA,-8.31873993191049e-05,-0.000121307595173218,1.22551696995725e-05,7.83546807755057e-05,NA,-5.22689170949913e-05,-0.00024961917310526,-0.000113122105887628,-0.000154722291483102,NA,-0.00116027774811302,-0.000238303542858727,0.000402341907408582,0.000636965189304052,3.13515584920752e-05,5.9246795580568e-05,NA,-0.000154722291483102,0.000619529101756209,NA,0.000162541606969053,NA,-0.000580851695281666,0.000619529101756209,0.000619529101756209,-9.4057647260235e-05,0.117978019471846,NA,-0.000207658779706745,0.000619529101756209,0.000504097295273112,5.34340256974791e-05,0.000619529101756209,0.000619529101756209,NA,-0.00107695202074272,0.000358454239765102,0.000196421990412571,NA,0.000331345696332014,0.000619529101756209,0.000636965189304052,0.000268227938272388,-1.12719882178806e-05,-0.00013404350333649,5.34340256974791e-05,5.34340256974791e-05,-0.00107695202074272,0.000331345696332014,0.000331345696332014,0.000245809302804457,0.000120933573833825,0.000331345696332014,-0.00107695202074272,0.000196421990412571,0.000201223567541558,0.0005548359705113,7.18411467835242e-05,3.13515584920752e-05,NA,0.000170066639083861,3.13515584920752e-05,3.13515584920752e-05,-0.000207522580249059,-1.12719882178806e-05,0.000196421990412571,-0.00107695202074272,-0.000147064708728194,7.18411467835242e-05,0.000410011025254673,0.000121787665553586,0.000446079502726352,5.34340256974791e-05,-0.000207522580249059,NA,-0.00107695202074272
"64",NA,NA,NA,NA,NA,NA,NA,NA,NA,NA,0.00032338963952194,NA,NA,NA,NA,NA,0.000185033798524455,NA,NA,NA,NA,0.000312778886132916,0.00043826854817987,0.000170404775425615,NA,NA,NA,NA,NA,NA,NA,NA,NA,NA,NA,NA,NA,NA,0.000704159719364455,NA,NA,NA,NA,NA,0.00032338963952194,0.000166191435122634,NA,NA,NA,NA,NA,0.00043826854817987,NA,NA,NA,0.000704159719364455,NA,NA,NA,NA,NA,NA,0.000179227119882551,0.00768677391779644,-5.48948020589307e-05,NA,NA,NA,NA,NA,NA,3.44285564666336e-05,NA,0.00110277528766666,NA,NA,NA,3.36120520443713e-05,NA,NA,NA,NA,NA,NA,NA,NA,NA,NA,NA,0.000403852033289603,NA,NA,NA,NA,NA,0.000114218193287676,NA,NA,NA,3.44285564666336e-05,NA,NA,0.000543728312303329,NA,NA,NA,NA,NA,NA,NA,NA,3.36120520443713e-05,NA,NA,NA,0.000179227119882551,NA,NA,NA,NA,0.000166191435122634,NA,NA,NA,NA,NA,NA,NA,NA,NA,0.000543728312303329,NA,NA,NA,0.000166191435122634,0.000166191435122634,NA,NA,NA,NA,NA,NA,NA,NA,NA,0.000261813741689325,NA,NA,NA,NA,NA,NA,NA,NA,NA,NA,0.000704159719364455,NA,0.000393155397433513,NA,NA,0.000166191435122634,NA,NA,NA
"65",0.000239685385174365,-0.000959235914564179,-0.000143160629944858,-0.00598296344045471,-0.00598296344045471,-3.62911412171161e-06,-0.000134171723426748,-0.000325030445760926,-0.00073533073613156,4.19557768142198e-05,-0.000212112909651957,-0.000419061636608136,-0.00218808357194887,-0.00313842616357177,NA,-0.00019820134854972,-0.00229366356876812,0.000219761553214815,0.000219761553214815,-0.000238142168399519,-0.00261689604265743,-0.000585308447690612,-0.000346024059525826,-0.00254335469820029,-0.000607384924904184,NA,-0.000795747190791902,-0.000795747190791902,NA,NA,NA,NA,NA,8.40525351009682e-05,-0.000874814117177304,-0.000874814117177304,NA,-0.00016167647118719,-0.000755544881328638,NA,-0.000602942410635766,1.16873808629755e-05,-0.00157290868622471,-0.000201588728952776,-0.000212112909651957,-0.00219437007895011,NA,-0.000991687345083761,-0.000991687345083761,-0.000612346971336538,0.000181934132778383,-5.06036545954742e-05,-0.000219252632288058,-0.000774009486474376,NA,-0.000755544881328638,8.40525351009682e-05,NA,-0.00128504785699136,-0.00128504785699136,0.000248860272248464,-5.48948020589307e-05,-0.00237455070424278,-5.48948020589307e-05,0.311591000726675,NA,-0.000251281593547795,0.000385515354734305,NA,0.000173194374742005,-0.00017989163841158,-0.00644689103212435,-0.000501062204807002,-0.000286321259889715,-0.000201588728952776,0.000248860272248464,-0.000126966150885515,-0.00633905303864764,-0.000145117220062293,NA,-0.000667777152167012,-0.000236234455407965,-0.000238142168399519,-0.00150268666264788,-8.71996816574744e-05,-0.000191611177755713,-1.41408606434638e-05,-0.000169773710716861,-0.00016167647118719,-0.000483690119086891,-0.000667777152167012,3.06562603474022e-05,-0.000412515381674292,4.32985936855013e-05,-0.000360016190190437,-0.00371924140584545,-0.000501062204807002,-0.00137579708018062,4.32985936855013e-05,-0.00644689103212435,-0.000795747190791902,-0.000138213992836475,7.58149969680092e-05,-0.000612346971336538,-0.000441177209466698,NA,-0.00137579708018062,-0.000238142168399519,0.000219761553214815,5.32261615440063e-05,0.000141491989429933,-0.00633905303864764,-0.000238142168399519,-0.000238142168399519,-0.00144622958872917,-0.00237455070424278,-0.000566428718002297,-0.00112336696277823,-0.000238142168399519,-0.000874814117177304,-0.00219437007895011,-0.000238142168399519,-0.000238142168399519,NA,-0.00598296344045471,0.000173194374742005,-0.00128504785699136,-0.000566428718002297,-0.000256541011297423,-0.000238142168399519,7.58149969680092e-05,-0.00019820134854972,0.000168819957208882,-0.000856695325213844,-0.00219437007895011,-0.00219437007895011,-0.00598296344045471,-0.000256541011297423,-0.000256541011297423,1.16873808629755e-05,-0.000219252632288058,-0.000256541011297423,-0.00598296344045471,-0.00128504785699136,-0.000847676535376112,-0.00105184328548801,-0.000145117220062293,-0.000612346971336538,8.40525351009682e-05,-0.000401815256245042,-0.000612346971336538,-0.000612346971336538,-0.00164361428274767,0.000168819957208882,-0.00128504785699136,-0.00598296344045471,-0.000755544881328638,-0.000145117220062293,-0.000366395709819974,0.000129895781056504,-0.00114269535796964,-0.00219437007895011,-0.00164361428274767,NA,-0.00598296344045471
"66",NA,NA,NA,NA,NA,NA,NA,NA,NA,NA,NA,NA,NA,NA,NA,NA,NA,NA,NA,NA,NA,NA,NA,NA,NA,NA,NA,NA,NA,NA,NA,NA,NA,NA,0.00187401217364895,0.00187401217364895,NA,NA,0.000208773313191439,NA,NA,NA,NA,NA,NA,NA,NA,NA,NA,NA,NA,NA,NA,NA,NA,0.000208773313191439,NA,NA,NA,NA,NA,NA,NA,NA,NA,0.0100730694787602,NA,NA,NA,NA,NA,NA,NA,NA,NA,NA,NA,NA,NA,NA,NA,NA,NA,NA,NA,NA,NA,NA,NA,NA,NA,NA,NA,NA,NA,NA,NA,NA,NA,NA,NA,NA,NA,NA,NA,NA,NA,NA,NA,NA,NA,NA,NA,NA,NA,NA,NA,NA,NA,0.00187401217364895,NA,NA,NA,NA,NA,NA,NA,NA,NA,NA,NA,NA,NA,NA,NA,NA,NA,NA,NA,NA,NA,NA,NA,NA,NA,NA,NA,NA,NA,NA,NA,NA,NA,NA,NA,NA,0.000208773313191439,NA,NA,NA,NA,NA,NA,NA,NA
"67",NA,0.00042054108773696,0.000355000852344465,1.35595437072611e-05,1.35595437072611e-05,NA,NA,0.00026079823106762,0.000862314893586601,0.000164643188836731,0.000127002848033076,0.000189244902117768,-5.29809165016206e-06,8.14142455811384e-05,NA,0.000326573214511606,-1.13529929644093e-05,NA,NA,0.000249148125070033,-5.74862729538628e-05,0.000116392094644052,0.000241881756691006,-2.59820160632493e-05,0.0001752995737691,NA,5.55852767602049e-05,5.55852767602049e-05,NA,NA,NA,NA,NA,0.000608827098162294,0.000120842611180867,0.000120842611180867,0.000308463939612912,0.000363098091874137,5.74996724489318e-05,NA,3.1190401193075e-05,NA,0.000148731986919676,0.000277990589334268,0.000127002848033076,0.000135996078756405,NA,8.04659353015221e-05,8.04659353015221e-05,0.000145470310543806,0.000333163385305613,NA,0.000252926032292325,0.000133443190018733,NA,5.74996724489318e-05,NA,NA,6.95633937041105e-05,6.95633937041105e-05,NA,NA,0.000162067448276238,NA,-0.000251281593547795,NA,0.0244627183435421,NA,NA,0.000371686365257964,0.00026079823106762,0.000137714225866534,0.000177530535232216,0.000710001704688931,0.0007523679701574,NA,NA,0.00079022281388532,0.000228379818767174,NA,0.00045999768706647,0.000308463939612912,0.000249148125070033,-4.72838940895069e-05,0.000340075152435438,0.000333163385305613,0.000510633702417862,NA,NA,0.000207465241800739,0.000131805447788803,0.000302907810819417,0.000231636585763165,NA,0.000238383724024853,0.000729147030551007,0.000551447861953296,5.55852767602049e-05,NA,0.000137714225866534,5.55852767602049e-05,0.000269133760182641,0.000347341520814465,0.000145470310543806,0.000222082643165696,NA,5.55852767602049e-05,0.000249148125070033,NA,0.000453194248088897,NA,0.00079022281388532,0.000249148125070033,0.000249148125070033,2.11501207586428e-05,0.000162067448276238,NA,8.86298555220401e-05,0.000249148125070033,0.000120842611180867,0.000135996078756405,0.000249148125070033,0.000249148125070033,NA,1.35595437072611e-05,0.000371686365257964,6.95633937041105e-05,NA,0.000687323504469767,0.000249148125070033,0.000347341520814465,0.000326573214511606,0.000186823251266472,NA,0.000135996078756405,0.000135996078756405,1.35595437072611e-05,0.000687323504469767,0.000687323504469767,NA,0.000252926032292325,0.000687323504469767,1.35595437072611e-05,6.95633937041105e-05,0.000960487774746141,6.5426950200461e-05,0.000228379818767174,0.000145470310543806,NA,0.000191708670741067,0.000145470310543806,0.000145470310543806,0.00053034891249612,0.000186823251266472,6.95633937041105e-05,1.35595437072611e-05,5.74996724489318e-05,0.000228379818767174,NA,0.00041244030667343,5.18323917273424e-05,0.000135996078756405,0.00053034891249612,NA,1.35595437072611e-05
"68",NA,NA,NA,0.000786189720241577,0.000786189720241577,NA,NA,NA,NA,0.00082822045064734,0.000752939769040029,NA,NA,0.000748260653586123,NA,NA,0.000476228087045059,NA,NA,NA,9.37873677886441e-05,0.00126989575637987,0.000393155397433513,0.000446970040847379,NA,NA,NA,NA,NA,NA,NA,NA,NA,NA,NA,NA,NA,NA,0.000208773313191439,NA,NA,NA,NA,NA,0.000752939769040029,0.00224942718116464,NA,NA,NA,NA,NA,0.00388188985950805,0.00167949756932469,NA,NA,0.000208773313191439,NA,NA,0.000638060860382099,0.000638060860382099,0.00209252799135145,NA,0.000134113969136194,NA,0.000385515354734305,NA,NA,0.0100730694787602,NA,NA,NA,0.0018548538300387,NA,0.00101254898617394,NA,0.00209252799135145,0.000514371732616643,0.00269788141300327,NA,NA,0.00028307908853131,0.0011158619521997,NA,NA,NA,NA,NA,0.00120893577766281,NA,0.000913864556575357,0.00028307908853131,0.00110474969461271,NA,0.000719346797489334,0.000975701521023584,6.91050425413186e-05,NA,NA,NA,0.0018548538300387,NA,NA,0.000498615161556971,NA,NA,NA,NA,NA,NA,NA,NA,0.00269788141300327,NA,NA,0.00017242376150115,0.000134113969136194,NA,NA,NA,NA,0.00224942718116464,NA,NA,NA,0.000786189720241577,NA,0.000638060860382099,NA,0.000989870785954781,NA,0.000498615161556971,NA,NA,0.00189239170375415,0.00224942718116464,0.00224942718116464,0.000786189720241577,0.000989870785954781,0.000989870785954781,NA,0.00167949756932469,0.000989870785954781,0.000786189720241577,0.000638060860382099,0.00058640437736922,NA,NA,NA,NA,NA,NA,NA,NA,NA,0.000638060860382099,0.000786189720241577,0.000208773313191439,NA,0.00436594171680686,NA,0.000203106032469849,0.00224942718116464,NA,NA,0.000786189720241577
"69",NA,NA,NA,-6.96051193400429e-05,-6.96051193400429e-05,NA,NA,0.000342306113898554,0.000213313330619737,NA,0.000613408253216883,0.0012791569050663,0.000348806373850407,0.00088163360546374,NA,NA,NA,NA,NA,NA,NA,0.000197899977474986,NA,NA,NA,NA,NA,NA,NA,NA,NA,NA,NA,NA,NA,NA,0.000976330436376555,NA,0.000139007555279866,NA,NA,NA,0.000311747752581544,NA,0.000613408253216883,0.000299011844418273,NA,0.00194985911221923,0.00194985911221923,NA,0.000414671268136547,NA,NA,NA,NA,0.000139007555279866,NA,NA,NA,NA,NA,NA,6.4348211224621e-05,NA,NA,NA,NA,NA,0.0152274209591993,NA,NA,-8.04503521912965e-05,0.00182170083820805,NA,NA,NA,NA,-8.12668566135589e-05,NA,NA,0.000623013452728338,NA,NA,NA,NA,NA,NA,NA,NA,NA,NA,NA,0.000822675728677062,NA,0.00142657337078755,-6.6071537025447e-07,NA,NA,NA,-8.04503521912965e-05,NA,NA,NA,NA,NA,NA,NA,NA,NA,NA,NA,-8.12668566135589e-05,NA,NA,0.000102658003589577,6.4348211224621e-05,NA,NA,NA,NA,0.000299011844418273,NA,NA,NA,-6.96051193400429e-05,NA,NA,NA,NA,NA,NA,NA,NA,NA,0.000299011844418273,0.000299011844418273,-6.96051193400429e-05,NA,NA,NA,NA,NA,-6.96051193400429e-05,NA,0.000125243035028605,NA,NA,NA,NA,NA,NA,NA,NA,NA,NA,-6.96051193400429e-05,0.000139007555279866,NA,NA,NA,0.000133340274558276,0.000299011844418273,NA,NA,-6.96051193400429e-05
"70",NA,0.00021027054386848,0.000453194248088897,0.000308139730940557,0.000308139730940557,NA,NA,0.000358991626812052,0.000229998843533235,0.000262836584581163,0.000225196243777508,0.00132921344380679,9.28953040942699e-05,4.07071227905692e-05,NA,0.000424766610256038,8.68404027800227e-05,NA,NA,0.000891069833117793,4.07071227905692e-05,0.000214585490388484,0.000340075152435438,7.22113796811827e-05,0.000743372730515927,NA,0.000153778672504637,0.000153778672504637,NA,NA,NA,NA,NA,0.000707020493906726,0.000219036006925299,0.000219036006925299,NA,0.000461291487618568,0.000155693068193364,NA,0.000129383796937507,NA,7.43659934598382e-05,0.0003761839850787,0.000225196243777508,0.000332382870245269,NA,0.000178659331045954,0.000178659331045954,0.000683714204065339,0.000431356781050045,NA,0.000351119428036757,0.000231636585763165,NA,0.000155693068193364,NA,NA,0.000531900370385949,0.000531900370385949,NA,NA,0.000358454239765102,NA,0.000173194374742005,NA,0.000371686365257964,NA,NA,0.013802453503682,0.013412935992586,-6.37648392777984e-05,0.000275723930976648,NA,0.0003761839850787,NA,NA,6.72241040887425e-05,0.000326573214511606,NA,0.000229998843533235,0.000406657335357344,0.000891069833117793,5.09095016549251e-05,0.00043826854817987,0.000431356781050045,0.000608827098162294,NA,NA,0.000305658637545171,0.000229998843533235,0.000401101206563849,0.000329829981507597,NA,0.000336577119769285,1.60247975432437e-05,0.000275723930976648,0.000153778672504637,NA,-6.37648392777984e-05,0.000153778672504637,0.000367327155927073,0.000445534916558897,0.000683714204065339,0.000320276038910128,NA,0.000153778672504637,0.000891069833117793,NA,0.000551387643833329,NA,6.72241040887425e-05,0.000891069833117793,0.000891069833117793,0.000119343516503075,0.000358454239765102,NA,0.000186823251266472,0.000891069833117793,0.000219036006925299,0.000332382870245269,0.000891069833117793,0.000891069833117793,NA,0.000308139730940557,0.013802453503682,0.000531900370385949,NA,0.000343661752234884,0.000891069833117793,0.000445534916558897,0.000424766610256038,0.000285016647010904,NA,0.000332382870245269,0.000332382870245269,0.000308139730940557,0.000343661752234884,0.000343661752234884,NA,0.000351119428036757,0.000343661752234884,0.000308139730940557,0.000531900370385949,0.000141928547942103,0.00052362748337865,0.000326573214511606,0.000683714204065339,NA,0.000776190924459863,0.000683714204065339,0.000683714204065339,0.000119343516503075,0.000285016647010904,0.000531900370385949,0.000308139730940557,0.000155693068193364,0.000326573214511606,NA,0.000510633702417862,0.000150025787471774,0.000332382870245269,0.000119343516503075,NA,0.000308139730940557
"71",NA,9.93824096781367e-05,0.000342306113898554,-2.45246716304725e-05,-2.45246716304725e-05,NA,NA,0.000248103492621709,0.000119110709342892,0.00015194845039082,0.000114308109587164,0.000996549041235762,-1.79928300960733e-05,-7.0181011399774e-05,NA,0.000313878476065695,-2.40477314103205e-05,NA,NA,0.000669293564737107,-7.0181011399774e-05,0.000103697356198141,0.000229187018245095,-3.86767545091605e-05,0.000521596462135241,NA,0.000282167868117451,0.000282167868117451,NA,NA,NA,NA,NA,0.000596132359716383,0.000108147872734956,0.000108147872734956,NA,0.000350403353428225,4.48049340030206e-05,NA,1.84956627471638e-05,NA,-3.6522140730505e-05,0.000265295850888357,0.000114308109587164,0.000110606601864583,NA,6.77711968556109e-05,6.77711968556109e-05,0.000461937935684653,0.000320468646859702,0.000229187018245095,0.000240231293846414,0.000120748451572822,NA,4.48049340030206e-05,NA,NA,0.000637504515994789,0.000637504515994789,NA,NA,0.000136677971384416,NA,-0.00017989163841158,NA,0.00026079823106762,NA,NA,0.0120282433566365,0.0263117823426423,-0.000174652973468142,0.000526058385061474,NA,0.000265295850888357,NA,NA,8.36692543938402e-05,0.00062775695213139,NA,0.000119110709342892,0.000295769201167001,0.000669293564737107,-5.9978632535418e-05,0.000327380413989526,0.000837324085208268,0.000497938963971951,NA,NA,0.000194770503354828,0.000119110709342892,0.000290213072373506,0.000218941847317254,NA,0.000225688985578942,-9.48633366470995e-05,0.000164835796786305,4.28905383142937e-05,NA,-0.000174652973468142,0.000282167868117451,0.00025643902173673,0.000334646782368553,0.000461937935684653,0.000209387904719785,NA,4.28905383142937e-05,0.000669293564737107,NA,0.000440499509642986,NA,8.36692543938402e-05,0.000669293564737107,0.000669293564737107,8.45538231273159e-06,0.000136677971384416,NA,7.59351170761289e-05,0.000669293564737107,0.000108147872734956,0.000110606601864583,0.000669293564737107,0.000669293564737107,NA,-2.45246716304725e-05,0.0120282433566365,0.000637504515994789,NA,0.000232773618044541,0.000669293564737107,0.000334646782368553,0.000313878476065695,0.000544643817129986,NA,0.000110606601864583,0.000110606601864583,-2.45246716304725e-05,0.000232773618044541,0.000232773618044541,NA,0.000240231293846414,0.000232773618044541,-2.45246716304725e-05,0.000637504515994789,3.10404137517601e-05,0.000301851214997963,0.00062775695213139,0.000461937935684653,NA,0.000554414656079177,0.000461937935684653,0.000461937935684653,8.45538231273159e-06,0.000544643817129986,0.000637504515994789,-2.45246716304725e-05,4.48049340030206e-05,0.00062775695213139,NA,0.000399745568227519,3.91376532814312e-05,0.000110606601864583,8.45538231273159e-06,NA,-2.45246716304725e-05
"72",NA,-0.00041728686356331,0.00592215738659873,-0.00297789937347875,-0.00297789937347875,-1.06845942797235e-05,NA,-0.000174652973468142,0.0102271123997486,0.000553833843567912,0.000915722529377978,-0.00027172035703379,-0.00100607720868306,-0.00112133206777342,NA,-0.000108877990024155,-0.001217792082135,0.00010101073938854,0.00010101073938854,0.000625524433736664,-0.00112133206777342,0.00342342246827674,0.000361540787838437,-0.00135150768406995,-0.000160768132276363,5.33450308432482e-05,-0.00067269923310648,-0.00067269923310648,0.000461630695910995,NA,NA,NA,NA,0.000173375893626532,-0.000433052945217524,-0.000433052945217524,0.000505053696942699,-7.23531126616254e-05,-0.000600172487460324,NA,-0.000881313995156486,NA,-0.000697876220402039,-0.000118534438914123,0.000915722529377978,0.001512213506412,NA,0.000264205751136229,0.000264205751136229,-0.000403044131755678,-0.000102287819230149,0.00220726081975212,0.00065196978429271,-0.000422484892112659,NA,-0.000600172487460324,NA,NA,-0.000166418031232684,-0.000166418031232684,0.00033235345551664,0.000570184219620092,-0.00116027774811302,3.44285564666336e-05,-0.00644689103212435,NA,0.000137714225866534,0.0018548538300387,-8.04503521912965e-05,-6.37648392777984e-05,-0.000174652973468142,0.227674050640351,-0.000319454547118228,7.09721742125418e-05,-0.000118534438914123,0.00033235345551664,-7.23531126616254e-05,0.00502689799279892,0.000104633092714012,NA,-0.000298917065574778,-5.7587738356836e-05,0.000625524433736664,-0.000769083405761674,5.63468728821559e-06,-0.000102287819230149,7.51824978821005e-05,-8.04503521912965e-05,-7.23531126616254e-05,0.00461781696175938,6.85794905985188e-05,0.00129629434813561,0.00122376781283225,0.000132621952211066,-0.000124303891312535,0.0332482133681429,-0.000306863457690446,-0.000756238091746368,NA,0.227674050640351,-0.00067269923310648,-0.000136248097217377,0.000202569499056299,-0.000403044131755678,-0.000213368561370065,NA,-0.000756238091746368,0.000625524433736664,0.00010101073938854,1.77430435531355e-05,NA,0.00502689799279892,0.000625524433736664,0.000625524433736664,-0.000566215652464081,-0.00116027774811302,-0.000477105359476733,-0.00059411672351166,0.000625524433736664,-0.000433052945217524,0.001512213506412,0.000625524433736664,0.000625524433736664,NA,-0.00297789937347875,-6.37648392777984e-05,-0.000166418031232684,-0.000477105359476733,0.00257423964778125,0.000625524433736664,0.000202569499056299,0.00723819236139845,-0.000300869115049716,-0.000454507677358922,0.001512213506412,0.001512213506412,-0.00297789937347875,0.00257423964778125,0.00257423964778125,NA,0.00065196978429271,0.00257423964778125,-0.00297789937347875,-0.000166418031232684,0.00341913447859366,0.00170567206477603,0.000104633092714012,-0.000403044131755678,NA,-0.000291098276100525,-0.000403044131755678,-0.000403044131755678,-0.000970461596443064,-0.000300869115049716,-0.000166418031232684,-0.00297789937347875,-0.000600172487460324,0.000104633092714012,0.000653247914001128,-2.30108978623314e-05,-0.000263380924775499,0.001512213506412,-0.000970461596443064,NA,-0.00297789937347875
"73",NA,0.000228616219174329,0.000714463627615164,-9.53871607045121e-05,-9.53871607045121e-05,NA,NA,0.000164835796786305,3.58430135074877e-05,0.000333748300599696,0.000909708820962496,0.000382951727161769,0.000163116972425758,0.000171752337014743,NA,0.000230610780230291,-0.000107315427245725,NA,NA,0.000153185690788717,-0.000110510622981493,0.0005281875313084,0.00014591932240969,-0.000121944450344565,0.00110289572390659,NA,0.000115632476446643,0.000115632476446643,NA,NA,NA,NA,NA,0.000512864663880979,0.000246147145287967,0.000246147145287967,0.000212501505331596,0.000267135657592821,0.000119461267824096,NA,0.00027258245095547,NA,0.000541040838727402,0.00151365978616727,0.000909708820962496,8.84251782775561e-05,NA,0.00106250752665798,0.00106250752665798,4.95078762624902e-05,0.000670788693537459,NA,0.000156963598011009,0.000271348302963699,NA,0.000119461267824096,NA,NA,-2.6399040577205e-05,-2.6399040577205e-05,NA,NA,0.000574379492118807,NA,-0.000501062204807002,NA,0.000177530535232216,NA,0.00182170083820805,0.000275723930976648,0.000526058385061474,-0.000319454547118228,0.0421153433791257,NA,0.000182028155052953,NA,0.000267135657592821,-0.000153695847072092,0.000864150703677768,NA,0.000268072818503839,0.000212501505331596,0.000153185690788717,-0.000143246328370822,0.000244112718154122,0.000237200951024298,0.000414671268136547,NA,NA,0.000111502807519424,3.58430135074877e-05,0.000206945376538101,0.00013567415148185,NA,0.00135523232492961,0.00024933485914443,8.15681009509005e-05,-4.03771575211106e-05,NA,-0.000319454547118228,0.000115632476446643,0.000173171325901326,0.000251379086533149,4.95078762624902e-05,0.000126120208884381,NA,-4.03771575211106e-05,0.000153185690788717,NA,0.000357231813807582,NA,-0.000153695847072092,0.000153185690788717,0.000153185690788717,0.000242461609652173,0.000574379492118807,NA,-7.33257875927543e-06,0.000153185690788717,0.000246147145287967,8.84251782775561e-05,0.000153185690788717,0.000153185690788717,NA,-9.53871607045121e-05,0.000275723930976648,-2.6399040577205e-05,NA,0.000495398635907136,0.000153185690788717,0.000251379086533149,0.000230610780230291,9.08608169851565e-05,2.9475059425852e-05,8.84251782775561e-05,8.84251782775561e-05,-9.53871607045121e-05,0.000495398635907136,0.000495398635907136,NA,0.000156963598011009,0.000495398635907136,-9.53871607045121e-05,-2.6399040577205e-05,-5.22272820836442e-05,0.000375292097977627,0.000864150703677768,4.95078762624902e-05,NA,9.5746236459752e-05,4.95078762624902e-05,4.95078762624902e-05,4.67621644435185e-05,9.08608169851565e-05,-2.6399040577205e-05,-9.53871607045121e-05,0.000119461267824096,0.000864150703677768,NA,0.000316477872392115,0.000609026995739563,8.84251782775561e-05,4.67621644435185e-05,NA,-9.53871607045121e-05
"74",NA,NA,NA,0.000114353105617556,0.000114353105617556,NA,NA,NA,0.000812258354846106,0.00091077157798989,0.000797850555578923,NA,NA,-7.41717858673609e-05,0.000436508735175399,NA,0.000140309779733049,0.000519776431010803,0.000519776431010803,0.00116428638668979,-7.41717858673609e-05,0.00118437349287767,0.000225196243777508,0.000111051733535369,0.000158614060855601,NA,NA,NA,NA,NA,NA,NA,NA,NA,0.000104157098267369,0.000104157098267369,0.000291778426699414,NA,0.000278015110559731,NA,NA,NA,NA,NA,0.000797850555578923,0.00124167225922861,NA,6.37804223880239e-05,6.37804223880239e-05,NA,NA,0.00168633214106549,0.000236240519378827,NA,NA,0.000278015110559731,NA,NA,5.28778807906124e-05,5.28778807906124e-05,NA,NA,0.000128696422449242,0.00110277528766666,-0.000286321259889715,NA,0.000710001704688931,0.00101254898617394,NA,NA,NA,7.09721742125418e-05,NA,0.026919879671599,NA,NA,NA,0.00207071267045124,NA,NA,NA,0.000291778426699414,0.00116428638668979,NA,NA,NA,NA,0.000338315339430967,NA,0.000190779728887241,NA,0.00193043635757913,NA,NA,0.000221698211111355,0.00039013072149671,0.000160845022318718,NA,NA,7.09721742125418e-05,NA,NA,0.000857698807290797,NA,NA,NA,NA,0.00116428638668979,0.000519776431010803,NA,NA,0.00207071267045124,0.00116428638668979,0.00116428638668979,NA,0.000128696422449242,NA,7.19443426085419e-05,0.00116428638668979,0.000104157098267369,0.00124167225922861,0.00116428638668979,0.00116428638668979,NA,0.000114353105617556,NA,5.28778807906124e-05,NA,NA,0.00116428638668979,0.000857698807290797,NA,NA,0.000413890753076203,0.00124167225922861,0.00124167225922861,0.000114353105617556,NA,NA,NA,0.000236240519378827,NA,0.000114353105617556,5.28778807906124e-05,0.00257303861213975,0.00227083605100551,NA,NA,NA,NA,NA,NA,NA,NA,5.28778807906124e-05,0.000114353105617556,0.000278015110559731,NA,0.0020404054867127,NA,NA,0.00124167225922861,NA,NA,0.000114353105617556
"75",NA,0.000429536327378433,0.000359498472165202,2.70524031694711e-05,2.70524031694711e-05,NA,NA,0.000265295850888357,0.00013630306760954,0.000169140808657468,0.000131500467853812,0.000193742521938505,-8.00471829425369e-07,-5.29886531331261e-05,NA,0.000331070834332343,0.000182676045201519,NA,NA,0.000253645744890769,-5.29886531331261e-05,0.000829567693614557,0.000246379376511742,0.000153417999003839,0.000179797193589836,NA,6.00828965809416e-05,6.00828965809416e-05,NA,NA,NA,NA,NA,0.000613324717983031,0.000125340231001604,0.000125340231001604,NA,0.000367595711694873,6.19972922696685e-05,NA,0.000573962613261626,NA,-1.93297824638571e-05,0.000282488209155005,0.000131500467853812,-2.56977365454928e-05,NA,8.49635551222588e-05,8.49635551222588e-05,0.000149967930364542,0.00033766100512635,NA,0.000711234095714987,0.00013794080983947,NA,6.19972922696685e-05,NA,NA,0.000689081590794733,0.000689081590794733,NA,NA,0.000171062687917712,NA,-0.000201588728952776,NA,0.0007523679701574,NA,NA,0.0003761839850787,0.000265295850888357,-0.000118534438914123,0.000182028155052953,NA,0.0238376846097493,NA,NA,-0.000120167447758648,0.000232877438587911,NA,0.00013630306760954,0.000312961559433649,0.000253645744890769,-4.27862742687702e-05,0.000344572772256174,0.00033766100512635,0.000515131322238599,NA,NA,0.000620312514731816,0.00013630306760954,0.000307405430640154,0.000236134205583902,NA,0.00024288134384559,0.000233885615078836,0.000560443101594769,0.000647147239963016,NA,-0.000118534438914123,6.00828965809416e-05,0.000273631380003378,0.000351839140635201,0.000149967930364542,0.000226580262986433,NA,0.000647147239963016,0.000253645744890769,NA,0.000457691867909634,NA,-0.000120167447758648,0.000253645744890769,0.000253645744890769,2.56477405793795e-05,0.000171062687917712,NA,0.000382641742174417,0.000253645744890769,0.000125340231001604,-2.56977365454928e-05,0.000253645744890769,0.000253645744890769,NA,2.70524031694711e-05,0.0003761839850787,0.000689081590794733,NA,0.000249965976311188,0.000253645744890769,0.000351839140635201,0.000331070834332343,0.000191320871087209,NA,-2.56977365454928e-05,-2.56977365454928e-05,2.70524031694711e-05,0.000249965976311188,0.000249965976311188,NA,0.000711234095714987,0.000249965976311188,2.70524031694711e-05,0.000689081590794733,4.8232772018408e-05,6.99245700211976e-05,0.000232877438587911,0.000149967930364542,NA,0.000196206290561804,0.000149967930364542,0.000149967930364542,2.56477405793795e-05,0.000191320871087209,0.000689081590794733,2.70524031694711e-05,6.19972922696685e-05,0.000232877438587911,NA,0.000416937926494167,0.000309046814585022,-2.56977365454928e-05,2.56477405793795e-05,NA,2.70524031694711e-05
"76",NA,NA,NA,NA,NA,NA,NA,NA,NA,0.00075989290940442,NA,NA,NA,0.000315633985823232,NA,NA,NA,NA,NA,NA,5.96235971671838e-05,NA,NA,NA,NA,NA,0.000172695146881251,0.000172695146881251,NA,NA,NA,NA,NA,NA,NA,NA,NA,NA,0.000174609542569978,NA,0.000148300271314122,NA,0.000382951727161769,NA,NA,0.000727642091484642,NA,0.000197575805422569,0.000197575805422569,0.000262580180664852,NA,0.00154387343065635,NA,NA,NA,0.000174609542569978,NA,NA,NA,NA,0.0123419774569943,NA,NA,NA,0.000248860272248464,NA,NA,0.00209252799135145,NA,NA,NA,0.00033235345551664,NA,NA,NA,0.0123419774569943,NA,0.0012489682589663,NA,NA,NA,NA,NA,NA,NA,NA,NA,NA,NA,NA,NA,NA,NA,NA,NA,NA,NA,NA,NA,0.00033235345551664,0.000172695146881251,NA,NA,0.000262580180664852,NA,NA,NA,NA,NA,NA,NA,0.0012489682589663,NA,NA,NA,NA,NA,NA,NA,NA,0.000727642091484642,NA,NA,NA,NA,NA,NA,NA,0.000362578226611498,NA,NA,NA,0.000303933121387519,NA,0.000727642091484642,0.000727642091484642,NA,0.000362578226611498,0.000362578226611498,NA,NA,0.000362578226611498,NA,NA,0.000160845022318718,NA,NA,0.000262580180664852,NA,NA,0.000262580180664852,0.000262580180664852,0.000472906773248243,0.000303933121387519,NA,NA,0.000174609542569978,NA,0.00140853397841728,NA,NA,0.000727642091484642,0.000472906773248243,NA,NA
"77",NA,NA,0.00044460597470507,7.33710318681205e-05,7.33710318681205e-05,NA,NA,NA,NA,0.000254248311197336,0.000216607970393681,NA,0.00036500085290975,3.21188494067422e-05,NA,NA,NA,NA,NA,NA,3.21188494067422e-05,0.000205997217004657,NA,NA,0.000264904696129705,NA,NA,NA,NA,NA,NA,NA,NA,NA,0.000210447733541472,0.000210447733541472,NA,NA,0.000490596381107937,NA,0.00012079552355368,NA,6.57777200760112e-05,0.000367595711694873,0.000216607970393681,5.94097659943754e-05,NA,NA,NA,NA,NA,NA,NA,0.000223048312379338,NA,0.000490596381107937,NA,0.00117779944933777,NA,NA,NA,NA,0.00107532896897262,NA,-0.000126966150885515,NA,NA,0.000514371732616643,NA,NA,NA,-7.23531126616254e-05,0.000267135657592821,NA,NA,NA,0.014519106200137,NA,0.000317984941127779,NA,NA,NA,NA,NA,NA,NA,NA,NA,NA,NA,NA,NA,NA,NA,NA,7.43652415941668e-06,NA,NA,NA,-7.23531126616254e-05,NA,NA,NA,NA,NA,NA,NA,NA,NA,NA,NA,NA,NA,NA,0.000417897277727359,0.00107532896897262,NA,NA,NA,0.000210447733541472,5.94097659943754e-05,NA,NA,NA,7.33710318681205e-05,NA,NA,NA,NA,NA,NA,NA,NA,NA,5.94097659943754e-05,5.94097659943754e-05,7.33710318681205e-05,NA,NA,NA,NA,NA,7.33710318681205e-05,NA,NA,NA,0.000317984941127779,NA,NA,NA,NA,NA,NA,NA,NA,7.33710318681205e-05,0.000490596381107937,0.000317984941127779,NA,NA,0.00135129722230725,5.94097659943754e-05,NA,NA,7.33710318681205e-05
"78",NA,-0.000236882988805443,-8.12668566135589e-05,-0.00322924578993676,-0.00322924578993676,0.000173384594084892,NA,-0.000175469477890404,0.00438577980437619,0.00035677062022951,0.000904291467466305,-0.000274169870300577,-0.000343620096158652,-0.000485237614613479,1.69265391308731e-05,-0.000109694494446418,-0.00121429301866612,0.000767481255119023,0.000767481255119023,0.000619808902780827,-0.00138738372223267,0.00233983992093823,0.000356641761304863,-0.00134812025745783,-0.000325549478888985,0.000624484129483149,-0.000380682432197819,-0.000380682432197819,0.000131805447788803,0.000131805447788803,0.000229998843533235,0.000229998843533235,NA,0.00017255938920427,-0.00027832969444333,-0.00027832969444333,0.000274332088575006,5.00475573210885e-05,-0.000607521027260686,NA,-0.000748333373074656,0.000396775261421419,-0.00120733203698107,-0.000158277119623756,0.000904291467466305,0.00224460504881728,NA,-0.000400824661587373,-0.000400824661587373,-0.000313996970514144,-9.82185581595839e-06,0.00351859036960712,0.000889908084540772,-0.000425750909801708,NA,-0.000607521027260686,NA,NA,-0.000576993024164942,-0.000576993024164942,0.0012489682589663,NA,-0.000580851695281666,3.36120520443713e-05,-0.00633905303864764,NA,0.00079022281388532,0.00269788141300327,-8.12668566135589e-05,6.72241040887425e-05,8.36692543938402e-05,0.00502689799279892,-0.000153695847072092,0.00207071267045124,-0.000120167447758648,0.0012489682589663,NA,0.228421798537256,-0.000156765120352358,NA,-0.000432301878721428,0.000274332088575006,0.000619808902780827,-0.000770716414606198,0.000178320880652431,-9.82185581595839e-06,0.00034511877840854,0.00103535633522562,-7.31696170838877e-05,0.00232242580841253,-0.000303816092108352,0.0022696678382515,-0.000204631123194859,0.00045999768706647,-5.9887737772289e-06,0.00452634030767228,0.000472756737788873,0.000193458412478537,NA,0.00502689799279892,-0.000380682432197819,-3.45032961059575e-05,0.000989400346045616,-0.000313996970514144,-0.000175656647156793,NA,0.000193458412478537,0.000619808902780827,0.000767481255119023,1.69265391308731e-05,NA,0.228421798537256,0.000619808902780827,0.000619808902780827,-0.000964299207728684,-0.000580851695281666,-0.000477921863898995,-0.000214464533801624,0.000619808902780827,-0.00027832969444333,0.00224460504881728,0.000619808902780827,0.000619808902780827,7.43659934598382e-05,-0.00322924578993676,6.72241040887425e-05,-0.000576993024164942,-0.000477921863898995,0.00582784480773378,0.000619808902780827,0.000989400346045616,-2.30021974039717e-05,-0.000249444457691552,0.00015361184804965,0.00224460504881728,0.00224460504881728,-0.00322924578993676,0.00582784480773378,0.00582784480773378,0.000396775261421419,0.000889908084540772,0.00582784480773378,-0.00322924578993676,-0.000576993024164942,0.0212732052238284,0.00168689246306399,-0.000156765120352358,-0.000313996970514144,NA,-0.000192688986912371,-0.000313996970514144,-0.000313996970514144,-0.000889261881435597,-0.000249444457691552,-0.000576993024164942,-0.00322924578993676,-0.000607521027260686,-0.000156765120352358,0.00305927987180131,-2.38274022845938e-05,-0.00065852655375499,0.00224460504881728,-0.000889261881435597,NA,-0.00322924578993676
"79",NA,6.69639973776908e-05,0.00081616219468508,0.00015885925697028,0.00015885925697028,NA,NA,0.000215685080321263,0.00072697544134753,0.000435446867669612,0.000360166186062301,0.000144131751371411,0.000583902196369379,-8.81205591157574e-06,NA,0.000281460063765249,8.34545040673312e-05,NA,NA,0.000204034974323675,0.000159100279119532,0.00107066294154624,0.000196768605944649,5.41964578696513e-05,0.000456759637534349,NA,1.04721260138478e-05,1.04721260138478e-05,NA,NA,NA,NA,NA,0.000563713947415937,0.000347845712357884,0.000347845712357884,NA,0.000317984941127779,0.000504058115327915,NA,0.0001685412923823,NA,0.000260076891127338,0.000662141668664686,0.000360166186062301,0.000240973028882431,NA,3.5352784555165e-05,3.5352784555165e-05,0.000100357159797449,0.000288050234559256,NA,0.0006120125545808,0.00073188866803732,NA,0.000504058115327915,NA,NA,0.000245287277404371,0.000245287277404371,NA,NA,7.18411467835242e-05,NA,-0.000145117220062293,NA,0.000228379818767174,NA,NA,0.000326573214511606,0.00062775695213139,0.000104633092714012,0.000864150703677768,NA,0.000232877438587911,NA,0.000317984941127779,-0.000156765120352358,0.0316512590895307,NA,8.66922970424461e-05,0.000263350788866555,0.000204034974323675,-9.23970448358639e-05,0.000786310794867025,0.000288050234559256,0.000465520551671505,NA,0.000317984941127779,0.000162352091054382,0.000369771385573756,0.000711976111634983,0.000186523435016808,NA,0.000193270573278496,8.5053303377555e-05,0.000461221560460582,0.00021733104351656,NA,0.000104633092714012,1.04721260138478e-05,0.000224020609436284,0.000302228370068107,0.000100357159797449,0.000176969492419339,NA,0.00021733104351656,0.000204034974323675,NA,0.00040808109734254,NA,-0.000156765120352358,0.000204034974323675,0.000204034974323675,0.000148460731513435,7.18411467835242e-05,NA,0.00028342020104023,0.000204034974323675,0.000347845712357884,0.000240973028882431,0.000204034974323675,0.000204034974323675,NA,0.00015885925697028,0.000326573214511606,0.000245287277404371,NA,0.000200355205744095,0.000204034974323675,0.000302228370068107,0.000759306919019363,0.000141710100520115,NA,0.000240973028882431,0.000240973028882431,0.00015885925697028,0.000200355205744095,0.000200355205744095,NA,0.0006120125545808,0.000200355205744095,0.00015885925697028,0.000245287277404371,0.000193630794391492,2.03137994541039e-05,0.0316512590895307,0.000100357159797449,NA,0.00014659551999471,0.000100357159797449,0.000100357159797449,0.000148460731513435,0.000141710100520115,0.000245287277404371,0.00015885925697028,0.000504058115327915,0.0316512590895307,NA,0.000367327155927073,0.000487056273163147,0.000240973028882431,0.000148460731513435,NA,0.00015885925697028
"80",NA,NA,NA,NA,NA,NA,NA,NA,NA,NA,NA,NA,NA,NA,NA,NA,NA,NA,NA,NA,NA,NA,NA,NA,NA,NA,NA,NA,NA,NA,NA,NA,NA,NA,NA,NA,NA,NA,NA,NA,NA,NA,NA,NA,NA,NA,NA,NA,NA,NA,NA,NA,NA,NA,NA,NA,NA,NA,NA,NA,NA,NA,NA,NA,NA,NA,NA,NA,NA,NA,NA,NA,NA,NA,NA,NA,NA,NA,NA,0.00125542692695785,NA,NA,NA,NA,NA,NA,NA,NA,NA,NA,NA,NA,NA,NA,NA,NA,NA,NA,NA,NA,NA,NA,NA,NA,NA,NA,NA,NA,NA,NA,NA,NA,NA,NA,NA,NA,NA,0.000580802485139215,NA,NA,NA,NA,NA,NA,NA,NA,NA,NA,NA,NA,NA,NA,NA,NA,NA,NA,NA,NA,NA,NA,NA,NA,NA,NA,NA,NA,NA,NA,NA,NA,NA,NA,NA,NA,NA,NA,NA,NA,NA,NA,NA,NA,NA,NA,NA
"81",NA,-2.96103736006804e-05,0.000213313330619737,-0.000411503021466924,-0.000411503021466924,NA,NA,0.000119110709342892,0.000176622643617014,2.2955667112003e-05,0.000422844529145233,0.000975776687527616,0.000197604712455894,0.000535429427246632,NA,0.000184885692786878,-0.000109694237889411,NA,NA,0.000107460603345304,-0.000130622833815582,-2.52954270806764e-05,0.000100194234966277,-0.000138952284087091,3.36120520443713e-05,NA,2.41823015598171e-05,2.41823015598171e-05,NA,NA,NA,NA,NA,0.000467139576437566,0.000154696970401142,0.000154696970401142,0.000967227803884742,0.000221410570149408,0.000214335002392801,NA,-0.000110497120531653,NA,-0.00013464305652978,0.00013630306760954,0.000422844529145233,-4.87500840526823e-05,NA,0.000283233790950572,0.000283233790950572,3.78278881907736e-06,0.000191475863580885,NA,0.000111238510567597,-8.24433170599508e-06,NA,0.000214335002392801,NA,NA,-7.21241280206178e-05,-7.21241280206178e-05,NA,NA,0.000150158392631291,NA,-0.000667777152167012,NA,0.00045999768706647,0.00028307908853131,0.000623013452728338,0.000229998843533235,0.000119110709342892,-0.000298917065574778,0.000268072818503839,NA,0.00013630306760954,NA,NA,-0.000432301878721428,8.66922970424461e-05,NA,0.0541812011064538,0.000529939627265231,0.000107460603345304,-0.000188971415814235,0.000198387630710709,0.000191475863580885,0.000368946180693134,0.000623013452728338,NA,6.57777200760112e-05,0.000176622643617014,0.000161220289094689,0.000736745742335502,NA,9.66962023001247e-05,-0.000251325448362969,3.58430135074877e-05,0.000208591815326621,NA,-0.000298917065574778,2.41823015598171e-05,0.000127446238457913,0.000205653999089736,3.78278881907736e-06,0.0003571770343708,NA,0.000208591815326621,0.000107460603345304,NA,0.000311506726364169,NA,-0.000432301878721428,0.000107460603345304,0.000107460603345304,-0.000120537400966086,0.000150158392631291,NA,9.02714590834875e-05,0.000107460603345304,0.000154696970401142,-4.87500840526823e-05,0.000107460603345304,0.000107460603345304,NA,-0.000411503021466924,0.000229998843533235,-7.21241280206178e-05,NA,0.000103780834765723,0.000107460603345304,0.000205653999089736,0.000184885692786878,4.51357295417437e-05,0.000163886735453742,-4.87500840526823e-05,-4.87500840526823e-05,-0.000411503021466924,0.000103780834765723,0.000103780834765723,NA,0.000111238510567597,0.000103780834765723,-0.000411503021466924,-7.21241280206178e-05,4.82052434749853e-07,-7.62605715242674e-05,8.66922970424461e-05,3.78278881907736e-06,NA,5.00211490163392e-05,3.78278881907736e-06,3.78278881907736e-06,0.000105286347321935,4.51357295417437e-05,-7.21241280206178e-05,-0.000411503021466924,0.000214335002392801,8.66922970424461e-05,5.50810842199203e-05,0.000270752784948702,0.000197333160228033,-4.87500840526823e-05,0.000105286347321935,NA,-0.000411503021466924
"82",NA,0.000147048118223428,0.000389971822443846,0.000118472454005402,0.000118472454005402,NA,NA,0.000295769201167001,0.000166776417888184,0.000199614158936112,0.000161973818132456,0.000224215872217149,2.96728784492183e-05,-2.25153028544824e-05,NA,0.000361544184610987,0.000537752481625104,NA,NA,0.000284119095169413,-2.25153028544824e-05,0.000151363064743432,0.000276852726790386,0.000493865412328584,0.00021027054386848,NA,9.05562468595852e-05,9.05562468595852e-05,NA,NA,NA,NA,NA,0.000643798068261675,0.000155813581280248,0.000155813581280248,NA,0.000398069061973517,9.24706425483121e-05,NA,6.61613712924553e-05,NA,1.11435678147865e-05,0.000312961559433649,0.000161973818132456,0.000481225391419644,NA,0.000115436905400902,0.000115436905400902,0.000180441280643186,0.000368134355404993,0.000276852726790386,0.000287897002391705,0.000168414160118114,NA,9.24706425483121e-05,NA,NA,0.000405455519095846,0.000405455519095846,NA,NA,0.000232009388474999,NA,-0.000236234455407965,NA,0.000308463939612912,0.0011158619521997,NA,0.000406657335357344,0.000295769201167001,-5.7587738356836e-05,0.000212501505331596,0.000291778426699414,0.000312961559433649,NA,NA,0.000274332088575006,0.000263350788866555,NA,0.000529939627265231,0.0199857729583768,0.000284119095169413,-1.23129239901265e-05,0.000375046122534818,0.000368134355404993,0.000545604672517243,0.000976330436376555,NA,0.00024243621190012,0.000967227803884742,0.000337878780918797,0.000266607555862546,NA,0.000273354694124233,-4.71976281018079e-05,0.00110440306621498,9.05562468595852e-05,NA,-5.7587738356836e-05,9.05562468595852e-05,0.000304104730282022,0.000961011773316554,0.000180441280643186,0.000257053613265077,NA,9.05562468595852e-05,0.000284119095169413,NA,0.000488165218188278,NA,0.000274332088575006,0.000284119095169413,0.000284119095169413,5.61210908580231e-05,0.000232009388474999,NA,0.00012360082562142,0.000284119095169413,0.000155813581280248,0.000481225391419644,0.000284119095169413,0.000284119095169413,NA,0.000118472454005402,0.000406657335357344,0.000405455519095846,NA,0.000280439326589832,0.000284119095169413,0.000961011773316554,0.000361544184610987,0.000221794221365852,0.00051720371910196,0.000481225391419644,0.000481225391419644,0.000118472454005402,0.000280439326589832,0.000280439326589832,NA,0.000287897002391705,0.000280439326589832,0.000118472454005402,0.000405455519095846,7.87061222970516e-05,0.000100397920299841,0.000263350788866555,0.000180441280643186,NA,0.000226679640840448,0.000180441280643186,0.000180441280643186,5.61210908580231e-05,0.000221794221365852,0.000405455519095846,0.000118472454005402,9.24706425483121e-05,0.000263350788866555,0.000659865943576922,0.000447411276772811,8.68033618267228e-05,0.000481225391419644,5.61210908580231e-05,NA,0.000118472454005402
"83",NA,8.7732303680549e-05,0.000330656007900966,-0.000154528901740087,-0.000154528901740087,NA,NA,0.000236453386624121,0.0032163263246288,0.00184148174352311,0.000774872560988921,0.000526186906837403,-2.9642936093661e-05,0.000458222696366009,NA,0.000302228370068107,-3.56978374079082e-05,NA,NA,0.0281243739441033,0.00135682816821524,0.00038048129188997,0.000631460615983877,-5.03268605067482e-05,0.000150954729325601,NA,3.12404323167059e-05,3.12404323167059e-05,NA,NA,NA,NA,NA,0.000584482253718795,0.0003893823249636,0.0003893823249636,NA,0.000338753247430638,0.00026269644749973,NA,6.84555674957604e-06,NA,0.000322381810035913,0.000253645744890769,0.000774872560988921,0.00192031989138854,NA,5.61210908580231e-05,5.61210908580231e-05,0.000121125466100307,0.000308818540862114,0.000631460615983877,0.000653549167186516,0.000109098345575234,NA,0.00026269644749973,NA,NA,0.000286823890010087,0.000286823890010087,NA,NA,0.000619529101756209,NA,-0.000238142168399519,NA,0.000249148125070033,NA,NA,0.000891069833117793,0.000669293564737107,0.000625524433736664,0.000153185690788717,0.00116428638668979,0.000253645744890769,NA,NA,0.000619808902780827,0.000204034974323675,NA,0.000107460603345304,0.000284119095169413,0.0281243739441033,-7.16287385330058e-05,0.000315730307991939,0.000308818540862114,0.000486288857974363,0.000330656007900966,NA,0.00018312039735724,0.000411307998179472,0.00130258744934794,0.000207291741319666,0.000543728312303329,0.000214038879581354,0.00150453395670887,0.000153185690788717,3.12404323167059e-05,NA,0.000625524433736664,3.12404323167059e-05,0.000244788915739142,0.000322996676370966,0.000121125466100307,0.000197737798722197,NA,3.12404323167059e-05,0.0281243739441033,NA,0.000428849403645398,NA,0.000619808902780827,0.0281243739441033,0.0281243739441033,0.000457314379165623,0.000619529101756209,NA,0.000324956813645946,0.0281243739441033,0.0003893823249636,0.00192031989138854,0.0281243739441033,0.0281243739441033,NA,-0.000154528901740087,0.000891069833117793,0.000286823890010087,NA,0.00063863381558277,0.0281243739441033,0.000322996676370966,0.000302228370068107,0.000162478406822973,NA,0.00192031989138854,0.00192031989138854,-0.000154528901740087,0.00063863381558277,0.00063863381558277,NA,0.000653549167186516,0.00063863381558277,-0.000154528901740087,0.000286823890010087,0.00206537814427598,0.0022172207302955,0.000204034974323675,0.000121125466100307,NA,0.000167363826297569,0.000121125466100307,0.000121125466100307,-3.19472368485617e-06,0.000162478406822973,0.000286823890010087,-0.000154528901740087,0.00026269644749973,0.000204034974323675,0.000541234314491163,0.000388095462229931,0.000549361192071721,0.00192031989138854,-3.19472368485617e-06,NA,-0.000154528901740087
"84",NA,-0.00020869971547899,3.4223988741427e-05,-0.000948771047101854,-0.000948771047101854,NA,NA,-5.9978632535418e-05,-0.000181556040139606,-0.000156133674766307,-0.000193774015569963,-0.00013153196148527,-0.000518752655057346,-0.000560139481624938,NA,5.79635090856805e-06,-0.000467872921646031,NA,NA,-7.16287385330058e-05,-0.000667890859450512,-0.000204384768958986,-7.88951069120327e-05,-0.000497130967843711,-9.45677881790137e-05,NA,-0.000265191586842833,-0.000265191586842833,NA,NA,NA,NA,NA,0.000288050234559256,-0.000199934252422171,-0.000199934252422171,NA,4.23212282710981e-05,-0.000322933023242129,NA,-0.000289586462409963,NA,-0.000344604265887632,-4.27862742687702e-05,-0.000193774015569963,-0.000350972219969268,NA,-0.000284235065114169,-0.000284235065114169,-0.000175306553059233,1.23865217025747e-05,NA,-6.78508313107135e-05,-0.000187333673584305,NA,-0.000322933023242129,NA,NA,-0.000251213469898928,-0.000251213469898928,NA,NA,-0.000337936535209351,NA,-0.00150268666264788,NA,-4.72838940895069e-05,NA,NA,5.09095016549251e-05,-5.9978632535418e-05,-0.000769083405761674,-0.000143246328370822,NA,-4.27862742687702e-05,NA,NA,-0.000770716414606198,-9.23970448358639e-05,NA,-0.000188971415814235,-1.23129239901265e-05,-7.16287385330058e-05,0.136654390066857,1.92982888323993e-05,1.23865217025747e-05,0.000189856838814824,NA,NA,-0.000113311621802299,-0.000181556040139606,-1.78690527836215e-05,-8.91402778398732e-05,NA,-8.23931395781853e-05,-0.000609504132119589,-0.000143246328370822,-0.000265191586842833,NA,-0.000769083405761674,-0.000265191586842833,9.31005846480699e-05,2.65646572114262e-05,-0.000175306553059233,-9.8694220437342e-05,NA,-0.000265191586842833,-7.16287385330058e-05,NA,0.000132417384485859,NA,-0.000770716414606198,-7.16287385330058e-05,-7.16287385330058e-05,-0.000402866694199927,-0.000337936535209351,0.131330193051265,-0.000232147008080998,-7.16287385330058e-05,-0.000199934252422171,-0.000350972219969268,-7.16287385330058e-05,-7.16287385330058e-05,NA,-0.000948771047101854,5.09095016549251e-05,-0.000251213469898928,0.131330193051265,-7.53085071125866e-05,-7.16287385330058e-05,2.65646572114262e-05,5.79635090856805e-06,-0.000133953612336566,NA,-0.000350972219969268,-0.000350972219969268,-0.000948771047101854,-7.53085071125866e-05,-7.53085071125866e-05,NA,-6.78508313107135e-05,-7.53085071125866e-05,-0.000948771047101854,-0.000251213469898928,-0.00035769663132187,-0.000255349913402577,-9.23970448358639e-05,-0.000175306553059233,NA,-0.000129068192861971,-0.000175306553059233,-0.000175306553059233,-0.000299626742844396,-0.000133953612336566,-0.000251213469898928,-0.000948771047101854,-0.000322933023242129,-9.23970448358639e-05,NA,0.00532419701559184,-0.000268944471875696,-0.000350972219969268,-0.000299626742844396,NA,-0.000948771047101854
"85",NA,0.000178659331045954,0.000421583035266372,2.73251529907229e-05,2.73251529907229e-05,NA,0.000457185022556484,0.000327380413989526,0.000593162052910283,0.000231225371758637,0.000193585030954982,0.000255827085039674,0.000318954974032352,0.000214578611424951,NA,0.000393155397433513,5.52291899574969e-05,NA,NA,0.000315730307991939,0.000494186280124321,0.00056233534662078,0.000308463939612912,4.06001668586569e-05,0.000241881756691006,NA,0.000122167459682111,0.000122167459682111,NA,NA,NA,NA,NA,0.000675409281084201,0.000187424794102773,0.000187424794102773,NA,0.000429680274796043,0.00044455050223054,NA,9.77725841149812e-05,NA,0.000281896352763489,0.000344572772256174,0.000193585030954982,3.63868265556767e-05,NA,0.000147048118223428,0.000147048118223428,0.000212052493465712,0.000399745568227519,NA,0.000319508215214231,0.000596437537370143,NA,0.00044455050223054,NA,NA,0.000136145576626017,0.000136145576626017,NA,NA,4.94225113155934e-05,NA,-8.71996816574744e-05,NA,0.000340075152435438,NA,NA,0.00043826854817987,0.000327380413989526,5.63468728821559e-06,0.000244112718154122,NA,0.000344572772256174,NA,NA,0.000178320880652431,0.000786310794867025,NA,0.000198387630710709,0.000375046122534818,0.000315730307991939,1.92982888323993e-05,0.016620842623152,0.000399745568227519,0.000577215885339769,NA,0.000429680274796043,0.000744481640934155,0.000593162052910283,0.00093536677897151,0.000298218768685071,NA,0.000304965906946759,-1.55864152792821e-05,0.000684612227797108,0.000440721710853086,NA,5.63468728821559e-06,0.000122167459682111,0.000335715943104548,0.00102423419896161,0.000212052493465712,0.000773716443664069,NA,0.000440721710853086,0.000315730307991939,NA,0.000519776431010803,NA,0.000178320880652431,0.000315730307991939,0.000315730307991939,0.000371851398849962,4.94225113155934e-05,NA,0.000506810868376756,0.000315730307991939,0.000187424794102773,3.63868265556767e-05,0.000315730307991939,0.000315730307991939,NA,2.73251529907229e-05,0.00043826854817987,0.000136145576626017,NA,0.000312050539412358,0.000315730307991939,0.00102423419896161,0.000393155397433513,0.000253405434188378,NA,3.63868265556767e-05,3.63868265556767e-05,2.73251529907229e-05,0.000312050539412358,0.000312050539412358,NA,0.000319508215214231,0.000312050539412358,2.73251529907229e-05,0.000136145576626017,0.000797850555578923,0.000132009133122367,0.000786310794867025,0.000212052493465712,NA,0.000258290853662974,0.000212052493465712,0.000212052493465712,0.000371851398849962,0.000253405434188378,0.000136145576626017,2.73251529907229e-05,0.00044455050223054,0.000786310794867025,NA,0.000479022489595337,0.000433215940787361,3.63868265556767e-05,0.000371851398849962,NA,2.73251529907229e-05
"86",NA,0.000171747563916129,0.000414671268136547,-9.14425863788951e-05,-9.14425863788951e-05,NA,NA,0.000320468646859702,0.000191475863580885,0.000224313604628813,0.000186673263825157,0.00024891531790985,5.43723241419195e-05,0.000200755077165301,NA,0.000386243630303688,4.83174228276723e-05,NA,NA,0.000308818540862114,0.000200755077165301,0.000176062510436133,0.000301552172483087,3.36883997288323e-05,0.000234969989561181,NA,0.00081266562787705,0.00081266562787705,NA,0.00329652145611109,0.00164826072805555,0.00164826072805555,NA,0.000668497513954376,0.000180513026972949,0.000180513026972949,NA,0.000422768507666218,0.000117170088241013,NA,9.08608169851565e-05,NA,3.58430135074877e-05,0.00033766100512635,0.000186673263825157,2.9475059425852e-05,NA,0.000140136351093604,0.000140136351093604,0.000205140726335887,0.000392833801097695,NA,0.000312596448084406,0.000193113605810815,NA,0.000117170088241013,NA,NA,0.000129233809496192,0.000129233809496192,NA,NA,4.25107441857687e-05,NA,-0.000191611177755713,NA,0.000333163385305613,NA,NA,0.000431356781050045,0.000837324085208268,-0.000102287819230149,0.000237200951024298,NA,0.00033766100512635,NA,NA,-9.82185581595839e-06,0.000288050234559256,NA,0.000191475863580885,0.000368134355404993,0.000308818540862114,1.23865217025747e-05,0.000399745568227519,0.0173067376445832,0.000570304118209944,NA,NA,0.000267135657592821,0.000191475863580885,0.000362578226611498,0.000291307001555247,NA,0.000298054139816935,0.00015139042667065,0.000237200951024298,0.000426898176593437,NA,-0.000102287819230149,0.00081266562787705,0.000328804175974723,0.000407011936606546,0.000205140726335887,0.000281753058957778,NA,0.000426898176593437,0.000308818540862114,NA,0.000512864663880979,NA,-9.82185581595839e-06,0.000308818540862114,0.000308818540862114,0.000709360159872364,4.25107441857687e-05,NA,0.000492987334117107,0.000308818540862114,0.000180513026972949,2.9475059425852e-05,0.000308818540862114,0.000308818540862114,NA,-9.14425863788951e-05,0.000431356781050045,0.000129233809496192,NA,0.000305138772282533,0.000308818540862114,0.000407011936606546,0.000386243630303688,0.000689374125605971,NA,2.9475059425852e-05,2.9475059425852e-05,-9.14425863788951e-05,0.000305138772282533,0.000305138772282533,NA,0.000312596448084406,0.000305138772282533,-9.14425863788951e-05,0.000129233809496192,0.00040319792746837,0.000125097365992542,0.000288050234559256,0.000205140726335887,NA,0.000251379086533149,0.000205140726335887,0.000205140726335887,8.08205365507243e-05,0.000689374125605971,0.000129233809496192,-9.14425863788951e-05,0.000117170088241013,0.000288050234559256,NA,0.000472110722465512,0.000419392406527712,2.9475059425852e-05,8.08205365507243e-05,NA,-9.14425863788951e-05
"87",NA,0.000349217881028379,0.000592141585248796,8.60277307333542e-05,8.60277307333542e-05,NA,NA,0.000497938963971951,0.000368946180693134,0.000401783921741062,0.000364143580937406,0.000426385635022099,0.000231842641254169,0.000179654459950468,NA,0.000563713947415937,0.000225787739939922,NA,NA,0.000486288857974363,0.000179654459950468,0.000353532827548383,0.000479022489595337,0.000211158716841082,0.00041244030667343,NA,0.000292726009664536,0.000292726009664536,NA,NA,NA,NA,NA,0.000845967831066625,0.000357983344085198,0.000357983344085198,NA,0.000600238824778467,0.000294640405353263,NA,0.000268331134097406,NA,0.000213313330619737,0.000515131322238599,0.000364143580937406,0.000206945376538101,NA,0.000317606668205853,0.000317606668205853,0.000382611043448137,0.000570304118209944,NA,0.000490066765196656,0.000370583922923064,NA,0.000294640405353263,NA,NA,0.000306704126608441,0.000306704126608441,NA,NA,0.000219981061298018,NA,-1.41408606434638e-05,NA,0.000510633702417862,NA,NA,0.000608827098162294,0.000497938963971951,7.51824978821005e-05,0.000414671268136547,NA,0.000515131322238599,NA,NA,0.00034511877840854,0.000465520551671505,NA,0.000368946180693134,0.000545604672517243,0.000486288857974363,0.000189856838814824,0.000577215885339769,0.000570304118209944,0.00600960408684013,NA,NA,0.00044460597470507,0.000934279152875132,0.000540048543723748,0.000468777318667496,NA,0.000475524456929184,0.000154972134703143,0.000414671268136547,0.000292726009664536,NA,7.51824978821005e-05,0.000292726009664536,0.000506274493086972,0.000584482253718795,0.000382611043448137,0.000459223376070027,NA,0.000292726009664536,0.000486288857974363,NA,0.000690334980993228,NA,0.00034511877840854,0.000486288857974363,0.000486288857974363,0.000258290853662974,0.000219981061298018,NA,0.000325770588426371,0.000486288857974363,0.000357983344085198,0.000206945376538101,0.000486288857974363,0.000486288857974363,NA,8.60277307333542e-05,0.000608827098162294,0.000306704126608441,NA,0.000482609089394783,0.000486288857974363,0.000584482253718795,0.000563713947415937,0.000423963984170803,NA,0.000206945376538101,0.000206945376538101,8.60277307333542e-05,0.000482609089394783,0.000482609089394783,NA,0.000490066765196656,0.000482609089394783,8.60277307333542e-05,0.000306704126608441,0.000280875885102002,0.000302567683104792,0.000465520551671505,0.000382611043448137,NA,0.000428849403645398,0.000382611043448137,0.000382611043448137,0.000258290853662974,0.000423963984170803,0.000306704126608441,8.60277307333542e-05,0.000294640405353263,0.000465520551671505,NA,0.000649581039577761,0.000288973124631673,0.000206945376538101,0.000258290853662974,NA,8.60277307333542e-05
"88",NA,NA,NA,0.000258083192200063,0.000258083192200063,NA,NA,NA,NA,NA,0.000613408253216883,0.000270752784948702,7.62097911807718e-05,2.4021609877071e-05,NA,NA,0.000336696571221913,NA,NA,0.000330656007900966,NA,NA,NA,0.000307438525024233,NA,0.00133699502790875,0.000137093159591139,0.000137093159591139,NA,NA,NA,NA,NA,NA,NA,NA,NA,NA,NA,NA,NA,0.000617969826755235,NA,NA,0.000613408253216883,5.13125264647043e-05,NA,NA,NA,NA,NA,0.00032338963952194,NA,NA,NA,NA,NA,NA,0.000151071276535044,0.000151071276535044,NA,NA,6.4348211224621e-05,NA,-0.000169773710716861,NA,NA,0.00120893577766281,NA,NA,NA,-8.04503521912965e-05,NA,0.000338315339430967,NA,NA,NA,0.00103535633522562,NA,NA,0.000623013452728338,0.000976330436376555,0.000330656007900966,NA,NA,NA,NA,0.0152274209591993,NA,NA,0.000213313330619737,NA,NA,NA,NA,0.000195065360748355,NA,NA,NA,-8.04503521912965e-05,0.000137093159591139,NA,0.000428849403645398,NA,NA,NA,NA,0.000330656007900966,NA,NA,NA,0.00103535633522562,0.000330656007900966,0.000330656007900966,NA,6.4348211224621e-05,NA,NA,0.000330656007900966,NA,5.13125264647043e-05,0.000330656007900966,0.000330656007900966,NA,0.000258083192200063,NA,0.000151071276535044,NA,0.00144782726818435,0.000330656007900966,0.000428849403645398,NA,0.000268331134097406,0.000610277544565067,5.13125264647043e-05,5.13125264647043e-05,0.000258083192200063,0.00144782726818435,0.00144782726818435,0.000617969826755235,NA,0.00144782726818435,0.000258083192200063,0.000151071276535044,0.000842627655306006,0.000907703049314375,NA,NA,NA,NA,NA,NA,NA,0.000268331134097406,0.000151071276535044,0.000258083192200063,NA,NA,0.000752939769040029,NA,NA,5.13125264647043e-05,NA,NA,0.000258083192200063
"89",NA,NA,NA,-6.15078798103717e-05,-6.15078798103717e-05,NA,NA,0.000350403353428225,0.000221410570149408,NA,NA,NA,8.43070307104429e-05,3.21188494067422e-05,NA,NA,NA,NA,NA,NA,3.21188494067422e-05,0.000205997217004657,NA,NA,NA,NA,NA,NA,NA,NA,NA,NA,NA,NA,NA,NA,0.000398069061973517,NA,0.000147104794809537,NA,0.00012079552355368,NA,0.000664231710448225,NA,NA,NA,NA,NA,NA,NA,NA,NA,NA,0.000223048312379338,NA,0.000147104794809537,NA,NA,NA,NA,NA,NA,NA,NA,-0.00016167647118719,NA,NA,NA,NA,NA,NA,-7.23531126616254e-05,NA,NA,NA,NA,NA,-7.31696170838877e-05,0.000317984941127779,NA,NA,NA,NA,NA,0.000429680274796043,NA,NA,NA,0.014519106200137,NA,0.000221410570149408,0.000392512933180022,NA,NA,NA,NA,0.000267135657592821,0.00014519039912081,NA,-7.23531126616254e-05,NA,NA,NA,NA,NA,NA,0.00014519039912081,NA,NA,NA,NA,-7.31696170838877e-05,NA,NA,0.000110755243119248,NA,NA,0.000178234977882645,NA,NA,NA,NA,NA,NA,-6.15078798103717e-05,NA,NA,NA,NA,NA,NA,NA,NA,NA,NA,NA,-6.15078798103717e-05,NA,NA,NA,NA,NA,-6.15078798103717e-05,NA,0.000133340274558276,NA,0.000317984941127779,NA,NA,NA,NA,NA,0.000110755243119248,NA,NA,-6.15078798103717e-05,0.000147104794809537,0.000317984941127779,0.000769134248099371,NA,0.000141437514087947,NA,0.000110755243119248,NA,-6.15078798103717e-05
"90",NA,4.60494204112558e-05,0.000288973124631673,-8.30157535796192e-05,-8.30157535796192e-05,NA,NA,0.000194770503354828,0.00446018163861231,9.86154611239392e-05,0.00102944764723659,0.000123217174404976,5.37351527629557e-05,9.63565482202266e-05,NA,0.000260545486798814,-7.73807206772013e-05,NA,NA,0.00018312039735724,0.000781873470907045,0.00182514367649453,0.000175854028978214,-9.20097437760413e-05,0.000109271846056307,NA,-1.04424509525872e-05,-1.04424509525872e-05,NA,NA,NA,NA,NA,0.000542799370449502,5.48148834680752e-05,5.48148834680752e-05,NA,0.000297070364161344,0.000179330680961143,NA,-3.48373265197171e-05,NA,1.66765314940922e-05,0.000211962861621476,0.00102944764723659,0.000178229297983126,NA,1.443820758873e-05,1.443820758873e-05,7.94425828310136e-05,0.000267135657592821,0.000994460637154832,0.00153314038427359,6.74154623059412e-05,NA,0.000179330680961143,NA,NA,0.00079968982992073,0.00079968982992073,NA,NA,-8.31873993191049e-05,0.000403852033289603,-0.000483690119086891,NA,0.000207465241800739,0.000913864556575357,NA,0.000305658637545171,0.000194770503354828,0.00461781696175938,0.000111502807519424,0.000190779728887241,0.000620312514731816,NA,NA,0.00232242580841253,0.000162352091054382,NA,6.57777200760112e-05,0.00024243621190012,0.00018312039735724,-0.000113311621802299,0.000744481640934155,0.000267135657592821,0.00044460597470507,NA,NA,0.0356200432466679,0.000327942231640886,0.00117753879954007,0.000165608858050373,0.00120047764955693,0.0014749711512037,0.00430381401760877,0.000111502807519424,0.00017550188958369,NA,0.00461781696175938,-1.04424509525872e-05,0.000203106032469849,0.000281313793101672,7.94425828310136e-05,0.000156054915452904,NA,0.00017550188958369,0.00018312039735724,NA,0.000387166520376105,NA,0.00232242580841253,0.00018312039735724,0.00018312039735724,-4.48776069541493e-05,-8.31873993191049e-05,NA,0.00024159104710736,0.00018312039735724,5.48148834680752e-05,0.000178229297983126,0.00018312039735724,0.00018312039735724,NA,-8.30157535796192e-05,0.000305658637545171,0.00079968982992073,NA,0.00017944062877766,0.00018312039735724,0.000281313793101672,0.000260545486798814,0.00012079552355368,0.000315206323477615,0.000178229297983126,0.000178229297983126,-8.30157535796192e-05,0.00017944062877766,0.00017944062877766,NA,0.00153314038427359,0.00017944062877766,-8.30157535796192e-05,0.00079968982992073,0.00102852714398134,-6.00777512331124e-07,0.000162352091054382,7.94425828310136e-05,NA,0.000125680943028275,7.94425828310136e-05,7.94425828310136e-05,-4.48776069541493e-05,0.00012079552355368,0.00079968982992073,-8.30157535796192e-05,0.000179330680961143,0.000162352091054382,0.000457868547952577,0.000346412578960638,-1.41953359854496e-05,0.000178229297983126,-4.48776069541493e-05,NA,-8.30157535796192e-05
"91",NA,0.000137166044287503,0.000213313330619737,-0.000324012597921576,-0.000324012597921576,NA,NA,0.000119110709342892,0.000176622643617014,0.0005357655515562,0.000167017444105558,0.000291501552274944,2.594171009552e-05,-1.11480127589085e-05,NA,0.000184885692786878,-0.000109694237889411,NA,NA,0.000411307998179472,0.00100882714921383,0.000391012268978162,0.000100194234966277,-3.61100631437416e-05,0.000567734706353305,NA,-8.61022449645234e-05,-8.61022449645234e-05,NA,NA,NA,NA,NA,0.000467139576437566,-2.08449105438611e-05,-2.08449105438611e-05,NA,0.000221410570149408,0.00044879576885227,NA,-0.000110497120531653,NA,0.000529867930851041,0.00013630306760954,0.000167017444105558,9.80156535916246e-05,NA,7.39436186424515e-05,7.39436186424515e-05,3.78278881907736e-06,0.000191475863580885,0.000100194234966277,0.000418863812624057,0.000442165555102206,NA,0.00044879576885227,NA,NA,-7.21241280206178e-05,-7.21241280206178e-05,NA,NA,-0.000121307595173218,NA,-0.000667777152167012,NA,0.000131805447788803,0.00028307908853131,NA,0.000229998843533235,0.000119110709342892,6.85794905985188e-05,3.58430135074877e-05,NA,0.00013630306760954,NA,NA,-0.000303816092108352,0.000369771385573756,NA,0.000176622643617014,0.000967227803884742,0.000411307998179472,-0.000181556040139606,0.000593162052910283,0.000191475863580885,0.000934279152875132,0.000213313330619737,0.000221410570149408,0.000327942231640886,0.0541812011064538,0.000950559417504257,8.99490640384369e-05,NA,0.000389779196089113,0.00270267940882898,0.00465435186083698,0.000441138186097362,NA,6.85794905985188e-05,-8.61022449645234e-05,0.000127446238457913,0.000205653999089736,3.78278881907736e-06,8.0395121440968e-05,NA,0.000441138186097362,0.000411307998179472,NA,0.000311506726364169,NA,-0.000303816092108352,0.000411307998179472,0.000411307998179472,0.000303397562091114,-0.000121307595173218,NA,9.02714590834875e-05,0.000411307998179472,-2.08449105438611e-05,9.80156535916246e-05,0.000411307998179472,0.000411307998179472,NA,-0.000324012597921576,0.000229998843533235,-7.21241280206178e-05,NA,0.000403948461020311,0.000411307998179472,0.000205653999089736,0.000184885692786878,4.51357295417437e-05,-1.62500280175608e-05,9.80156535916246e-05,9.80156535916246e-05,-0.000324012597921576,0.000403948461020311,0.000403948461020311,NA,0.000418863812624057,0.000403948461020311,-0.000324012597921576,-7.21241280206178e-05,0.000393737687847228,-7.62605715242674e-05,0.000369771385573756,3.78278881907736e-06,NA,5.00211490163392e-05,3.78278881907736e-06,3.78278881907736e-06,0.000537303016726521,4.51357295417437e-05,-7.21241280206178e-05,-0.000324012597921576,0.00044879576885227,0.000369771385573756,5.50810842199203e-05,0.000737892361386268,0.000197333160228033,9.80156535916246e-05,0.000537303016726521,NA,-0.000324012597921576
"92",NA,0.000141491989429933,0.000384415693650351,0.000531499217231492,0.000531499217231492,NA,NA,0.000290213072373506,0.000950559417504257,0.000194058030142617,0.00192207846825175,0.000218659743423654,0.00024462029080031,0.000673261439363546,NA,0.000355988055817492,0.000232510488171816,NA,NA,0.00130258744934794,0.000140243928192909,0.00186902470130664,0.000738979987482646,0.000203252441974136,0.000605815621638834,NA,0.000366387027621044,0.000366387027621044,NA,NA,NA,NA,NA,0.00063824193946818,0.000496901696462369,0.000496901696462369,NA,0.000392512933180022,0.000727642091484642,NA,6.06052424989603e-05,NA,0.000207561669531447,0.000307405430640154,0.00192207846825175,0.00151827438454491,NA,0.000109880776607407,0.000109880776607407,0.000174885151849691,0.000362578226611498,0.0024964730115414,0.0019149106603483,0.000522102854138101,NA,0.000727642091484642,NA,NA,0.000394343261508856,0.000394343261508856,NA,NA,1.22551696995725e-05,NA,3.06562603474022e-05,NA,0.000302907810819417,0.00110474969461271,NA,0.000401101206563849,0.000290213072373506,0.00129629434813561,0.000206945376538101,0.00193043635757913,0.000307405430640154,NA,NA,0.0022696678382515,0.000711976111634983,NA,0.000161220289094689,0.000337878780918797,0.00130258744934794,-1.78690527836215e-05,0.00093536677897151,0.000362578226611498,0.000540048543723748,NA,0.000392512933180022,0.00117753879954007,0.000950559417504257,0.020640744528081,0.000261051427069051,0.000597487998052713,0.00127029424621241,0.000574532138374244,0.000610277544565067,0.000366387027621044,NA,0.00129629434813561,0.000366387027621044,0.000298548601488527,0.00037675636212035,0.000174885151849691,0.000251497484471582,NA,0.000366387027621044,0.00130258744934794,NA,0.000482609089394783,NA,0.0022696678382515,0.00130258744934794,0.00130258744934794,0.00029751671561792,1.22551696995725e-05,NA,0.000432476185144715,0.00130258744934794,0.000496901696462369,0.00151827438454491,0.00130258744934794,0.00130258744934794,0.000540048543723748,0.000531499217231492,0.000401101206563849,0.000394343261508856,NA,0.000274883197796337,0.00130258744934794,0.00037675636212035,0.000355988055817492,0.000628862976633579,0.00093145555525935,0.00151827438454491,0.00151827438454491,0.000531499217231492,0.000274883197796337,0.000274883197796337,NA,0.0019149106603483,0.000274883197796337,0.000531499217231492,0.000394343261508856,0.00196185743592831,9.48417915063463e-05,0.000711976111634983,0.000174885151849691,NA,0.000221123512046953,0.000174885151849691,0.000174885151849691,0.00029751671561792,0.000628862976633579,0.000394343261508856,0.000531499217231492,0.000727642091484642,0.000711976111634983,0.00169028095495759,0.000441855147979316,0.000358881257555319,0.00151827438454491,0.00029751671561792,NA,0.000531499217231492
"93",NA,7.02207643736816e-05,0.000313144468594099,-0.000189551980353822,-0.000189551980353822,NA,NA,0.000218941847317254,8.99490640384369e-05,0.000122786805086365,0.00112613302308629,0.00137510123942506,-4.71544754005284e-05,0.000388176539138539,0.000411337864338531,0.00028471683076124,-5.32093767147756e-05,NA,NA,0.000207291741319666,0.000168870580107504,0.000345458213276235,0.000596437537370143,-6.78383998136156e-05,0.000133443190018733,NA,0.000223844577508541,0.000223844577508541,NA,NA,NA,NA,NA,0.000566970714411928,7.89862274305009e-05,7.89862274305009e-05,0.000266607555862546,0.00032124170812377,1.56432886985655e-05,NA,-1.06659825572913e-05,NA,-6.56837860349602e-05,0.000236134205583902,0.00112613302308629,0.000497340205489072,NA,0.00133303777931273,0.00133303777931273,0.000103613926793439,0.000291307001555247,0.000200025372940639,0.000211069648541959,9.15868062683669e-05,NA,1.56432886985655e-05,NA,NA,0.000251800811396352,0.000251800811396352,NA,NA,7.83546807755057e-05,NA,-0.000412515381674292,NA,0.000231636585763165,NA,0.000822675728677062,0.000329829981507597,0.000218941847317254,0.00122376781283225,0.00013567415148185,NA,0.000236134205583902,NA,NA,-0.000204631123194859,0.000186523435016808,NA,0.000736745742335502,0.000266607555862546,0.000207291741319666,-8.91402778398732e-05,0.000298218768685071,0.000291307001555247,0.000468777318667496,NA,NA,0.000165608858050373,8.99490640384369e-05,0.000261051427069051,0.031071953272869,NA,0.000196527340274487,9.48236043655272e-05,0.00013567415148185,0.000223844577508541,NA,0.00122376781283225,0.000223844577508541,0.000227277376432275,0.00138335396141249,0.000103613926793439,0.00018022625941533,NA,0.000223844577508541,0.000207291741319666,NA,0.000411337864338531,NA,-0.000204631123194859,0.000207291741319666,0.000207291741319666,-2.07062629917235e-05,7.83546807755057e-05,NA,4.67734717716738e-05,0.000207291741319666,7.89862274305009e-05,0.000497340205489072,0.000207291741319666,0.000207291741319666,NA,-0.000189551980353822,0.000329829981507597,0.000251800811396352,NA,0.000203611972740085,0.000207291741319666,0.00138335396141249,0.00028471683076124,0.000144966867516106,NA,0.000497340205489072,0.000497340205489072,-0.000189551980353822,0.000203611972740085,0.000203611972740085,NA,0.000211069648541959,0.000203611972740085,-0.000189551980353822,0.000251800811396352,1.87876844730494e-06,0.000243527924389053,0.000186523435016808,0.000103613926793439,NA,0.000149852286990701,0.000103613926793439,0.000103613926793439,0.000154974265505417,0.000144966867516106,0.000251800811396352,-0.000189551980353822,1.56432886985655e-05,0.000186523435016808,NA,0.000370583922923064,0.000216338807442816,0.000497340205489072,0.000154974265505417,NA,-0.000189551980353822
"94",NA,NA,NA,NA,NA,NA,NA,NA,NA,NA,0.000421583035266372,NA,NA,NA,NA,NA,NA,NA,NA,0.000543728312303329,NA,0.00101833135524356,0.00126931067933747,NA,NA,NA,NA,NA,NA,NA,NA,NA,NA,NA,NA,NA,NA,NA,0.000352079859682228,NA,NA,NA,NA,NA,0.000421583035266372,0.000725156453222997,NA,NA,NA,NA,NA,0.00126931067933747,0.00129139923054011,NA,NA,0.000352079859682228,NA,NA,0.000924673953363677,0.000924673953363677,NA,NA,NA,NA,4.32985936855013e-05,NA,NA,0.000719346797489334,NA,NA,NA,0.000132621952211066,NA,NA,NA,NA,NA,0.00045999768706647,NA,NA,NA,NA,0.000543728312303329,NA,NA,NA,NA,NA,NA,0.00120047764955693,NA,0.000597487998052713,NA,0.00423616054187595,NA,0.000212411589032108,NA,NA,NA,0.000132621952211066,NA,NA,NA,NA,NA,NA,NA,0.000543728312303329,NA,NA,NA,0.00045999768706647,0.000543728312303329,0.000543728312303329,NA,NA,NA,NA,0.000543728312303329,NA,0.000725156453222997,0.000543728312303329,0.000543728312303329,NA,NA,NA,0.000924673953363677,NA,NA,0.000543728312303329,NA,NA,NA,NA,0.000725156453222997,0.000725156453222997,NA,NA,NA,NA,0.00129139923054011,NA,NA,0.000924673953363677,0.000338315339430967,NA,NA,NA,NA,NA,NA,NA,NA,NA,0.000924673953363677,NA,0.000352079859682228,NA,0.00117908437784475,NA,NA,0.000725156453222997,NA,NA,NA
"95",NA,7.69679026353695e-05,0.000319891606855787,4.06581753168353e-05,4.06581753168353e-05,NA,NA,0.000225688985578942,9.66962023001247e-05,0.000129533943348053,0.000742579357853382,0.00092930552010746,-4.04073371388405e-05,0.000189111994892567,NA,0.000291463969022928,-4.64622384530877e-05,NA,NA,0.000214038879581354,0.000189111994892567,0.000710747097686312,0.000206772511202327,-6.10912615519277e-05,0.000140190328280421,NA,0.000237338854031917,0.000237338854031917,NA,NA,NA,NA,NA,0.000573717852673616,8.57333656921888e-05,8.57333656921888e-05,NA,0.000327988846385458,2.23904269602533e-05,NA,-3.91884429560344e-06,NA,-5.89366477732723e-05,0.00024288134384559,0.000742579357853382,0.000270984744655467,NA,0.00136677347062117,0.00136677347062117,0.000110361065055127,0.000298054139816935,0.000609931813893519,0.00112034891063113,9.83339445300548e-05,NA,2.23904269602533e-05,NA,NA,3.44541482154321e-05,3.44541482154321e-05,NA,NA,-5.22689170949913e-05,NA,-0.000360016190190437,NA,0.000238383724024853,0.000975701521023584,0.00142657337078755,0.000336577119769285,0.000225688985578942,-0.000124303891312535,0.00135523232492961,0.000221698211111355,0.00024288134384559,NA,NA,-5.9887737772289e-06,0.000193270573278496,NA,9.66962023001247e-05,0.000273354694124233,0.000214038879581354,-8.23931395781853e-05,0.000304965906946759,0.000298054139816935,0.000475524456929184,NA,NA,0.0014749711512037,0.000389779196089113,0.00127029424621241,0.000196527340274487,NA,0.0299033788126275,-3.81688958908696e-05,0.000142421289743538,0.00164581366253613,NA,-0.000124303891312535,0.000237338854031917,0.000234024514693963,0.000312232275325786,0.000110361065055127,0.000186973397677018,NA,0.00164581366253613,0.000214038879581354,NA,0.000418085002600219,NA,-5.9887737772289e-06,0.000214038879581354,0.000214038879581354,0.000168468542028793,-5.22689170949913e-05,NA,0.00184408113510714,0.000214038879581354,8.57333656921888e-05,0.000270984744655467,0.000214038879581354,0.000214038879581354,NA,4.06581753168353e-05,0.000336577119769285,3.44541482154321e-05,NA,0.000210359111001773,0.000214038879581354,0.000312232275325786,0.000291463969022928,0.000151714005777794,0.000377043287925842,0.000270984744655467,0.000270984744655467,4.06581753168353e-05,0.000210359111001773,0.000210359111001773,NA,0.00112034891063113,0.000210359111001773,4.06581753168353e-05,3.44541482154321e-05,0.00021363860490685,3.03177047117825e-05,0.000193270573278496,0.000110361065055127,NA,0.000156599425252389,0.000110361065055127,0.000110361065055127,-1.39591247300357e-05,0.000151714005777794,3.44541482154321e-05,4.06581753168353e-05,2.23904269602533e-05,0.000193270573278496,0.000519705512400804,0.000377331061184752,1.6723146238664e-05,0.000270984744655467,-1.39591247300357e-05,NA,4.06581753168353e-05
"96",NA,-0.000263854708551825,0.000195065360748355,-0.00184715573251365,-0.00184715573251365,6.91050425413186e-05,NA,-9.48633366470995e-05,0.0110753167231102,0.000592517337850849,0.00232458202054714,-3.23514465706635e-05,-0.000597071625557404,-0.000550070248944571,NA,-2.90883532031134e-05,-0.000639455934757135,NA,NA,0.00150453395670887,7.54411483002413e-05,0.00541816338880279,-3.11728305585643e-05,-0.000696507172357385,-7.41874316166697e-05,0.00013313466766429,-0.000403765790420166,-0.000403765790420166,NA,NA,NA,NA,NA,0.000253165530447575,-0.000237558319381367,-0.000237558319381367,-4.71976281018079e-05,7.43652415941668e-06,-0.000266013896687754,NA,-0.000506514949344743,0.000180800376209582,-0.000679270262128142,4.10448347279607e-05,0.00232458202054714,0.00386574315285128,NA,-0.00023598814050904,-0.00023598814050904,-0.000210191257170914,-2.24981824091068e-05,0.000571090966438378,0.000906544262372604,-0.000103326344828491,NA,-0.000266013896687754,NA,NA,-0.000358845530086981,-0.000358845530086981,NA,0.000114218193287676,-0.00024961917310526,0.000114218193287676,-0.00371924140584545,NA,0.000729147030551007,6.91050425413186e-05,-6.6071537025447e-07,1.60247975432437e-05,-9.48633366470995e-05,0.0332482133681429,0.00024933485914443,0.00039013072149671,0.000233885615078836,NA,7.43652415941668e-06,0.00452634030767228,8.5053303377555e-05,NA,-0.000251325448362969,-4.71976281018079e-05,0.00150453395670887,-0.000609504132119589,-1.55864152792821e-05,0.00015139042667065,0.000154972134703143,0.000195065360748355,NA,0.00430381401760877,0.00270267940882898,0.000574532138374244,9.48236043655272e-05,0.000212411589032108,-3.81688958908696e-05,0.161066561925263,0.000454171280011951,-0.000433330322643354,NA,0.0332482133681429,-0.000403765790420166,-8.65278075320785e-05,-8.32004690025529e-06,-0.000210191257170914,6.61617765731207e-05,NA,-0.000433330322643354,0.00150453395670887,NA,9.75326803741775e-05,NA,0.00452634030767228,0.00150453395670887,0.00150453395670887,-0.000532567213223436,-0.00024961917310526,-0.000397315722655691,-0.000334196586357848,0.00150453395670887,-0.000237558319381367,0.00386574315285128,0.00150453395670887,0.00150453395670887,NA,-0.00184715573251365,1.60247975432437e-05,-0.000358845530086981,-0.000397315722655691,0.00180965240030273,0.00150453395670887,-8.32004690025529e-06,-2.90883532031134e-05,-0.000141289841407632,-0.000223773671802466,0.00386574315285128,0.00386574315285128,-0.00184715573251365,0.00180965240030273,0.00180965240030273,0.000180800376209582,0.000906544262372604,0.00180965240030273,-0.00184715573251365,-0.000358845530086981,0.00304192235759583,0.00541682395291774,8.5053303377555e-05,-0.000210191257170914,NA,-0.000163952896973652,-0.000210191257170914,-0.000210191257170914,-0.000552498621868852,-0.000141289841407632,-0.000358845530086981,-0.00184715573251365,-0.000266013896687754,8.5053303377555e-05,-9.78033509002246e-06,5.67787389587106e-05,-7.39919100326519e-05,0.00386574315285128,-0.000552498621868852,NA,-0.00184715573251365
"97",NA,0.000228616219174329,0.00025903841806315,4.0504856193221e-05,4.0504856193221e-05,NA,NA,0.000164835796786305,0.000574427590742654,6.86807545554158e-05,3.10404137517601e-05,9.32824678364528e-05,0.000163116972425758,6.55242851465627e-06,NA,0.000230610780230291,0.000144952268483017,NA,NA,0.000153185690788717,0.000855505039350521,0.0005281875313084,0.00014591932240969,0.000101065199186497,0.000355061070464432,NA,0.000345767077656859,0.000345767077656859,NA,NA,NA,NA,NA,0.000512864663880979,2.48801768995517e-05,2.48801768995517e-05,0.000212501505331596,0.000267135657592821,0.00129218090391267,NA,0.00027258245095547,NA,0.000306387819691818,0.000560443101594769,3.10404137517601e-05,-0.000126157790647545,NA,-1.54964989797934e-05,-1.54964989797934e-05,0.000295402544013844,0.000237200951024298,NA,0.000156963598011009,0.000579340817432444,NA,0.00129218090391267,NA,NA,-2.6399040577205e-05,-2.6399040577205e-05,NA,NA,-0.000113122105887628,NA,-0.000501062204807002,NA,0.000551447861953296,NA,NA,0.000275723930976648,0.000164835796786305,-0.000306863457690446,8.15681009509005e-05,0.000160845022318718,0.000560443101594769,NA,NA,0.000472756737788873,0.000461221560460582,NA,3.58430135074877e-05,0.00110440306621498,0.000153185690788717,-0.000143246328370822,0.000684612227797108,0.000237200951024298,0.000414671268136547,NA,0.000267135657592821,0.000111502807519424,0.00465435186083698,0.000610277544565067,0.00013567415148185,NA,0.000142421289743538,0.000454171280011951,0.0421153433791257,0.000115632476446643,NA,-0.000306863457690446,0.000345767077656859,0.000173171325901326,0.000251379086533149,0.000295402544013844,0.000126120208884381,NA,0.000115632476446643,0.000153185690788717,NA,0.000357231813807582,NA,0.000472756737788873,0.000153185690788717,0.000153185690788717,0.000242461609652173,-0.000113122105887628,NA,0.000181721633970313,0.000153185690788717,2.48801768995517e-05,-0.000126157790647545,0.000153185690788717,0.000153185690788717,NA,4.0504856193221e-05,0.000275723930976648,-2.6399040577205e-05,NA,0.000149505922209136,0.000153185690788717,0.000251379086533149,0.000230610780230291,9.08608169851565e-05,NA,-0.000126157790647545,-0.000126157790647545,4.0504856193221e-05,0.000149505922209136,0.000149505922209136,NA,0.000156963598011009,0.000149505922209136,4.0504856193221e-05,-2.6399040577205e-05,9.19322273215755e-05,-3.05354840808546e-05,0.000461221560460582,0.000295402544013844,NA,0.000387879264408368,0.000295402544013844,0.000295402544013844,0.000486297911864765,9.08608169851565e-05,-2.6399040577205e-05,4.0504856193221e-05,0.00129218090391267,0.000461221560460582,NA,0.000316477872392115,0.00125817721958314,-0.000126157790647545,0.000486297911864765,NA,4.0504856193221e-05
"98",NA,0.000149406916332355,0.000137093159591139,-0.000595524061528059,-0.000595524061528059,NA,NA,0.000282167868117451,2.41823015598171e-05,8.98577836556733e-05,-9.0904844720251e-05,0.000380910178313516,-0.000107275971658499,-0.000316028696873302,NA,0.00010866552175828,0.000147393360600559,NA,NA,3.12404323167059e-05,-0.000129406319336162,0.000379484773518357,2.39740639376791e-05,5.96192220075188e-05,-4.26081189842271e-05,NA,0.00032837794159134,0.00032837794159134,0.000350165463993501,0.000350165463993501,0.000448358859737933,0.000448358859737933,NA,0.000390919405408968,0.000175703305502813,0.000175703305502813,NA,0.00014519039912081,-1.43255106929935e-05,NA,-0.000177047791631639,NA,0.000237500324731326,0.00102587875227922,-9.0904844720251e-05,-0.000299819306750248,NA,0.000452781234297926,0.000452781234297926,-7.2437382209521e-05,0.000115255692552286,NA,3.50183395389982e-05,2.74577860196772e-05,NA,-1.43255106929935e-05,NA,NA,-0.000100301806609568,-0.000100301806609568,NA,NA,-0.000154722291483102,NA,-0.00137579708018062,NA,5.55852767602049e-05,NA,NA,0.000153778672504637,4.28905383142937e-05,-0.000756238091746368,-4.03771575211106e-05,NA,0.000647147239963016,NA,NA,0.000193458412478537,0.00021733104351656,NA,0.000208591815326621,9.05562468595852e-05,3.12404323167059e-05,-0.000265191586842833,0.000440721710853086,0.000426898176593437,0.000292726009664536,NA,0.00014519039912081,0.00017550188958369,0.000441138186097362,0.000366387027621044,0.000223844577508541,NA,0.00164581366253613,-0.000433330322643354,0.000115632476446643,0.0814362860668724,NA,-0.000756238091746368,0.00032837794159134,5.12260674293147e-05,0.000129433828061138,-7.2437382209521e-05,4.17495041236974e-06,NA,0.0814362860668724,3.12404323167059e-05,NA,0.000235286555335571,NA,0.000193458412478537,3.12404323167059e-05,3.12404323167059e-05,0.00129433828061138,-0.000154722291483102,NA,0.00196913562824535,3.12404323167059e-05,0.000175703305502813,-0.000299819306750248,3.12404323167059e-05,3.12404323167059e-05,NA,-0.000595524061528059,0.000153778672504637,-0.000100301806609568,NA,0.000549580541431567,3.12404323167059e-05,0.000129433828061138,0.000413717835005424,0.000373645225759627,1.14463933965458e-05,-0.000299819306750248,-0.000299819306750248,-0.000595524061528059,0.000549580541431567,0.000549580541431567,NA,3.50183395389982e-05,0.000549580541431567,-0.000595524061528059,-0.000100301806609568,0.000269127318778672,-0.000152480742552866,0.00021733104351656,-7.2437382209521e-05,NA,-2.61990220122591e-05,-7.2437382209521e-05,-7.2437382209521e-05,0.00015620216158353,0.000373645225759627,-0.000100301806609568,-0.000595524061528059,-1.43255106929935e-05,0.00021733104351656,-2.1139086808678e-05,0.000194532613920104,0.00160116099029838,-0.000299819306750248,0.00015620216158353,NA,-0.000595524061528059
"99",NA,NA,NA,NA,NA,NA,NA,NA,NA,NA,NA,0.00116403697019099,NA,NA,NA,NA,NA,NA,NA,NA,NA,NA,NA,NA,NA,NA,NA,NA,NA,NA,NA,NA,NA,NA,NA,NA,NA,NA,NA,NA,NA,NA,NA,NA,NA,NA,NA,NA,NA,NA,NA,NA,NA,NA,NA,NA,NA,NA,NA,NA,NA,NA,NA,NA,4.32985936855013e-05,NA,NA,NA,NA,NA,NA,NA,NA,NA,NA,NA,NA,NA,NA,NA,NA,NA,NA,NA,NA,NA,NA,NA,NA,NA,NA,NA,NA,NA,NA,NA,NA,NA,0.00423616054187595,NA,NA,NA,NA,NA,NA,NA,NA,NA,NA,NA,NA,NA,NA,NA,NA,NA,NA,NA,NA,NA,NA,NA,NA,NA,NA,NA,NA,NA,NA,NA,NA,NA,NA,NA,NA,NA,NA,NA,NA,NA,NA,NA,NA,NA,NA,NA,NA,NA,NA,NA,NA,NA,NA,NA,NA,NA,NA,NA,NA,NA,NA,NA,NA,NA,NA
"100",NA,-0.00041728686356331,0.00592215738659873,-0.00297789937347875,-0.00297789937347875,-1.06845942797235e-05,NA,-0.000174652973468142,0.0102271123997486,0.000553833843567912,0.000915722529377978,-0.00027172035703379,-0.00100607720868306,-0.00112133206777342,NA,-0.000108877990024155,-0.001217792082135,0.00010101073938854,0.00010101073938854,0.000625524433736664,-0.00112133206777342,0.00342342246827674,0.000361540787838437,-0.00135150768406995,-0.000160768132276363,5.33450308432482e-05,-0.00067269923310648,-0.00067269923310648,0.000461630695910995,NA,NA,NA,NA,0.000173375893626532,-0.000433052945217524,-0.000433052945217524,0.000505053696942699,-7.23531126616254e-05,-0.000600172487460324,NA,-0.000881313995156486,NA,-0.000697876220402039,-0.000118534438914123,0.000915722529377978,0.001512213506412,NA,0.000264205751136229,0.000264205751136229,-0.000403044131755678,-0.000102287819230149,0.00220726081975212,0.00065196978429271,-0.000422484892112659,NA,-0.000600172487460324,NA,NA,-0.000166418031232684,-0.000166418031232684,0.00033235345551664,0.000570184219620092,-0.00116027774811302,3.44285564666336e-05,-0.00644689103212435,NA,0.000137714225866534,0.0018548538300387,-8.04503521912965e-05,-6.37648392777984e-05,-0.000174652973468142,0.227674050640351,-0.000319454547118228,7.09721742125418e-05,-0.000118534438914123,0.00033235345551664,-7.23531126616254e-05,0.00502689799279892,0.000104633092714012,NA,-0.000298917065574778,-5.7587738356836e-05,0.000625524433736664,-0.000769083405761674,5.63468728821559e-06,-0.000102287819230149,7.51824978821005e-05,-8.04503521912965e-05,-7.23531126616254e-05,0.00461781696175938,6.85794905985188e-05,0.00129629434813561,0.00122376781283225,0.000132621952211066,-0.000124303891312535,0.0332482133681429,-0.000306863457690446,-0.000756238091746368,NA,0.227674050640351,-0.00067269923310648,-0.000136248097217377,0.000202569499056299,-0.000403044131755678,-0.000213368561370065,NA,-0.000756238091746368,0.000625524433736664,0.00010101073938854,1.77430435531355e-05,NA,0.00502689799279892,0.000625524433736664,0.000625524433736664,-0.000566215652464081,-0.00116027774811302,-0.000477105359476733,-0.00059411672351166,0.000625524433736664,-0.000433052945217524,0.001512213506412,0.000625524433736664,0.000625524433736664,NA,-0.00297789937347875,-6.37648392777984e-05,-0.000166418031232684,-0.000477105359476733,0.00257423964778125,0.000625524433736664,0.000202569499056299,0.00723819236139845,-0.000300869115049716,-0.000454507677358922,0.001512213506412,0.001512213506412,-0.00297789937347875,0.00257423964778125,0.00257423964778125,NA,0.00065196978429271,0.00257423964778125,-0.00297789937347875,-0.000166418031232684,0.00341913447859366,0.00170567206477603,0.000104633092714012,-0.000403044131755678,NA,-0.000291098276100525,-0.000403044131755678,-0.000403044131755678,-0.000970461596443064,-0.000300869115049716,-0.000166418031232684,-0.00297789937347875,-0.000600172487460324,0.000104633092714012,0.000653247914001128,-2.30108978623314e-05,-0.000263380924775499,0.001512213506412,-0.000970461596443064,NA,-0.00297789937347875
"101",0.000546552255482365,-1.52742977696935e-05,0.000137093159591139,-0.000519794952997583,-0.000519794952997583,NA,NA,4.28905383142937e-05,-8.61022449645234e-05,8.98577836556733e-05,-9.0904844720251e-05,-2.86627906355583e-05,-0.000250024777318113,-0.000359283346901377,NA,0.00010866552175828,-6.31340703173059e-06,NA,NA,3.12404323167059e-05,-0.000236979806978998,-0.000101515598109275,0.000244334919364222,-7.94585225259306e-05,-4.26081189842271e-05,NA,0.0814362860668724,0.0814362860668724,NA,NA,NA,NA,NA,0.000390919405408968,2.25662834394515e-06,2.25662834394515e-06,NA,0.00014519039912081,-0.000124429249119926,NA,0.000402653725545464,0.000318554251170975,-0.00025830673489357,6.00828965809416e-05,-9.0904844720251e-05,-0.000277410597138477,NA,-0.000137441757451805,-0.000137441757451805,0.000249586403591628,0.000115255692552286,NA,3.50183395389982e-05,2.74577860196772e-05,NA,-0.000124429249119926,NA,NA,-0.000148344299049216,-0.000148344299049216,0.000172695146881251,NA,-0.000238303542858727,NA,-0.000795747190791902,NA,5.55852767602049e-05,NA,NA,0.000153778672504637,0.000282167868117451,-0.00067269923310648,0.000115632476446643,NA,6.00828965809416e-05,0.000172695146881251,NA,-0.000380682432197819,1.04721260138478e-05,NA,2.41823015598171e-05,9.05562468595852e-05,3.12404323167059e-05,-0.000265191586842833,0.000122167459682111,0.00081266562787705,0.000292726009664536,0.000137093159591139,NA,-1.04424509525872e-05,-8.61022449645234e-05,0.000366387027621044,0.000223844577508541,NA,0.000237338854031917,-0.000403765790420166,0.000345767077656859,0.00032837794159134,NA,-0.00067269923310648,0.0814362860668724,5.12260674293147e-05,0.000129433828061138,0.000249586403591628,4.17495041236974e-06,NA,0.00032837794159134,3.12404323167059e-05,NA,0.000235286555335571,NA,-0.000380682432197819,3.12404323167059e-05,3.12404323167059e-05,0.00015620216158353,-0.000238303542858727,NA,-0.000129277837231287,3.12404323167059e-05,2.25662834394515e-06,-0.000277410597138477,3.12404323167059e-05,3.12404323167059e-05,NA,-0.000519794952997583,0.000153778672504637,-0.000148344299049216,NA,2.75606637371252e-05,3.12404323167059e-05,0.000129433828061138,0.00010866552175828,0.0322465830734595,-9.24701990461591e-05,-0.000277410597138477,-0.000277410597138477,-0.000519794952997583,2.75606637371252e-05,2.75606637371252e-05,0.000318554251170975,3.50183395389982e-05,2.75606637371252e-05,-0.000519794952997583,-0.000148344299049216,-0.000151958289622447,-0.000108574693616867,1.04721260138478e-05,0.000249586403591628,NA,0.000143988747464346,0.000249586403591628,0.000249586403591628,-1.48312202327947e-06,0.0322465830734595,-0.000148344299049216,-0.000519794952997583,-0.000124429249119926,1.04721260138478e-05,NA,0.000194532613920104,0.000309613516427028,-0.000277410597138477,-1.48312202327947e-06,NA,-0.000519794952997583
"102",NA,0.000107717938793158,0.000350641643013575,-0.000155472211501867,-0.000155472211501867,NA,NA,0.00025643902173673,0.000127446238457913,0.000516954750500546,0.000834829466326747,0.000184885692786878,-9.65730098105223e-06,7.26958269193581e-05,NA,0.000322214005180716,0.000164962386898265,NA,NA,0.000244788915739142,7.26958269193581e-05,0.000112032885313162,0.000237522547360116,0.000135704340700585,0.000170940364438209,NA,5.12260674293147e-05,5.12260674293147e-05,NA,NA,NA,NA,NA,0.000604467888831404,0.000116483401849977,0.000116483401849977,NA,0.000358738882543246,5.31404631180416e-05,NA,2.68311918621849e-05,NA,-2.8186611615484e-05,0.000273631380003378,0.000834829466326747,-3.45545656971197e-05,NA,7.61067259706319e-05,7.61067259706319e-05,0.000141111101212915,0.000328804175974723,NA,0.000248566822961435,0.000129083980687843,NA,5.31404631180416e-05,NA,NA,6.52041843732204e-05,6.52041843732204e-05,NA,NA,0.000402341907408582,NA,-0.000138213992836475,NA,0.000269133760182641,NA,NA,0.000367327155927073,0.00025643902173673,-0.000136248097217377,0.000173171325901326,NA,0.000273631380003378,NA,NA,-3.45032961059575e-05,0.000224020609436284,NA,0.000127446238457913,0.000304104730282022,0.000244788915739142,9.31005846480699e-05,0.000335715943104548,0.000328804175974723,0.000506274493086972,NA,NA,0.000203106032469849,0.000127446238457913,0.000298548601488527,0.000227277376432275,NA,0.000234024514693963,-8.65278075320785e-05,0.000173171325901326,5.12260674293147e-05,NA,-0.000136248097217377,5.12260674293147e-05,0.0250833243838584,0.000342982311483574,0.000141111101212915,0.000217723433834806,NA,5.12260674293147e-05,0.000244788915739142,NA,0.000448835038758007,NA,-3.45032961059575e-05,0.000244788915739142,0.000244788915739142,1.67909114277526e-05,0.000402341907408582,-4.60133642718612e-05,8.42706461911499e-05,0.000244788915739142,0.000116483401849977,-3.45545656971197e-05,0.000244788915739142,0.000244788915739142,NA,-0.000155472211501867,0.000367327155927073,6.52041843732204e-05,-4.60133642718612e-05,0.000241109147159562,0.000244788915739142,0.000342982311483574,0.000322214005180716,0.000182464041935582,NA,-3.45545656971197e-05,-3.45545656971197e-05,-0.000155472211501867,0.000241109147159562,0.000241109147159562,NA,0.000248566822961435,0.000241109147159562,-0.000155472211501867,6.52041843732204e-05,3.93759428667811e-05,6.10677408695708e-05,0.000224020609436284,0.000141111101212915,NA,0.000187349461410177,0.000141111101212915,0.000141111101212915,1.67909114277526e-05,0.000182464041935582,6.52041843732204e-05,-0.000155472211501867,5.31404631180416e-05,0.000224020609436284,NA,0.00040808109734254,4.74731823964522e-05,-3.45545656971197e-05,1.67909114277526e-05,NA,-0.000155472211501867
"103",NA,0.000185925699424981,0.000428849403645398,4.18578897487766e-05,4.18578897487766e-05,NA,0.000464451390935511,0.000334646782368553,0.000205653999089736,0.000673370271764192,0.00106945274822222,0.000263093453418701,6.85504596507709e-05,0.000850996279343737,0.00052704279938983,0.000400421765812539,0.000321377908161911,NA,NA,0.000322996676370966,1.63622783470702e-05,0.000576868083378834,0.000827847407472741,0.000292119861964231,0.000249148125070033,NA,0.000129433828061138,0.000129433828061138,NA,NA,NA,NA,NA,0.000682675649463227,0.0001946911624818,0.0001946911624818,NA,0.00253333373865573,0.000459083238988594,NA,0.000105038952494008,NA,0.000296429089521542,0.000351839140635201,0.00106945274822222,0.000283693181358271,NA,0.000154314486602455,0.000154314486602455,0.000219318861844739,0.000407011936606546,0.00204846839792321,0.000326774583593258,0.000207291741319666,NA,0.000459083238988594,NA,NA,0.000897134385235322,0.000897134385235322,NA,NA,0.000636965189304052,0.000543728312303329,7.58149969680092e-05,NA,0.000347341520814465,0.000498615161556971,NA,0.000445534916558897,0.000334646782368553,0.000202569499056299,0.000251379086533149,0.000857698807290797,0.000351839140635201,NA,NA,0.000989400346045616,0.000302228370068107,NA,0.000205653999089736,0.000961011773316554,0.000322996676370966,2.65646572114262e-05,0.00102423419896161,0.000407011936606546,0.000584482253718795,0.000428849403645398,NA,0.000281313793101672,0.000205653999089736,0.00037675636212035,0.00138335396141249,NA,0.000312232275325786,-8.32004690025529e-06,0.000251379086533149,0.000129433828061138,NA,0.000202569499056299,0.000129433828061138,0.000342982311483574,0.0159278614911959,0.000219318861844739,0.000788249180422123,NA,0.000129433828061138,0.000322996676370966,NA,0.00052704279938983,NA,0.000989400346045616,0.000322996676370966,0.000322996676370966,9.49986720595758e-05,0.000636965189304052,NA,0.000162478406822973,0.000322996676370966,0.0001946911624818,0.000283693181358271,0.000322996676370966,0.000322996676370966,NA,4.18578897487766e-05,0.000445534916558897,0.000897134385235322,NA,0.000319316907791385,0.000322996676370966,0.0159278614911959,0.000400421765812539,0.000260671802567405,0.000199286045008101,0.000283693181358271,0.000283693181358271,4.18578897487766e-05,0.000319316907791385,0.000319316907791385,NA,0.000326774583593258,0.000319316907791385,4.18578897487766e-05,0.000897134385235322,0.000117583703498604,0.000884725054724373,0.000302228370068107,0.000219318861844739,NA,0.000265557222042,0.000219318861844739,0.000219318861844739,0.000386384135608016,0.000260671802567405,0.000897134385235322,4.18578897487766e-05,0.000459083238988594,0.000302228370068107,0.00186801579493778,0.000486288857974363,0.000125680943028275,0.000283693181358271,0.000386384135608016,NA,4.18578897487766e-05
"104",NA,0.000721765122572744,0.000226978193374739,-0.000361884530792541,-0.000361884530792541,NA,NA,0.000132775572097894,3.78278881907736e-06,0.000269627851222875,0.000194347169615563,0.000318831277784949,-7.02547097509119e-05,0.000212445361939006,NA,0.000198550555541881,-8.23645123794063e-05,NA,NA,0.000121125466100307,-8.96282455505748e-05,-1.16305643256739e-05,0.00011385909772128,-0.000111622558577086,0.000290940621087611,NA,0.000249586403591628,0.000249586403591628,NA,NA,NA,NA,NA,0.000480804439192568,0.000445358406853615,0.000445358406853615,0.00100822239214975,0.000235075432904411,0.000255329590657809,NA,2.72227593556221e-06,NA,-0.000107313331019775,0.000149967930364542,0.000194347169615563,-0.000120049239183047,NA,0.00032422837921558,0.00032422837921558,0.0502785458520113,0.000205140726335887,NA,0.000124903373322599,5.42053104900736e-06,NA,0.000255329590657809,NA,NA,-5.84592652656153e-05,-5.84592652656153e-05,0.000262580180664852,NA,3.13515584920752e-05,NA,-0.000612346971336538,NA,0.000145470310543806,NA,NA,0.000683714204065339,0.000461937935684653,-0.000403044131755678,4.95078762624902e-05,NA,0.000149967930364542,0.000262580180664852,NA,-0.000313996970514144,0.000100357159797449,NA,3.78278881907736e-06,0.000180441280643186,0.000121125466100307,-0.000175306553059233,0.000212052493465712,0.000205140726335887,0.000382611043448137,NA,NA,7.94425828310136e-05,3.78278881907736e-06,0.000174885151849691,0.000103613926793439,NA,0.000110361065055127,-0.000210191257170914,0.000295402544013844,-7.2437382209521e-05,NA,-0.000403044131755678,0.000249586403591628,0.000141111101212915,0.000219318861844739,0.0502785458520113,9.40599841959705e-05,NA,-7.2437382209521e-05,0.000121125466100307,NA,0.000325171589119171,NA,-0.000313996970514144,0.000121125466100307,0.000121125466100307,0.000605627330501533,3.13515584920752e-05,NA,-3.93928034476858e-05,0.000121125466100307,0.000445358406853615,-0.000120049239183047,0.000121125466100307,0.000121125466100307,NA,-0.000361884530792541,0.000683714204065339,-5.84592652656153e-05,NA,0.000117445697520726,0.000121125466100307,0.000219318861844739,0.000198550555541881,5.88005922967462e-05,NA,-0.000120049239183047,-0.000120049239183047,-0.000361884530792541,0.000117445697520726,0.000117445697520726,NA,0.000124903373322599,0.000117445697520726,-0.000361884530792541,-5.84592652656153e-05,2.78117779447547e-05,-6.25957087692649e-05,0.000100357159797449,0.0502785458520113,NA,0.03627692548816,0.0502785458520113,0.0502785458520113,-1.73582849333022e-05,5.88005922967462e-05,-5.84592652656153e-05,-0.000361884530792541,0.000255329590657809,0.000100357159797449,NA,0.000284417647703705,0.000238327748493041,-0.000120049239183047,-1.73582849333022e-05,NA,-0.000361884530792541
"105",NA,0.000317720435041289,0.00030359052599663,-0.000140671435336244,-0.000140671435336244,NA,0.000339192513286743,0.000209387904719785,8.0395121440968e-05,0.000113232862488896,7.55925216852404e-05,0.000137834575769933,-5.67084179979972e-05,0.000140208752315097,NA,0.000275162888163771,0.000278608592283458,NA,NA,0.000197737798722197,-2.14064071145319e-05,6.49817682962168e-05,0.000190471430343171,0.000234721522986938,0.000123889247421264,NA,4.17495041236974e-06,4.17495041236974e-06,NA,NA,NA,NA,NA,0.000557416771814459,6.9432284833032e-05,6.9432284833032e-05,NA,0.000311687765526301,6.0893461010966e-06,NA,-2.02199251547602e-05,NA,-7.5237728632429e-05,0.000226580262986433,7.55925216852404e-05,-8.16056827140647e-05,NA,2.90556089536869e-05,2.90556089536869e-05,9.40599841959705e-05,0.000281753058957778,NA,0.00020151570594449,8.20328636708981e-05,NA,6.0893461010966e-06,NA,NA,1.81530673562754e-05,1.81530673562754e-05,NA,NA,5.9246795580568e-05,NA,-0.000441177209466698,NA,0.000222082643165696,NA,NA,0.000320276038910128,0.000209387904719785,-0.000213368561370065,0.000126120208884381,NA,0.000226580262986433,NA,NA,-0.000175656647156793,0.000176969492419339,NA,0.0003571770343708,0.000257053613265077,0.000197737798722197,-9.8694220437342e-05,0.000773716443664069,0.000281753058957778,0.000459223376070027,NA,NA,0.000156054915452904,8.0395121440968e-05,0.000251497484471582,0.00018022625941533,NA,0.000186973397677018,6.61617765731207e-05,0.000126120208884381,4.17495041236974e-06,NA,-0.000213368561370065,4.17495041236974e-06,0.000217723433834806,0.000788249180422123,9.40599841959705e-05,0.0328002826068414,NA,4.17495041236974e-06,0.000197737798722197,NA,0.000401783921741062,NA,-0.000175656647156793,0.000197737798722197,0.000197737798722197,0.000135866380310479,5.9246795580568e-05,NA,3.72195291742049e-05,0.000197737798722197,6.9432284833032e-05,-8.16056827140647e-05,0.000197737798722197,0.000197737798722197,NA,-0.000140671435336244,0.000320276038910128,1.81530673562754e-05,NA,0.000194058030142617,0.000197737798722197,0.000788249180422123,0.000275162888163771,0.000135412924918637,NA,-8.16056827140647e-05,-8.16056827140647e-05,-0.000140671435336244,0.000194058030142617,0.000194058030142617,NA,0.00020151570594449,0.000194058030142617,-0.000140671435336244,1.81530673562754e-05,-7.67517415016389e-06,1.40166238526258e-05,0.000176969492419339,9.40599841959705e-05,NA,0.000140298344393232,9.40599841959705e-05,9.40599841959705e-05,-3.02602055891924e-05,0.000135412924918637,1.81530673562754e-05,-0.000140671435336244,6.0893461010966e-06,0.000176969492419339,NA,0.000361029980325595,4.22065379507244e-07,-8.16056827140647e-05,-3.02602055891924e-05,NA,-0.000140671435336244
"106",NA,NA,NA,NA,NA,NA,NA,NA,NA,0.000271979313174104,NA,NA,NA,NA,NA,NA,NA,NA,NA,NA,4.98498513835103e-05,NA,NA,NA,NA,NA,NA,NA,NA,NA,NA,NA,NA,NA,NA,NA,NA,NA,NA,NA,NA,NA,NA,NA,NA,NA,NA,NA,NA,NA,NA,NA,NA,0.00118923649328851,NA,NA,NA,NA,NA,NA,NA,NA,NA,NA,NA,NA,NA,NA,NA,NA,NA,NA,NA,NA,NA,NA,NA,NA,NA,NA,NA,NA,NA,NA,NA,NA,NA,NA,NA,NA,NA,NA,NA,NA,NA,NA,NA,NA,NA,NA,NA,NA,NA,NA,NA,0.013076941088596,NA,NA,NA,NA,NA,NA,NA,NA,NA,NA,NA,NA,NA,NA,NA,NA,NA,NA,NA,NA,NA,NA,NA,NA,NA,NA,NA,NA,NA,NA,NA,NA,NA,NA,NA,NA,NA,NA,0.000498529344558953,NA,NA,NA,NA,NA,NA,NA,NA,NA,NA,NA,NA,NA,NA,NA,0.000159168516064716,NA,NA,NA,NA
"107",NA,0.000149406916332355,0.000137093159591139,-0.000595524061528059,-0.000595524061528059,NA,NA,0.000282167868117451,2.41823015598171e-05,8.98577836556733e-05,-9.0904844720251e-05,0.000380910178313516,-0.000107275971658499,-0.000316028696873302,NA,0.00010866552175828,0.000147393360600559,NA,NA,3.12404323167059e-05,-0.000129406319336162,0.000379484773518357,2.39740639376791e-05,5.96192220075188e-05,-4.26081189842271e-05,NA,0.00032837794159134,0.00032837794159134,0.000350165463993501,0.000350165463993501,0.000448358859737933,0.000448358859737933,NA,0.000390919405408968,0.000175703305502813,0.000175703305502813,NA,0.00014519039912081,-1.43255106929935e-05,NA,-0.000177047791631639,NA,0.000237500324731326,0.00102587875227922,-9.0904844720251e-05,-0.000299819306750248,NA,0.000452781234297926,0.000452781234297926,-7.2437382209521e-05,0.000115255692552286,NA,3.50183395389982e-05,2.74577860196772e-05,NA,-1.43255106929935e-05,NA,NA,-0.000100301806609568,-0.000100301806609568,NA,NA,-0.000154722291483102,NA,-0.00137579708018062,NA,5.55852767602049e-05,NA,NA,0.000153778672504637,4.28905383142937e-05,-0.000756238091746368,-4.03771575211106e-05,NA,0.000647147239963016,NA,NA,0.000193458412478537,0.00021733104351656,NA,0.000208591815326621,9.05562468595852e-05,3.12404323167059e-05,-0.000265191586842833,0.000440721710853086,0.000426898176593437,0.000292726009664536,NA,0.00014519039912081,0.00017550188958369,0.000441138186097362,0.000366387027621044,0.000223844577508541,NA,0.00164581366253613,-0.000433330322643354,0.000115632476446643,0.0814362860668724,NA,-0.000756238091746368,0.00032837794159134,5.12260674293147e-05,0.000129433828061138,-7.2437382209521e-05,4.17495041236974e-06,NA,0.0814362860668724,3.12404323167059e-05,NA,0.000235286555335571,NA,0.000193458412478537,3.12404323167059e-05,3.12404323167059e-05,0.00129433828061138,-0.000154722291483102,NA,0.00196913562824535,3.12404323167059e-05,0.000175703305502813,-0.000299819306750248,3.12404323167059e-05,3.12404323167059e-05,NA,-0.000595524061528059,0.000153778672504637,-0.000100301806609568,NA,0.000549580541431567,3.12404323167059e-05,0.000129433828061138,0.000413717835005424,0.000373645225759627,1.14463933965458e-05,-0.000299819306750248,-0.000299819306750248,-0.000595524061528059,0.000549580541431567,0.000549580541431567,NA,3.50183395389982e-05,0.000549580541431567,-0.000595524061528059,-0.000100301806609568,0.000269127318778672,-0.000152480742552866,0.00021733104351656,-7.2437382209521e-05,NA,-2.61990220122591e-05,-7.2437382209521e-05,-7.2437382209521e-05,0.00015620216158353,0.000373645225759627,-0.000100301806609568,-0.000595524061528059,-1.43255106929935e-05,0.00021733104351656,-2.1139086808678e-05,0.000194532613920104,0.00160116099029838,-0.000299819306750248,0.00015620216158353,NA,-0.000595524061528059
"108",NA,8.7732303680549e-05,0.000330656007900966,-0.000154528901740087,-0.000154528901740087,NA,NA,0.000236453386624121,0.0032163263246288,0.00184148174352311,0.000774872560988921,0.000526186906837403,-2.9642936093661e-05,0.000458222696366009,NA,0.000302228370068107,-3.56978374079082e-05,NA,NA,0.0281243739441033,0.00135682816821524,0.00038048129188997,0.000631460615983877,-5.03268605067482e-05,0.000150954729325601,NA,3.12404323167059e-05,3.12404323167059e-05,NA,NA,NA,NA,NA,0.000584482253718795,0.0003893823249636,0.0003893823249636,NA,0.000338753247430638,0.00026269644749973,NA,6.84555674957604e-06,NA,0.000322381810035913,0.000253645744890769,0.000774872560988921,0.00192031989138854,NA,5.61210908580231e-05,5.61210908580231e-05,0.000121125466100307,0.000308818540862114,0.000631460615983877,0.000653549167186516,0.000109098345575234,NA,0.00026269644749973,NA,NA,0.000286823890010087,0.000286823890010087,NA,NA,0.000619529101756209,NA,-0.000238142168399519,NA,0.000249148125070033,NA,NA,0.000891069833117793,0.000669293564737107,0.000625524433736664,0.000153185690788717,0.00116428638668979,0.000253645744890769,NA,NA,0.000619808902780827,0.000204034974323675,NA,0.000107460603345304,0.000284119095169413,0.0281243739441033,-7.16287385330058e-05,0.000315730307991939,0.000308818540862114,0.000486288857974363,0.000330656007900966,NA,0.00018312039735724,0.000411307998179472,0.00130258744934794,0.000207291741319666,0.000543728312303329,0.000214038879581354,0.00150453395670887,0.000153185690788717,3.12404323167059e-05,NA,0.000625524433736664,3.12404323167059e-05,0.000244788915739142,0.000322996676370966,0.000121125466100307,0.000197737798722197,NA,3.12404323167059e-05,0.0281243739441033,NA,0.000428849403645398,NA,0.000619808902780827,0.0281243739441033,0.0281243739441033,0.000457314379165623,0.000619529101756209,NA,0.000324956813645946,0.0281243739441033,0.0003893823249636,0.00192031989138854,0.0281243739441033,0.0281243739441033,NA,-0.000154528901740087,0.000891069833117793,0.000286823890010087,NA,0.00063863381558277,0.0281243739441033,0.000322996676370966,0.000302228370068107,0.000162478406822973,NA,0.00192031989138854,0.00192031989138854,-0.000154528901740087,0.00063863381558277,0.00063863381558277,NA,0.000653549167186516,0.00063863381558277,-0.000154528901740087,0.000286823890010087,0.00206537814427598,0.0022172207302955,0.000204034974323675,0.000121125466100307,NA,0.000167363826297569,0.000121125466100307,0.000121125466100307,-3.19472368485617e-06,0.000162478406822973,0.000286823890010087,-0.000154528901740087,0.00026269644749973,0.000204034974323675,0.000541234314491163,0.000388095462229931,0.000549361192071721,0.00192031989138854,-3.19472368485617e-06,NA,-0.000154528901740087
"109",NA,NA,NA,NA,NA,NA,NA,NA,NA,NA,0.000389971822443846,NA,NA,NA,NA,NA,NA,0.00513714461323231,0.00513714461323231,NA,0.00217818479673379,NA,NA,NA,NA,NA,NA,NA,NA,NA,NA,NA,NA,NA,0.000383811585591637,0.000383811585591637,NA,NA,NA,NA,NA,NA,NA,NA,0.000389971822443846,0.000232773618044541,NA,NA,NA,NA,NA,NA,NA,NA,NA,NA,NA,NA,NA,NA,NA,NA,NA,NA,0.000219761553214815,NA,NA,NA,NA,NA,NA,0.00010101073938854,NA,0.000519776431010803,NA,NA,NA,0.000767481255119023,NA,NA,NA,NA,NA,NA,NA,NA,NA,NA,NA,NA,NA,NA,NA,NA,NA,NA,NA,NA,NA,0.00010101073938854,NA,NA,NA,NA,NA,NA,NA,NA,0.00513714461323231,NA,NA,0.000767481255119023,NA,NA,NA,NA,NA,0.00292865197526784,NA,0.000383811585591637,0.000232773618044541,NA,NA,NA,NA,NA,NA,NA,NA,NA,NA,NA,NA,NA,0.000232773618044541,0.000232773618044541,NA,NA,NA,NA,NA,NA,NA,NA,0.00138701093004552,NA,NA,NA,NA,NA,NA,NA,NA,NA,NA,NA,NA,NA,NA,NA,NA,0.000232773618044541,NA,NA,NA
"110",NA,0.000291778426699414,0.000534702130919831,2.85882764043891e-05,2.85882764043891e-05,NA,NA,0.000440499509642986,0.000311506726364169,0.000344344467412097,0.000306704126608441,0.000368946180693134,0.000174403186925204,0.000122215005621503,NA,0.000506274493086972,0.000168348285610957,NA,NA,0.000428849403645398,0.00044081680273187,0.000296093373219418,0.000421583035266372,0.000153719262512117,0.000355000852344465,NA,0.000235286555335571,0.000235286555335571,NA,NA,NA,NA,NA,0.00078852837673766,0.000300543889756233,0.000300543889756233,NA,0.000542799370449502,0.000237200951024298,NA,0.000210891679768441,NA,0.000155873876290772,0.000457691867909634,0.000306704126608441,0.000149505922209136,NA,0.000260167213876888,0.000260167213876888,0.000325171589119171,0.000512864663880979,NA,0.000432627310867691,0.000313144468594099,NA,0.000237200951024298,NA,NA,0.000249264672279476,0.000249264672279476,NA,NA,0.000162541606969053,NA,5.32261615440063e-05,NA,0.000453194248088897,NA,NA,0.000551387643833329,0.000440499509642986,1.77430435531355e-05,0.000357231813807582,NA,0.000457691867909634,NA,NA,1.69265391308731e-05,0.00040808109734254,NA,0.000311506726364169,0.000488165218188278,0.000428849403645398,0.000132417384485859,0.000519776431010803,0.000512864663880979,0.000690334980993228,NA,NA,0.000387166520376105,0.000311506726364169,0.000482609089394783,0.000411337864338531,NA,0.000418085002600219,9.75326803741775e-05,0.000357231813807582,0.000235286555335571,NA,1.77430435531355e-05,0.000235286555335571,0.000448835038758007,0.00052704279938983,0.000325171589119171,0.000401783921741062,NA,0.000235286555335571,0.000428849403645398,NA,0.00849745104129952,NA,1.69265391308731e-05,0.000428849403645398,0.000428849403645398,0.000200851399334009,0.000162541606969053,NA,0.000268331134097406,0.000428849403645398,0.000300543889756233,0.000149505922209136,0.000428849403645398,0.000428849403645398,NA,2.85882764043891e-05,0.000551387643833329,0.000249264672279476,NA,0.000425169635065818,0.000428849403645398,0.00052704279938983,0.000506274493086972,0.000366524529841838,NA,0.000149505922209136,0.000149505922209136,2.85882764043891e-05,0.000425169635065818,0.000425169635065818,NA,0.000432627310867691,0.000425169635065818,2.85882764043891e-05,0.000249264672279476,0.000223436430773037,0.000245128228775827,0.00040808109734254,0.000325171589119171,NA,0.000371409949316433,0.000325171589119171,0.000325171589119171,0.000200851399334009,0.000366524529841838,0.000249264672279476,2.85882764043891e-05,0.000237200951024298,0.00040808109734254,NA,0.000592141585248796,0.000231533670302708,0.000149505922209136,0.000200851399334009,NA,2.85882764043891e-05
"111",NA,NA,NA,NA,NA,NA,NA,NA,NA,NA,NA,0.00137036605373575,NA,NA,NA,NA,NA,NA,NA,NA,NA,NA,NA,NA,NA,NA,NA,NA,NA,NA,NA,NA,NA,NA,NA,NA,NA,NA,NA,NA,NA,NA,NA,NA,NA,NA,NA,NA,NA,NA,NA,NA,NA,NA,NA,NA,NA,NA,NA,NA,NA,NA,NA,NA,0.000141491989429933,NA,NA,NA,NA,NA,NA,NA,NA,NA,NA,NA,NA,NA,NA,NA,NA,NA,NA,NA,NA,NA,NA,NA,NA,NA,NA,NA,NA,NA,NA,NA,NA,NA,NA,NA,NA,NA,NA,NA,NA,NA,NA,NA,NA,NA,0.00231446706242684,NA,NA,NA,NA,NA,NA,NA,NA,NA,NA,NA,NA,NA,NA,NA,NA,NA,NA,NA,NA,NA,NA,NA,NA,NA,NA,NA,NA,NA,NA,NA,NA,NA,NA,NA,NA,NA,NA,NA,NA,NA,NA,NA,NA,NA,NA,NA,NA,NA,NA,NA,NA,NA,NA
"112",NA,-0.000236882988805443,-8.12668566135589e-05,-0.00322924578993676,-0.00322924578993676,0.000173384594084892,NA,-0.000175469477890404,0.00438577980437619,0.00035677062022951,0.000904291467466305,-0.000274169870300577,-0.000343620096158652,-0.000485237614613479,1.69265391308731e-05,-0.000109694494446418,-0.00121429301866612,0.000767481255119023,0.000767481255119023,0.000619808902780827,-0.00138738372223267,0.00233983992093823,0.000356641761304863,-0.00134812025745783,-0.000325549478888985,0.000624484129483149,-0.000380682432197819,-0.000380682432197819,0.000131805447788803,0.000131805447788803,0.000229998843533235,0.000229998843533235,NA,0.00017255938920427,-0.00027832969444333,-0.00027832969444333,0.000274332088575006,5.00475573210885e-05,-0.000607521027260686,NA,-0.000748333373074656,0.000396775261421419,-0.00120733203698107,-0.000158277119623756,0.000904291467466305,0.00224460504881728,NA,-0.000400824661587373,-0.000400824661587373,-0.000313996970514144,-9.82185581595839e-06,0.00351859036960712,0.000889908084540772,-0.000425750909801708,NA,-0.000607521027260686,NA,NA,-0.000576993024164942,-0.000576993024164942,0.0012489682589663,NA,-0.000580851695281666,3.36120520443713e-05,-0.00633905303864764,NA,0.00079022281388532,0.00269788141300327,-8.12668566135589e-05,6.72241040887425e-05,8.36692543938402e-05,0.00502689799279892,-0.000153695847072092,0.00207071267045124,-0.000120167447758648,0.0012489682589663,NA,0.228421798537256,-0.000156765120352358,NA,-0.000432301878721428,0.000274332088575006,0.000619808902780827,-0.000770716414606198,0.000178320880652431,-9.82185581595839e-06,0.00034511877840854,0.00103535633522562,-7.31696170838877e-05,0.00232242580841253,-0.000303816092108352,0.0022696678382515,-0.000204631123194859,0.00045999768706647,-5.9887737772289e-06,0.00452634030767228,0.000472756737788873,0.000193458412478537,NA,0.00502689799279892,-0.000380682432197819,-3.45032961059575e-05,0.000989400346045616,-0.000313996970514144,-0.000175656647156793,NA,0.000193458412478537,0.000619808902780827,0.000767481255119023,1.69265391308731e-05,NA,0.228421798537256,0.000619808902780827,0.000619808902780827,-0.000964299207728684,-0.000580851695281666,-0.000477921863898995,-0.000214464533801624,0.000619808902780827,-0.00027832969444333,0.00224460504881728,0.000619808902780827,0.000619808902780827,7.43659934598382e-05,-0.00322924578993676,6.72241040887425e-05,-0.000576993024164942,-0.000477921863898995,0.00582784480773378,0.000619808902780827,0.000989400346045616,-2.30021974039717e-05,-0.000249444457691552,0.00015361184804965,0.00224460504881728,0.00224460504881728,-0.00322924578993676,0.00582784480773378,0.00582784480773378,0.000396775261421419,0.000889908084540772,0.00582784480773378,-0.00322924578993676,-0.000576993024164942,0.0212732052238284,0.00168689246306399,-0.000156765120352358,-0.000313996970514144,NA,-0.000192688986912371,-0.000313996970514144,-0.000313996970514144,-0.000889261881435597,-0.000249444457691552,-0.000576993024164942,-0.00322924578993676,-0.000607521027260686,-0.000156765120352358,0.00305927987180131,-2.38274022845938e-05,-0.00065852655375499,0.00224460504881728,-0.000889261881435597,NA,-0.00322924578993676
"113",NA,8.7732303680549e-05,0.000330656007900966,-0.000154528901740087,-0.000154528901740087,NA,NA,0.000236453386624121,0.0032163263246288,0.00184148174352311,0.000774872560988921,0.000526186906837403,-2.9642936093661e-05,0.000458222696366009,NA,0.000302228370068107,-3.56978374079082e-05,NA,NA,0.0281243739441033,0.00135682816821524,0.00038048129188997,0.000631460615983877,-5.03268605067482e-05,0.000150954729325601,NA,3.12404323167059e-05,3.12404323167059e-05,NA,NA,NA,NA,NA,0.000584482253718795,0.0003893823249636,0.0003893823249636,NA,0.000338753247430638,0.00026269644749973,NA,6.84555674957604e-06,NA,0.000322381810035913,0.000253645744890769,0.000774872560988921,0.00192031989138854,NA,5.61210908580231e-05,5.61210908580231e-05,0.000121125466100307,0.000308818540862114,0.000631460615983877,0.000653549167186516,0.000109098345575234,NA,0.00026269644749973,NA,NA,0.000286823890010087,0.000286823890010087,NA,NA,0.000619529101756209,NA,-0.000238142168399519,NA,0.000249148125070033,NA,NA,0.000891069833117793,0.000669293564737107,0.000625524433736664,0.000153185690788717,0.00116428638668979,0.000253645744890769,NA,NA,0.000619808902780827,0.000204034974323675,NA,0.000107460603345304,0.000284119095169413,0.0281243739441033,-7.16287385330058e-05,0.000315730307991939,0.000308818540862114,0.000486288857974363,0.000330656007900966,NA,0.00018312039735724,0.000411307998179472,0.00130258744934794,0.000207291741319666,0.000543728312303329,0.000214038879581354,0.00150453395670887,0.000153185690788717,3.12404323167059e-05,NA,0.000625524433736664,3.12404323167059e-05,0.000244788915739142,0.000322996676370966,0.000121125466100307,0.000197737798722197,NA,3.12404323167059e-05,0.0281243739441033,NA,0.000428849403645398,NA,0.000619808902780827,0.0281243739441033,0.0281243739441033,0.000457314379165623,0.000619529101756209,NA,0.000324956813645946,0.0281243739441033,0.0003893823249636,0.00192031989138854,0.0281243739441033,0.0281243739441033,NA,-0.000154528901740087,0.000891069833117793,0.000286823890010087,NA,0.00063863381558277,0.0281243739441033,0.000322996676370966,0.000302228370068107,0.000162478406822973,NA,0.00192031989138854,0.00192031989138854,-0.000154528901740087,0.00063863381558277,0.00063863381558277,NA,0.000653549167186516,0.00063863381558277,-0.000154528901740087,0.000286823890010087,0.00206537814427598,0.0022172207302955,0.000204034974323675,0.000121125466100307,NA,0.000167363826297569,0.000121125466100307,0.000121125466100307,-3.19472368485617e-06,0.000162478406822973,0.000286823890010087,-0.000154528901740087,0.00026269644749973,0.000204034974323675,0.000541234314491163,0.000388095462229931,0.000549361192071721,0.00192031989138854,-3.19472368485617e-06,NA,-0.000154528901740087
"114",NA,8.7732303680549e-05,0.000330656007900966,-0.000154528901740087,-0.000154528901740087,NA,NA,0.000236453386624121,0.0032163263246288,0.00184148174352311,0.000774872560988921,0.000526186906837403,-2.9642936093661e-05,0.000458222696366009,NA,0.000302228370068107,-3.56978374079082e-05,NA,NA,0.0281243739441033,0.00135682816821524,0.00038048129188997,0.000631460615983877,-5.03268605067482e-05,0.000150954729325601,NA,3.12404323167059e-05,3.12404323167059e-05,NA,NA,NA,NA,NA,0.000584482253718795,0.0003893823249636,0.0003893823249636,NA,0.000338753247430638,0.00026269644749973,NA,6.84555674957604e-06,NA,0.000322381810035913,0.000253645744890769,0.000774872560988921,0.00192031989138854,NA,5.61210908580231e-05,5.61210908580231e-05,0.000121125466100307,0.000308818540862114,0.000631460615983877,0.000653549167186516,0.000109098345575234,NA,0.00026269644749973,NA,NA,0.000286823890010087,0.000286823890010087,NA,NA,0.000619529101756209,NA,-0.000238142168399519,NA,0.000249148125070033,NA,NA,0.000891069833117793,0.000669293564737107,0.000625524433736664,0.000153185690788717,0.00116428638668979,0.000253645744890769,NA,NA,0.000619808902780827,0.000204034974323675,NA,0.000107460603345304,0.000284119095169413,0.0281243739441033,-7.16287385330058e-05,0.000315730307991939,0.000308818540862114,0.000486288857974363,0.000330656007900966,NA,0.00018312039735724,0.000411307998179472,0.00130258744934794,0.000207291741319666,0.000543728312303329,0.000214038879581354,0.00150453395670887,0.000153185690788717,3.12404323167059e-05,NA,0.000625524433736664,3.12404323167059e-05,0.000244788915739142,0.000322996676370966,0.000121125466100307,0.000197737798722197,NA,3.12404323167059e-05,0.0281243739441033,NA,0.000428849403645398,NA,0.000619808902780827,0.0281243739441033,0.0281243739441033,0.000457314379165623,0.000619529101756209,NA,0.000324956813645946,0.0281243739441033,0.0003893823249636,0.00192031989138854,0.0281243739441033,0.0281243739441033,NA,-0.000154528901740087,0.000891069833117793,0.000286823890010087,NA,0.00063863381558277,0.0281243739441033,0.000322996676370966,0.000302228370068107,0.000162478406822973,NA,0.00192031989138854,0.00192031989138854,-0.000154528901740087,0.00063863381558277,0.00063863381558277,NA,0.000653549167186516,0.00063863381558277,-0.000154528901740087,0.000286823890010087,0.00206537814427598,0.0022172207302955,0.000204034974323675,0.000121125466100307,NA,0.000167363826297569,0.000121125466100307,0.000121125466100307,-3.19472368485617e-06,0.000162478406822973,0.000286823890010087,-0.000154528901740087,0.00026269644749973,0.000204034974323675,0.000541234314491163,0.000388095462229931,0.000549361192071721,0.00192031989138854,-3.19472368485617e-06,NA,-0.000154528901740087
"115",NA,0.000947786085580883,0.000774872560988921,-0.00041438239254653,-0.00041438239254653,NA,NA,8.45538231273159e-06,0.000105286347321935,0.000434748526282826,9.08785480547516e-05,-6.30979466371205e-05,0.000126159407161413,0.000163622783470702,NA,7.42303657567177e-05,-0.000269236200921736,NA,NA,0.000457314379165623,0.000163622783470702,-7.55147167328096e-05,-1.0461092063883e-05,-0.000327752293317096,0.000235768725262824,NA,0.00015620216158353,0.00015620216158353,0.000827847407472741,0.000315730307991939,0.000413923703736371,0.000413923703736371,0.000413923703736371,0.000356484249407406,0.000733956049462845,0.000733956049462845,5.61210908580231e-05,0.000110755243119248,0.00056574375585507,NA,3.42277837478802e-05,NA,0.00386431414057985,2.56477405793795e-05,9.08785480547516e-05,-0.000272701004048642,NA,0.000280605454290116,0.000280605454290116,0.000605627330501533,8.08205365507243e-05,NA,5.83183537436111e-07,-4.14125259834471e-05,NA,0.00056574375585507,NA,NA,-0.000182779455050778,-0.000182779455050778,NA,NA,-9.4057647260235e-05,NA,-0.00144622958872917,NA,2.11501207586428e-05,0.00017242376150115,0.000102658003589577,0.000119343516503075,8.45538231273159e-06,-0.000566215652464081,0.000242461609652173,NA,2.56477405793795e-05,NA,0.000417897277727359,-0.000964299207728684,0.000148460731513435,NA,-0.000120537400966086,5.61210908580231e-05,0.000457314379165623,-0.000402866694199927,0.000371851398849962,0.000709360159872364,0.000258290853662974,NA,0.000110755243119248,-4.48776069541493e-05,0.000303397562091114,0.00029751671561792,-2.07062629917235e-05,NA,0.000168468542028793,-0.000532567213223436,0.000242461609652173,0.00129433828061138,NA,-0.000566215652464081,0.00015620216158353,1.67909114277526e-05,9.49986720595758e-05,0.000605627330501533,0.000135866380310479,NA,0.00129433828061138,0.000457314379165623,NA,0.000200851399334009,NA,-0.000964299207728684,0.000457314379165623,0.000457314379165623,0.0973022489013525,-9.4057647260235e-05,-0.00029399700369586,0.000130695193024061,0.000457314379165623,0.000733956049462845,-0.000272701004048642,0.000457314379165623,0.000457314379165623,NA,-0.00041438239254653,0.000119343516503075,-0.000182779455050778,-0.00029399700369586,-6.87449226443695e-06,0.000457314379165623,9.49986720595758e-05,7.42303657567177e-05,0.000270339757754941,NA,-0.000272701004048642,-0.000272701004048642,-0.00041438239254653,-6.87449226443695e-06,-6.87449226443695e-06,NA,5.83183537436111e-07,-6.87449226443695e-06,-0.00041438239254653,-0.000182779455050778,9.69515387708615e-05,3.78835717377446e-05,0.000148460731513435,0.000605627330501533,NA,0.000836819131487843,0.000605627330501533,0.000605627330501533,0.00289287518221025,0.000270339757754941,-0.000182779455050778,-0.00041438239254653,0.00056574375585507,0.000148460731513435,NA,0.000160097457918542,0.01242076425399,-0.000272701004048642,0.00289287518221025,NA,-0.00041438239254653
"116",NA,0.000247112556577967,0.000325083213938106,-0.00107695202074272,-0.00107695202074272,0.000134113969136194,9.99501985147338e-05,0.000136677971384416,-0.000158847193331041,8.88701933708521e-05,0.00366598063825535,0.000632951326546569,0.00204315053618195,0.000360054723383687,0.000162541606969053,3.59205733917621e-05,-0.000289076329598547,NA,NA,0.000619529101756209,0.000360054723383687,8.85049800522864e-05,0.000590463628240101,-0.000286796610284886,0.000324134896552477,0.000198143594259166,-0.000238303542858727,-0.000238303542858727,NA,NA,NA,NA,NA,0.00031817445704245,0.000504097295273112,0.000504097295273112,0.000520332445699394,7.24454507542922e-05,-0.000147064708728194,NA,-0.000252301793751621,0.000245809302804457,-0.000363922785519655,0.000171062687917712,0.00366598063825535,5.34340256974791e-05,NA,0.000261837239997041,0.000261837239997041,3.13515584920752e-05,4.25107441857687e-05,0.000320585896933675,0.000120933573833825,-0.000118032110713358,NA,-0.000147064708728194,NA,0.000417283922376873,0.000196421990412571,0.000196421990412571,NA,0.000179227119882551,0.117978019471846,0.000179227119882551,-0.00237455070424278,NA,0.000162067448276238,0.000134113969136194,6.4348211224621e-05,0.000358454239765102,0.000136677971384416,-0.00116027774811302,0.000574379492118807,0.000128696422449242,0.000171062687917712,NA,0.00107532896897262,-0.000580851695281666,7.18411467835242e-05,NA,0.000150158392631291,0.000232009388474999,0.000619529101756209,-0.000337936535209351,4.94225113155934e-05,4.25107441857687e-05,0.000219981061298018,6.4348211224621e-05,NA,-8.31873993191049e-05,-0.000121307595173218,1.22551696995725e-05,7.83546807755057e-05,NA,-5.22689170949913e-05,-0.00024961917310526,-0.000113122105887628,-0.000154722291483102,NA,-0.00116027774811302,-0.000238303542858727,0.000402341907408582,0.000636965189304052,3.13515584920752e-05,5.9246795580568e-05,NA,-0.000154722291483102,0.000619529101756209,NA,0.000162541606969053,NA,-0.000580851695281666,0.000619529101756209,0.000619529101756209,-9.4057647260235e-05,0.117978019471846,NA,-0.000207658779706745,0.000619529101756209,0.000504097295273112,5.34340256974791e-05,0.000619529101756209,0.000619529101756209,NA,-0.00107695202074272,0.000358454239765102,0.000196421990412571,NA,0.000331345696332014,0.000619529101756209,0.000636965189304052,0.000268227938272388,-1.12719882178806e-05,-0.00013404350333649,5.34340256974791e-05,5.34340256974791e-05,-0.00107695202074272,0.000331345696332014,0.000331345696332014,0.000245809302804457,0.000120933573833825,0.000331345696332014,-0.00107695202074272,0.000196421990412571,0.000201223567541558,0.0005548359705113,7.18411467835242e-05,3.13515584920752e-05,NA,0.000170066639083861,3.13515584920752e-05,3.13515584920752e-05,-0.000207522580249059,-1.12719882178806e-05,0.000196421990412571,-0.00107695202074272,-0.000147064708728194,7.18411467835242e-05,0.000410011025254673,0.000121787665553586,0.000446079502726352,5.34340256974791e-05,-0.000207522580249059,NA,-0.00107695202074272
"117",NA,NA,NA,-0.000736133461762095,-0.000736133461762095,NA,NA,NA,-0.000183341676665699,NA,NA,NA,-0.000320445216104665,-0.000372633397408365,NA,NA,-0.000326500117418912,NA,NA,NA,NA,NA,NA,-0.000341129140517752,-0.000139847550685403,NA,NA,NA,NA,NA,NA,NA,NA,NA,NA,NA,NA,NA,-0.000318908112522278,NA,NA,NA,NA,NA,NA,NA,NA,NA,NA,NA,NA,NA,NA,NA,NA,-0.000318908112522278,NA,NA,NA,NA,NA,NA,NA,NA,-0.000566428718002297,NA,NA,NA,NA,NA,NA,-0.000477105359476733,NA,NA,NA,NA,NA,-0.000477921863898995,NA,NA,NA,NA,NA,0.267408556477095,NA,NA,NA,NA,NA,NA,NA,NA,NA,NA,NA,-0.000397315722655691,NA,NA,NA,-0.000477105359476733,NA,-4.60133642718612e-05,NA,NA,NA,NA,NA,NA,NA,NA,NA,-0.000477921863898995,NA,NA,-0.00029399700369586,NA,0.132996595839232,NA,NA,NA,NA,NA,NA,NA,-0.000736133461762095,NA,NA,0.132996595839232,NA,NA,NA,NA,NA,NA,NA,NA,-0.000736133461762095,NA,NA,NA,NA,NA,-0.000736133461762095,NA,-0.000271411972256831,NA,NA,NA,NA,NA,NA,NA,NA,NA,NA,-0.000736133461762095,-0.000318908112522278,NA,NA,NA,NA,NA,NA,NA,-0.000736133461762095
"118",NA,5.08148597539769e-05,0.000170137738352974,-0.000422186823140508,-0.000422186823140508,NA,NA,7.59351170761289e-05,9.02714590834875e-05,-2.02199251547602e-05,8.06662595720322e-05,0.000480043914599022,0.000381990241057053,-7.17569131698223e-05,NA,0.000141710100520115,-0.000196045422422938,0.002897984171221,0.002897984171221,0.000324956813645946,0.000838420131104675,5.9444752793985e-05,5.70186426995143e-05,-0.000225303468620617,-9.5635402223919e-06,NA,-0.000129277837231287,-0.000129277837231287,NA,0.000383210042755336,0.000481403438499768,0.000481403438499768,NA,0.000423963984170803,6.83457858676155e-05,6.83457858676155e-05,NA,0.000178234977882645,-5.83400915962554e-05,NA,-0.000153672712798416,NA,-0.000220994241063307,0.000382641742174417,8.06662595720322e-05,-0.000178276860852972,NA,-1.24075658910748e-05,-1.24075658910748e-05,-3.93928034476858e-05,0.000148300271314122,NA,6.80629183008334e-05,9.35469435433475e-05,NA,-5.83400915962554e-05,NA,NA,-0.000115299720287381,-0.000115299720287381,NA,NA,-0.000207658779706745,NA,-0.00112336696277823,NA,8.86298555220401e-05,NA,NA,0.000186823251266472,7.59351170761289e-05,-0.00059411672351166,-7.33257875927543e-06,7.19443426085419e-05,0.000382641742174417,NA,NA,-0.000214464533801624,0.00028342020104023,0.0005795968342442,9.02714590834875e-05,0.00012360082562142,0.000324956813645946,-0.000232147008080998,0.000506810868376756,0.000492987334117107,0.000325770588426371,NA,0.000178234977882645,0.00024159104710736,9.02714590834875e-05,0.000432476185144715,4.67734717716738e-05,NA,0.00184408113510714,-0.000334196586357848,0.000181721633970313,0.00196913562824535,NA,-0.00059411672351166,-0.000129277837231287,8.42706461911499e-05,0.000162478406822973,-3.93928034476858e-05,3.72195291742049e-05,NA,0.00196913562824535,0.000324956813645946,0.002897984171221,0.000268331134097406,NA,-0.000214464533801624,0.000324956813645946,0.000324956813645946,0.000130695193024061,-0.000207658779706745,NA,0.0683924264408156,0.000324956813645946,6.83457858676155e-05,-0.000178276860852972,0.000324956813645946,0.000324956813645946,NA,-0.000422186823140508,0.000186823251266472,-0.000115299720287381,NA,6.06052424989603e-05,0.000324956813645946,0.000162478406822973,0.000141710100520115,1.96013727498059e-06,NA,-0.000178276860852972,-0.000178276860852972,-0.000422186823140508,6.06052424989603e-05,6.06052424989603e-05,NA,6.80629183008334e-05,6.06052424989603e-05,-0.000422186823140508,-0.000115299720287381,0.000941750257440028,-0.000119436163791031,0.00028342020104023,-3.93928034476858e-05,NA,6.84555674957604e-06,-3.93928034476858e-05,-3.93928034476858e-05,-0.000131039194976833,1.96013727498059e-06,-0.000115299720287381,-0.000422186823140508,-5.83400915962554e-05,0.00028342020104023,1.19054919531572e-05,0.000227577192681939,6.7806383427744e-05,-0.000178276860852972,-0.000131039194976833,NA,-0.000422186823140508
"119",NA,8.7732303680549e-05,0.000330656007900966,-0.000154528901740087,-0.000154528901740087,NA,NA,0.000236453386624121,0.0032163263246288,0.00184148174352311,0.000774872560988921,0.000526186906837403,-2.9642936093661e-05,0.000458222696366009,NA,0.000302228370068107,-3.56978374079082e-05,NA,NA,0.0281243739441033,0.00135682816821524,0.00038048129188997,0.000631460615983877,-5.03268605067482e-05,0.000150954729325601,NA,3.12404323167059e-05,3.12404323167059e-05,NA,NA,NA,NA,NA,0.000584482253718795,0.0003893823249636,0.0003893823249636,NA,0.000338753247430638,0.00026269644749973,NA,6.84555674957604e-06,NA,0.000322381810035913,0.000253645744890769,0.000774872560988921,0.00192031989138854,NA,5.61210908580231e-05,5.61210908580231e-05,0.000121125466100307,0.000308818540862114,0.000631460615983877,0.000653549167186516,0.000109098345575234,NA,0.00026269644749973,NA,NA,0.000286823890010087,0.000286823890010087,NA,NA,0.000619529101756209,NA,-0.000238142168399519,NA,0.000249148125070033,NA,NA,0.000891069833117793,0.000669293564737107,0.000625524433736664,0.000153185690788717,0.00116428638668979,0.000253645744890769,NA,NA,0.000619808902780827,0.000204034974323675,NA,0.000107460603345304,0.000284119095169413,0.0281243739441033,-7.16287385330058e-05,0.000315730307991939,0.000308818540862114,0.000486288857974363,0.000330656007900966,NA,0.00018312039735724,0.000411307998179472,0.00130258744934794,0.000207291741319666,0.000543728312303329,0.000214038879581354,0.00150453395670887,0.000153185690788717,3.12404323167059e-05,NA,0.000625524433736664,3.12404323167059e-05,0.000244788915739142,0.000322996676370966,0.000121125466100307,0.000197737798722197,NA,3.12404323167059e-05,0.0281243739441033,NA,0.000428849403645398,NA,0.000619808902780827,0.0281243739441033,0.0281243739441033,0.000457314379165623,0.000619529101756209,NA,0.000324956813645946,0.0281243739441033,0.0003893823249636,0.00192031989138854,0.0281243739441033,0.0281243739441033,NA,-0.000154528901740087,0.000891069833117793,0.000286823890010087,NA,0.00063863381558277,0.0281243739441033,0.000322996676370966,0.000302228370068107,0.000162478406822973,NA,0.00192031989138854,0.00192031989138854,-0.000154528901740087,0.00063863381558277,0.00063863381558277,NA,0.000653549167186516,0.00063863381558277,-0.000154528901740087,0.000286823890010087,0.00206537814427598,0.0022172207302955,0.000204034974323675,0.000121125466100307,NA,0.000167363826297569,0.000121125466100307,0.000121125466100307,-3.19472368485617e-06,0.000162478406822973,0.000286823890010087,-0.000154528901740087,0.00026269644749973,0.000204034974323675,0.000541234314491163,0.000388095462229931,0.000549361192071721,0.00192031989138854,-3.19472368485617e-06,NA,-0.000154528901740087
"120",NA,0.000115240371071631,0.000601087779512466,-0.000299622688114872,-0.000299622688114872,NA,NA,0.000412682536958776,-2.08449105438611e-05,0.000502877041732392,0.00101175247005901,3.6594543785104e-05,0.000575266775010016,0.000910161619742403,NA,0.000173922856178942,-2.51115036710296e-05,0.000383811585591637,0.000383811585591637,0.0003893823249636,-5.49993591906525e-05,0.000123870264111639,8.92313983583414e-05,-6.89985729675496e-05,0.000876144027701197,NA,2.25662834394515e-06,2.25662834394515e-06,NA,NA,NA,NA,NA,0.00045617673982963,0.0575101014508845,0.0575101014508845,0.000155813581280248,0.000210447733541472,0.000952053359604579,NA,0.000102518678801423,NA,0.000694301665675962,0.00128690808996187,0.00101175247005901,0.00022576144806248,NA,5.20179454265795e-05,5.20179454265795e-05,0.000445358406853615,0.000180513026972949,NA,0.000100275673959661,0.000157972454861002,NA,0.000952053359604579,NA,NA,0.00021763765633453,0.00021763765633453,NA,NA,0.000504097295273112,NA,-0.000874814117177304,0.00187401217364895,0.000120842611180867,NA,NA,0.000219036006925299,0.000108147872734956,-0.000433052945217524,0.000246147145287967,0.000104157098267369,0.000125340231001604,NA,0.000210447733541472,-0.00027832969444333,0.000347845712357884,NA,0.000154696970401142,0.000155813581280248,0.0003893823249636,-0.000199934252422171,0.000187424794102773,0.000180513026972949,0.000357983344085198,NA,NA,5.48148834680752e-05,-2.08449105438611e-05,0.000496901696462369,7.89862274305009e-05,NA,8.57333656921888e-05,-0.000237558319381367,2.48801768995517e-05,0.000175703305502813,NA,-0.000433052945217524,2.25662834394515e-06,0.000116483401849977,0.0001946911624818,0.000445358406853615,6.9432284833032e-05,NA,0.000175703305502813,0.0003893823249636,0.000383811585591637,0.000300543889756233,NA,-0.00027832969444333,0.0003893823249636,0.0003893823249636,0.000733956049462845,0.000504097295273112,NA,6.83457858676155e-05,0.0003893823249636,0.0575101014508845,0.00022576144806248,0.0003893823249636,0.0003893823249636,NA,-0.000299622688114872,0.000219036006925299,0.00021763765633453,NA,9.28179981577875e-05,0.0003893823249636,0.0001946911624818,0.000173922856178942,3.41728929338077e-05,NA,0.00022576144806248,0.00022576144806248,-0.000299622688114872,9.28179981577875e-05,9.28179981577875e-05,NA,0.000100275673959661,9.28179981577875e-05,-0.000299622688114872,0.00021763765633453,0.000595413990881984,-8.72234081322033e-05,0.000347845712357884,0.000445358406853615,NA,0.000584073487445401,0.000445358406853615,0.000445358406853615,0.000733956049462845,3.41728929338077e-05,0.00021763765633453,-0.000299622688114872,0.000952053359604579,0.000347845712357884,NA,0.000259789948340766,0.000635900188530339,0.00022576144806248,0.000733956049462845,NA,-0.000299622688114872
"121",NA,-0.000107934983046948,0.000299011844418273,-0.00118875362292564,-0.00118875362292564,0.000121078284376277,NA,-4.28900948121407e-05,0.000491660206361227,0.000688686652648796,0.00345740968209668,0.000327773470907485,-0.000330961030272565,2.83938568968439e-05,NA,2.28848886318454e-05,-0.000275643241912423,0.000232773618044541,0.000232773618044541,0.00192031989138854,-0.000598576201838598,0.00294501934723617,0.0184308648942372,-0.000378046403604303,0.00027199215751281,0.000185107909499249,-0.000277410597138477,-0.000277410597138477,NA,NA,NA,NA,NA,0.000806664336053931,0.00022576144806248,0.00022576144806248,4.77561373315082e-06,5.94097659943754e-05,0.000206325415980964,NA,-0.000348609057884508,NA,-0.000263484327448471,0.000144991318397878,0.00345740968209668,0.125790652903169,NA,2.38780686657541e-05,2.38780686657541e-05,-0.000120049239183047,2.9475059425852e-05,0.00348255686848207,0.00121838371338236,0.000104566622511345,NA,0.000206325415980964,NA,NA,-0.00023547624630676,-0.00023547624630676,0.000727642091484642,NA,5.34340256974791e-05,0.000166191435122634,-0.00219437007895011,NA,0.000135996078756405,0.00224942718116464,0.000299011844418273,0.000332382870245269,0.000110606601864583,0.001512213506412,8.84251782775561e-05,0.00124167225922861,-2.56977365454928e-05,0.000727642091484642,5.94097659943754e-05,0.00224460504881728,0.000240973028882431,NA,-4.87500840526823e-05,0.000481225391419644,0.00192031989138854,-0.000350972219969268,3.63868265556767e-05,2.9475059425852e-05,0.000206945376538101,5.13125264647043e-05,NA,0.000178229297983126,9.80156535916246e-05,0.00151827438454491,0.000497340205489072,0.000725156453222997,0.000270984744655467,0.00386574315285128,-0.000126157790647545,-0.000299819306750248,NA,0.001512213506412,-0.000277410597138477,-3.45545656971197e-05,0.000283693181358271,-0.000120049239183047,-8.16056827140647e-05,NA,-0.000299819306750248,0.00192031989138854,0.000232773618044541,0.000149505922209136,NA,0.00224460504881728,0.00192031989138854,0.00192031989138854,-0.000272701004048642,5.34340256974791e-05,NA,-0.000178276860852972,0.00192031989138854,0.00022576144806248,0.125790652903169,0.00192031989138854,0.00192031989138854,NA,-0.00118875362292564,0.000332382870245269,-0.00023547624630676,NA,0.000292238642052263,0.00192031989138854,0.000283693181358271,2.28848886318454e-05,-0.000116865074613289,-6.78539462975894e-05,0.125790652903169,0.125790652903169,-0.00118875362292564,0.000292238642052263,0.000292238642052263,NA,0.00121838371338236,0.000292238642052263,-0.00118875362292564,-0.00023547624630676,0.00110479761456205,0.00277270817159833,0.000240973028882431,-0.000120049239183047,NA,-2.75725187885232e-05,-0.000120049239183047,-0.000120049239183047,-0.000344605654529017,-0.000116865074613289,-0.00023547624630676,-0.00118875362292564,0.000206325415980964,0.000240973028882431,0.00183911382190513,0.000108751980793669,-0.000119289649205144,0.125790652903169,-0.000344605654529017,NA,-0.00118875362292564
"122",NA,8.7732303680549e-05,0.000330656007900966,-0.000154528901740087,-0.000154528901740087,NA,NA,0.000236453386624121,0.0032163263246288,0.00184148174352311,0.000774872560988921,0.000526186906837403,-2.9642936093661e-05,0.000458222696366009,NA,0.000302228370068107,-3.56978374079082e-05,NA,NA,0.0281243739441033,0.00135682816821524,0.00038048129188997,0.000631460615983877,-5.03268605067482e-05,0.000150954729325601,NA,3.12404323167059e-05,3.12404323167059e-05,NA,NA,NA,NA,NA,0.000584482253718795,0.0003893823249636,0.0003893823249636,NA,0.000338753247430638,0.00026269644749973,NA,6.84555674957604e-06,NA,0.000322381810035913,0.000253645744890769,0.000774872560988921,0.00192031989138854,NA,5.61210908580231e-05,5.61210908580231e-05,0.000121125466100307,0.000308818540862114,0.000631460615983877,0.000653549167186516,0.000109098345575234,NA,0.00026269644749973,NA,NA,0.000286823890010087,0.000286823890010087,NA,NA,0.000619529101756209,NA,-0.000238142168399519,NA,0.000249148125070033,NA,NA,0.000891069833117793,0.000669293564737107,0.000625524433736664,0.000153185690788717,0.00116428638668979,0.000253645744890769,NA,NA,0.000619808902780827,0.000204034974323675,NA,0.000107460603345304,0.000284119095169413,0.0281243739441033,-7.16287385330058e-05,0.000315730307991939,0.000308818540862114,0.000486288857974363,0.000330656007900966,NA,0.00018312039735724,0.000411307998179472,0.00130258744934794,0.000207291741319666,0.000543728312303329,0.000214038879581354,0.00150453395670887,0.000153185690788717,3.12404323167059e-05,NA,0.000625524433736664,3.12404323167059e-05,0.000244788915739142,0.000322996676370966,0.000121125466100307,0.000197737798722197,NA,3.12404323167059e-05,0.0281243739441033,NA,0.000428849403645398,NA,0.000619808902780827,0.0281243739441033,0.0281243739441033,0.000457314379165623,0.000619529101756209,NA,0.000324956813645946,0.0281243739441033,0.0003893823249636,0.00192031989138854,0.0281243739441033,0.0281243739441033,NA,-0.000154528901740087,0.000891069833117793,0.000286823890010087,NA,0.00063863381558277,0.0281243739441033,0.000322996676370966,0.000302228370068107,0.000162478406822973,NA,0.00192031989138854,0.00192031989138854,-0.000154528901740087,0.00063863381558277,0.00063863381558277,NA,0.000653549167186516,0.00063863381558277,-0.000154528901740087,0.000286823890010087,0.00206537814427598,0.0022172207302955,0.000204034974323675,0.000121125466100307,NA,0.000167363826297569,0.000121125466100307,0.000121125466100307,-3.19472368485617e-06,0.000162478406822973,0.000286823890010087,-0.000154528901740087,0.00026269644749973,0.000204034974323675,0.000541234314491163,0.000388095462229931,0.000549361192071721,0.00192031989138854,-3.19472368485617e-06,NA,-0.000154528901740087
"123",NA,8.7732303680549e-05,0.000330656007900966,-0.000154528901740087,-0.000154528901740087,NA,NA,0.000236453386624121,0.0032163263246288,0.00184148174352311,0.000774872560988921,0.000526186906837403,-2.9642936093661e-05,0.000458222696366009,NA,0.000302228370068107,-3.56978374079082e-05,NA,NA,0.0281243739441033,0.00135682816821524,0.00038048129188997,0.000631460615983877,-5.03268605067482e-05,0.000150954729325601,NA,3.12404323167059e-05,3.12404323167059e-05,NA,NA,NA,NA,NA,0.000584482253718795,0.0003893823249636,0.0003893823249636,NA,0.000338753247430638,0.00026269644749973,NA,6.84555674957604e-06,NA,0.000322381810035913,0.000253645744890769,0.000774872560988921,0.00192031989138854,NA,5.61210908580231e-05,5.61210908580231e-05,0.000121125466100307,0.000308818540862114,0.000631460615983877,0.000653549167186516,0.000109098345575234,NA,0.00026269644749973,NA,NA,0.000286823890010087,0.000286823890010087,NA,NA,0.000619529101756209,NA,-0.000238142168399519,NA,0.000249148125070033,NA,NA,0.000891069833117793,0.000669293564737107,0.000625524433736664,0.000153185690788717,0.00116428638668979,0.000253645744890769,NA,NA,0.000619808902780827,0.000204034974323675,NA,0.000107460603345304,0.000284119095169413,0.0281243739441033,-7.16287385330058e-05,0.000315730307991939,0.000308818540862114,0.000486288857974363,0.000330656007900966,NA,0.00018312039735724,0.000411307998179472,0.00130258744934794,0.000207291741319666,0.000543728312303329,0.000214038879581354,0.00150453395670887,0.000153185690788717,3.12404323167059e-05,NA,0.000625524433736664,3.12404323167059e-05,0.000244788915739142,0.000322996676370966,0.000121125466100307,0.000197737798722197,NA,3.12404323167059e-05,0.0281243739441033,NA,0.000428849403645398,NA,0.000619808902780827,0.0281243739441033,0.0281243739441033,0.000457314379165623,0.000619529101756209,NA,0.000324956813645946,0.0281243739441033,0.0003893823249636,0.00192031989138854,0.0281243739441033,0.0281243739441033,NA,-0.000154528901740087,0.000891069833117793,0.000286823890010087,NA,0.00063863381558277,0.0281243739441033,0.000322996676370966,0.000302228370068107,0.000162478406822973,NA,0.00192031989138854,0.00192031989138854,-0.000154528901740087,0.00063863381558277,0.00063863381558277,NA,0.000653549167186516,0.00063863381558277,-0.000154528901740087,0.000286823890010087,0.00206537814427598,0.0022172207302955,0.000204034974323675,0.000121125466100307,NA,0.000167363826297569,0.000121125466100307,0.000121125466100307,-3.19472368485617e-06,0.000162478406822973,0.000286823890010087,-0.000154528901740087,0.00026269644749973,0.000204034974323675,0.000541234314491163,0.000388095462229931,0.000549361192071721,0.00192031989138854,-3.19472368485617e-06,NA,-0.000154528901740087
"124",NA,NA,NA,NA,NA,NA,NA,NA,NA,NA,NA,NA,NA,0.0005556957113898,NA,NA,NA,NA,NA,NA,NA,NA,NA,NA,NA,NA,NA,NA,NA,NA,NA,NA,NA,NA,NA,NA,NA,NA,NA,NA,NA,NA,NA,NA,NA,NA,NA,NA,NA,NA,NA,NA,NA,NA,NA,NA,NA,NA,NA,NA,NA,NA,NA,NA,NA,NA,NA,NA,NA,NA,NA,NA,NA,NA,NA,NA,NA,7.43659934598382e-05,NA,NA,NA,NA,NA,NA,NA,NA,NA,NA,NA,NA,NA,0.000540048543723748,NA,NA,NA,NA,NA,NA,NA,NA,NA,NA,NA,NA,NA,NA,NA,NA,NA,NA,NA,7.43659934598382e-05,NA,NA,NA,NA,NA,NA,NA,NA,NA,NA,NA,0.00600960408684013,NA,NA,NA,NA,NA,NA,NA,NA,NA,NA,NA,NA,NA,NA,NA,NA,NA,NA,NA,NA,NA,NA,NA,NA,NA,NA,NA,NA,NA,NA,NA,NA,NA,NA,NA,NA,NA,NA,NA,NA,NA
"125",NA,-0.000352215466455788,5.71765528087782e-05,0.217846398969308,0.217846398969308,0.000196708068631924,NA,-0.000131228689744912,-0.000389214256302546,-0.000254303965435652,-2.41834913450937e-05,-0.000155897112311504,-0.000694098134248252,-0.00155900844582549,NA,-9.80327571729018e-05,0.0452809629415411,NA,NA,-0.000154528901740087,-0.00147692085380376,-0.000401079363645332,-8.12740947603164e-05,0.0429403192457267,-0.000281020643526035,6.41902636945019e-05,-0.000519794952997583,-0.000519794952997583,NA,NA,NA,NA,NA,0.000184221126477786,-0.000299622688114872,-0.000299622688114872,-0.000116142032071596,-6.15078798103717e-05,-0.000409148991797547,NA,-0.000590944557629582,0.000111855972239793,0.000341087849626485,0.00958178177267428,-2.41834913450937e-05,-0.00118875362292564,NA,-0.000580710160357982,-0.000580710160357982,-0.000361884530792541,1.35016187310737e-05,-8.12740947603164e-05,0.000281590324596032,-0.000315823886771926,NA,-0.000409148991797547,NA,NA,-0.000393991900502433,-0.000393991900502433,NA,NA,-0.00107695202074272,NA,-0.00598296344045471,NA,1.35595437072611e-05,0.000786189720241577,-6.96051193400429e-05,0.000308139730940557,-2.45246716304725e-05,-0.00297789937347875,-9.53871607045121e-05,0.000114353105617556,2.70524031694711e-05,NA,7.33710318681205e-05,-0.00322924578993676,0.00015885925697028,NA,-0.000411503021466924,0.000118472454005402,-0.000154528901740087,-0.000948771047101854,2.73251529907229e-05,-9.14425863788951e-05,8.60277307333542e-05,0.000258083192200063,-6.15078798103717e-05,-8.30157535796192e-05,-0.000324012597921576,0.000531499217231492,-0.000189551980353822,NA,4.06581753168353e-05,-0.00184715573251365,4.0504856193221e-05,-0.000595524061528059,NA,-0.00297789937347875,-0.000519794952997583,-0.000155472211501867,4.18578897487766e-05,-0.000361884530792541,-0.000140671435336244,NA,-0.000595524061528059,-0.000154528901740087,NA,2.85882764043891e-05,NA,-0.00322924578993676,-0.000154528901740087,-0.000154528901740087,-0.00041438239254653,-0.00107695202074272,-0.000736133461762095,-0.000422186823140508,-0.000154528901740087,-0.000299622688114872,-0.00118875362292564,-0.000154528901740087,-0.000154528901740087,NA,0.217846398969308,0.000308139730940557,-0.000393991900502433,-0.000736133461762095,-0.000179137615194056,-0.000154528901740087,4.18578897487766e-05,-9.80327571729018e-05,9.6261152398757e-05,0.0309267118661577,-0.00118875362292564,-0.00118875362292564,0.217846398969308,-0.000179137615194056,-0.000179137615194056,0.000111855972239793,0.000281590324596032,-0.000179137615194056,0.217846398969308,-0.000393991900502433,-0.000690325058028328,-0.000651168919980733,0.00015885925697028,-0.000361884530792541,NA,-0.000269407810398017,-0.000361884530792541,-0.000361884530792541,-0.000871005309540556,9.6261152398757e-05,-0.000393991900502433,0.217846398969308,-0.000409148991797547,0.00015885925697028,-0.000125802297003983,-1.21656650110778e-05,-0.000249047260738858,-0.00118875362292564,-0.000871005309540556,NA,0.217846398969308
"126",NA,0.00021027054386848,0.000453194248088897,0.000308139730940557,0.000308139730940557,NA,NA,0.000358991626812052,0.000229998843533235,0.000262836584581163,0.000225196243777508,0.00132921344380679,9.28953040942699e-05,4.07071227905692e-05,NA,0.000424766610256038,8.68404027800227e-05,NA,NA,0.000891069833117793,4.07071227905692e-05,0.000214585490388484,0.000340075152435438,7.22113796811827e-05,0.000743372730515927,NA,0.000153778672504637,0.000153778672504637,NA,NA,NA,NA,NA,0.000707020493906726,0.000219036006925299,0.000219036006925299,NA,0.000461291487618568,0.000155693068193364,NA,0.000129383796937507,NA,7.43659934598382e-05,0.0003761839850787,0.000225196243777508,0.000332382870245269,NA,0.000178659331045954,0.000178659331045954,0.000683714204065339,0.000431356781050045,NA,0.000351119428036757,0.000231636585763165,NA,0.000155693068193364,NA,NA,0.000531900370385949,0.000531900370385949,NA,NA,0.000358454239765102,NA,0.000173194374742005,NA,0.000371686365257964,NA,NA,0.013802453503682,0.013412935992586,-6.37648392777984e-05,0.000275723930976648,NA,0.0003761839850787,NA,NA,6.72241040887425e-05,0.000326573214511606,NA,0.000229998843533235,0.000406657335357344,0.000891069833117793,5.09095016549251e-05,0.00043826854817987,0.000431356781050045,0.000608827098162294,NA,NA,0.000305658637545171,0.000229998843533235,0.000401101206563849,0.000329829981507597,NA,0.000336577119769285,1.60247975432437e-05,0.000275723930976648,0.000153778672504637,NA,-6.37648392777984e-05,0.000153778672504637,0.000367327155927073,0.000445534916558897,0.000683714204065339,0.000320276038910128,NA,0.000153778672504637,0.000891069833117793,NA,0.000551387643833329,NA,6.72241040887425e-05,0.000891069833117793,0.000891069833117793,0.000119343516503075,0.000358454239765102,NA,0.000186823251266472,0.000891069833117793,0.000219036006925299,0.000332382870245269,0.000891069833117793,0.000891069833117793,NA,0.000308139730940557,0.013802453503682,0.000531900370385949,NA,0.000343661752234884,0.000891069833117793,0.000445534916558897,0.000424766610256038,0.000285016647010904,NA,0.000332382870245269,0.000332382870245269,0.000308139730940557,0.000343661752234884,0.000343661752234884,NA,0.000351119428036757,0.000343661752234884,0.000308139730940557,0.000531900370385949,0.000141928547942103,0.00052362748337865,0.000326573214511606,0.000683714204065339,NA,0.000776190924459863,0.000683714204065339,0.000683714204065339,0.000119343516503075,0.000285016647010904,0.000531900370385949,0.000308139730940557,0.000155693068193364,0.000326573214511606,NA,0.000510633702417862,0.000150025787471774,0.000332382870245269,0.000119343516503075,NA,0.000308139730940557
"127",NA,-9.18524276853731e-05,0.000498529344558953,-0.000393991900502433,-0.000393991900502433,NA,NA,5.68686552581993e-05,5.21385354476283e-05,-3.92863869726897e-05,0.000236118366891155,-1.46846736916527e-05,9.38516842590335e-05,-0.000261415848763284,0.000249264672279476,0.000122643638702185,6.35771776877974e-05,NA,NA,0.000286823890010087,-0.00031734899606966,0.000204286106724084,0.000580755092864945,-9.56793780640257e-06,-2.86300020403214e-05,NA,-0.000148344299049216,-0.000148344299049216,NA,NA,NA,NA,NA,0.000404897522352873,0.00021763765633453,0.00021763765633453,NA,0.000514723823618295,2.76088401387234e-05,NA,9.45904674900718e-05,NA,-0.000125480746420604,7.40610135248472e-05,0.000236118366891155,-0.00023547624630676,NA,9.65076286964943e-05,9.65076286964943e-05,-5.84592652656153e-05,0.000129233809496192,0.00132975092596487,0.000613887919668903,-7.04863857906878e-05,NA,2.76088401387234e-05,NA,NA,0.0756716002775465,0.0756716002775465,NA,NA,0.000196421990412571,NA,-0.00128504785699136,NA,6.95633937041105e-05,0.000638060860382099,NA,0.000531900370385949,0.000637504515994789,-0.000166418031232684,-2.6399040577205e-05,5.28778807906124e-05,0.000689081590794733,NA,NA,-0.000576993024164942,0.000245287277404371,NA,-7.21241280206178e-05,0.000405455519095846,0.000286823890010087,-0.000251213469898928,0.000136145576626017,0.000129233809496192,0.000306704126608441,0.000151071276535044,NA,0.00079968982992073,-7.21241280206178e-05,0.000394343261508856,0.000251800811396352,0.000924673953363677,3.44541482154321e-05,-0.000358845530086981,-2.6399040577205e-05,-0.000100301806609568,NA,-0.000166418031232684,-0.000148344299049216,6.52041843732204e-05,0.000897134385235322,-5.84592652656153e-05,1.81530673562754e-05,NA,-0.000100301806609568,0.000286823890010087,NA,0.000249264672279476,NA,-0.000576993024164942,0.000286823890010087,0.000286823890010087,-0.000182779455050778,0.000196421990412571,NA,-0.000115299720287381,0.000286823890010087,0.00021763765633453,-0.00023547624630676,0.000286823890010087,0.000286823890010087,NA,-0.000393991900502433,0.000531900370385949,0.0756716002775465,NA,4.15387806810308e-05,0.000286823890010087,0.000897134385235322,0.000441674068893235,-1.7106324542949e-05,-7.84920821022535e-05,-0.00023547624630676,-0.00023547624630676,-0.000393991900502433,4.15387806810308e-05,4.15387806810308e-05,NA,0.000613887919668903,4.15387806810308e-05,-0.000393991900502433,0.0756716002775465,0.000144769471508457,-8.06184597290562e-05,0.000245287277404371,-5.84592652656153e-05,NA,-1.22209050683535e-05,-5.84592652656153e-05,-5.84592652656153e-05,0.000226092746303058,-1.7106324542949e-05,0.0756716002775465,-0.000393991900502433,2.76088401387234e-05,0.000245287277404371,0.000445415640625874,0.000208510730864009,-0.000152097184082079,-0.00023547624630676,0.000226092746303058,NA,-0.000393991900502433
"128",NA,NA,NA,-0.000736133461762095,-0.000736133461762095,NA,NA,NA,-0.000183341676665699,NA,NA,NA,-0.000320445216104665,-0.000372633397408365,NA,NA,-0.000326500117418912,NA,NA,NA,NA,NA,NA,-0.000341129140517752,-0.000139847550685403,NA,NA,NA,NA,NA,NA,NA,NA,NA,NA,NA,NA,NA,-0.000318908112522278,NA,NA,NA,NA,NA,NA,NA,NA,NA,NA,NA,NA,NA,NA,NA,NA,-0.000318908112522278,NA,NA,NA,NA,NA,NA,NA,NA,-0.000566428718002297,NA,NA,NA,NA,NA,NA,-0.000477105359476733,NA,NA,NA,NA,NA,-0.000477921863898995,NA,NA,NA,NA,NA,0.267408556477095,NA,NA,NA,NA,NA,NA,NA,NA,NA,NA,NA,-0.000397315722655691,NA,NA,NA,-0.000477105359476733,NA,-4.60133642718612e-05,NA,NA,NA,NA,NA,NA,NA,NA,NA,-0.000477921863898995,NA,NA,-0.00029399700369586,NA,0.132996595839232,NA,NA,NA,NA,NA,NA,NA,-0.000736133461762095,NA,NA,0.132996595839232,NA,NA,NA,NA,NA,NA,NA,NA,-0.000736133461762095,NA,NA,NA,NA,NA,-0.000736133461762095,NA,-0.000271411972256831,NA,NA,NA,NA,NA,NA,NA,NA,NA,NA,-0.000736133461762095,-0.000318908112522278,NA,NA,NA,NA,NA,NA,NA,-0.000736133461762095
"129",NA,8.40525351009682e-05,0.000326976239321386,-0.000179137615194056,-0.000179137615194056,NA,NA,0.000661934027577945,0.000778241054517361,0.000876754277661146,0.000763833255250179,0.000161220289094689,-3.33227046732418e-05,0.000712435591672236,NA,0.000298548601488527,-3.9377605987489e-05,NA,NA,0.00063863381558277,0.000443503622047686,0.000373121754730808,0.000213857143667926,-5.4006629086329e-05,0.00014727496074602,NA,2.75606637371252e-05,2.75606637371252e-05,NA,NA,NA,NA,NA,0.000580802485139215,9.28179981577875e-05,9.28179981577875e-05,0.000280439326589832,0.000335073478851057,2.9475059425852e-05,NA,0.000202718367828854,NA,0.00031134250429717,0.000249965976311188,0.000763833255250179,0.000292238642052263,NA,0.000301269436045749,0.000301269436045749,0.000117445697520726,0.000305138772282533,0.000624101078824716,0.000224901419269245,0.000105418576995653,NA,2.9475059425852e-05,NA,NA,4.15387806810308e-05,4.15387806810308e-05,0.000362578226611498,NA,0.000331345696332014,NA,-0.000256541011297423,NA,0.000687323504469767,0.000989870785954781,NA,0.000343661752234884,0.000232773618044541,0.00257423964778125,0.000495398635907136,NA,0.000249965976311188,0.000362578226611498,NA,0.00582784480773378,0.000200355205744095,NA,0.000103780834765723,0.000280439326589832,0.00063863381558277,-7.53085071125866e-05,0.000312050539412358,0.000305138772282533,0.000482609089394783,0.00144782726818435,NA,0.00017944062877766,0.000403948461020311,0.000274883197796337,0.000203611972740085,NA,0.000210359111001773,0.00180965240030273,0.000149505922209136,0.000549580541431567,NA,0.00257423964778125,2.75606637371252e-05,0.000241109147159562,0.000319316907791385,0.000117445697520726,0.000194058030142617,NA,0.000549580541431567,0.00063863381558277,NA,0.000425169635065818,NA,0.00582784480773378,0.00063863381558277,0.00063863381558277,-6.87449226443695e-06,0.000331345696332014,NA,6.06052424989603e-05,0.00063863381558277,9.28179981577875e-05,0.000292238642052263,0.00063863381558277,0.00063863381558277,NA,-0.000179137615194056,0.000343661752234884,4.15387806810308e-05,NA,0.0287209780732919,0.00063863381558277,0.000319316907791385,0.000298548601488527,0.000158798638243392,NA,0.000292238642052263,0.000292238642052263,-0.000179137615194056,0.0287209780732919,0.0287209780732919,NA,0.000224901419269245,0.0287209780732919,-0.000179137615194056,4.15387806810308e-05,0.00492790065100364,0.000935156514664981,0.000200355205744095,0.000117445697520726,NA,0.000163684057717988,0.000117445697520726,0.000117445697520726,-6.87449226443695e-06,0.000158798638243392,4.15387806810308e-05,-0.000179137615194056,2.9475059425852e-05,0.000200355205744095,0.000168743992921569,0.000384415693650351,2.38077787042627e-05,0.000292238642052263,-6.87449226443695e-06,NA,-0.000179137615194056
"130",NA,8.7732303680549e-05,0.000330656007900966,-0.000154528901740087,-0.000154528901740087,NA,NA,0.000236453386624121,0.0032163263246288,0.00184148174352311,0.000774872560988921,0.000526186906837403,-2.9642936093661e-05,0.000458222696366009,NA,0.000302228370068107,-3.56978374079082e-05,NA,NA,0.0281243739441033,0.00135682816821524,0.00038048129188997,0.000631460615983877,-5.03268605067482e-05,0.000150954729325601,NA,3.12404323167059e-05,3.12404323167059e-05,NA,NA,NA,NA,NA,0.000584482253718795,0.0003893823249636,0.0003893823249636,NA,0.000338753247430638,0.00026269644749973,NA,6.84555674957604e-06,NA,0.000322381810035913,0.000253645744890769,0.000774872560988921,0.00192031989138854,NA,5.61210908580231e-05,5.61210908580231e-05,0.000121125466100307,0.000308818540862114,0.000631460615983877,0.000653549167186516,0.000109098345575234,NA,0.00026269644749973,NA,NA,0.000286823890010087,0.000286823890010087,NA,NA,0.000619529101756209,NA,-0.000238142168399519,NA,0.000249148125070033,NA,NA,0.000891069833117793,0.000669293564737107,0.000625524433736664,0.000153185690788717,0.00116428638668979,0.000253645744890769,NA,NA,0.000619808902780827,0.000204034974323675,NA,0.000107460603345304,0.000284119095169413,0.0281243739441033,-7.16287385330058e-05,0.000315730307991939,0.000308818540862114,0.000486288857974363,0.000330656007900966,NA,0.00018312039735724,0.000411307998179472,0.00130258744934794,0.000207291741319666,0.000543728312303329,0.000214038879581354,0.00150453395670887,0.000153185690788717,3.12404323167059e-05,NA,0.000625524433736664,3.12404323167059e-05,0.000244788915739142,0.000322996676370966,0.000121125466100307,0.000197737798722197,NA,3.12404323167059e-05,0.0281243739441033,NA,0.000428849403645398,NA,0.000619808902780827,0.0281243739441033,0.0281243739441033,0.000457314379165623,0.000619529101756209,NA,0.000324956813645946,0.0281243739441033,0.0003893823249636,0.00192031989138854,0.0281243739441033,0.0281243739441033,NA,-0.000154528901740087,0.000891069833117793,0.000286823890010087,NA,0.00063863381558277,0.0281243739441033,0.000322996676370966,0.000302228370068107,0.000162478406822973,NA,0.00192031989138854,0.00192031989138854,-0.000154528901740087,0.00063863381558277,0.00063863381558277,NA,0.000653549167186516,0.00063863381558277,-0.000154528901740087,0.000286823890010087,0.00206537814427598,0.0022172207302955,0.000204034974323675,0.000121125466100307,NA,0.000167363826297569,0.000121125466100307,0.000121125466100307,-3.19472368485617e-06,0.000162478406822973,0.000286823890010087,-0.000154528901740087,0.00026269644749973,0.000204034974323675,0.000541234314491163,0.000388095462229931,0.000549361192071721,0.00192031989138854,-3.19472368485617e-06,NA,-0.000154528901740087
"131",NA,0.000185925699424981,0.000428849403645398,4.18578897487766e-05,4.18578897487766e-05,NA,0.000464451390935511,0.000334646782368553,0.000205653999089736,0.000673370271764192,0.00106945274822222,0.000263093453418701,6.85504596507709e-05,0.000850996279343737,0.00052704279938983,0.000400421765812539,0.000321377908161911,NA,NA,0.000322996676370966,1.63622783470702e-05,0.000576868083378834,0.000827847407472741,0.000292119861964231,0.000249148125070033,NA,0.000129433828061138,0.000129433828061138,NA,NA,NA,NA,NA,0.000682675649463227,0.0001946911624818,0.0001946911624818,NA,0.00253333373865573,0.000459083238988594,NA,0.000105038952494008,NA,0.000296429089521542,0.000351839140635201,0.00106945274822222,0.000283693181358271,NA,0.000154314486602455,0.000154314486602455,0.000219318861844739,0.000407011936606546,0.00204846839792321,0.000326774583593258,0.000207291741319666,NA,0.000459083238988594,NA,NA,0.000897134385235322,0.000897134385235322,NA,NA,0.000636965189304052,0.000543728312303329,7.58149969680092e-05,NA,0.000347341520814465,0.000498615161556971,NA,0.000445534916558897,0.000334646782368553,0.000202569499056299,0.000251379086533149,0.000857698807290797,0.000351839140635201,NA,NA,0.000989400346045616,0.000302228370068107,NA,0.000205653999089736,0.000961011773316554,0.000322996676370966,2.65646572114262e-05,0.00102423419896161,0.000407011936606546,0.000584482253718795,0.000428849403645398,NA,0.000281313793101672,0.000205653999089736,0.00037675636212035,0.00138335396141249,NA,0.000312232275325786,-8.32004690025529e-06,0.000251379086533149,0.000129433828061138,NA,0.000202569499056299,0.000129433828061138,0.000342982311483574,0.0159278614911959,0.000219318861844739,0.000788249180422123,NA,0.000129433828061138,0.000322996676370966,NA,0.00052704279938983,NA,0.000989400346045616,0.000322996676370966,0.000322996676370966,9.49986720595758e-05,0.000636965189304052,NA,0.000162478406822973,0.000322996676370966,0.0001946911624818,0.000283693181358271,0.000322996676370966,0.000322996676370966,NA,4.18578897487766e-05,0.000445534916558897,0.000897134385235322,NA,0.000319316907791385,0.000322996676370966,0.0159278614911959,0.000400421765812539,0.000260671802567405,0.000199286045008101,0.000283693181358271,0.000283693181358271,4.18578897487766e-05,0.000319316907791385,0.000319316907791385,NA,0.000326774583593258,0.000319316907791385,4.18578897487766e-05,0.000897134385235322,0.000117583703498604,0.000884725054724373,0.000302228370068107,0.000219318861844739,NA,0.000265557222042,0.000219318861844739,0.000219318861844739,0.000386384135608016,0.000260671802567405,0.000897134385235322,4.18578897487766e-05,0.000459083238988594,0.000302228370068107,0.00186801579493778,0.000486288857974363,0.000125680943028275,0.000283693181358271,0.000386384135608016,NA,4.18578897487766e-05
"132",NA,0.000165157393122123,0.00040808109734254,-9.80327571729018e-05,-9.80327571729018e-05,NA,NA,0.000313878476065695,0.000184885692786878,0.000217723433834806,0.000556552977551165,0.000242325147115843,4.77821533479128e-05,-4.40602795578787e-06,NA,0.000379653459509681,4.17272520336656e-05,NA,NA,0.000302228370068107,-4.40602795578787e-06,0.000169472339642127,0.000294962001689081,2.70982289348256e-05,0.000228379818767174,NA,0.00010866552175828,0.00010866552175828,NA,NA,NA,NA,NA,0.000661907343160369,0.000173922856178942,0.000173922856178942,NA,0.000416178336872211,0.000110579917447007,NA,8.42706461911499e-05,NA,2.92528427134811e-05,0.000331070834332343,0.000556552977551165,2.28848886318454e-05,NA,0.000133546180299597,0.000133546180299597,0.000198550555541881,0.000386243630303688,NA,0.0003060062772904,0.000186523435016808,NA,0.000110579917447007,NA,NA,0.000441674068893235,0.000441674068893235,NA,NA,0.000268227938272388,NA,-0.00019820134854972,NA,0.000326573214511606,NA,NA,0.000424766610256038,0.000313878476065695,0.00733888386885255,0.000230610780230291,NA,0.000331070834332343,NA,NA,-2.30021974039717e-05,0.000759306919019363,NA,0.000184885692786878,0.000361544184610987,0.000302228370068107,5.79635090856805e-06,0.000393155397433513,0.000386243630303688,0.000563713947415937,NA,NA,0.000260545486798814,0.000184885692786878,0.000355988055817492,0.00028471683076124,NA,0.000291463969022928,-2.90883532031134e-05,0.000230610780230291,0.000413717835005424,NA,0.00733888386885255,0.00010866552175828,0.000322214005180716,0.000400421765812539,0.000198550555541881,0.000275162888163771,NA,0.000413717835005424,0.000302228370068107,NA,0.000506274493086972,NA,-2.30021974039717e-05,0.000302228370068107,0.000302228370068107,7.42303657567177e-05,0.000268227938272388,NA,0.000141710100520115,0.000302228370068107,0.000173922856178942,2.28848886318454e-05,0.000302228370068107,0.000302228370068107,NA,-9.80327571729018e-05,0.000424766610256038,0.000441674068893235,NA,0.000298548601488527,0.000302228370068107,0.000400421765812539,0.0179858842511429,0.000239903496264547,NA,2.28848886318454e-05,2.28848886318454e-05,-9.80327571729018e-05,0.000298548601488527,0.000298548601488527,NA,0.0003060062772904,0.000298548601488527,-9.80327571729018e-05,0.000441674068893235,9.68153971957462e-05,0.000118507195198536,0.000759306919019363,0.000198550555541881,NA,0.000244788915739142,0.000198550555541881,0.000198550555541881,0.000344847523002299,0.000239903496264547,0.000441674068893235,-9.80327571729018e-05,0.000110579917447007,0.000759306919019363,NA,0.000465520551671505,0.000406212064939699,2.28848886318454e-05,0.000344847523002299,NA,-9.80327571729018e-05
"133",NA,2.54074298769884e-05,0.000268331134097406,9.6261152398757e-05,9.6261152398757e-05,NA,NA,0.000174128512820561,4.51357295417437e-05,7.79734705896718e-05,4.03331297860161e-05,0.000102575183870709,-9.19678098972215e-05,-0.000144155991200922,NA,0.000239903496264547,0.000393456321109581,NA,NA,0.000162478406822973,3.44305766174244e-05,2.97223763969925e-05,0.000155212038443946,0.000334940228714221,8.86298555220401e-05,NA,0.0364602197785589,0.0364602197785589,NA,NA,NA,NA,NA,0.000522157379915235,3.41728929338077e-05,3.41728929338077e-05,NA,0.000276428373627077,-2.91700457981277e-05,NA,8.5428157380895e-05,0.000449792225677242,0.000135407188625231,0.000191320871087209,4.03331297860161e-05,-0.000116865074613289,NA,-6.20378294553738e-06,-6.20378294553738e-06,5.88005922967462e-05,0.000246493667058554,NA,0.000166256314045265,4.67734717716738e-05,NA,-2.91700457981277e-05,NA,NA,-1.7106324542949e-05,-1.7106324542949e-05,0.000303933121387519,NA,-1.12719882178806e-05,NA,0.000168819957208882,NA,0.000186823251266472,NA,NA,0.000285016647010904,0.000544643817129986,-0.000300869115049716,9.08608169851565e-05,NA,0.000191320871087209,0.000303933121387519,NA,-0.000249444457691552,0.000141710100520115,NA,4.51357295417437e-05,0.000221794221365852,0.000162478406822973,-0.000133953612336566,0.000253405434188378,0.000689374125605971,0.000423963984170803,0.000268331134097406,NA,0.00012079552355368,4.51357295417437e-05,0.000628862976633579,0.000144966867516106,NA,0.000151714005777794,-0.000141289841407632,9.08608169851565e-05,0.000373645225759627,NA,-0.000300869115049716,0.0364602197785589,0.000182464041935582,0.000260671802567405,5.88005922967462e-05,0.000135412924918637,NA,0.000373645225759627,0.000162478406822973,NA,0.000366524529841838,NA,-0.000249444457691552,0.000162478406822973,0.000162478406822973,0.000270339757754941,-1.12719882178806e-05,NA,1.96013727498059e-06,0.000162478406822973,3.41728929338077e-05,-0.000116865074613289,0.000162478406822973,0.000162478406822973,NA,9.6261152398757e-05,0.000285016647010904,-1.7106324542949e-05,NA,0.000158798638243392,0.000162478406822973,0.000260671802567405,0.000239903496264547,0.0399896235693293,3.8767775460108e-05,-0.000116865074613289,-0.000116865074613289,9.6261152398757e-05,0.000158798638243392,0.000158798638243392,0.000449792225677242,0.000166256314045265,0.000158798638243392,9.6261152398757e-05,-1.7106324542949e-05,0.000110517659390088,-2.12427680465985e-05,0.000141710100520115,5.88005922967462e-05,NA,0.000105038952494008,5.88005922967462e-05,5.88005922967462e-05,0.000270339757754941,0.0399896235693293,-1.7106324542949e-05,9.6261152398757e-05,-2.91700457981277e-05,0.000141710100520115,NA,0.000325770588426371,0.00036238657066104,-0.000116865074613289,0.000270339757754941,NA,9.6261152398757e-05
"134",NA,NA,NA,0.0329005207995998,0.0329005207995998,NA,NA,NA,NA,NA,0.000403740666900326,NA,-0.000110320343424188,-0.00021469670603159,NA,NA,0.0033633357842102,NA,NA,NA,NA,0.00013306002916424,NA,0.0031439004377276,NA,NA,-9.24701990461591e-05,-9.24701990461591e-05,NA,NA,NA,NA,NA,NA,NA,NA,NA,NA,NA,NA,NA,NA,0.00028057563110216,0.000856703890803904,0.000403740666900326,-6.78539462975894e-05,NA,NA,NA,NA,NA,0.000748377392874116,0.000406127904460786,NA,NA,NA,NA,NA,-7.84920821022535e-05,-7.84920821022535e-05,NA,NA,-0.00013404350333649,NA,-0.000856695325213844,NA,NA,0.00189239170375415,NA,NA,NA,-0.000454507677358922,2.9475059425852e-05,0.000413890753076203,NA,NA,NA,0.00015361184804965,NA,NA,0.000163886735453742,0.00051720371910196,NA,NA,NA,NA,NA,0.000610277544565067,NA,0.000315206323477615,-1.62500280175608e-05,0.00093145555525935,NA,NA,0.000377043287925842,-0.000223773671802466,NA,1.14463933965458e-05,NA,-0.000454507677358922,-9.24701990461591e-05,NA,0.000199286045008101,NA,NA,NA,1.14463933965458e-05,NA,NA,NA,NA,0.00015361184804965,NA,NA,NA,-0.00013404350333649,NA,NA,NA,NA,-6.78539462975894e-05,NA,NA,NA,0.0329005207995998,NA,-7.84920821022535e-05,NA,NA,NA,0.000199286045008101,NA,3.8767775460108e-05,0.0560928069910688,-6.78539462975894e-05,-6.78539462975894e-05,0.0329005207995998,NA,NA,NA,0.000406127904460786,NA,0.0329005207995998,-7.84920821022535e-05,-0.000104320323608693,NA,NA,NA,NA,NA,NA,NA,NA,3.8767775460108e-05,-7.84920821022535e-05,0.0329005207995998,NA,NA,0.000980399686508594,NA,3.94062333082078e-06,-6.78539462975894e-05,NA,NA,0.0329005207995998
"135",NA,-0.000107934983046948,0.000299011844418273,-0.00118875362292564,-0.00118875362292564,0.000121078284376277,NA,-4.28900948121407e-05,0.000491660206361227,0.000688686652648796,0.00345740968209668,0.000327773470907485,-0.000330961030272565,2.83938568968439e-05,NA,2.28848886318454e-05,-0.000275643241912423,0.000232773618044541,0.000232773618044541,0.00192031989138854,-0.000598576201838598,0.00294501934723617,0.0184308648942372,-0.000378046403604303,0.00027199215751281,0.000185107909499249,-0.000277410597138477,-0.000277410597138477,NA,NA,NA,NA,NA,0.000806664336053931,0.00022576144806248,0.00022576144806248,4.77561373315082e-06,5.94097659943754e-05,0.000206325415980964,NA,-0.000348609057884508,NA,-0.000263484327448471,0.000144991318397878,0.00345740968209668,0.125790652903169,NA,2.38780686657541e-05,2.38780686657541e-05,-0.000120049239183047,2.9475059425852e-05,0.00348255686848207,0.00121838371338236,0.000104566622511345,NA,0.000206325415980964,NA,NA,-0.00023547624630676,-0.00023547624630676,0.000727642091484642,NA,5.34340256974791e-05,0.000166191435122634,-0.00219437007895011,NA,0.000135996078756405,0.00224942718116464,0.000299011844418273,0.000332382870245269,0.000110606601864583,0.001512213506412,8.84251782775561e-05,0.00124167225922861,-2.56977365454928e-05,0.000727642091484642,5.94097659943754e-05,0.00224460504881728,0.000240973028882431,NA,-4.87500840526823e-05,0.000481225391419644,0.00192031989138854,-0.000350972219969268,3.63868265556767e-05,2.9475059425852e-05,0.000206945376538101,5.13125264647043e-05,NA,0.000178229297983126,9.80156535916246e-05,0.00151827438454491,0.000497340205489072,0.000725156453222997,0.000270984744655467,0.00386574315285128,-0.000126157790647545,-0.000299819306750248,NA,0.001512213506412,-0.000277410597138477,-3.45545656971197e-05,0.000283693181358271,-0.000120049239183047,-8.16056827140647e-05,NA,-0.000299819306750248,0.00192031989138854,0.000232773618044541,0.000149505922209136,NA,0.00224460504881728,0.00192031989138854,0.00192031989138854,-0.000272701004048642,5.34340256974791e-05,NA,-0.000178276860852972,0.00192031989138854,0.00022576144806248,0.125790652903169,0.00192031989138854,0.00192031989138854,NA,-0.00118875362292564,0.000332382870245269,-0.00023547624630676,NA,0.000292238642052263,0.00192031989138854,0.000283693181358271,2.28848886318454e-05,-0.000116865074613289,-6.78539462975894e-05,0.125790652903169,0.125790652903169,-0.00118875362292564,0.000292238642052263,0.000292238642052263,NA,0.00121838371338236,0.000292238642052263,-0.00118875362292564,-0.00023547624630676,0.00110479761456205,0.00277270817159833,0.000240973028882431,-0.000120049239183047,NA,-2.75725187885232e-05,-0.000120049239183047,-0.000120049239183047,-0.000344605654529017,-0.000116865074613289,-0.00023547624630676,-0.00118875362292564,0.000206325415980964,0.000240973028882431,0.00183911382190513,0.000108751980793669,-0.000119289649205144,0.125790652903169,-0.000344605654529017,NA,-0.00118875362292564
"136",NA,-0.000107934983046948,0.000299011844418273,-0.00118875362292564,-0.00118875362292564,0.000121078284376277,NA,-4.28900948121407e-05,0.000491660206361227,0.000688686652648796,0.00345740968209668,0.000327773470907485,-0.000330961030272565,2.83938568968439e-05,NA,2.28848886318454e-05,-0.000275643241912423,0.000232773618044541,0.000232773618044541,0.00192031989138854,-0.000598576201838598,0.00294501934723617,0.0184308648942372,-0.000378046403604303,0.00027199215751281,0.000185107909499249,-0.000277410597138477,-0.000277410597138477,NA,NA,NA,NA,NA,0.000806664336053931,0.00022576144806248,0.00022576144806248,4.77561373315082e-06,5.94097659943754e-05,0.000206325415980964,NA,-0.000348609057884508,NA,-0.000263484327448471,0.000144991318397878,0.00345740968209668,0.125790652903169,NA,2.38780686657541e-05,2.38780686657541e-05,-0.000120049239183047,2.9475059425852e-05,0.00348255686848207,0.00121838371338236,0.000104566622511345,NA,0.000206325415980964,NA,NA,-0.00023547624630676,-0.00023547624630676,0.000727642091484642,NA,5.34340256974791e-05,0.000166191435122634,-0.00219437007895011,NA,0.000135996078756405,0.00224942718116464,0.000299011844418273,0.000332382870245269,0.000110606601864583,0.001512213506412,8.84251782775561e-05,0.00124167225922861,-2.56977365454928e-05,0.000727642091484642,5.94097659943754e-05,0.00224460504881728,0.000240973028882431,NA,-4.87500840526823e-05,0.000481225391419644,0.00192031989138854,-0.000350972219969268,3.63868265556767e-05,2.9475059425852e-05,0.000206945376538101,5.13125264647043e-05,NA,0.000178229297983126,9.80156535916246e-05,0.00151827438454491,0.000497340205489072,0.000725156453222997,0.000270984744655467,0.00386574315285128,-0.000126157790647545,-0.000299819306750248,NA,0.001512213506412,-0.000277410597138477,-3.45545656971197e-05,0.000283693181358271,-0.000120049239183047,-8.16056827140647e-05,NA,-0.000299819306750248,0.00192031989138854,0.000232773618044541,0.000149505922209136,NA,0.00224460504881728,0.00192031989138854,0.00192031989138854,-0.000272701004048642,5.34340256974791e-05,NA,-0.000178276860852972,0.00192031989138854,0.00022576144806248,0.125790652903169,0.00192031989138854,0.00192031989138854,NA,-0.00118875362292564,0.000332382870245269,-0.00023547624630676,NA,0.000292238642052263,0.00192031989138854,0.000283693181358271,2.28848886318454e-05,-0.000116865074613289,-6.78539462975894e-05,0.125790652903169,0.125790652903169,-0.00118875362292564,0.000292238642052263,0.000292238642052263,NA,0.00121838371338236,0.000292238642052263,-0.00118875362292564,-0.00023547624630676,0.00110479761456205,0.00277270817159833,0.000240973028882431,-0.000120049239183047,NA,-2.75725187885232e-05,-0.000120049239183047,-0.000120049239183047,-0.000344605654529017,-0.000116865074613289,-0.00023547624630676,-0.00118875362292564,0.000206325415980964,0.000240973028882431,0.00183911382190513,0.000108751980793669,-0.000119289649205144,0.125790652903169,-0.000344605654529017,NA,-0.00118875362292564
"137",NA,-0.000352215466455788,5.71765528087782e-05,0.217846398969308,0.217846398969308,0.000196708068631924,NA,-0.000131228689744912,-0.000389214256302546,-0.000254303965435652,-2.41834913450937e-05,-0.000155897112311504,-0.000694098134248252,-0.00155900844582549,NA,-9.80327571729018e-05,0.0452809629415411,NA,NA,-0.000154528901740087,-0.00147692085380376,-0.000401079363645332,-8.12740947603164e-05,0.0429403192457267,-0.000281020643526035,6.41902636945019e-05,-0.000519794952997583,-0.000519794952997583,NA,NA,NA,NA,NA,0.000184221126477786,-0.000299622688114872,-0.000299622688114872,-0.000116142032071596,-6.15078798103717e-05,-0.000409148991797547,NA,-0.000590944557629582,0.000111855972239793,0.000341087849626485,0.00958178177267428,-2.41834913450937e-05,-0.00118875362292564,NA,-0.000580710160357982,-0.000580710160357982,-0.000361884530792541,1.35016187310737e-05,-8.12740947603164e-05,0.000281590324596032,-0.000315823886771926,NA,-0.000409148991797547,NA,NA,-0.000393991900502433,-0.000393991900502433,NA,NA,-0.00107695202074272,NA,-0.00598296344045471,NA,1.35595437072611e-05,0.000786189720241577,-6.96051193400429e-05,0.000308139730940557,-2.45246716304725e-05,-0.00297789937347875,-9.53871607045121e-05,0.000114353105617556,2.70524031694711e-05,NA,7.33710318681205e-05,-0.00322924578993676,0.00015885925697028,NA,-0.000411503021466924,0.000118472454005402,-0.000154528901740087,-0.000948771047101854,2.73251529907229e-05,-9.14425863788951e-05,8.60277307333542e-05,0.000258083192200063,-6.15078798103717e-05,-8.30157535796192e-05,-0.000324012597921576,0.000531499217231492,-0.000189551980353822,NA,4.06581753168353e-05,-0.00184715573251365,4.0504856193221e-05,-0.000595524061528059,NA,-0.00297789937347875,-0.000519794952997583,-0.000155472211501867,4.18578897487766e-05,-0.000361884530792541,-0.000140671435336244,NA,-0.000595524061528059,-0.000154528901740087,NA,2.85882764043891e-05,NA,-0.00322924578993676,-0.000154528901740087,-0.000154528901740087,-0.00041438239254653,-0.00107695202074272,-0.000736133461762095,-0.000422186823140508,-0.000154528901740087,-0.000299622688114872,-0.00118875362292564,-0.000154528901740087,-0.000154528901740087,NA,0.217846398969308,0.000308139730940557,-0.000393991900502433,-0.000736133461762095,-0.000179137615194056,-0.000154528901740087,4.18578897487766e-05,-9.80327571729018e-05,9.6261152398757e-05,0.0309267118661577,-0.00118875362292564,-0.00118875362292564,0.217846398969308,-0.000179137615194056,-0.000179137615194056,0.000111855972239793,0.000281590324596032,-0.000179137615194056,0.217846398969308,-0.000393991900502433,-0.000690325058028328,-0.000651168919980733,0.00015885925697028,-0.000361884530792541,NA,-0.000269407810398017,-0.000361884530792541,-0.000361884530792541,-0.000871005309540556,9.6261152398757e-05,-0.000393991900502433,0.217846398969308,-0.000409148991797547,0.00015885925697028,-0.000125802297003983,-1.21656650110778e-05,-0.000249047260738858,-0.00118875362292564,-0.000871005309540556,NA,0.217846398969308
"138",NA,8.40525351009682e-05,0.000326976239321386,-0.000179137615194056,-0.000179137615194056,NA,NA,0.000661934027577945,0.000778241054517361,0.000876754277661146,0.000763833255250179,0.000161220289094689,-3.33227046732418e-05,0.000712435591672236,NA,0.000298548601488527,-3.9377605987489e-05,NA,NA,0.00063863381558277,0.000443503622047686,0.000373121754730808,0.000213857143667926,-5.4006629086329e-05,0.00014727496074602,NA,2.75606637371252e-05,2.75606637371252e-05,NA,NA,NA,NA,NA,0.000580802485139215,9.28179981577875e-05,9.28179981577875e-05,0.000280439326589832,0.000335073478851057,2.9475059425852e-05,NA,0.000202718367828854,NA,0.00031134250429717,0.000249965976311188,0.000763833255250179,0.000292238642052263,NA,0.000301269436045749,0.000301269436045749,0.000117445697520726,0.000305138772282533,0.000624101078824716,0.000224901419269245,0.000105418576995653,NA,2.9475059425852e-05,NA,NA,4.15387806810308e-05,4.15387806810308e-05,0.000362578226611498,NA,0.000331345696332014,NA,-0.000256541011297423,NA,0.000687323504469767,0.000989870785954781,NA,0.000343661752234884,0.000232773618044541,0.00257423964778125,0.000495398635907136,NA,0.000249965976311188,0.000362578226611498,NA,0.00582784480773378,0.000200355205744095,NA,0.000103780834765723,0.000280439326589832,0.00063863381558277,-7.53085071125866e-05,0.000312050539412358,0.000305138772282533,0.000482609089394783,0.00144782726818435,NA,0.00017944062877766,0.000403948461020311,0.000274883197796337,0.000203611972740085,NA,0.000210359111001773,0.00180965240030273,0.000149505922209136,0.000549580541431567,NA,0.00257423964778125,2.75606637371252e-05,0.000241109147159562,0.000319316907791385,0.000117445697520726,0.000194058030142617,NA,0.000549580541431567,0.00063863381558277,NA,0.000425169635065818,NA,0.00582784480773378,0.00063863381558277,0.00063863381558277,-6.87449226443695e-06,0.000331345696332014,NA,6.06052424989603e-05,0.00063863381558277,9.28179981577875e-05,0.000292238642052263,0.00063863381558277,0.00063863381558277,NA,-0.000179137615194056,0.000343661752234884,4.15387806810308e-05,NA,0.0287209780732919,0.00063863381558277,0.000319316907791385,0.000298548601488527,0.000158798638243392,NA,0.000292238642052263,0.000292238642052263,-0.000179137615194056,0.0287209780732919,0.0287209780732919,NA,0.000224901419269245,0.0287209780732919,-0.000179137615194056,4.15387806810308e-05,0.00492790065100364,0.000935156514664981,0.000200355205744095,0.000117445697520726,NA,0.000163684057717988,0.000117445697520726,0.000117445697520726,-6.87449226443695e-06,0.000158798638243392,4.15387806810308e-05,-0.000179137615194056,2.9475059425852e-05,0.000200355205744095,0.000168743992921569,0.000384415693650351,2.38077787042627e-05,0.000292238642052263,-6.87449226443695e-06,NA,-0.000179137615194056
"139",NA,8.40525351009682e-05,0.000326976239321386,-0.000179137615194056,-0.000179137615194056,NA,NA,0.000661934027577945,0.000778241054517361,0.000876754277661146,0.000763833255250179,0.000161220289094689,-3.33227046732418e-05,0.000712435591672236,NA,0.000298548601488527,-3.9377605987489e-05,NA,NA,0.00063863381558277,0.000443503622047686,0.000373121754730808,0.000213857143667926,-5.4006629086329e-05,0.00014727496074602,NA,2.75606637371252e-05,2.75606637371252e-05,NA,NA,NA,NA,NA,0.000580802485139215,9.28179981577875e-05,9.28179981577875e-05,0.000280439326589832,0.000335073478851057,2.9475059425852e-05,NA,0.000202718367828854,NA,0.00031134250429717,0.000249965976311188,0.000763833255250179,0.000292238642052263,NA,0.000301269436045749,0.000301269436045749,0.000117445697520726,0.000305138772282533,0.000624101078824716,0.000224901419269245,0.000105418576995653,NA,2.9475059425852e-05,NA,NA,4.15387806810308e-05,4.15387806810308e-05,0.000362578226611498,NA,0.000331345696332014,NA,-0.000256541011297423,NA,0.000687323504469767,0.000989870785954781,NA,0.000343661752234884,0.000232773618044541,0.00257423964778125,0.000495398635907136,NA,0.000249965976311188,0.000362578226611498,NA,0.00582784480773378,0.000200355205744095,NA,0.000103780834765723,0.000280439326589832,0.00063863381558277,-7.53085071125866e-05,0.000312050539412358,0.000305138772282533,0.000482609089394783,0.00144782726818435,NA,0.00017944062877766,0.000403948461020311,0.000274883197796337,0.000203611972740085,NA,0.000210359111001773,0.00180965240030273,0.000149505922209136,0.000549580541431567,NA,0.00257423964778125,2.75606637371252e-05,0.000241109147159562,0.000319316907791385,0.000117445697520726,0.000194058030142617,NA,0.000549580541431567,0.00063863381558277,NA,0.000425169635065818,NA,0.00582784480773378,0.00063863381558277,0.00063863381558277,-6.87449226443695e-06,0.000331345696332014,NA,6.06052424989603e-05,0.00063863381558277,9.28179981577875e-05,0.000292238642052263,0.00063863381558277,0.00063863381558277,NA,-0.000179137615194056,0.000343661752234884,4.15387806810308e-05,NA,0.0287209780732919,0.00063863381558277,0.000319316907791385,0.000298548601488527,0.000158798638243392,NA,0.000292238642052263,0.000292238642052263,-0.000179137615194056,0.0287209780732919,0.0287209780732919,NA,0.000224901419269245,0.0287209780732919,-0.000179137615194056,4.15387806810308e-05,0.00492790065100364,0.000935156514664981,0.000200355205744095,0.000117445697520726,NA,0.000163684057717988,0.000117445697520726,0.000117445697520726,-6.87449226443695e-06,0.000158798638243392,4.15387806810308e-05,-0.000179137615194056,2.9475059425852e-05,0.000200355205744095,0.000168743992921569,0.000384415693650351,2.38077787042627e-05,0.000292238642052263,-6.87449226443695e-06,NA,-0.000179137615194056
"140",NA,NA,NA,0.000111855972239793,0.000111855972239793,NA,NA,NA,NA,NA,0.000389971822443846,0.00110081454454594,0.000257670882760608,0.000205482701456907,NA,NA,0.000251615981446361,NA,NA,NA,NA,NA,NA,0.000236986958347521,NA,NA,0.000318554251170975,0.000318554251170975,NA,NA,NA,NA,NA,NA,NA,NA,0.000571432914023682,NA,NA,NA,NA,0.00513714461323231,NA,NA,0.000389971822443846,NA,NA,NA,NA,NA,NA,NA,NA,NA,NA,NA,NA,NA,NA,NA,NA,NA,0.000245809302804457,NA,1.16873808629755e-05,NA,NA,NA,NA,NA,NA,NA,NA,NA,NA,NA,NA,0.000396775261421419,NA,NA,NA,NA,NA,NA,NA,NA,NA,0.000617969826755235,NA,NA,NA,NA,NA,NA,NA,0.000180800376209582,NA,NA,NA,NA,0.000318554251170975,NA,NA,NA,NA,NA,NA,NA,NA,NA,NA,0.000396775261421419,NA,NA,NA,0.000245809302804457,NA,NA,NA,NA,NA,NA,NA,NA,0.000111855972239793,NA,NA,NA,NA,NA,NA,NA,0.000449792225677242,NA,NA,NA,0.000111855972239793,NA,NA,0.00513714461323231,NA,NA,0.000111855972239793,NA,0.000809795044705747,0.000328395924611231,NA,NA,NA,NA,NA,NA,NA,0.000449792225677242,NA,0.000111855972239793,NA,NA,NA,NA,0.000314801366138112,NA,NA,NA,0.000111855972239793
"141",NA,9.15102109028412e-05,0.000334433915123259,0.000281590324596032,0.000281590324596032,NA,NA,0.000240231293846414,0.000800614081922981,0.000144076251615525,0.00121129080920293,0.000168677964896562,0.000389303463606085,0.000749723970681602,NA,0.0003060062772904,-3.19199301856159e-05,NA,NA,0.000653549167186516,-7.80532101750694e-05,0.00260042209195669,0.00113084300862959,-4.65489532844559e-05,0.000154732636547893,NA,3.50183395389982e-05,3.50183395389982e-05,NA,NA,NA,NA,NA,0.000588260160941088,0.000100275673959661,0.000100275673959661,NA,0.00034253115465293,0.000270252261944314,NA,1.06234639718683e-05,NA,-4.43943395058005e-05,0.000257423652113062,0.00121129080920293,0.00121838371338236,NA,5.98989980803154e-05,5.98989980803154e-05,0.000124903373322599,0.000312596448084406,0.00167080644383465,0.0275240414075359,0.000112876252797527,NA,0.000270252261944314,NA,NA,0.000613887919668903,0.000613887919668903,NA,NA,0.000120933573833825,NA,-0.000219252632288058,NA,0.000252926032292325,0.00167949756932469,NA,0.000351119428036757,0.000240231293846414,0.00065196978429271,0.000156963598011009,0.000236240519378827,0.000711234095714987,NA,NA,0.000889908084540772,0.0006120125545808,NA,0.000111238510567597,0.000287897002391705,0.000653549167186516,-6.78508313107135e-05,0.000319508215214231,0.000312596448084406,0.000490066765196656,NA,NA,0.00153314038427359,0.000418863812624057,0.0019149106603483,0.000211069648541959,0.00129139923054011,0.00112034891063113,0.000906544262372604,0.000156963598011009,3.50183395389982e-05,NA,0.00065196978429271,3.50183395389982e-05,0.000248566822961435,0.000326774583593258,0.000124903373322599,0.00020151570594449,NA,3.50183395389982e-05,0.000653549167186516,NA,0.000432627310867691,NA,0.000889908084540772,0.000653549167186516,0.000653549167186516,5.83183537436111e-07,0.000120933573833825,NA,6.80629183008334e-05,0.000653549167186516,0.000100275673959661,0.00121838371338236,0.000653549167186516,0.000653549167186516,NA,0.000281590324596032,0.000351119428036757,0.000613887919668903,NA,0.000224901419269245,0.000653549167186516,0.000326774583593258,0.0003060062772904,0.000166256314045265,0.000406127904460786,0.00121838371338236,0.00121838371338236,0.000281590324596032,0.000224901419269245,0.000224901419269245,NA,0.0275240414075359,0.000224901419269245,0.000281590324596032,0.000613887919668903,0.000536403195149585,0.000601478589157954,0.0006120125545808,0.000124903373322599,NA,0.000171141733519861,0.000124903373322599,0.000124903373322599,5.83183537436111e-07,0.000166256314045265,0.000613887919668903,0.000281590324596032,0.000270252261944314,0.0006120125545808,0.00149035384084922,0.000391873369452224,3.12654545061358e-05,0.00121838371338236,5.83183537436111e-07,NA,0.000281590324596032
"142",NA,8.40525351009682e-05,0.000326976239321386,-0.000179137615194056,-0.000179137615194056,NA,NA,0.000661934027577945,0.000778241054517361,0.000876754277661146,0.000763833255250179,0.000161220289094689,-3.33227046732418e-05,0.000712435591672236,NA,0.000298548601488527,-3.9377605987489e-05,NA,NA,0.00063863381558277,0.000443503622047686,0.000373121754730808,0.000213857143667926,-5.4006629086329e-05,0.00014727496074602,NA,2.75606637371252e-05,2.75606637371252e-05,NA,NA,NA,NA,NA,0.000580802485139215,9.28179981577875e-05,9.28179981577875e-05,0.000280439326589832,0.000335073478851057,2.9475059425852e-05,NA,0.000202718367828854,NA,0.00031134250429717,0.000249965976311188,0.000763833255250179,0.000292238642052263,NA,0.000301269436045749,0.000301269436045749,0.000117445697520726,0.000305138772282533,0.000624101078824716,0.000224901419269245,0.000105418576995653,NA,2.9475059425852e-05,NA,NA,4.15387806810308e-05,4.15387806810308e-05,0.000362578226611498,NA,0.000331345696332014,NA,-0.000256541011297423,NA,0.000687323504469767,0.000989870785954781,NA,0.000343661752234884,0.000232773618044541,0.00257423964778125,0.000495398635907136,NA,0.000249965976311188,0.000362578226611498,NA,0.00582784480773378,0.000200355205744095,NA,0.000103780834765723,0.000280439326589832,0.00063863381558277,-7.53085071125866e-05,0.000312050539412358,0.000305138772282533,0.000482609089394783,0.00144782726818435,NA,0.00017944062877766,0.000403948461020311,0.000274883197796337,0.000203611972740085,NA,0.000210359111001773,0.00180965240030273,0.000149505922209136,0.000549580541431567,NA,0.00257423964778125,2.75606637371252e-05,0.000241109147159562,0.000319316907791385,0.000117445697520726,0.000194058030142617,NA,0.000549580541431567,0.00063863381558277,NA,0.000425169635065818,NA,0.00582784480773378,0.00063863381558277,0.00063863381558277,-6.87449226443695e-06,0.000331345696332014,NA,6.06052424989603e-05,0.00063863381558277,9.28179981577875e-05,0.000292238642052263,0.00063863381558277,0.00063863381558277,NA,-0.000179137615194056,0.000343661752234884,4.15387806810308e-05,NA,0.0287209780732919,0.00063863381558277,0.000319316907791385,0.000298548601488527,0.000158798638243392,NA,0.000292238642052263,0.000292238642052263,-0.000179137615194056,0.0287209780732919,0.0287209780732919,NA,0.000224901419269245,0.0287209780732919,-0.000179137615194056,4.15387806810308e-05,0.00492790065100364,0.000935156514664981,0.000200355205744095,0.000117445697520726,NA,0.000163684057717988,0.000117445697520726,0.000117445697520726,-6.87449226443695e-06,0.000158798638243392,4.15387806810308e-05,-0.000179137615194056,2.9475059425852e-05,0.000200355205744095,0.000168743992921569,0.000384415693650351,2.38077787042627e-05,0.000292238642052263,-6.87449226443695e-06,NA,-0.000179137615194056
"143",NA,-0.000352215466455788,5.71765528087782e-05,0.217846398969308,0.217846398969308,0.000196708068631924,NA,-0.000131228689744912,-0.000389214256302546,-0.000254303965435652,-2.41834913450937e-05,-0.000155897112311504,-0.000694098134248252,-0.00155900844582549,NA,-9.80327571729018e-05,0.0452809629415411,NA,NA,-0.000154528901740087,-0.00147692085380376,-0.000401079363645332,-8.12740947603164e-05,0.0429403192457267,-0.000281020643526035,6.41902636945019e-05,-0.000519794952997583,-0.000519794952997583,NA,NA,NA,NA,NA,0.000184221126477786,-0.000299622688114872,-0.000299622688114872,-0.000116142032071596,-6.15078798103717e-05,-0.000409148991797547,NA,-0.000590944557629582,0.000111855972239793,0.000341087849626485,0.00958178177267428,-2.41834913450937e-05,-0.00118875362292564,NA,-0.000580710160357982,-0.000580710160357982,-0.000361884530792541,1.35016187310737e-05,-8.12740947603164e-05,0.000281590324596032,-0.000315823886771926,NA,-0.000409148991797547,NA,NA,-0.000393991900502433,-0.000393991900502433,NA,NA,-0.00107695202074272,NA,-0.00598296344045471,NA,1.35595437072611e-05,0.000786189720241577,-6.96051193400429e-05,0.000308139730940557,-2.45246716304725e-05,-0.00297789937347875,-9.53871607045121e-05,0.000114353105617556,2.70524031694711e-05,NA,7.33710318681205e-05,-0.00322924578993676,0.00015885925697028,NA,-0.000411503021466924,0.000118472454005402,-0.000154528901740087,-0.000948771047101854,2.73251529907229e-05,-9.14425863788951e-05,8.60277307333542e-05,0.000258083192200063,-6.15078798103717e-05,-8.30157535796192e-05,-0.000324012597921576,0.000531499217231492,-0.000189551980353822,NA,4.06581753168353e-05,-0.00184715573251365,4.0504856193221e-05,-0.000595524061528059,NA,-0.00297789937347875,-0.000519794952997583,-0.000155472211501867,4.18578897487766e-05,-0.000361884530792541,-0.000140671435336244,NA,-0.000595524061528059,-0.000154528901740087,NA,2.85882764043891e-05,NA,-0.00322924578993676,-0.000154528901740087,-0.000154528901740087,-0.00041438239254653,-0.00107695202074272,-0.000736133461762095,-0.000422186823140508,-0.000154528901740087,-0.000299622688114872,-0.00118875362292564,-0.000154528901740087,-0.000154528901740087,NA,0.217846398969308,0.000308139730940557,-0.000393991900502433,-0.000736133461762095,-0.000179137615194056,-0.000154528901740087,4.18578897487766e-05,-9.80327571729018e-05,9.6261152398757e-05,0.0309267118661577,-0.00118875362292564,-0.00118875362292564,0.217846398969308,-0.000179137615194056,-0.000179137615194056,0.000111855972239793,0.000281590324596032,-0.000179137615194056,0.217846398969308,-0.000393991900502433,-0.000690325058028328,-0.000651168919980733,0.00015885925697028,-0.000361884530792541,NA,-0.000269407810398017,-0.000361884530792541,-0.000361884530792541,-0.000871005309540556,9.6261152398757e-05,-0.000393991900502433,0.217846398969308,-0.000409148991797547,0.00015885925697028,-0.000125802297003983,-1.21656650110778e-05,-0.000249047260738858,-0.00118875362292564,-0.000871005309540556,NA,0.217846398969308
"144",NA,-9.18524276853731e-05,0.000498529344558953,-0.000393991900502433,-0.000393991900502433,NA,NA,5.68686552581993e-05,5.21385354476283e-05,-3.92863869726897e-05,0.000236118366891155,-1.46846736916527e-05,9.38516842590335e-05,-0.000261415848763284,0.000249264672279476,0.000122643638702185,6.35771776877974e-05,NA,NA,0.000286823890010087,-0.00031734899606966,0.000204286106724084,0.000580755092864945,-9.56793780640257e-06,-2.86300020403214e-05,NA,-0.000148344299049216,-0.000148344299049216,NA,NA,NA,NA,NA,0.000404897522352873,0.00021763765633453,0.00021763765633453,NA,0.000514723823618295,2.76088401387234e-05,NA,9.45904674900718e-05,NA,-0.000125480746420604,7.40610135248472e-05,0.000236118366891155,-0.00023547624630676,NA,9.65076286964943e-05,9.65076286964943e-05,-5.84592652656153e-05,0.000129233809496192,0.00132975092596487,0.000613887919668903,-7.04863857906878e-05,NA,2.76088401387234e-05,NA,NA,0.0756716002775465,0.0756716002775465,NA,NA,0.000196421990412571,NA,-0.00128504785699136,NA,6.95633937041105e-05,0.000638060860382099,NA,0.000531900370385949,0.000637504515994789,-0.000166418031232684,-2.6399040577205e-05,5.28778807906124e-05,0.000689081590794733,NA,NA,-0.000576993024164942,0.000245287277404371,NA,-7.21241280206178e-05,0.000405455519095846,0.000286823890010087,-0.000251213469898928,0.000136145576626017,0.000129233809496192,0.000306704126608441,0.000151071276535044,NA,0.00079968982992073,-7.21241280206178e-05,0.000394343261508856,0.000251800811396352,0.000924673953363677,3.44541482154321e-05,-0.000358845530086981,-2.6399040577205e-05,-0.000100301806609568,NA,-0.000166418031232684,-0.000148344299049216,6.52041843732204e-05,0.000897134385235322,-5.84592652656153e-05,1.81530673562754e-05,NA,-0.000100301806609568,0.000286823890010087,NA,0.000249264672279476,NA,-0.000576993024164942,0.000286823890010087,0.000286823890010087,-0.000182779455050778,0.000196421990412571,NA,-0.000115299720287381,0.000286823890010087,0.00021763765633453,-0.00023547624630676,0.000286823890010087,0.000286823890010087,NA,-0.000393991900502433,0.000531900370385949,0.0756716002775465,NA,4.15387806810308e-05,0.000286823890010087,0.000897134385235322,0.000441674068893235,-1.7106324542949e-05,-7.84920821022535e-05,-0.00023547624630676,-0.00023547624630676,-0.000393991900502433,4.15387806810308e-05,4.15387806810308e-05,NA,0.000613887919668903,4.15387806810308e-05,-0.000393991900502433,0.0756716002775465,0.000144769471508457,-8.06184597290562e-05,0.000245287277404371,-5.84592652656153e-05,NA,-1.22209050683535e-05,-5.84592652656153e-05,-5.84592652656153e-05,0.000226092746303058,-1.7106324542949e-05,0.0756716002775465,-0.000393991900502433,2.76088401387234e-05,0.000245287277404371,0.000445415640625874,0.000208510730864009,-0.000152097184082079,-0.00023547624630676,0.000226092746303058,NA,-0.000393991900502433
"145",NA,-3.89745468947607e-05,0.000125243035028605,-0.000690325058028328,-0.000690325058028328,NA,NA,3.10404137517601e-05,0.00124397940330737,0.000814416879161304,0.000626215175143025,0.000345359804625915,0.00011262202111084,0.000777306615510456,NA,9.68153971957462e-05,-0.00024111081028027,0.00138701093004552,0.00138701093004552,0.00206537814427598,0.00057694172480923,0.000573161408197907,0.000220634670239155,-0.000315092875269355,8.74703043953426e-05,NA,-0.000151958289622447,-0.000151958289622447,NA,0.000338315339430967,0.000436508735175399,0.000436508735175399,NA,0.000379069280846434,0.000595413990881984,0.000595413990881984,7.87061222970516e-05,0.000133340274558276,9.65145864877418e-05,NA,-0.000200748040756707,0.000809795044705747,1.44615730424956e-06,0.00029285233552568,0.000626215175143025,0.00110479761456205,NA,1.90229041771766e-05,1.90229041771766e-05,2.78117779447547e-05,0.000103405567989753,0.00201451356562279,0.000536403195149585,0.00017795466832881,NA,9.65145864877418e-05,NA,NA,0.000144769471508457,0.000144769471508457,0.000160845022318718,NA,0.000201223567541558,NA,-0.000847676535376112,NA,0.000960487774746141,0.00058640437736922,0.000125243035028605,0.000141928547942103,3.10404137517601e-05,0.00341913447859366,-5.22272820836442e-05,0.00257303861213975,4.8232772018408e-05,0.000160845022318718,NA,0.0212732052238284,0.000193630794391492,NA,4.82052434749853e-07,7.87061222970516e-05,0.00206537814427598,-0.00035769663132187,0.000797850555578923,0.00040319792746837,0.000280875885102002,0.000842627655306006,0.000133340274558276,0.00102852714398134,0.000393737687847228,0.00196185743592831,1.87876844730494e-06,0.000338315339430967,0.00021363860490685,0.00304192235759583,9.19322273215755e-05,0.000269127318778672,NA,0.00341913447859366,-0.000151958289622447,3.93759428667811e-05,0.000117583703498604,2.78117779447547e-05,-7.67517415016389e-06,0.000498529344558953,0.000269127318778672,0.00206537814427598,0.00138701093004552,0.000223436430773037,NA,0.0212732052238284,0.00206537814427598,0.00206537814427598,9.69515387708615e-05,0.000201223567541558,-0.000271411972256831,0.000941750257440028,0.00206537814427598,0.000595413990881984,0.00110479761456205,0.00206537814427598,0.00206537814427598,NA,-0.000690325058028328,0.000141928547942103,0.000144769471508457,-0.000271411972256831,0.00492790065100364,0.00206537814427598,0.000117583703498604,9.68153971957462e-05,0.000110517659390088,-0.000104320323608693,0.00110479761456205,0.00110479761456205,-0.000690325058028328,0.00492790065100364,0.00492790065100364,0.000809795044705747,0.000536403195149585,0.00492790065100364,-0.000690325058028328,0.000144769471508457,0.0866217452090127,0.00161860532940422,0.000193630794391492,2.78117779447547e-05,NA,0.000120288498339278,2.78117779447547e-05,2.78117779447547e-05,-4.8883620273414e-05,0.000110517659390088,0.000144769471508457,-0.000690325058028328,9.65145864877418e-05,0.000193630794391492,0.000367930916106556,0.00018268248935757,0.00120006247102449,0.00110479761456205,-4.8883620273414e-05,NA,-0.000690325058028328
"146",NA,4.40904911081866e-06,0.000146934833031395,-0.000651168919980733,-0.000651168919980733,NA,NA,5.27322117545498e-05,0.00211504615760274,0.000336630058791173,0.001036578447227,0.00104588443558044,0.000242772809127578,-0.000329758326580609,0.000245128228775827,0.000118507195198536,-0.00021941901227748,NA,NA,0.0022172207302955,-0.000187771439777718,0.00197632597929998,0.000568345762353996,-0.00023404803537632,0.000368599213588278,NA,-0.000108574693616867,-0.000108574693616867,NA,NA,NA,NA,NA,0.000400761078849224,-8.72234081322033e-05,-8.72234081322033e-05,0.000100397920299841,0.000155032072561066,-0.000104745902239414,NA,-0.000157364444751127,0.000328395924611231,-1.94770864313732e-05,6.99245700211976e-05,0.001036578447227,0.00277270817159833,NA,8.40982981855457e-05,8.40982981855457e-05,-6.25957087692649e-05,0.000125097365992542,0.000264018266244734,0.000601478589157954,-7.46228292943373e-05,NA,-0.000104745902239414,NA,NA,-8.06184597290562e-05,-8.06184597290562e-05,NA,NA,0.0005548359705113,0.000261813741689325,-0.00105184328548801,NA,6.5426950200461e-05,NA,NA,0.00052362748337865,0.000301851214997963,0.00170567206477603,0.000375292097977627,0.00227083605100551,6.99245700211976e-05,NA,NA,0.00168689246306399,2.03137994541039e-05,NA,-7.62605715242674e-05,0.000100397920299841,0.0022172207302955,-0.000255349913402577,0.000132009133122367,0.000125097365992542,0.000302567683104792,0.000907703049314375,NA,-6.00777512331124e-07,-7.62605715242674e-05,9.48417915063463e-05,0.000243527924389053,NA,3.03177047117825e-05,0.00541682395291774,-3.05354840808546e-05,-0.000152480742552866,NA,0.00170567206477603,-0.000108574693616867,6.10677408695708e-05,0.000884725054724373,-6.25957087692649e-05,1.40166238526258e-05,NA,-0.000152480742552866,0.0022172207302955,NA,0.000245128228775827,NA,0.00168689246306399,0.0022172207302955,0.0022172207302955,3.78835717377446e-05,0.0005548359705113,NA,-0.000119436163791031,0.0022172207302955,-8.72234081322033e-05,0.00277270817159833,0.0022172207302955,0.0022172207302955,NA,-0.000651168919980733,0.00052362748337865,-8.06184597290562e-05,NA,0.000935156514664981,0.0022172207302955,0.000884725054724373,0.000118507195198536,-2.12427680465985e-05,NA,0.00277270817159833,0.00277270817159833,-0.000651168919980733,0.000935156514664981,0.000935156514664981,0.000328395924611231,0.000601478589157954,0.000935156514664981,-0.000651168919980733,-8.06184597290562e-05,0.00161860532940422,0.0773387561202443,2.03137994541039e-05,-6.25957087692649e-05,NA,-1.63573485720031e-05,-6.25957087692649e-05,-6.25957087692649e-05,-0.000186915898554428,-2.12427680465985e-05,-8.06184597290562e-05,-0.000651168919980733,-0.000104745902239414,2.03137994541039e-05,0.00017379196475202,0.00020437428736036,-0.000116080463682592,0.00277270817159833,-0.000186915898554428,NA,-0.000651168919980733
"147",NA,6.69639973776908e-05,0.00081616219468508,0.00015885925697028,0.00015885925697028,NA,NA,0.000215685080321263,0.00072697544134753,0.000435446867669612,0.000360166186062301,0.000144131751371411,0.000583902196369379,-8.81205591157574e-06,NA,0.000281460063765249,8.34545040673312e-05,NA,NA,0.000204034974323675,0.000159100279119532,0.00107066294154624,0.000196768605944649,5.41964578696513e-05,0.000456759637534349,NA,1.04721260138478e-05,1.04721260138478e-05,NA,NA,NA,NA,NA,0.000563713947415937,0.000347845712357884,0.000347845712357884,NA,0.000317984941127779,0.000504058115327915,NA,0.0001685412923823,NA,0.000260076891127338,0.000662141668664686,0.000360166186062301,0.000240973028882431,NA,3.5352784555165e-05,3.5352784555165e-05,0.000100357159797449,0.000288050234559256,NA,0.0006120125545808,0.00073188866803732,NA,0.000504058115327915,NA,NA,0.000245287277404371,0.000245287277404371,NA,NA,7.18411467835242e-05,NA,-0.000145117220062293,NA,0.000228379818767174,NA,NA,0.000326573214511606,0.00062775695213139,0.000104633092714012,0.000864150703677768,NA,0.000232877438587911,NA,0.000317984941127779,-0.000156765120352358,0.0316512590895307,NA,8.66922970424461e-05,0.000263350788866555,0.000204034974323675,-9.23970448358639e-05,0.000786310794867025,0.000288050234559256,0.000465520551671505,NA,0.000317984941127779,0.000162352091054382,0.000369771385573756,0.000711976111634983,0.000186523435016808,NA,0.000193270573278496,8.5053303377555e-05,0.000461221560460582,0.00021733104351656,NA,0.000104633092714012,1.04721260138478e-05,0.000224020609436284,0.000302228370068107,0.000100357159797449,0.000176969492419339,NA,0.00021733104351656,0.000204034974323675,NA,0.00040808109734254,NA,-0.000156765120352358,0.000204034974323675,0.000204034974323675,0.000148460731513435,7.18411467835242e-05,NA,0.00028342020104023,0.000204034974323675,0.000347845712357884,0.000240973028882431,0.000204034974323675,0.000204034974323675,NA,0.00015885925697028,0.000326573214511606,0.000245287277404371,NA,0.000200355205744095,0.000204034974323675,0.000302228370068107,0.000759306919019363,0.000141710100520115,NA,0.000240973028882431,0.000240973028882431,0.00015885925697028,0.000200355205744095,0.000200355205744095,NA,0.0006120125545808,0.000200355205744095,0.00015885925697028,0.000245287277404371,0.000193630794391492,2.03137994541039e-05,0.0316512590895307,0.000100357159797449,NA,0.00014659551999471,0.000100357159797449,0.000100357159797449,0.000148460731513435,0.000141710100520115,0.000245287277404371,0.00015885925697028,0.000504058115327915,0.0316512590895307,NA,0.000367327155927073,0.000487056273163147,0.000240973028882431,0.000148460731513435,NA,0.00015885925697028
"148",NA,0.000721765122572744,0.000226978193374739,-0.000361884530792541,-0.000361884530792541,NA,NA,0.000132775572097894,3.78278881907736e-06,0.000269627851222875,0.000194347169615563,0.000318831277784949,-7.02547097509119e-05,0.000212445361939006,NA,0.000198550555541881,-8.23645123794063e-05,NA,NA,0.000121125466100307,-8.96282455505748e-05,-1.16305643256739e-05,0.00011385909772128,-0.000111622558577086,0.000290940621087611,NA,0.000249586403591628,0.000249586403591628,NA,NA,NA,NA,NA,0.000480804439192568,0.000445358406853615,0.000445358406853615,0.00100822239214975,0.000235075432904411,0.000255329590657809,NA,2.72227593556221e-06,NA,-0.000107313331019775,0.000149967930364542,0.000194347169615563,-0.000120049239183047,NA,0.00032422837921558,0.00032422837921558,0.0502785458520113,0.000205140726335887,NA,0.000124903373322599,5.42053104900736e-06,NA,0.000255329590657809,NA,NA,-5.84592652656153e-05,-5.84592652656153e-05,0.000262580180664852,NA,3.13515584920752e-05,NA,-0.000612346971336538,NA,0.000145470310543806,NA,NA,0.000683714204065339,0.000461937935684653,-0.000403044131755678,4.95078762624902e-05,NA,0.000149967930364542,0.000262580180664852,NA,-0.000313996970514144,0.000100357159797449,NA,3.78278881907736e-06,0.000180441280643186,0.000121125466100307,-0.000175306553059233,0.000212052493465712,0.000205140726335887,0.000382611043448137,NA,NA,7.94425828310136e-05,3.78278881907736e-06,0.000174885151849691,0.000103613926793439,NA,0.000110361065055127,-0.000210191257170914,0.000295402544013844,-7.2437382209521e-05,NA,-0.000403044131755678,0.000249586403591628,0.000141111101212915,0.000219318861844739,0.0502785458520113,9.40599841959705e-05,NA,-7.2437382209521e-05,0.000121125466100307,NA,0.000325171589119171,NA,-0.000313996970514144,0.000121125466100307,0.000121125466100307,0.000605627330501533,3.13515584920752e-05,NA,-3.93928034476858e-05,0.000121125466100307,0.000445358406853615,-0.000120049239183047,0.000121125466100307,0.000121125466100307,NA,-0.000361884530792541,0.000683714204065339,-5.84592652656153e-05,NA,0.000117445697520726,0.000121125466100307,0.000219318861844739,0.000198550555541881,5.88005922967462e-05,NA,-0.000120049239183047,-0.000120049239183047,-0.000361884530792541,0.000117445697520726,0.000117445697520726,NA,0.000124903373322599,0.000117445697520726,-0.000361884530792541,-5.84592652656153e-05,2.78117779447547e-05,-6.25957087692649e-05,0.000100357159797449,0.0502785458520113,NA,0.03627692548816,0.0502785458520113,0.0502785458520113,-1.73582849333022e-05,5.88005922967462e-05,-5.84592652656153e-05,-0.000361884530792541,0.000255329590657809,0.000100357159797449,NA,0.000284417647703705,0.000238327748493041,-0.000120049239183047,-1.73582849333022e-05,NA,-0.000361884530792541
"149",NA,NA,NA,NA,NA,NA,NA,NA,NA,NA,NA,NA,NA,NA,NA,NA,NA,NA,NA,NA,NA,NA,NA,NA,NA,NA,NA,NA,NA,NA,NA,NA,NA,NA,NA,NA,NA,NA,NA,NA,NA,NA,NA,NA,NA,NA,NA,NA,NA,NA,NA,NA,NA,NA,NA,NA,NA,NA,NA,NA,NA,NA,NA,NA,8.40525351009682e-05,NA,NA,NA,NA,NA,NA,NA,NA,NA,NA,NA,NA,NA,NA,NA,NA,NA,NA,NA,NA,NA,NA,NA,NA,NA,NA,NA,NA,NA,NA,NA,NA,NA,NA,NA,NA,NA,NA,NA,NA,NA,NA,NA,NA,NA,NA,NA,NA,NA,NA,NA,NA,NA,NA,NA,NA,NA,NA,NA,NA,NA,NA,NA,NA,NA,NA,NA,NA,NA,NA,NA,NA,NA,NA,NA,NA,NA,NA,NA,NA,NA,NA,NA,0.00329938223065336,NA,NA,NA,NA,NA,NA,NA,NA,NA,NA,NA,NA,NA,NA,NA,NA
"150",NA,0.000906718563361791,0.000273216553572001,-0.000269407810398017,-0.000269407810398017,NA,NA,0.000179013932295156,5.00211490163392e-05,0.000362104571617399,0.000286823890010087,0.000107460603345304,2.22220106436118e-05,0.000228464879050149,NA,0.000244788915739142,-9.31372917368733e-05,NA,NA,0.000167363826297569,-8.21543519637897e-05,3.46077958715879e-05,0.000160097457918542,-0.000107766314835713,0.000383417341482135,NA,0.000143988747464346,0.000143988747464346,NA,NA,NA,NA,NA,0.00052704279938983,0.000584073487445401,0.000584073487445401,0.00114693747274153,0.000281313793101672,0.000147817538841799,NA,9.51989963300859e-05,NA,-1.48366106252517e-05,0.000196206290561804,0.000286823890010087,-2.75725187885232e-05,NA,0.000462943459807365,0.000462943459807365,0.0465997910143247,0.000251379086533149,NA,0.000171141733519861,5.16588912462692e-05,NA,0.000147817538841799,NA,NA,-1.22209050683535e-05,-1.22209050683535e-05,NA,NA,0.000170066639083861,NA,-0.000401815256245042,NA,0.000191708670741067,NA,NA,0.000776190924459863,0.000554414656079177,-0.000291098276100525,9.5746236459752e-05,NA,0.000196206290561804,NA,NA,-0.000192688986912371,0.00014659551999471,NA,5.00211490163392e-05,0.000226679640840448,0.000167363826297569,-0.000129068192861971,0.000258290853662974,0.000251379086533149,0.000428849403645398,NA,NA,0.000125680943028275,5.00211490163392e-05,0.000221123512046953,0.000149852286990701,NA,0.000156599425252389,-0.000163952896973652,0.000387879264408368,-2.61990220122591e-05,NA,-0.000291098276100525,0.000143988747464346,0.000187349461410177,0.000265557222042,0.0465997910143247,0.000140298344393232,NA,-2.61990220122591e-05,0.000167363826297569,NA,0.000371409949316433,NA,-0.000192688986912371,0.000167363826297569,0.000167363826297569,0.000836819131487843,0.000170066639083861,NA,6.84555674957604e-06,0.000167363826297569,0.000584073487445401,-2.75725187885232e-05,0.000167363826297569,0.000167363826297569,NA,-0.000269407810398017,0.000776190924459863,-1.22209050683535e-05,NA,0.000163684057717988,0.000167363826297569,0.000265557222042,0.000244788915739142,0.000105038952494008,NA,-2.75725187885232e-05,-2.75725187885232e-05,-0.000269407810398017,0.000163684057717988,0.000163684057717988,NA,0.000171141733519861,0.000163684057717988,-0.000269407810398017,-1.22209050683535e-05,0.000120288498339278,-1.63573485720031e-05,0.00014659551999471,0.0465997910143247,NA,0.038912512019404,0.0465997910143247,0.0465997910143247,-6.06341780138212e-05,0.000105038952494008,-1.22209050683535e-05,-0.000269407810398017,0.000147817538841799,0.00014659551999471,NA,0.000330656007900966,0.000377042829084826,-2.75725187885232e-05,-6.06341780138212e-05,NA,-0.000269407810398017
"151",NA,0.000721765122572744,0.000226978193374739,-0.000361884530792541,-0.000361884530792541,NA,NA,0.000132775572097894,3.78278881907736e-06,0.000269627851222875,0.000194347169615563,0.000318831277784949,-7.02547097509119e-05,0.000212445361939006,NA,0.000198550555541881,-8.23645123794063e-05,NA,NA,0.000121125466100307,-8.96282455505748e-05,-1.16305643256739e-05,0.00011385909772128,-0.000111622558577086,0.000290940621087611,NA,0.000249586403591628,0.000249586403591628,NA,NA,NA,NA,NA,0.000480804439192568,0.000445358406853615,0.000445358406853615,0.00100822239214975,0.000235075432904411,0.000255329590657809,NA,2.72227593556221e-06,NA,-0.000107313331019775,0.000149967930364542,0.000194347169615563,-0.000120049239183047,NA,0.00032422837921558,0.00032422837921558,0.0502785458520113,0.000205140726335887,NA,0.000124903373322599,5.42053104900736e-06,NA,0.000255329590657809,NA,NA,-5.84592652656153e-05,-5.84592652656153e-05,0.000262580180664852,NA,3.13515584920752e-05,NA,-0.000612346971336538,NA,0.000145470310543806,NA,NA,0.000683714204065339,0.000461937935684653,-0.000403044131755678,4.95078762624902e-05,NA,0.000149967930364542,0.000262580180664852,NA,-0.000313996970514144,0.000100357159797449,NA,3.78278881907736e-06,0.000180441280643186,0.000121125466100307,-0.000175306553059233,0.000212052493465712,0.000205140726335887,0.000382611043448137,NA,NA,7.94425828310136e-05,3.78278881907736e-06,0.000174885151849691,0.000103613926793439,NA,0.000110361065055127,-0.000210191257170914,0.000295402544013844,-7.2437382209521e-05,NA,-0.000403044131755678,0.000249586403591628,0.000141111101212915,0.000219318861844739,0.0502785458520113,9.40599841959705e-05,NA,-7.2437382209521e-05,0.000121125466100307,NA,0.000325171589119171,NA,-0.000313996970514144,0.000121125466100307,0.000121125466100307,0.000605627330501533,3.13515584920752e-05,NA,-3.93928034476858e-05,0.000121125466100307,0.000445358406853615,-0.000120049239183047,0.000121125466100307,0.000121125466100307,NA,-0.000361884530792541,0.000683714204065339,-5.84592652656153e-05,NA,0.000117445697520726,0.000121125466100307,0.000219318861844739,0.000198550555541881,5.88005922967462e-05,NA,-0.000120049239183047,-0.000120049239183047,-0.000361884530792541,0.000117445697520726,0.000117445697520726,NA,0.000124903373322599,0.000117445697520726,-0.000361884530792541,-5.84592652656153e-05,2.78117779447547e-05,-6.25957087692649e-05,0.000100357159797449,0.0502785458520113,NA,0.03627692548816,0.0502785458520113,0.0502785458520113,-1.73582849333022e-05,5.88005922967462e-05,-5.84592652656153e-05,-0.000361884530792541,0.000255329590657809,0.000100357159797449,NA,0.000284417647703705,0.000238327748493041,-0.000120049239183047,-1.73582849333022e-05,NA,-0.000361884530792541
"152",NA,0.000721765122572744,0.000226978193374739,-0.000361884530792541,-0.000361884530792541,NA,NA,0.000132775572097894,3.78278881907736e-06,0.000269627851222875,0.000194347169615563,0.000318831277784949,-7.02547097509119e-05,0.000212445361939006,NA,0.000198550555541881,-8.23645123794063e-05,NA,NA,0.000121125466100307,-8.96282455505748e-05,-1.16305643256739e-05,0.00011385909772128,-0.000111622558577086,0.000290940621087611,NA,0.000249586403591628,0.000249586403591628,NA,NA,NA,NA,NA,0.000480804439192568,0.000445358406853615,0.000445358406853615,0.00100822239214975,0.000235075432904411,0.000255329590657809,NA,2.72227593556221e-06,NA,-0.000107313331019775,0.000149967930364542,0.000194347169615563,-0.000120049239183047,NA,0.00032422837921558,0.00032422837921558,0.0502785458520113,0.000205140726335887,NA,0.000124903373322599,5.42053104900736e-06,NA,0.000255329590657809,NA,NA,-5.84592652656153e-05,-5.84592652656153e-05,0.000262580180664852,NA,3.13515584920752e-05,NA,-0.000612346971336538,NA,0.000145470310543806,NA,NA,0.000683714204065339,0.000461937935684653,-0.000403044131755678,4.95078762624902e-05,NA,0.000149967930364542,0.000262580180664852,NA,-0.000313996970514144,0.000100357159797449,NA,3.78278881907736e-06,0.000180441280643186,0.000121125466100307,-0.000175306553059233,0.000212052493465712,0.000205140726335887,0.000382611043448137,NA,NA,7.94425828310136e-05,3.78278881907736e-06,0.000174885151849691,0.000103613926793439,NA,0.000110361065055127,-0.000210191257170914,0.000295402544013844,-7.2437382209521e-05,NA,-0.000403044131755678,0.000249586403591628,0.000141111101212915,0.000219318861844739,0.0502785458520113,9.40599841959705e-05,NA,-7.2437382209521e-05,0.000121125466100307,NA,0.000325171589119171,NA,-0.000313996970514144,0.000121125466100307,0.000121125466100307,0.000605627330501533,3.13515584920752e-05,NA,-3.93928034476858e-05,0.000121125466100307,0.000445358406853615,-0.000120049239183047,0.000121125466100307,0.000121125466100307,NA,-0.000361884530792541,0.000683714204065339,-5.84592652656153e-05,NA,0.000117445697520726,0.000121125466100307,0.000219318861844739,0.000198550555541881,5.88005922967462e-05,NA,-0.000120049239183047,-0.000120049239183047,-0.000361884530792541,0.000117445697520726,0.000117445697520726,NA,0.000124903373322599,0.000117445697520726,-0.000361884530792541,-5.84592652656153e-05,2.78117779447547e-05,-6.25957087692649e-05,0.000100357159797449,0.0502785458520113,NA,0.03627692548816,0.0502785458520113,0.0502785458520113,-1.73582849333022e-05,5.88005922967462e-05,-5.84592652656153e-05,-0.000361884530792541,0.000255329590657809,0.000100357159797449,NA,0.000284417647703705,0.000238327748493041,-0.000120049239183047,-1.73582849333022e-05,NA,-0.000361884530792541
"153",NA,-0.000140265700630841,0.000102658003589577,-0.000871005309540556,-0.000871005309540556,NA,NA,8.45538231273159e-06,0.000105286347321935,-8.76996599181574e-05,-5.42932099547624e-05,-6.30979466371205e-05,-2.28881675233307e-05,1.29292059423831e-05,NA,7.42303657567177e-05,-0.000324188974937703,NA,NA,-3.19472368485617e-06,-0.00045376932087955,5.90462878876808e-05,-1.0461092063883e-05,-0.000368076044234223,4.23002415172856e-05,NA,-1.48312202327947e-06,-1.48312202327947e-06,NA,NA,NA,NA,NA,0.000356484249407406,0.000733956049462845,0.000733956049462845,NA,0.000417897277727359,-0.00011763097869768,NA,3.42277837478802e-05,NA,0.000147279489550507,2.56477405793795e-05,-5.42932099547624e-05,-0.000344605654529017,NA,9.80395121419892e-05,9.80395121419892e-05,-1.73582849333022e-05,8.08205365507243e-05,NA,5.83183537436111e-07,-4.14125259834471e-05,NA,-0.00011763097869768,NA,NA,0.000226092746303058,0.000226092746303058,0.000472906773248243,NA,-0.000207522580249059,NA,-0.00164361428274767,NA,0.00053034891249612,NA,NA,0.000119343516503075,8.45538231273159e-06,-0.000970461596443064,4.67621644435185e-05,NA,2.56477405793795e-05,0.000472906773248243,NA,-0.000889261881435597,0.000148460731513435,NA,0.000105286347321935,5.61210908580231e-05,-3.19472368485617e-06,-0.000299626742844396,0.000371851398849962,8.08205365507243e-05,0.000258290853662974,NA,0.000110755243119248,-4.48776069541493e-05,0.000537303016726521,0.00029751671561792,0.000154974265505417,NA,-1.39591247300357e-05,-0.000552498621868852,0.000486297911864765,0.00015620216158353,NA,-0.000970461596443064,-1.48312202327947e-06,1.67909114277526e-05,0.000386384135608016,-1.73582849333022e-05,-3.02602055891924e-05,NA,0.00015620216158353,-3.19472368485617e-06,NA,0.000200851399334009,NA,-0.000889261881435597,-3.19472368485617e-06,-3.19472368485617e-06,0.00289287518221025,-0.000207522580249059,NA,-0.000131039194976833,-3.19472368485617e-06,0.000733956049462845,-0.000344605654529017,-3.19472368485617e-06,-3.19472368485617e-06,NA,-0.000871005309540556,0.000119343516503075,0.000226092746303058,NA,-6.87449226443695e-06,-3.19472368485617e-06,0.000386384135608016,0.000344847523002299,0.000270339757754941,NA,-0.000344605654529017,-0.000344605654529017,-0.000871005309540556,-6.87449226443695e-06,-6.87449226443695e-06,NA,5.83183537436111e-07,-6.87449226443695e-06,-0.000871005309540556,0.000226092746303058,-4.8883620273414e-05,-0.000186915898554428,0.000148460731513435,-1.73582849333022e-05,NA,-6.06341780138212e-05,-1.73582849333022e-05,-1.73582849333022e-05,0.0973022489013525,0.000270339757754941,0.000226092746303058,-0.000871005309540556,-0.00011763097869768,0.000148460731513435,NA,0.000160097457918542,-0.000134632820862448,-0.000344605654529017,0.0973022489013525,NA,-0.000871005309540556
"154",NA,2.54074298769884e-05,0.000268331134097406,9.6261152398757e-05,9.6261152398757e-05,NA,NA,0.000174128512820561,4.51357295417437e-05,7.79734705896718e-05,4.03331297860161e-05,0.000102575183870709,-9.19678098972215e-05,-0.000144155991200922,NA,0.000239903496264547,0.000393456321109581,NA,NA,0.000162478406822973,3.44305766174244e-05,2.97223763969925e-05,0.000155212038443946,0.000334940228714221,8.86298555220401e-05,NA,0.0364602197785589,0.0364602197785589,NA,NA,NA,NA,NA,0.000522157379915235,3.41728929338077e-05,3.41728929338077e-05,NA,0.000276428373627077,-2.91700457981277e-05,NA,8.5428157380895e-05,0.000449792225677242,0.000135407188625231,0.000191320871087209,4.03331297860161e-05,-0.000116865074613289,NA,-6.20378294553738e-06,-6.20378294553738e-06,5.88005922967462e-05,0.000246493667058554,NA,0.000166256314045265,4.67734717716738e-05,NA,-2.91700457981277e-05,NA,NA,-1.7106324542949e-05,-1.7106324542949e-05,0.000303933121387519,NA,-1.12719882178806e-05,NA,0.000168819957208882,NA,0.000186823251266472,NA,NA,0.000285016647010904,0.000544643817129986,-0.000300869115049716,9.08608169851565e-05,NA,0.000191320871087209,0.000303933121387519,NA,-0.000249444457691552,0.000141710100520115,NA,4.51357295417437e-05,0.000221794221365852,0.000162478406822973,-0.000133953612336566,0.000253405434188378,0.000689374125605971,0.000423963984170803,0.000268331134097406,NA,0.00012079552355368,4.51357295417437e-05,0.000628862976633579,0.000144966867516106,NA,0.000151714005777794,-0.000141289841407632,9.08608169851565e-05,0.000373645225759627,NA,-0.000300869115049716,0.0364602197785589,0.000182464041935582,0.000260671802567405,5.88005922967462e-05,0.000135412924918637,NA,0.000373645225759627,0.000162478406822973,NA,0.000366524529841838,NA,-0.000249444457691552,0.000162478406822973,0.000162478406822973,0.000270339757754941,-1.12719882178806e-05,NA,1.96013727498059e-06,0.000162478406822973,3.41728929338077e-05,-0.000116865074613289,0.000162478406822973,0.000162478406822973,NA,9.6261152398757e-05,0.000285016647010904,-1.7106324542949e-05,NA,0.000158798638243392,0.000162478406822973,0.000260671802567405,0.000239903496264547,0.0399896235693293,3.8767775460108e-05,-0.000116865074613289,-0.000116865074613289,9.6261152398757e-05,0.000158798638243392,0.000158798638243392,0.000449792225677242,0.000166256314045265,0.000158798638243392,9.6261152398757e-05,-1.7106324542949e-05,0.000110517659390088,-2.12427680465985e-05,0.000141710100520115,5.88005922967462e-05,NA,0.000105038952494008,5.88005922967462e-05,5.88005922967462e-05,0.000270339757754941,0.0399896235693293,-1.7106324542949e-05,9.6261152398757e-05,-2.91700457981277e-05,0.000141710100520115,NA,0.000325770588426371,0.00036238657066104,-0.000116865074613289,0.000270339757754941,NA,9.6261152398757e-05
"155",NA,-9.18524276853731e-05,0.000498529344558953,-0.000393991900502433,-0.000393991900502433,NA,NA,5.68686552581993e-05,5.21385354476283e-05,-3.92863869726897e-05,0.000236118366891155,-1.46846736916527e-05,9.38516842590335e-05,-0.000261415848763284,0.000249264672279476,0.000122643638702185,6.35771776877974e-05,NA,NA,0.000286823890010087,-0.00031734899606966,0.000204286106724084,0.000580755092864945,-9.56793780640257e-06,-2.86300020403214e-05,NA,-0.000148344299049216,-0.000148344299049216,NA,NA,NA,NA,NA,0.000404897522352873,0.00021763765633453,0.00021763765633453,NA,0.000514723823618295,2.76088401387234e-05,NA,9.45904674900718e-05,NA,-0.000125480746420604,7.40610135248472e-05,0.000236118366891155,-0.00023547624630676,NA,9.65076286964943e-05,9.65076286964943e-05,-5.84592652656153e-05,0.000129233809496192,0.00132975092596487,0.000613887919668903,-7.04863857906878e-05,NA,2.76088401387234e-05,NA,NA,0.0756716002775465,0.0756716002775465,NA,NA,0.000196421990412571,NA,-0.00128504785699136,NA,6.95633937041105e-05,0.000638060860382099,NA,0.000531900370385949,0.000637504515994789,-0.000166418031232684,-2.6399040577205e-05,5.28778807906124e-05,0.000689081590794733,NA,NA,-0.000576993024164942,0.000245287277404371,NA,-7.21241280206178e-05,0.000405455519095846,0.000286823890010087,-0.000251213469898928,0.000136145576626017,0.000129233809496192,0.000306704126608441,0.000151071276535044,NA,0.00079968982992073,-7.21241280206178e-05,0.000394343261508856,0.000251800811396352,0.000924673953363677,3.44541482154321e-05,-0.000358845530086981,-2.6399040577205e-05,-0.000100301806609568,NA,-0.000166418031232684,-0.000148344299049216,6.52041843732204e-05,0.000897134385235322,-5.84592652656153e-05,1.81530673562754e-05,NA,-0.000100301806609568,0.000286823890010087,NA,0.000249264672279476,NA,-0.000576993024164942,0.000286823890010087,0.000286823890010087,-0.000182779455050778,0.000196421990412571,NA,-0.000115299720287381,0.000286823890010087,0.00021763765633453,-0.00023547624630676,0.000286823890010087,0.000286823890010087,NA,-0.000393991900502433,0.000531900370385949,0.0756716002775465,NA,4.15387806810308e-05,0.000286823890010087,0.000897134385235322,0.000441674068893235,-1.7106324542949e-05,-7.84920821022535e-05,-0.00023547624630676,-0.00023547624630676,-0.000393991900502433,4.15387806810308e-05,4.15387806810308e-05,NA,0.000613887919668903,4.15387806810308e-05,-0.000393991900502433,0.0756716002775465,0.000144769471508457,-8.06184597290562e-05,0.000245287277404371,-5.84592652656153e-05,NA,-1.22209050683535e-05,-5.84592652656153e-05,-5.84592652656153e-05,0.000226092746303058,-1.7106324542949e-05,0.0756716002775465,-0.000393991900502433,2.76088401387234e-05,0.000245287277404371,0.000445415640625874,0.000208510730864009,-0.000152097184082079,-0.00023547624630676,0.000226092746303058,NA,-0.000393991900502433
"156",NA,-0.000352215466455788,5.71765528087782e-05,0.217846398969308,0.217846398969308,0.000196708068631924,NA,-0.000131228689744912,-0.000389214256302546,-0.000254303965435652,-2.41834913450937e-05,-0.000155897112311504,-0.000694098134248252,-0.00155900844582549,NA,-9.80327571729018e-05,0.0452809629415411,NA,NA,-0.000154528901740087,-0.00147692085380376,-0.000401079363645332,-8.12740947603164e-05,0.0429403192457267,-0.000281020643526035,6.41902636945019e-05,-0.000519794952997583,-0.000519794952997583,NA,NA,NA,NA,NA,0.000184221126477786,-0.000299622688114872,-0.000299622688114872,-0.000116142032071596,-6.15078798103717e-05,-0.000409148991797547,NA,-0.000590944557629582,0.000111855972239793,0.000341087849626485,0.00958178177267428,-2.41834913450937e-05,-0.00118875362292564,NA,-0.000580710160357982,-0.000580710160357982,-0.000361884530792541,1.35016187310737e-05,-8.12740947603164e-05,0.000281590324596032,-0.000315823886771926,NA,-0.000409148991797547,NA,NA,-0.000393991900502433,-0.000393991900502433,NA,NA,-0.00107695202074272,NA,-0.00598296344045471,NA,1.35595437072611e-05,0.000786189720241577,-6.96051193400429e-05,0.000308139730940557,-2.45246716304725e-05,-0.00297789937347875,-9.53871607045121e-05,0.000114353105617556,2.70524031694711e-05,NA,7.33710318681205e-05,-0.00322924578993676,0.00015885925697028,NA,-0.000411503021466924,0.000118472454005402,-0.000154528901740087,-0.000948771047101854,2.73251529907229e-05,-9.14425863788951e-05,8.60277307333542e-05,0.000258083192200063,-6.15078798103717e-05,-8.30157535796192e-05,-0.000324012597921576,0.000531499217231492,-0.000189551980353822,NA,4.06581753168353e-05,-0.00184715573251365,4.0504856193221e-05,-0.000595524061528059,NA,-0.00297789937347875,-0.000519794952997583,-0.000155472211501867,4.18578897487766e-05,-0.000361884530792541,-0.000140671435336244,NA,-0.000595524061528059,-0.000154528901740087,NA,2.85882764043891e-05,NA,-0.00322924578993676,-0.000154528901740087,-0.000154528901740087,-0.00041438239254653,-0.00107695202074272,-0.000736133461762095,-0.000422186823140508,-0.000154528901740087,-0.000299622688114872,-0.00118875362292564,-0.000154528901740087,-0.000154528901740087,NA,0.217846398969308,0.000308139730940557,-0.000393991900502433,-0.000736133461762095,-0.000179137615194056,-0.000154528901740087,4.18578897487766e-05,-9.80327571729018e-05,9.6261152398757e-05,0.0309267118661577,-0.00118875362292564,-0.00118875362292564,0.217846398969308,-0.000179137615194056,-0.000179137615194056,0.000111855972239793,0.000281590324596032,-0.000179137615194056,0.217846398969308,-0.000393991900502433,-0.000690325058028328,-0.000651168919980733,0.00015885925697028,-0.000361884530792541,NA,-0.000269407810398017,-0.000361884530792541,-0.000361884530792541,-0.000871005309540556,9.6261152398757e-05,-0.000393991900502433,0.217846398969308,-0.000409148991797547,0.00015885925697028,-0.000125802297003983,-1.21656650110778e-05,-0.000249047260738858,-0.00118875362292564,-0.000871005309540556,NA,0.217846398969308
"157",NA,-0.000103916148940552,0.000474401902048595,-0.000409148991797547,-0.000409148991797547,NA,NA,0.000285996659494905,0.00044879576885227,0.000580146733043982,0.000429585369829359,-2.67483949468315e-05,0.000195209142618403,-0.000227407828535364,NA,0.000110579917447007,0.00015887973473292,NA,NA,0.00026269644749973,0.00116842923149394,0.000925350260383687,0.000544563929099409,7.11055961398798e-05,0.000114999344897864,NA,-0.000124429249119926,-0.000124429249119926,NA,NA,NA,NA,NA,0.000392833801097695,0.000952053359604579,0.000952053359604579,9.24706425483121e-05,0.000147104794809537,0.0806245977221505,NA,0.000215975542199325,NA,0.000250901094552414,0.000320381376028201,0.000429585369829359,0.000206325415980964,NA,-7.46679320372914e-05,-7.46679320372914e-05,0.000255329590657809,0.000117170088241013,0.000544563929099409,0.000270252261944314,0.000219248229082592,NA,0.0806245977221505,NA,NA,2.76088401387234e-05,2.76088401387234e-05,0.000174609542569978,NA,-0.000147064708728194,0.000704159719364455,-0.000755544881328638,0.000208773313191439,5.74996724489318e-05,0.000208773313191439,0.000139007555279866,0.000155693068193364,4.48049340030206e-05,-0.000600172487460324,0.000119461267824096,0.000278015110559731,6.19972922696685e-05,0.000174609542569978,0.000490596381107937,-0.000607521027260686,0.000504058115327915,NA,0.000214335002392801,9.24706425483121e-05,0.00026269644749973,-0.000322933023242129,0.00044455050223054,0.000117170088241013,0.000294640405353263,NA,0.000147104794809537,0.000179330680961143,0.00044879576885227,0.000727642091484642,1.56432886985655e-05,0.000352079859682228,2.23904269602533e-05,-0.000266013896687754,0.00129218090391267,-1.43255106929935e-05,NA,-0.000600172487460324,-0.000124429249119926,5.31404631180416e-05,0.000459083238988594,0.000255329590657809,6.0893461010966e-06,NA,-1.43255106929935e-05,0.00026269644749973,NA,0.000237200951024298,NA,-0.000607521027260686,0.00026269644749973,0.00026269644749973,0.00056574375585507,-0.000147064708728194,-0.000318908112522278,-5.83400915962554e-05,0.00026269644749973,0.000952053359604579,0.000206325415980964,0.00026269644749973,0.00026269644749973,NA,-0.000409148991797547,0.000155693068193364,2.76088401387234e-05,-0.000318908112522278,2.9475059425852e-05,0.00026269644749973,0.000459083238988594,0.000110579917447007,-2.91700457981277e-05,NA,0.000206325415980964,0.000206325415980964,-0.000409148991797547,2.9475059425852e-05,2.9475059425852e-05,NA,0.000270252261944314,2.9475059425852e-05,-0.000409148991797547,2.76088401387234e-05,9.65145864877418e-05,-0.000104745902239414,0.000504058115327915,0.000255329590657809,NA,0.000147817538841799,0.000255329590657809,0.000255329590657809,-0.00011763097869768,-2.91700457981277e-05,2.76088401387234e-05,-0.000409148991797547,0.0806245977221505,0.000504058115327915,0.000157937409248962,0.000196447009608831,0.00053799204288343,0.000206325415980964,-0.00011763097869768,NA,-0.000409148991797547
"158",NA,6.69639973776908e-05,0.00081616219468508,0.00015885925697028,0.00015885925697028,NA,NA,0.000215685080321263,0.00072697544134753,0.000435446867669612,0.000360166186062301,0.000144131751371411,0.000583902196369379,-8.81205591157574e-06,NA,0.000281460063765249,8.34545040673312e-05,NA,NA,0.000204034974323675,0.000159100279119532,0.00107066294154624,0.000196768605944649,5.41964578696513e-05,0.000456759637534349,NA,1.04721260138478e-05,1.04721260138478e-05,NA,NA,NA,NA,NA,0.000563713947415937,0.000347845712357884,0.000347845712357884,NA,0.000317984941127779,0.000504058115327915,NA,0.0001685412923823,NA,0.000260076891127338,0.000662141668664686,0.000360166186062301,0.000240973028882431,NA,3.5352784555165e-05,3.5352784555165e-05,0.000100357159797449,0.000288050234559256,NA,0.0006120125545808,0.00073188866803732,NA,0.000504058115327915,NA,NA,0.000245287277404371,0.000245287277404371,NA,NA,7.18411467835242e-05,NA,-0.000145117220062293,NA,0.000228379818767174,NA,NA,0.000326573214511606,0.00062775695213139,0.000104633092714012,0.000864150703677768,NA,0.000232877438587911,NA,0.000317984941127779,-0.000156765120352358,0.0316512590895307,NA,8.66922970424461e-05,0.000263350788866555,0.000204034974323675,-9.23970448358639e-05,0.000786310794867025,0.000288050234559256,0.000465520551671505,NA,0.000317984941127779,0.000162352091054382,0.000369771385573756,0.000711976111634983,0.000186523435016808,NA,0.000193270573278496,8.5053303377555e-05,0.000461221560460582,0.00021733104351656,NA,0.000104633092714012,1.04721260138478e-05,0.000224020609436284,0.000302228370068107,0.000100357159797449,0.000176969492419339,NA,0.00021733104351656,0.000204034974323675,NA,0.00040808109734254,NA,-0.000156765120352358,0.000204034974323675,0.000204034974323675,0.000148460731513435,7.18411467835242e-05,NA,0.00028342020104023,0.000204034974323675,0.000347845712357884,0.000240973028882431,0.000204034974323675,0.000204034974323675,NA,0.00015885925697028,0.000326573214511606,0.000245287277404371,NA,0.000200355205744095,0.000204034974323675,0.000302228370068107,0.000759306919019363,0.000141710100520115,NA,0.000240973028882431,0.000240973028882431,0.00015885925697028,0.000200355205744095,0.000200355205744095,NA,0.0006120125545808,0.000200355205744095,0.00015885925697028,0.000245287277404371,0.000193630794391492,2.03137994541039e-05,0.0316512590895307,0.000100357159797449,NA,0.00014659551999471,0.000100357159797449,0.000100357159797449,0.000148460731513435,0.000141710100520115,0.000245287277404371,0.00015885925697028,0.000504058115327915,0.0316512590895307,NA,0.000367327155927073,0.000487056273163147,0.000240973028882431,0.000148460731513435,NA,0.00015885925697028
"159",NA,NA,NA,-0.000125802297003983,-0.000125802297003983,NA,NA,NA,5.50810842199203e-05,8.79188252678484e-05,0.00182462838169213,NA,NA,6.42666406519541e-05,0.000376469884520014,NA,2.02320784222796e-05,NA,NA,0.000541234314491163,6.42666406519541e-05,0.00133832867693279,0.00144617673844395,-9.02596777540038e-06,NA,NA,NA,NA,NA,NA,NA,NA,NA,NA,NA,NA,NA,0.000286373728305254,0.000157937409248962,NA,NA,NA,NA,NA,0.00182462838169213,0.00183911382190513,NA,NA,NA,NA,NA,0.00428780783942025,0.00149035384084922,NA,NA,0.000157937409248962,NA,NA,0.000445415640625874,0.000445415640625874,0.00140853397841728,NA,0.000410011025254673,0.000393155397433513,-0.000366395709819974,NA,NA,0.00436594171680686,NA,NA,NA,0.000653247914001128,NA,0.0020404054867127,NA,0.00140853397841728,NA,0.00305927987180131,NA,NA,5.50810842199203e-05,0.000659865943576922,0.000541234314491163,NA,NA,NA,NA,0.000752939769040029,0.000769134248099371,0.000457868547952577,5.50810842199203e-05,0.00169028095495759,NA,0.00117908437784475,0.000519705512400804,-9.78033509002246e-06,NA,-2.1139086808678e-05,NA,0.000653247914001128,NA,NA,0.00186801579493778,NA,NA,NA,-2.1139086808678e-05,0.000541234314491163,NA,NA,NA,0.00305927987180131,0.000541234314491163,0.000541234314491163,NA,0.000410011025254673,NA,1.19054919531572e-05,0.000541234314491163,NA,0.00183911382190513,0.000541234314491163,0.000541234314491163,NA,-0.000125802297003983,NA,0.000445415640625874,NA,0.000168743992921569,0.000541234314491163,0.00186801579493778,NA,NA,0.000980399686508594,0.00183911382190513,0.00183911382190513,-0.000125802297003983,0.000168743992921569,0.000168743992921569,NA,0.00149035384084922,0.000168743992921569,-0.000125802297003983,0.000445415640625874,0.000367930916106556,0.00017379196475202,NA,NA,NA,NA,NA,NA,NA,NA,0.000445415640625874,-0.000125802297003983,0.000157937409248962,NA,0.0378254571566745,NA,NA,0.00183911382190513,NA,NA,-0.000125802297003983
"160",NA,0.000251024485283947,0.000493948189504364,-1.21656650110778e-05,-1.21656650110778e-05,NA,NA,0.000399745568227519,0.000270752784948702,0.00030359052599663,0.000265950185192974,0.000328192239277667,0.000867846286749402,8.14610642060361e-05,NA,0.000465520551671505,0.00012759434419549,NA,NA,0.000388095462229931,0.000711281742838299,0.000255339431803951,0.000380829093850905,0.00011296532109665,0.000314246910928998,NA,0.000194532613920104,0.000194532613920104,NA,NA,NA,NA,NA,0.000747774435322193,0.000259789948340766,0.000259789948340766,NA,0.000502045429034035,0.000196447009608831,NA,0.000170137738352974,NA,0.000115119934875305,0.000416937926494167,0.000265950185192974,0.000108751980793669,NA,0.000635213336411706,0.000635213336411706,0.000284417647703705,0.000472110722465512,NA,0.000391873369452224,0.000272390527178632,NA,0.000196447009608831,NA,NA,0.000208510730864009,0.000208510730864009,NA,NA,0.000121787665553586,NA,0.000129895781056504,NA,0.00041244030667343,NA,NA,0.000510633702417862,0.000399745568227519,-2.30108978623314e-05,0.000316477872392115,NA,0.000416937926494167,NA,NA,-2.38274022845938e-05,0.000367327155927073,NA,0.000270752784948702,0.000447411276772811,0.000388095462229931,0.00539175388537427,0.000479022489595337,0.000472110722465512,0.000649581039577761,NA,NA,0.000346412578960638,0.000737892361386268,0.000441855147979316,0.000370583922923064,NA,0.000377331061184752,5.67787389587106e-05,0.000316477872392115,0.000194532613920104,NA,-2.30108978623314e-05,0.000194532613920104,0.00040808109734254,0.000486288857974363,0.000284417647703705,0.000361029980325595,NA,0.000194532613920104,0.000388095462229931,NA,0.000592141585248796,NA,-2.38274022845938e-05,0.000388095462229931,0.000388095462229931,0.000160097457918542,0.000121787665553586,NA,0.000227577192681939,0.000388095462229931,0.000259789948340766,0.000108751980793669,0.000388095462229931,0.000388095462229931,NA,-1.21656650110778e-05,0.000510633702417862,0.000208510730864009,NA,0.000384415693650351,0.000388095462229931,0.000486288857974363,0.000465520551671505,0.000325770588426371,NA,0.000108751980793669,0.000108751980793669,-1.21656650110778e-05,0.000384415693650351,0.000384415693650351,NA,0.000391873369452224,0.000384415693650351,-1.21656650110778e-05,0.000208510730864009,0.00018268248935757,0.00020437428736036,0.000367327155927073,0.000284417647703705,NA,0.000330656007900966,0.000284417647703705,0.000284417647703705,0.000160097457918542,0.000325770588426371,0.000208510730864009,-1.21656650110778e-05,0.000196447009608831,0.000367327155927073,NA,0.0108408874247471,0.000190779728887241,0.000108751980793669,0.000160097457918542,NA,-1.21656650110778e-05
"161",NA,0.000347213447306891,0.000463067340605416,-0.000249047260738858,-0.000249047260738858,NA,NA,3.91376532814312e-05,0.000197333160228033,0.00085490307680966,0.000955011096388293,-3.24156756684208e-05,-0.000122287511789949,0.00028906964466068,NA,0.000104912636725417,-0.000146507117046938,NA,NA,0.000549361192071721,0.000666011359635613,0.00015109310079378,2.02211789048166e-05,-0.000205023209442298,0.000908185001471501,NA,0.000309613516427028,0.000309613516427028,0.000346412578960638,0.000346412578960638,0.00044460597470507,0.00044460597470507,NA,0.000387166520376105,0.000635900188530339,0.000635900188530339,8.68033618267228e-05,0.000141437514087947,0.00053799204288343,NA,-0.000104511979559151,0.000314801366138112,0.00295148008476798,0.00142164007929734,0.000955011096388293,-0.000119289649205144,0.000267135657592821,0.000220768596016788,0.000220768596016788,0.000238327748493041,0.000419392406527712,NA,3.12654545061358e-05,0.000432677614885632,NA,0.00053799204288343,NA,NA,-0.000152097184082079,-0.000152097184082079,NA,NA,0.000446079502726352,NA,-0.00114269535796964,NA,5.18323917273424e-05,0.000203106032469849,0.000133340274558276,0.000150025787471774,3.91376532814312e-05,-0.000263380924775499,0.000609026995739563,NA,0.000309046814585022,NA,0.00135129722230725,-0.00065852655375499,0.000487056273163147,NA,0.000197333160228033,8.68033618267228e-05,0.000549361192071721,-0.000268944471875696,0.000433215940787361,0.000419392406527712,0.000288973124631673,NA,0.000141437514087947,-1.41953359854496e-05,0.000197333160228033,0.000358881257555319,0.000216338807442816,NA,1.6723146238664e-05,-7.39919100326519e-05,0.00125817721958314,0.00160116099029838,NA,-0.000263380924775499,0.000309613516427028,4.74731823964522e-05,0.000125680943028275,0.000238327748493041,4.22065379507244e-07,0.000159168516064716,0.00160116099029838,0.000549361192071721,NA,0.000231533670302708,NA,-0.00065852655375499,0.000549361192071721,0.000549361192071721,0.01242076425399,0.000446079502726352,NA,6.7806383427744e-05,0.000549361192071721,0.000635900188530339,-0.000119289649205144,0.000549361192071721,0.000549361192071721,NA,-0.000249047260738858,0.000150025787471774,-0.000152097184082079,NA,2.38077787042627e-05,0.000549361192071721,0.000125680943028275,0.000406212064939699,0.00036238657066104,3.94062333082078e-06,-0.000119289649205144,-0.000119289649205144,-0.000249047260738858,2.38077787042627e-05,2.38077787042627e-05,0.000314801366138112,3.12654545061358e-05,2.38077787042627e-05,-0.000249047260738858,-0.000152097184082079,0.00120006247102449,-0.000116080463682592,0.000487056273163147,0.000238327748493041,NA,0.000377042829084826,0.000238327748493041,0.000238327748493041,-0.000134632820862448,0.00036238657066104,-0.000152097184082079,-0.000249047260738858,0.00053799204288343,0.000487056273163147,NA,0.000190779728887241,0.0830483036787738,-0.000119289649205144,-0.000134632820862448,0.000267135657592821,-0.000249047260738858
"162",NA,-0.000107934983046948,0.000299011844418273,-0.00118875362292564,-0.00118875362292564,0.000121078284376277,NA,-4.28900948121407e-05,0.000491660206361227,0.000688686652648796,0.00345740968209668,0.000327773470907485,-0.000330961030272565,2.83938568968439e-05,NA,2.28848886318454e-05,-0.000275643241912423,0.000232773618044541,0.000232773618044541,0.00192031989138854,-0.000598576201838598,0.00294501934723617,0.0184308648942372,-0.000378046403604303,0.00027199215751281,0.000185107909499249,-0.000277410597138477,-0.000277410597138477,NA,NA,NA,NA,NA,0.000806664336053931,0.00022576144806248,0.00022576144806248,4.77561373315082e-06,5.94097659943754e-05,0.000206325415980964,NA,-0.000348609057884508,NA,-0.000263484327448471,0.000144991318397878,0.00345740968209668,0.125790652903169,NA,2.38780686657541e-05,2.38780686657541e-05,-0.000120049239183047,2.9475059425852e-05,0.00348255686848207,0.00121838371338236,0.000104566622511345,NA,0.000206325415980964,NA,NA,-0.00023547624630676,-0.00023547624630676,0.000727642091484642,NA,5.34340256974791e-05,0.000166191435122634,-0.00219437007895011,NA,0.000135996078756405,0.00224942718116464,0.000299011844418273,0.000332382870245269,0.000110606601864583,0.001512213506412,8.84251782775561e-05,0.00124167225922861,-2.56977365454928e-05,0.000727642091484642,5.94097659943754e-05,0.00224460504881728,0.000240973028882431,NA,-4.87500840526823e-05,0.000481225391419644,0.00192031989138854,-0.000350972219969268,3.63868265556767e-05,2.9475059425852e-05,0.000206945376538101,5.13125264647043e-05,NA,0.000178229297983126,9.80156535916246e-05,0.00151827438454491,0.000497340205489072,0.000725156453222997,0.000270984744655467,0.00386574315285128,-0.000126157790647545,-0.000299819306750248,NA,0.001512213506412,-0.000277410597138477,-3.45545656971197e-05,0.000283693181358271,-0.000120049239183047,-8.16056827140647e-05,NA,-0.000299819306750248,0.00192031989138854,0.000232773618044541,0.000149505922209136,NA,0.00224460504881728,0.00192031989138854,0.00192031989138854,-0.000272701004048642,5.34340256974791e-05,NA,-0.000178276860852972,0.00192031989138854,0.00022576144806248,0.125790652903169,0.00192031989138854,0.00192031989138854,NA,-0.00118875362292564,0.000332382870245269,-0.00023547624630676,NA,0.000292238642052263,0.00192031989138854,0.000283693181358271,2.28848886318454e-05,-0.000116865074613289,-6.78539462975894e-05,0.125790652903169,0.125790652903169,-0.00118875362292564,0.000292238642052263,0.000292238642052263,NA,0.00121838371338236,0.000292238642052263,-0.00118875362292564,-0.00023547624630676,0.00110479761456205,0.00277270817159833,0.000240973028882431,-0.000120049239183047,NA,-2.75725187885232e-05,-0.000120049239183047,-0.000120049239183047,-0.000344605654529017,-0.000116865074613289,-0.00023547624630676,-0.00118875362292564,0.000206325415980964,0.000240973028882431,0.00183911382190513,0.000108751980793669,-0.000119289649205144,0.125790652903169,-0.000344605654529017,NA,-0.00118875362292564
"163",NA,-0.000140265700630841,0.000102658003589577,-0.000871005309540556,-0.000871005309540556,NA,NA,8.45538231273159e-06,0.000105286347321935,-8.76996599181574e-05,-5.42932099547624e-05,-6.30979466371205e-05,-2.28881675233307e-05,1.29292059423831e-05,NA,7.42303657567177e-05,-0.000324188974937703,NA,NA,-3.19472368485617e-06,-0.00045376932087955,5.90462878876808e-05,-1.0461092063883e-05,-0.000368076044234223,4.23002415172856e-05,NA,-1.48312202327947e-06,-1.48312202327947e-06,NA,NA,NA,NA,NA,0.000356484249407406,0.000733956049462845,0.000733956049462845,NA,0.000417897277727359,-0.00011763097869768,NA,3.42277837478802e-05,NA,0.000147279489550507,2.56477405793795e-05,-5.42932099547624e-05,-0.000344605654529017,NA,9.80395121419892e-05,9.80395121419892e-05,-1.73582849333022e-05,8.08205365507243e-05,NA,5.83183537436111e-07,-4.14125259834471e-05,NA,-0.00011763097869768,NA,NA,0.000226092746303058,0.000226092746303058,0.000472906773248243,NA,-0.000207522580249059,NA,-0.00164361428274767,NA,0.00053034891249612,NA,NA,0.000119343516503075,8.45538231273159e-06,-0.000970461596443064,4.67621644435185e-05,NA,2.56477405793795e-05,0.000472906773248243,NA,-0.000889261881435597,0.000148460731513435,NA,0.000105286347321935,5.61210908580231e-05,-3.19472368485617e-06,-0.000299626742844396,0.000371851398849962,8.08205365507243e-05,0.000258290853662974,NA,0.000110755243119248,-4.48776069541493e-05,0.000537303016726521,0.00029751671561792,0.000154974265505417,NA,-1.39591247300357e-05,-0.000552498621868852,0.000486297911864765,0.00015620216158353,NA,-0.000970461596443064,-1.48312202327947e-06,1.67909114277526e-05,0.000386384135608016,-1.73582849333022e-05,-3.02602055891924e-05,NA,0.00015620216158353,-3.19472368485617e-06,NA,0.000200851399334009,NA,-0.000889261881435597,-3.19472368485617e-06,-3.19472368485617e-06,0.00289287518221025,-0.000207522580249059,NA,-0.000131039194976833,-3.19472368485617e-06,0.000733956049462845,-0.000344605654529017,-3.19472368485617e-06,-3.19472368485617e-06,NA,-0.000871005309540556,0.000119343516503075,0.000226092746303058,NA,-6.87449226443695e-06,-3.19472368485617e-06,0.000386384135608016,0.000344847523002299,0.000270339757754941,NA,-0.000344605654529017,-0.000344605654529017,-0.000871005309540556,-6.87449226443695e-06,-6.87449226443695e-06,NA,5.83183537436111e-07,-6.87449226443695e-06,-0.000871005309540556,0.000226092746303058,-4.8883620273414e-05,-0.000186915898554428,0.000148460731513435,-1.73582849333022e-05,NA,-6.06341780138212e-05,-1.73582849333022e-05,-1.73582849333022e-05,0.0973022489013525,0.000270339757754941,0.000226092746303058,-0.000871005309540556,-0.00011763097869768,0.000148460731513435,NA,0.000160097457918542,-0.000134632820862448,-0.000344605654529017,0.0973022489013525,NA,-0.000871005309540556
"164",NA,NA,NA,NA,NA,NA,NA,NA,NA,NA,NA,NA,NA,NA,NA,NA,NA,NA,NA,NA,NA,NA,NA,NA,NA,NA,NA,NA,NA,NA,NA,NA,NA,NA,NA,NA,NA,NA,NA,NA,0.000246493667058554,NA,NA,NA,NA,NA,0.00685834249870819,NA,NA,NA,NA,NA,NA,NA,NA,NA,NA,NA,NA,NA,NA,NA,NA,NA,NA,NA,NA,NA,NA,NA,NA,NA,NA,NA,NA,NA,NA,NA,NA,NA,NA,NA,NA,NA,NA,NA,NA,NA,NA,NA,NA,NA,NA,NA,NA,NA,NA,NA,NA,NA,NA,NA,NA,NA,NA,NA,NA,NA,NA,NA,NA,NA,NA,NA,NA,NA,NA,NA,NA,NA,NA,NA,NA,NA,NA,NA,NA,NA,NA,NA,NA,NA,NA,NA,NA,NA,NA,NA,NA,NA,NA,NA,NA,NA,NA,NA,NA,NA,NA,NA,NA,NA,NA,NA,NA,NA,NA,NA,NA,NA,0.000267135657592821,NA,NA,0.00685834249870819,NA
"165",NA,-0.000352215466455788,5.71765528087782e-05,0.217846398969308,0.217846398969308,0.000196708068631924,NA,-0.000131228689744912,-0.000389214256302546,-0.000254303965435652,-2.41834913450937e-05,-0.000155897112311504,-0.000694098134248252,-0.00155900844582549,NA,-9.80327571729018e-05,0.0452809629415411,NA,NA,-0.000154528901740087,-0.00147692085380376,-0.000401079363645332,-8.12740947603164e-05,0.0429403192457267,-0.000281020643526035,6.41902636945019e-05,-0.000519794952997583,-0.000519794952997583,NA,NA,NA,NA,NA,0.000184221126477786,-0.000299622688114872,-0.000299622688114872,-0.000116142032071596,-6.15078798103717e-05,-0.000409148991797547,NA,-0.000590944557629582,0.000111855972239793,0.000341087849626485,0.00958178177267428,-2.41834913450937e-05,-0.00118875362292564,NA,-0.000580710160357982,-0.000580710160357982,-0.000361884530792541,1.35016187310737e-05,-8.12740947603164e-05,0.000281590324596032,-0.000315823886771926,NA,-0.000409148991797547,NA,NA,-0.000393991900502433,-0.000393991900502433,NA,NA,-0.00107695202074272,NA,-0.00598296344045471,NA,1.35595437072611e-05,0.000786189720241577,-6.96051193400429e-05,0.000308139730940557,-2.45246716304725e-05,-0.00297789937347875,-9.53871607045121e-05,0.000114353105617556,2.70524031694711e-05,NA,7.33710318681205e-05,-0.00322924578993676,0.00015885925697028,NA,-0.000411503021466924,0.000118472454005402,-0.000154528901740087,-0.000948771047101854,2.73251529907229e-05,-9.14425863788951e-05,8.60277307333542e-05,0.000258083192200063,-6.15078798103717e-05,-8.30157535796192e-05,-0.000324012597921576,0.000531499217231492,-0.000189551980353822,NA,4.06581753168353e-05,-0.00184715573251365,4.0504856193221e-05,-0.000595524061528059,NA,-0.00297789937347875,-0.000519794952997583,-0.000155472211501867,4.18578897487766e-05,-0.000361884530792541,-0.000140671435336244,NA,-0.000595524061528059,-0.000154528901740087,NA,2.85882764043891e-05,NA,-0.00322924578993676,-0.000154528901740087,-0.000154528901740087,-0.00041438239254653,-0.00107695202074272,-0.000736133461762095,-0.000422186823140508,-0.000154528901740087,-0.000299622688114872,-0.00118875362292564,-0.000154528901740087,-0.000154528901740087,NA,0.217846398969308,0.000308139730940557,-0.000393991900502433,-0.000736133461762095,-0.000179137615194056,-0.000154528901740087,4.18578897487766e-05,-9.80327571729018e-05,9.6261152398757e-05,0.0309267118661577,-0.00118875362292564,-0.00118875362292564,0.217846398969308,-0.000179137615194056,-0.000179137615194056,0.000111855972239793,0.000281590324596032,-0.000179137615194056,0.217846398969308,-0.000393991900502433,-0.000690325058028328,-0.000651168919980733,0.00015885925697028,-0.000361884530792541,NA,-0.000269407810398017,-0.000361884530792541,-0.000361884530792541,-0.000871005309540556,9.6261152398757e-05,-0.000393991900502433,0.217846398969308,-0.000409148991797547,0.00015885925697028,-0.000125802297003983,-1.21656650110778e-05,-0.000249047260738858,-0.00118875362292564,-0.000871005309540556,NA,0.217846398969308
