"","V1","V2","V3","V4","V5","V6","V7","V8","V9","V10","V11","V12","V13","V14","V15","V16","V17","V18","V19","V20","V21","V22","V23","V24","V25","V26","V27","V28","V29","V30","V31","V32","V33","V34","V35","V36","V37","V38","V39","V40","V41","V42","V43","V44","V45","V46","V47","V48","V49","V50","V51","V52","V53","V54","V55","V56","V57","V58","V59","V60","V61","V62","V63","V64","V65","V66","V67","V68","V69","V70","V71","V72","V73","V74","V75","V76","V77","V78","V79","V80","V81","V82","V83","V84","V85","V86","V87","V88","V89","V90","V91","V92","V93","V94","V95","V96","V97","V98","V99","V100","V101","V102","V103","V104","V105","V106","V107","V108","V109","V110","V111","V112","V113","V114","V115","V116","V117","V118","V119","V120","V121","V122","V123","V124","V125","V126","V127","V128","V129","V130","V131","V132","V133","V134","V135","V136","V137","V138","V139","V140","V141","V142","V143","V144","V145","V146","V147","V148","V149","V150","V151","V152","V153","V154","V155","V156","V157","V158","V159","V160","V161","V162","V163","V164","V165"
"1",49829481,0,0,0,0,0,0,0,0,0,0,0,0,0,0,0,0,0,0,0,0,0,0,0,0,0,2259.63545256666,2259.63545256666,0,0,0,0,0,0,0,0,0,0,0,0,0,0,0,0,0,0,0,0,0,0,0,0,0,6816.61846785226,0,0,0,0,0,0,0,0,0,0,29.5075981524249,0,0,0,0,0,0,0,0,0,0,0,0,0,0,0,0,0,0,0,0,0,0,0,0,0,0,0,0,0,0,0,0,0,0,0,2259.63545256666,0,0,0,0,0,0,0,0,0,0,0,0,0,0,0,0,0,0,0,0,0,0,0,0,0,0,0,0,0,0,0,0,0,0,0,0,0,0,0,0,0,0,0,0,0,0,0,0,0,0,0,0,0,0,0,0,0,0,0,0,0,0,0,0
"2",0,4982.9481,236.607222222222,6.34588570155051,6.34588570155051,411.813892561983,0,106.246228144989,30.7931535038932,130.511998428497,29.2942275132275,54.7215912585109,26.7810445414847,21.2530219299805,0,377.496068181818,18.6153171697549,0,0,95.7154840568575,28.4713453750723,26.2094892699348,89.621368705036,15.5830754716981,47.7659902223926,0,27.0790321441187,27.0790321441187,2442.62161764706,0,0,0,0,1628.41441176471,55.2188397606383,55.2188397606383,0,252.684994929006,13.7795146839224,0,10.2000902726603,0,32.2677552209811,123.64635483871,29.2942275132275,14.7993706563707,0,17.7962432142857,17.7962432142857,144.172096925859,197.736035714286,0,99.0252007154213,127.34342192691,0,13.7795146839224,0,0,15.7738148148148,15.7738148148148,0,0,29.0869763939479,0,1.92614924623116,0,239.5648125,0,0,270.81239673913,106.246228144989,5.49678782597185,98.2539307897072,0,249.209707426857,0,0,7.26843471030982,79.194979338843,0,30.7931535038932,160.740261290323,95.7154840568575,3.97503757299212,209.367567226891,197.736035714286,790.944142857143,0,0,65.1365764705882,61.9192059645853,153.32148,81.6074041925974,0,86.8109425087108,7.72733792012571,98.2539307897072,40.7836642658373,0,5.49678782597185,27.0790321441187,114.392747933884,222.254598572703,144.172096925859,150.451331521739,0,40.7836642658373,95.7154840568575,0,512.648981481481,0,7.26843471030982,95.7154840568575,95.7154840568575,64.8700701134462,29.0869763939479,0,39.1003460451977,95.7154840568575,55.2188397606383,14.7993706563707,95.7154840568575,95.7154840568575,0,6.34588570155051,270.81239673913,15.7738148148148,0,92.5854347826087,95.7154840568575,222.254598572703,187.18813298272,53.4536376314096,0,14.7993706563707,14.7993706563707,6.34588570155051,92.5854347826087,92.5854347826087,0,99.0252007154213,92.5854347826087,6.34588570155051,15.7738148148148,23.6607222222222,30.2519388033877,79.194979338843,144.172096925859,0,228.549391124871,144.172096925859,144.172096925859,9.07475523584047,53.4536376314096,15.7738148148148,6.34588570155051,13.7795146839224,79.194979338843,0,374.095202702703,52.3185353177415,14.7993706563707,9.07475523584047,0,6.34588570155051
"3",0,236.607222222222,153794.694444444,13.146812082529,13.146812082529,0,0,1521.04642857143,305.957614942529,944.008354646206,580.357337526205,636.39183908046,148.631138592598,48.2043671696109,0,3226.46212121212,45.2455625653766,0,0,1324.5476076555,48.2043671696109,505.118967247514,1214.16864035088,37.0440853740131,1081.3689453125,0,111.92304115792,111.92304115792,0,0,0,0,0,46138.4083333333,535.455415860735,535.455415860735,0,4789.45415224913,231.067526397062,0,244.377162782486,0,115.288376645011,3800.00617707618,580.357337526205,70.1751524139067,0,155.960816901408,155.960816901408,365.019053270042,3469.05325814536,0,1385.53778778779,631.168376652987,0,231.067526397062,0,0,271.602109394162,271.602109394162,0,0,83.9070849435478,0,3.23626899696049,0,1765.50031887755,0,0,5243.0009469697,1521.04642857143,106.83667732972,1112.43901948965,0,1860.41969086021,0,4789.45415224913,5.57846983766181,2097.20037878788,0,305.957614942529,2636.48047619048,1324.5476076555,27.6553896103896,3740.95202702703,3469.05325814536,20060.1775362319,0,0,798.242358708189,305.957614942529,2476.12209302326,1072.98624031008,0,1164.13141295206,34.2739197721926,549.266765873016,111.92304115792,0,106.83667732972,111.92304115792,1677.7603030303,4047.22880116959,365.019053270042,955.246549344375,0,111.92304115792,1324.5476076555,0,11830.3611111111,0,5.57846983766181,1324.5476076555,1324.5476076555,213.219858793325,83.9070849435478,0,173.779315756434,1324.5476076555,535.455415860735,70.1751524139067,1324.5476076555,1324.5476076555,0,13.146812082529,5243.0009469697,271.602109394162,0,1267.53869047619,1324.5476076555,4047.22880116959,3226.46212121212,617.373884924175,0,70.1751524139067,70.1751524139067,13.146812082529,1267.53869047619,1267.53869047619,0,1385.53778778779,1267.53869047619,13.146812082529,271.602109394162,95.4653596799779,127.665767386091,2097.20037878788,365.019053270042,0,656.307373162636,365.019053270042,365.019053270042,70.3865878464277,617.373884924175,271.602109394162,13.146812082529,231.067526397062,2097.20037878788,0,7954.89798850575,214.124183006536,70.1751524139067,70.3865878464277,0,13.146812082529
"4",0,6.34588570155051,13.146812082529,121.2747267457,121.2747267457,21.7446433130052,0,6.59068247935513,2.46151482992919,6.38314241031274,9.5573505263862,7.71392704976371,5.9554968087025,2.44132314488301,0,5.33762014858512,72.2799626629417,0,0,6.04346574236133,3.68111734385181,5.46666712451258,8.59923670840639,62.9163638779857,5.19077856864275,17.1642967198043,6.01220169113719,6.01220169113719,0,0,0,0,0,40.2991704738174,6.80650554627386,6.80650554627386,4.67591578008985,6.96007698486827,6.79722118846456,0,5.98651697564343,24.1045270834089,8.84009777963154,113.097671974907,9.5573505263862,4.10850905575782,0,4.08604992609691,4.08604992609691,2.74098585536454,11.217474724963,8.59923670840639,15.609232529616,6.25983217193791,0,6.79722118846456,0,0,6.75681006901293,6.75681006901293,0,0,4.26693195619803,0,1.71122391731917,0,10.8773927020514,43.6235128193007,6.56341606247836,22.2870125699523,9.90071320449931,1.19235473297768,8.82633919703814,12.8342578576843,11.245060009257,0,13.9413737166416,2.38911733493127,12.9908255086888,0,3.69736503419709,14.0700633201799,6.04346574236133,0.80040120923362,11.7962215241265,5.60025213197852,20.0560113116599,19.750279431909,6.96007698486827,8.8619584865474,6.17932146102556,22.5822390901678,5.3015822030958,0,11.1859989702847,2.90150417452948,10.606781258561,5.33734529216044,0,1.19235473297768,6.01220169113719,3.50025214300481,12.4359462236432,2.74098585536454,7.41200418039605,0,5.33734529216044,6.04346574236133,0,13.3088683177527,0,2.38911733493127,6.04346574236133,6.04346574236133,7.01101203257046,4.26693195619803,0.561765427402759,6.13234424481559,6.04346574236133,6.80650554627386,4.10850905575782,6.04346574236133,6.04346574236133,0,121.2747267457,22.2870125699523,6.75681006901293,0.561765427402759,2.93558022144155,6.04346574236133,12.4359462236432,5.33762014858512,11.3911639492005,121.2747267457,4.10850905575782,4.10850905575782,121.2747267457,2.93558022144155,2.93558022144155,24.1045270834089,15.609232529616,2.93558022144155,121.2747267457,6.75681006901293,4.82876619886598,2.88278201601994,12.9908255086888,2.74098585536454,0,3.91899071607147,2.74098585536454,2.74098585536454,3.9770851106475,11.3911639492005,6.75681006901293,121.2747267457,6.79722118846456,12.9908255086888,8.16995268985746,9.93572339519348,7.79671027972456,4.10850905575782,3.9770851106475,0,121.2747267457
"5",0,6.34588570155051,13.146812082529,121.2747267457,121.2747267457,21.7446433130052,0,6.59068247935513,2.46151482992919,6.38314241031274,9.5573505263862,7.71392704976371,5.9554968087025,2.44132314488301,0,5.33762014858512,72.2799626629417,0,0,6.04346574236133,3.68111734385181,5.46666712451258,8.59923670840639,62.9163638779857,5.19077856864275,17.1642967198043,6.01220169113719,6.01220169113719,0,0,0,0,0,40.2991704738174,6.80650554627386,6.80650554627386,4.67591578008985,6.96007698486827,6.79722118846456,0,5.98651697564343,24.1045270834089,8.84009777963154,113.097671974907,9.5573505263862,4.10850905575782,0,4.08604992609691,4.08604992609691,2.74098585536454,11.217474724963,8.59923670840639,15.609232529616,6.25983217193791,0,6.79722118846456,0,0,6.75681006901293,6.75681006901293,0,0,4.26693195619803,0,1.71122391731917,0,10.8773927020514,43.6235128193007,6.56341606247836,22.2870125699523,9.90071320449931,1.19235473297768,8.82633919703814,12.8342578576843,11.245060009257,0,13.9413737166416,2.38911733493127,12.9908255086888,0,3.69736503419709,14.0700633201799,6.04346574236133,0.80040120923362,11.7962215241265,5.60025213197852,20.0560113116599,19.750279431909,6.96007698486827,8.8619584865474,6.17932146102556,22.5822390901678,5.3015822030958,0,11.1859989702847,2.90150417452948,10.606781258561,5.33734529216044,0,1.19235473297768,6.01220169113719,3.50025214300481,12.4359462236432,2.74098585536454,7.41200418039605,0,5.33734529216044,6.04346574236133,0,13.3088683177527,0,2.38911733493127,6.04346574236133,6.04346574236133,7.01101203257046,4.26693195619803,0.561765427402759,6.13234424481559,6.04346574236133,6.80650554627386,4.10850905575782,6.04346574236133,6.04346574236133,0,121.2747267457,22.2870125699523,6.75681006901293,0.561765427402759,2.93558022144155,6.04346574236133,12.4359462236432,5.33762014858512,11.3911639492005,121.2747267457,4.10850905575782,4.10850905575782,121.2747267457,2.93558022144155,2.93558022144155,24.1045270834089,15.609232529616,2.93558022144155,121.2747267457,6.75681006901293,4.82876619886598,2.88278201601994,12.9908255086888,2.74098585536454,0,3.91899071607147,2.74098585536454,2.74098585536454,3.9770851106475,11.3911639492005,6.75681006901293,121.2747267457,6.79722118846456,12.9908255086888,8.16995268985746,9.93572339519348,7.79671027972456,4.10850905575782,3.9770851106475,0,121.2747267457
"6",0,411.813892561983,0,21.7446433130052,21.7446433130052,411813.892561983,0,0,0,0,503.328090909091,0,166.230700458032,0,0,0,76.1195882808526,0,0,0,0,0,0,62.1605875565258,0,0,0,0,0,0,0,0,0,0,0,0,0,0,0,0,0,0,64.0448009809252,0,503.328090909091,58.6333348630168,0,0,0,0,0,0,0,0,0,0,0,0,0,0,0,0,70.2416277958447,0,5.32403222446003,0,0,0,0,0,0,9.32503503240497,0,0,0,0,0,18.4639798572667,0,0,0,0,0,0,0,0,0,0,0,0,0,0,0,0,0,28.4587677676397,0,0,0,9.32503503240497,0,0,0,0,0,0,0,0,0,0,0,18.4639798572667,0,0,0,70.2416277958447,0,0,0,0,58.6333348630168,0,0,0,21.7446433130052,0,0,0,0,0,0,0,0,0,58.6333348630168,58.6333348630168,21.7446433130052,0,0,0,0,0,21.7446433130052,0,0,0,0,0,0,0,0,0,0,0,0,21.7446433130052,0,0,0,0,0,58.6333348630168,0,0,21.7446433130052
"7",0,0,0,0,0,0,254232.045918367,0,0,0,0,0,0,0,0,0,0,0,0,0,0,0,0,0,0,0,0,0,0,0,0,0,0,0,0,0,0,0,0,0,0,0,0,0,0,0,0,0,0,0,0,0,0,0,0,0,0,0,0,0,0,0,54.5579055589862,0,2.08521216407355,0,0,0,0,0,0,0,0,0,0,0,0,0,0,0,0,0,0,0,5392.80097402597,0,0,0,0,0,0,0,0,0,0,0,0,0,0,0,0,0,5854.0273731203,0,1311.44017791346,0,0,0,0,0,0,0,0,0,0,54.5579055589862,0,0,0,0,0,0,0,0,0,0,0,0,0,0,5854.0273731203,0,0,0,0,0,0,0,0,0,0,0,0,0,0,0,0,0,0,0,0,0,0,0,0,0,0,0,0,0,0,0,0,0,0
"8",0,106.246228144989,1521.04642857143,6.59068247935513,6.59068247935513,0,0,40677.1273469388,135.242657655824,404.575009134088,127.5716359447,266.810243092739,23.6388904833855,23.633004500894,0,1155.60020871985,43.8007462817763,0,0,520.357988721804,35.5471637947331,112.040564818042,480.979546332046,36.0567166555111,226.992898141399,0,52.213278216997,52.213278216997,0,0,0,0,0,12826.1212355212,238.515573319293,238.515573319293,0,1642.09856648542,107.611448007775,0,76.6047595987548,0,18.4908040410787,706.550599078341,127.5716359447,16.9870238649206,0,71.6326770889488,71.6326770889488,159.482408103826,1232.64022263451,0,541.948784599489,137.955373754153,0,107.611448007775,0,0,62.4019047619048,62.4019047619048,0,0,40.5508404438422,0,2.46656177606178,0,674.100121753247,0,1521.04642857143,1779.62432142857,589.523584738243,2.83384181504255,232.973237954976,0,706.550599078341,0,0,2.80211670827991,414.830844155844,0,135.242657655824,965.21997094431,520.357988721804,13.5157919148521,1318.24023809524,1232.64022263451,5932.08107142857,0,1642.09856648542,328.419713297084,135.242657655824,912.627857142857,429.990775337619,0,462.991693379791,8.44264111878444,232.973237954976,105.000328722093,0,2.83384181504255,52.213278216997,643.916534212057,1413.80283728188,159.482408103826,386.874852484472,0,105.000328722093,520.357988721804,0,3678.80996677741,0,2.80211670827991,520.357988721804,520.357988721804,33.4515849892589,40.5508404438422,0,79.3766423473939,520.357988721804,238.515573319293,16.9870238649206,520.357988721804,520.357988721804,0,6.59068247935513,1779.62432142857,62.4019047619048,0,1014.03095238095,520.357988721804,1413.80283728188,1155.60020871985,259.467734124815,0,16.9870238649206,16.9870238649206,6.59068247935513,1014.03095238095,1014.03095238095,0,541.948784599489,1014.03095238095,6.59068247935513,62.4019047619048,44.8381033365727,59.2048678480832,414.830844155844,159.482408103826,0,274.474543501611,159.482408103826,159.482408103826,33.4515849892589,259.467734124815,62.4019047619048,6.59068247935513,107.611448007775,414.830844155844,0,2579.16568322981,49.7605626207702,16.9870238649206,33.4515849892589,0,6.59068247935513
"9",0,30.7931535038932,305.957614942529,2.46151482992919,2.46151482992919,0,0,135.242657655824,6583.36385255648,107.802118421309,36.1586272204807,68.5767067974633,40.2106639500985,38.0766137772603,0,241.057514803204,7.37370653585341,0,0,1030.59407138536,33.7633279889419,303.668565334417,229.101062068966,6.15763753343454,59.6617349137931,879.80438582552,16.3573512829477,16.3573512829477,0,0,0,0,0,2145.14103060829,33.8506297383223,33.8506297383223,0,327.100317060202,67.7613315791084,0,12.3037669474859,0,12.6847087717851,157.913607712273,36.1586272204807,35.559238540536,0,65.7706398284111,65.7706398284111,43.9395976350145,254.896597762534,346.422976918799,383.796731185446,77.8937379535446,0,67.7613315791084,0,0,38.5692023685127,38.5692023685127,0,0,6.86630288524143,0,2.87751138581653,0,462.892770882878,0,305.957614942529,350.951381845842,135.242657655824,49.5480256922382,61.0155166903605,397.744899425287,157.913607712273,0,0,29.3900171989129,305.088417172806,0,76.550742471587,206.397353215284,1030.59407138536,9.46354474690879,545.478719211823,254.896597762534,1037.5953898051,0,327.100317060202,972.715641021546,76.550742471587,600.789498432602,103.254489845396,0,109.996668940352,124.695493901478,185.536979323749,32.8545089871172,0,49.5480256922382,16.3573512829477,145.849924922947,287.094062743065,43.9395976350145,94.3268536186452,0,32.8545089871172,1030.59407138536,0,669.886146400484,0,29.3900171989129,1030.59407138536,1030.59407138536,33.0053393299509,6.86630288524143,5.06538006909238,47.8210449338243,1030.59407138536,33.8506297383223,35.559238540536,1030.59407138536,1030.59407138536,0,2.46151482992919,350.951381845842,38.5692023685127,5.06538006909238,358.194280908326,1030.59407138536,287.094062743065,241.057514803204,66.949462907354,0,35.559238540536,35.559238540536,2.46151482992919,358.194280908326,358.194280908326,0,383.796731185446,358.194280908326,2.46151482992919,38.5692023685127,102.266824461966,170.897254800641,305.088417172806,43.9395976350145,0,70.2677775944564,43.9395976350145,43.9395976350145,33.0053393299509,66.949462907354,38.5692023685127,2.46151482992919,67.7613315791084,305.088417172806,73.8559194290669,487.034570724842,47.3858405867803,35.559238540536,33.0053393299509,0,2.46151482992919
"10",0,130.511998428497,944.008354646206,6.38314241031274,6.38314241031274,0,0,404.575009134088,107.802118421309,10466.179584121,102.217465152774,98.8186085528664,42.9056466330599,33.2249478416894,0,364.730500658762,29.7208200001789,0,0,931.587192085072,16.4869388534328,137.024803865223,167.168146135266,24.6993008483503,260.396535326087,0,44.8773546671854,44.8773546671854,2507.52219202899,0,0,0,0,3390.45254133497,144.049147201665,144.049147201665,0,499.769128930344,92.6923875374596,0,84.648052055272,0,33.9499514046658,475.422245756648,102.217465152774,47.2374667258208,0,29.9343581887813,29.9343581887813,125.223927744815,386.391862656152,167.168146135266,185.885815007554,109.768413330954,0,92.6923875374596,0,0,26.351628947431,26.351628947431,1273.6620657925,0,27.621586968994,0,5.32571085032705,0,225.676997282609,1683.37154150198,0,537.326184006211,200.323548212024,13.8960459523015,176.353209109731,590.005221653879,235.310000425007,1273.6620657925,499.769128930344,12.3523260691083,295.727432966563,0,53.5533104415534,310.60920056101,931.587192085072,6.2358938182539,410.321813241107,386.391862656152,1626.5008813161,0,0,118.99264974532,162.760061145898,295.485430157262,151.302407564288,0,161.594627725296,28.1367705223664,87.5035007033016,44.8773546671854,0,13.8960459523015,44.8773546671854,437.676600790514,883.924591559789,125.223927744815,137.71288926475,580.053326348874,44.8773546671854,931.587192085072,0,1042.08714473932,0,12.3523260691083,931.587192085072,931.587192085072,59.6215802934446,27.621586968994,0,32.9035170085816,931.587192085072,144.049147201665,47.2374667258208,931.587192085072,931.587192085072,0,6.38314241031274,537.326184006211,26.351628947431,0,529.059627329192,931.587192085072,883.924591559789,364.730500658762,96.3788057259239,0,47.2374667258208,47.2374667258208,6.38314241031274,529.059627329192,529.059627329192,0,185.885815007554,529.059627329192,6.38314241031274,26.351628947431,98.6242750060565,76.0308536203911,295.727432966563,125.223927744815,0,204.348158263822,125.223927744815,125.223927744815,14.7320765259965,96.3788057259239,26.351628947431,6.38314241031274,92.6923875374596,295.727432966563,106.750390436711,752.256657608696,108.756722885508,47.2374667258208,14.7320765259965,0,6.38314241031274
"11",0,29.2942275132275,580.357337526205,9.5573505263862,9.5573505263862,503.328090909091,0,127.5716359447,36.1586272204807,102.217465152774,6151.78777777778,473.908816336513,62.1924935761524,53.2965441916948,627.733446712018,226.724365274365,14.1686409990659,1178.00191489362,1178.00191489362,349.680568421053,44.8770901186353,607.936082474227,326.965098425197,17.8064183104631,230.692041666667,0,15.6127939766511,15.6127939766511,0,0,0,0,0,2006.01775362319,164.525407108047,164.525407108047,593.208107142857,307.248002219756,64.6592391463023,0,35.545769131998,1178.00191489362,36.8922805264035,300.168555164001,6151.78777777778,93.5129408535748,0,171.180181642512,171.180181642512,83.9325248237702,239.680043290043,553.6609,486.627905954735,73.9990510558674,0,64.6592391463023,0,0,55.4215115115115,55.4215115115115,0,0,110.144284879456,713.480541237113,4.64610545454545,0,142.990934917355,1016.82442607897,580.357337526205,329.56005952381,127.5716359447,14.5849376053709,235.926664536061,375.109010840108,148.833575268817,0,307.248002219756,14.425980808171,190.654579889807,0,109.722730875941,194.26698245614,349.680568421053,4.52796051555497,253.972889908257,239.680043290043,971.334912280702,580.357337526205,0,316.96630885931,72.7304958949097,959.218468468468,399.250694068866,1488.33575268817,316.498227896341,44.9434129208923,57.8175543024227,15.6127939766511,0,14.5849376053709,15.6127939766511,419.440075757576,824.718321747766,83.9325248237702,89.156344605475,0,15.6127939766511,349.680568421053,1178.00191489362,627.733446712018,0,14.425980808171,349.680568421053,349.680568421053,31.5596180885427,110.144284879456,0,45.5538012177061,349.680568421053,164.525407108047,93.5129408535748,349.680568421053,349.680568421053,0,9.5573505263862,329.56005952381,55.4215115115115,0,338.010317460317,349.680568421053,824.718321747766,457.570991735537,63.4059665597801,102.542455858748,93.5129408535748,93.5129408535748,9.5573505263862,338.010317460317,338.010317460317,1178.00191489362,486.627905954735,338.010317460317,9.5573505263862,55.4215115115115,69.1833983105913,107.170545536665,190.654579889807,83.9325248237702,0,133.977229280097,83.9325248237702,83.9325248237702,20.9640628549792,63.4059665597801,55.4215115115115,9.5573505263862,64.6592391463023,190.654579889807,434.527848266841,456.815924092409,91.612625134442,93.5129408535748,20.9640628549792,0,9.5573505263862
"12",0,54.7215912585109,636.39183908046,7.71392704976371,7.71392704976371,0,0,266.810243092739,68.5767067974633,98.8186085528664,473.908816336513,14812.5686682521,66.5187047259609,61.4736909272347,0,494.320473393913,49.0741561259869,0,0,481.035264702475,13.4137252669246,115.777775454298,221.424995556346,40.6519894840537,110.941242608293,0,27.9901278021314,27.9901278021314,0,0,0,0,0,4772.93879310345,60.5276160883909,60.5276160883909,1288.69347413793,682.932418727043,28.6490923955789,0,62.7651214756444,5633.63267382702,63.0993340500621,314.92997901709,473.908816336513,38.4953224567271,0,314.19574226601,314.19574226601,161.111857995053,524.498768472906,0,247.018108901271,69.8592440037909,0,28.6490923955789,0,0,33.1454082854406,33.1454082854406,0,3355.97258890086,57.124456950891,0,3.42418885117027,0,301.660457429291,0,1961.48169579594,2268.82653897523,818.218078817734,4.98600751421072,229.192739164631,0,314.92997901709,0,0,4.9309482916951,193.323353456035,0,280.143142661978,419.087308662742,481.035264702475,7.64213647712703,557.875962830273,524.498768472906,2272.82799671593,636.39183908046,0,155.978391931485,138.112528375311,398.113523057748,823.906960209658,0,654.823919785534,14.5692455217791,113.641399835796,84.793622459398,7159.40818965517,4.98600751421072,27.9901278021314,289.269017763845,594.96466950043,161.111857995053,181.327349674677,0,84.793622459398,481.035264702475,0,1446.34508881923,14812.5686682521,4.9309482916951,481.035264702475,481.035264702475,18.3066052153978,57.124456950891,0,126.255851292048,481.035264702475,60.5276160883909,38.4953224567271,481.035264702475,481.035264702475,0,7.71392704976371,2268.82653897523,33.1454082854406,0,229.468211206897,481.035264702475,594.96466950043,494.320473393913,125.530242951289,0,38.4953224567271,38.4953224567271,7.71392704976371,229.468211206897,229.468211206897,5633.63267382702,247.018108901271,229.468211206897,7.71392704976371,33.1454082854406,73.3170321521267,160.957917932895,193.323353456035,161.111857995053,0,132.214371000095,161.111857995053,161.111857995053,18.3066052153978,125.530242951289,33.1454082854406,7.71392704976371,28.6490923955789,193.323353456035,0,1037.5953898051,26.7391529025403,38.4953224567271,18.3066052153978,0,7.71392704976371
"13",0,26.7810445414847,148.631138592598,5.9554968087025,5.9554968087025,166.230700458032,0,23.6388904833855,40.2106639500985,42.9056466330599,62.1924935761524,66.5187047259609,950.200816155298,20.5812609665035,0,39.5629067090115,3.90748266021806,0,0,21.5271059457423,16.8561458594441,49.2250883332884,20.2981331063025,5.01700772930631,35.1717651238518,0,7.76795612236053,7.76795612236053,0,0,0,0,0,950.200816155298,43.8142130813269,43.8142130813269,69.0780910792264,52.2439344296671,24.0039698730903,0,12.2323965989017,186.777671158423,22.7214136059047,109.675396622764,62.1924935761524,9.64179310969352,0,50.6037178836194,50.6037178836194,18.0024809216152,83.5622069506772,0,67.0833378582561,40.8094499061447,0,24.0039698730903,0,69.4529163420247,22.4487761167403,22.4487761167403,0,0,34.1952834310471,0,1.88193517363277,0,26.1533638100437,0,98.6829872560378,55.7366769722242,23.6388904833855,4.50196682936251,35.853680490948,0,27.1012563083277,0,104.916097830069,6.90912513175727,73.5370013178653,0,32.0654268935401,34.4025275730535,21.5271059457423,5.30191727539688,88.0955412548839,41.6133078790521,154.982896652111,49.1409184506692,52.2439344296671,30.6948775426101,23.9722360801546,66.1587068712567,18.6729586286418,0,19.7294393779638,6.27584180028736,35.853680490948,15.6189919893452,0,4.50196682936251,7.76795612236053,25.2636696736983,46.3660743446758,18.0024809216152,17.2640421215141,0,15.6189919893452,21.5271059457423,0,102.01405855582,0,6.90912513175727,21.5271059457423,21.5271059457423,19.4579957626079,34.1952834310471,1.40290377359425,32.4463422982599,21.5271059457423,43.8142130813269,9.64179310969352,21.5271059457423,21.5271059457423,0,5.9554968087025,55.7366769722242,22.4487761167403,1.40290377359425,20.896570335116,21.5271059457423,46.3660743446758,39.5629067090115,12.8504096674873,15.0387716427924,9.64179310969352,9.64179310969352,5.9554968087025,20.896570335116,20.896570335116,186.777671158423,67.0833378582561,20.896570335116,5.9554968087025,22.4487761167403,20.9327548724929,25.9464986962395,73.5370013178653,18.0024809216152,0,26.8836158759036,18.0024809216152,18.0024809216152,16.6378988326415,12.8504096674873,22.4487761167403,5.9554968087025,24.0039698730903,73.5370013178653,0,228.567213129793,15.0496930455831,9.64179310969352,16.6378988326415,0,5.9554968087025
"14",0,21.2530219299805,48.2043671696109,2.44132314488301,2.44132314488301,0,0,23.633004500894,38.0766137772603,33.2249478416894,53.2965441916948,61.4736909272347,20.5812609665035,454.810388733217,0,19.4398552002447,2.21790085848746,0,0,43.415209421974,8.39649948430555,25.8049237381508,10.1717728831551,1.91274046973756,48.6247540926017,0,6.35440625852412,6.35440625852412,112.681316370281,0,0,0,0,150.692931602297,34.6481216253134,34.6481216253134,120.778873432076,51.1874323939799,10.8255482209874,0,5.05260072732656,89.8759633854895,11.9335900650571,26.9788958191209,53.2965441916948,12.129742862839,0,32.5496732260962,32.5496732260962,23.5259007142827,20.4235841365751,41.0196835614972,56.0428258025072,8.43610191486102,0,10.8255482209874,0,0,2.39812407281075,2.39812407281075,62.6998078595147,0,14.9544562801718,0,1.87591574667533,0,26.0634069720732,121.112018238693,96.9676255527825,27.1933234593018,11.7841282716787,5.00357151651153,24.5083009638901,11.4254886665676,13.4520810178442,62.6998078595147,25.519959089794,6.28516360515593,18.3453861407135,0,29.4710314258709,16.9625057657121,43.415209421974,1.53461068187623,43.1353119400272,40.9638744682163,74.6737294993526,24.0329244365733,25.519959089794,23.3652395888088,16.7185561297901,65.6100408240117,37.8484572396467,0,29.8517229170523,7.52351139593812,18.3342149154421,8.49034113533895,0,5.00357151651153,6.35440625852412,25.2037901675364,91.5985632313324,23.5259007142827,26.2512622652921,0,8.49034113533895,43.415209421974,0,49.3419333565044,0,6.28516360515593,43.415209421974,43.415209421974,15.5054319364193,14.9544562801718,0.812441923574685,14.3669108519139,43.415209421974,34.6481216253134,12.129742862839,43.415209421974,43.415209421974,149.793272309149,2.44132314488301,27.1933234593018,2.39812407281075,0.812441923574685,52.8774986549683,43.415209421974,91.5985632313324,19.4398552002447,6.5592888619535,7.87766816696467,12.129742862839,12.129742862839,2.44132314488301,52.8774986549683,52.8774986549683,89.8759633854895,56.0428258025072,52.8774986549683,2.44132314488301,2.39812407281075,23.1835279388149,6.95741555639216,18.3453861407135,23.5259007142827,0,27.5113740260773,23.5259007142827,23.5259007142827,13.9276331007016,6.5592888619535,2.39812407281075,2.44132314488301,10.8255482209874,18.3453861407135,21.4396732025675,36.6818320347697,18.6430016929653,12.129742862839,13.9276331007016,0,2.44132314488301
"15",0,0,0,0,0,0,0,0,0,0,627.733446712018,0,0,0,615178.777777778,0,0,0,0,0,0,0,0,0,0,0,0,0,0,0,0,0,0,0,0,0,0,0,0,0,0,0,0,0,627.733446712018,0,0,0,0,0,0,2883.65052083333,0,0,0,0,0,0,286.796632996633,286.796632996633,0,0,86.5189786382886,0,0,0,0,0,0,0,0,0,0,3495.33396464646,0,0,0,11.2995710064002,0,0,0,0,0,0,0,0,0,0,0,0,0,0,2524.67350661195,0,0,0,0,0,0,0,0,0,10792.6101364522,0,0,0,0,0,0,0,0,11.2995710064002,0,0,0,86.5189786382886,0,0,0,0,0,0,0,0,0,0,286.796632996633,0,0,0,10792.6101364522,0,0,0,0,0,0,0,0,0,0,0,0,286.796632996633,0,270.964077717418,0,0,0,0,0,0,0,0,286.796632996633,0,0,0,1597.86695526696,0,0,0,0,0,0
"16",0,377.496068181818,3226.46212121212,5.33762014858512,5.33762014858512,0,0,1155.60020871985,241.057514803204,364.730500658762,226.724365274365,494.320473393913,39.5629067090115,19.4398552002447,0,102953.473140496,36.449572080639,0,0,1010.24817533047,78.4278398909585,197.883663209061,928.269020119225,29.8848978637143,416.355957553476,0,89.4187291390015,89.4187291390015,0,0,0,0,0,31458.0056818182,209.526032293331,209.526032293331,0,3506.15543202927,91.7143022793533,0,129.913470939282,0,30.7732997621112,1405.07221407625,226.724365274365,28.2197853167241,0,124.108296388543,124.108296388543,286.705874568469,5261.26924295217,0,1055.44101075998,246.13957934046,0,91.7143022793533,0,0,107.548737373737,107.548737373737,0,0,33.6899659243033,0,1.31891714266052,0,1335.48137328473,0,0,3825.97366400491,1155.60020871985,4.59058526840694,428.000077303649,0,1405.07221407625,0,0,4.53873981847038,791.94979338843,0,241.057514803204,1969.54470355731,1010.24817533047,22.3520349849101,2762.16635254989,2568.00046382189,13981.3358585859,0,0,616.823640819964,241.057514803204,1853.49951644101,823.029218419662,0,891.021404048351,13.8522194917186,428.000077303649,89.4187291390015,0,4.59058526840694,89.4187291390015,1271.03053259871,2980.23211722488,286.705874568469,734.904740133325,0,89.4187291390015,1010.24817533047,0,8388.80151515151,0,4.53873981847038,1010.24817533047,1010.24817533047,56.4972913217987,33.6899659243033,0,138.091477203445,1010.24817533047,209.526032293331,28.2197853167241,1010.24817533047,1010.24817533047,0,5.33762014858512,3825.97366400491,107.548737373737,0,967.938636363636,1010.24817533047,2980.23211722488,2394.26681722083,479.867883281972,0,28.2197853167241,28.2197853167241,5.33762014858512,967.938636363636,967.938636363636,0,1055.44101075998,967.938636363636,5.33762014858512,107.548737373737,76.400742396644,101.842464437541,791.94979338843,286.705874568469,0,509.441387559809,286.705874568469,286.705874568469,56.4972913217987,479.867883281972,107.548737373737,5.33762014858512,91.7143022793533,791.94979338843,0,5719.63739669422,85.0791228717192,28.2197853167241,56.4972913217987,0,5.33762014858512
"17",0,18.6153171697549,45.2455625653766,72.2799626629417,72.2799626629417,76.1195882808526,0,43.8007462817763,7.37370653585341,29.7208200001789,14.1686409990659,49.0741561259869,3.90748266021806,2.21790085848746,0,36.449572080639,872.349591218641,0,0,19.8790572369618,5.57419330805698,6.41611178031252,56.6553131253411,7232.14528301887,10.7870215387653,121.569418251461,18.267260614826,18.267260614826,0,0,0,0,0,288.37005850796,20.1635930658854,20.1635930658854,0,48.0949370937152,22.3943665200059,0,17.2378298719517,171.597985433132,14.6422889459411,152.853044209131,14.1686409990659,10.5860143336509,0,4.5948551471351,4.5948551471351,16.7033770470482,38.3326994486588,18.7492403148611,20.4905702507376,7.48247029504935,0,22.3943665200059,0,0,20.9265835894063,20.9265835894063,0,0,10.4230141629383,105.94082942137,1.68486531482402,0,24.1309667015342,152.853044209131,0,51.302055192238,21.8201519938519,2.61138349189631,10.9946502294603,42.4280733213788,50.190551829864,0,0,3.23845219480049,33.7255827080646,0,14.7929297787183,95.8581849660944,19.8790572369618,2.48411238295312,40.4053395932665,38.3326994486588,142.412262500857,90.8459922881286,0,14.1455697334456,14.7929297787183,60.9802726824379,17.2549492924982,0,18.2263792552894,5.91719590222664,33.204579121079,21.9780968025498,0,2.61138349189631,18.267260614826,46.7994505726723,85.7284343343977,16.7033770470482,48.2172877662477,0,21.9780968025498,19.8790572369618,0,93.7883726051531,0,3.23845219480049,19.8790572369618,19.8790572369618,10.3277549127557,10.4230141629383,1.31903249507323,9.95423978521152,19.8790572369618,20.1635930658854,10.5860143336509,19.8790572369618,19.8790572369618,0,72.2799626629417,51.302055192238,20.9265835894063,1.31903249507323,19.2994124133347,19.8790572369618,85.7284343343977,36.449572080639,48.0783010034026,109.10075996926,10.5860143336509,10.5860143336509,72.2799626629417,19.2994124133347,19.2994124133347,171.597985433132,20.4905702507376,19.2994124133347,72.2799626629417,20.9265835894063,3.21746222687122,3.97861863445328,33.7255827080646,16.7033770470482,0,12.399140785088,16.7033770470482,16.7033770470482,7.72763351746684,48.0783010034026,20.9265835894063,72.2799626629417,22.3943665200059,33.7255827080646,25.964078742373,69.4971841004184,14.0483493229065,10.5860143336509,7.72763351746684,0,72.2799626629417
"18",0,0,0,0,0,0,0,0,0,0,1178.00191489362,0,0,0,0,0,0,1993179.24,1993179.24,0,461.786008192316,0,0,0,0,0,0,0,0,0,0,0,0,0,1081.83849326965,1081.83849326965,0,0,0,0,0,0,0,0,1178.00191489362,131.787416193914,0,0,0,0,0,0,0,0,0,0,0,0,0,0,0,0,0,0,11.7668058326938,0,0,0,0,0,0,20.6919311839745,0,6920.76125,0,0,0,61.5421907420215,0,0,0,0,0,0,0,0,0,0,0,0,0,0,0,0,0,0,0,0,0,20.6919311839745,0,0,0,0,0,0,0,0,1993179.24,0,0,61.5421907420215,0,0,0,0,0,3737.02422378881,0,1081.83849326965,131.787416193914,0,0,0,0,0,0,0,0,0,0,0,0,0,131.787416193914,131.787416193914,0,0,0,0,0,0,0,0,1125.32703252033,0,0,0,0,0,0,0,0,0,0,0,0,0,0,0,0,131.787416193914,0,0,0
"19",0,0,0,0,0,0,0,0,0,0,1178.00191489362,0,0,0,0,0,0,1993179.24,1993179.24,0,461.786008192316,0,0,0,0,0,0,0,0,0,0,0,0,0,1081.83849326965,1081.83849326965,0,0,0,0,0,0,0,0,1178.00191489362,131.787416193914,0,0,0,0,0,0,0,0,0,0,0,0,0,0,0,0,0,0,11.7668058326938,0,0,0,0,0,0,20.6919311839745,0,6920.76125,0,0,0,61.5421907420215,0,0,0,0,0,0,0,0,0,0,0,0,0,0,0,0,0,0,0,0,0,20.6919311839745,0,0,0,0,0,0,0,0,1993179.24,0,0,61.5421907420215,0,0,0,0,0,3737.02422378881,0,1081.83849326965,131.787416193914,0,0,0,0,0,0,0,0,0,0,0,0,0,131.787416193914,131.787416193914,0,0,0,0,0,0,0,0,1125.32703252033,0,0,0,0,0,0,0,0,0,0,0,0,0,0,0,0,131.787416193914,0,0,0
"20",0,95.7154840568575,1324.5476076555,6.04346574236133,6.04346574236133,0,0,520.357988721804,1030.59407138536,931.587192085072,349.680568421053,481.035264702475,21.5271059457423,43.415209421974,0,1010.24817533047,19.8790572369618,0,0,34507.9508310249,76.6062569565909,203.286897384536,862.698770775623,16.3851322201543,202.86233471209,0,47.3155131550461,47.3155131550461,0,0,0,0,0,10927.5177631579,214.615733482643,214.615733482643,0,1428.43369453044,97.4909580743428,0,34.6190963508883,0,50.9203996419287,622.059834714871,349.680568421053,126.819921089853,0,64.7556608187135,64.7556608187135,143.092768614027,1076.60273528649,862.698770775623,970.975291802256,123.965034182166,0,97.4909580743428,0,0,113.606422488971,113.606422488971,0,0,74.4349628381482,0,3.783548189679,0,593.886834954233,0,0,3152.16858552632,1055.3739489569,18.3466347689313,208.143195488722,1539.08700889548,622.059834714871,0,0,18.140830133782,367.929891015417,0,121.551921725894,846.001375212224,34507.9508310249,12.3405056613867,1150.26502770083,1076.60273528649,5082.56640146879,1324.5476076555,0,292.179619335773,245.080297463592,2480.3949525453,381.192480110159,7995.74470474968,410.038189987163,62.7958113005913,208.143195488722,47.3155131550461,0,18.3466347689313,47.3155131550461,567.663260423787,1232.42681539375,143.092768614027,343.452627443412,0,47.3155131550461,34507.9508310249,0,3167.39645308924,0,18.140830133782,34507.9508310249,34507.9508310249,92.0212022160665,74.4349628381482,0,144.321167904353,34507.9508310249,214.615733482643,126.819921089853,34507.9508310249,34507.9508310249,0,6.04346574236133,3152.16858552632,113.606422488971,0,896.616842105263,34507.9508310249,1232.42681539375,1010.24817533047,231.515206846566,0,126.819921089853,126.819921089853,6.04346574236133,896.616842105263,896.616842105263,0,970.975291802256,896.616842105263,6.04346574236133,113.606422488971,293.581363815411,388.451752901085,367.929891015417,143.092768614027,0,244.737239936347,143.092768614027,143.092768614027,30.403480908392,231.515206846566,113.606422488971,6.04346574236133,97.4909580743428,367.929891015417,523.996855775803,2230.10566595059,136.764928199723,126.819921089853,30.403480908392,0,6.04346574236133
"21",0,28.4713453750723,48.2043671696109,3.68111734385181,3.68111734385181,0,0,35.5471637947331,33.7633279889419,16.4869388534328,44.8770901186353,13.4137252669246,16.8561458594441,8.39649948430555,0,78.4278398909585,5.57419330805698,454.810388733217,454.810388733217,76.6062569565909,454.810388733217,44.7687069797863,10.1717728831551,6.75142179386145,30.1566984516616,0,10.6352694221614,10.6352694221614,0,0,0,0,0,150.692931602297,15.2162772194567,15.2162772194567,16.9625057657121,25.519959089794,28.6306649509039,0,5.05260072732656,0,8.90413666946796,26.9788958191209,44.8770901186353,6.46575779198105,0,18.7758694110444,18.7758694110444,14.0461765935398,20.4235841365751,10.1717728831551,11.0864009625668,12.6847184589396,0,28.6306649509039,150.692931602297,0,7.22544942023973,7.22544942023973,31.2587704881011,0,14.9544562801718,0,2.68799480301887,0,12.995704305136,40.1338946069568,0,27.1933234593018,11.7841282716787,5.00357151651153,12.1916293060168,11.4254886665676,13.4520810178442,31.2587704881011,25.519959089794,4.29585541070823,27.5920525422828,0,12.5087028392767,16.9625057657121,76.6062569565909,2.3055353876301,64.8888959787478,40.9638744682163,74.6737294993526,0,25.519959089794,47.103328745524,38.0766137772603,32.6202033956002,28.3098298760161,0,29.8517229170523,10.2827919311744,43.2220036378682,12.789248039308,0,5.00357151651153,10.6352694221614,25.2037901675364,22.702795757909,14.0461765935398,17.4541725995009,29.0902876658348,12.789248039308,76.6062569565909,454.810388733217,98.97583081571,0,4.29585541070823,76.6062569565909,76.6062569565909,15.5054319364193,14.9544562801718,0,29.0610861879261,76.6062569565909,15.2162772194567,6.46575779198105,76.6062569565909,76.6062569565909,0,3.68111734385181,27.1933234593018,7.22544942023973,0,42.186419691942,76.6062569565909,22.702795757909,19.4398552002447,19.779560986821,0,6.46575779198105,6.46575779198105,3.68111734385181,42.186419691942,42.186419691942,0,11.0864009625668,42.186419691942,3.68111734385181,7.22544942023973,21.207476888705,11.6455665406277,27.5920525422828,14.0461765935398,0,13.6844140233338,14.0461765935398,14.0461765935398,6.13019398027873,19.779560986821,7.22544942023973,3.68111734385181,28.6306649509039,27.5920525422828,21.4396732025675,110.692822551982,22.8822372200479,6.46575779198105,6.13019398027873,0,3.68111734385181
"22",0,26.2094892699348,505.118967247514,5.46666712451258,5.46666712451258,0,0,112.040564818042,303.668565334417,137.024803865223,607.936082474227,115.777775454298,49.2250883332884,25.8049237381508,0,197.883663209061,6.41611178031252,0,0,203.286897384536,44.7687069797863,5295.93803804868,386.245105030618,5.3698425724217,100.964227533554,0,14.0722090039918,14.0722090039918,0,0,0,0,0,1729.64979693846,57.8302363718025,57.8302363718025,0,267.415923836919,88.0991235964194,0,21.3403950519575,0,16.6328635159696,263.034300916908,607.936082474227,79.5087431807339,0,18.5956919345058,18.5956919345058,37.1577569396544,209.078546882671,486.464005388941,765.256847804863,99.555424358667,0,88.0991235964194,0,0,49.8501688200603,49.8501688200603,0,0,24.1295469452416,617.435083762887,3.71174848042429,0,125.416501389336,1334.30127192395,250.344049556882,286.666288889912,112.040564818042,24.2915476467558,155.810127294729,442.468552705187,397.707862986365,0,267.415923836919,20.077395970135,340.879886987871,0,32.2659374216897,169.82016188123,203.286897384536,4.1284074007548,446.700860600627,209.078546882671,839.388872043663,0,267.415923836919,425.605625261576,97.8674013508709,837.200113576795,173.139868449856,2594.47469540768,278.431430726678,69.9475487585676,155.810127294729,56.9866315037686,0,24.2915476467558,14.0722090039918,120.673241646869,474.33609389725,37.1577569396544,78.6445177113781,0,56.9866315037686,203.286897384536,0,543.604221894944,0,20.077395970135,203.286897384536,203.286897384536,18.97344375589,24.1295469452416,0,40.8773764375525,203.286897384536,57.8302363718025,79.5087431807339,203.286897384536,203.286897384536,0,5.46666712451258,286.666288889912,49.8501688200603,0,196.596245576242,203.286897384536,474.33609389725,197.883663209061,56.1734269754753,60.7002232885173,79.5087431807339,79.5087431807339,5.46666712451258,196.596245576242,196.596245576242,0,765.256847804863,196.596245576242,5.46666712451258,49.8501688200603,62.4217446401674,146.526603087392,340.879886987871,37.1577569396544,0,58.9044822486781,37.1577569396544,37.1577569396544,28.5603774846584,56.1734269754753,49.8501688200603,5.46666712451258,88.0991235964194,340.879886987871,317.690779029512,396.378078465063,40.7800261721618,79.5087431807339,28.5603774846584,0,5.46666712451258
"23",0,89.621368705036,1214.16864035088,8.59923670840639,8.59923670840639,0,0,480.979546332046,229.101062068966,167.168146135266,326.965098425197,221.424995556346,20.2981331063025,10.1717728831551,0,928.269020119225,56.6553131253411,0,0,862.698770775623,10.1717728831551,386.245105030618,31143.425625,46.6976268274397,381.659627757353,0,89.4187291390015,89.4187291390015,0,0,0,0,0,9886.80178571429,99.6430191169413,99.6430191169413,0,1308.54729516807,138.169590173026,0,32.5836217043314,0,15.9097959770115,574.072361751152,326.965098425197,783.371551195586,0,60.7676597560976,60.7676597560976,133.634094078524,988.680178571429,1213.38021915584,1364.94195580716,115.882513953488,0,138.169590173026,0,0,160.947936046512,160.947936046512,0,0,70.2169816106531,3313.1303856383,2.86903967065868,0,548.299746919014,2264.97640909091,0,1415.61025568182,480.979546332046,14.8776695289734,193.858858543417,461.384083333333,574.072361751152,0,0,14.7111127184695,341.110904983571,0,113.641399835796,778.585640625,862.698770775623,11.6559098862233,1055.70934322034,988.680178571429,4613.84083333333,0,0,271.402401960784,113.641399835796,1497.280078125,715.324160206718,14830.2026785714,379.79787347561,14.6378199027073,193.858858543417,44.4715488005141,0,14.8776695289734,89.4187291390015,524.30009469697,2300.53005540166,133.634094078524,318.602819693095,0,44.4715488005141,862.698770775623,0,2883.65052083333,0,14.7111127184695,862.698770775623,862.698770775623,28.6310509078373,70.2169816106531,0,67.2426333261362,862.698770775623,99.6430191169413,783.371551195586,862.698770775623,862.698770775623,0,8.59923670840639,1415.61025568182,160.947936046512,0,409.5125,862.698770775623,2300.53005540166,928.269020119225,215.450886371498,0,783.371551195586,783.371551195586,8.59923670840639,409.5125,409.5125,0,1364.94195580716,409.5125,8.59923670840639,160.947936046512,76.8973472222222,152.763696656311,341.110904983571,133.634094078524,0,227.656620065789,133.634094078524,133.634094078524,28.6310509078373,215.450886371498,160.947936046512,8.59923670840639,138.169590173026,341.110904983571,995.594025974026,2035.51801470588,42.4066253063725,783.371551195586,28.6310509078373,0,8.59923670840639
"24",0,15.5830754716981,37.0440853740131,62.9163638779857,62.9163638779857,62.1605875565258,0,36.0567166555111,6.15763753343454,24.6993008483503,17.8064183104631,40.6519894840537,5.01700772930631,1.91274046973756,0,29.8848978637143,709.568971164115,0,0,16.3851322201543,6.75142179386145,5.3698425724217,46.6976268274397,709.568971164115,8.95749701593419,99.1227081489144,15.4276905005243,15.4276905005243,0,0,0,0,0,234.75128259487,16.8571399735678,16.8571399735678,0,39.3627333804669,18.9037677046839,0,14.6194819902418,139.803551939398,13.9620851048806,125.496625600772,17.8064183104631,9.07990619336958,0,7.75405267457693,7.75405267457693,13.9192965695825,31.4178408284863,15.4634685327706,16.883880520651,6.24703579264088,0,18.9037677046839,0,0,17.6311089881379,17.6311089881379,0,0,10.4263241645829,86.4135006243063,1.68298144918345,0,19.8517501434217,124.774902029523,0,41.9722717318059,17.9680628149537,2.57969622116902,9.12750727433088,34.9378999179655,41.2630628392562,0,0,3.12824191007773,27.8406540359033,0,12.3504615670601,78.6212309512853,16.3851322201543,2.13837397773888,33.1048903800159,31.4178408284863,116.071467505241,74.3518297186598,0,11.7046857988478,18.5787745636291,50.0494483253901,14.2440555532528,0,15.0368474496994,5.86480080964048,27.5510296495957,18.5586041609248,0,2.57969622116902,15.4276905005243,38.5003639145149,70.1887933402354,13.9192965695825,39.8155937376815,0,18.5586041609248,16.3851322201543,0,76.5306379155436,0,3.12824191007773,16.3851322201543,16.3851322201543,8.77748989886757,10.4263241645829,1.13438572248124,8.36495294979717,16.3851322201543,16.8571399735678,9.07990619336958,16.3851322201543,16.3851322201543,0,62.9163638779857,41.9722717318059,17.6311089881379,1.13438572248124,15.9123108537269,16.3851322201543,70.1887933402354,29.8848978637143,39.838088423409,90.8941594011588,9.07990619336958,9.07990619336958,62.9163638779857,15.9123108537269,15.9123108537269,139.803551939398,16.883880520651,15.9123108537269,62.9163638779857,17.6311089881379,5.46218670612899,3.3567627212898,27.8406540359033,13.9192965695825,0,10.2768638224021,13.9192965695825,13.9192965695825,6.5685530050707,39.838088423409,17.6311089881379,62.9163638779857,18.9037677046839,27.8406540359033,21.5020900352762,56.774087366694,11.8743189263674,9.07990619336958,6.5685530050707,0,62.9163638779857
"25",0,47.7659902223926,1081.3689453125,5.19077856864275,5.19077856864275,0,0,226.992898141399,59.6617349137931,260.396535326087,230.692041666667,110.941242608293,35.1717651238518,48.6247540926017,0,416.355957553476,10.7870215387653,0,0,202.86233471209,30.1566984516616,100.964227533554,381.659627757353,8.95749701593419,12165.4006347656,0,24.6481461512283,24.6481461512283,0,0,0,0,0,3932.25071022727,215.13833672976,215.13833672976,353.902563920454,1159.47228685778,50.6842196806952,0,55.4469192867825,0,27.7927336554937,540.121845733611,230.692041666667,34.2578024453024,0,134.674272972973,134.674272972973,139.794531039591,441.375079719388,0,210.42855152027,122.342181116436,0,50.6842196806952,0,0,29.1277830387205,29.1277830387205,0,0,40.4770221663352,0,2.20350269039735,0,256.113697574013,0,0,1247.7333984375,458.666062223859,7.49083727116253,401.902511614402,218.458372790404,267.187934325669,0,572.489441636029,2.95160298056364,333.870343321183,0,59.6617349137931,353.902563920454,202.86233471209,13.6641916571604,469.02749435241,441.375079719388,1880.64164402174,0,0,133.915658862229,181.403923724371,680.581853693182,170.817384955024,0,182.595131478659,13.0292682650471,197.736035714286,24.6481461512283,0,7.49083727116253,24.6481461512283,245.765669389205,499.734044046855,139.794531039591,155.282337579777,0,24.6481461512283,202.86233471209,0,1201.52105034722,0,2.95160298056364,202.86233471209,202.86233471209,48.9779182611659,40.4770221663352,7.32689942619325,36.4540519067797,202.86233471209,215.13833672976,34.2578024453024,202.86233471209,202.86233471209,0,5.19077856864275,1247.7333984375,29.1277830387205,7.32689942619325,195.722886029412,202.86233471209,499.734044046855,416.355957553476,108.166940903723,0,34.2578024453024,34.2578024453024,5.19077856864275,195.722886029412,195.722886029412,0,210.42855152027,195.722886029412,5.19077856864275,29.1277830387205,42.9114660838294,84.0200331609712,333.870343321183,139.794531039591,0,229.569700906678,139.794531039591,139.794531039591,32.5223742951128,108.166940903723,29.1277830387205,5.19077856864275,50.6842196806952,333.870343321183,0,865.09515625,120.018750867092,34.2578024453024,32.5223742951128,0,5.19077856864275
"26",0,0,0,17.1642967198043,17.1642967198043,0,0,0,879.80438582552,0,0,0,0,0,0,0,121.569418251461,0,0,0,0,0,0,99.1227081489144,0,1016928.18367347,0,0,0,0,0,0,0,0,0,0,0,0,0,0,0,0,0,0,0,93.4590739521615,0,0,0,0,0,0,0,0,0,0,0,0,0,0,0,0,112.111147109446,0,0,0,0,0,0,0,0,14.7376014163388,0,0,0,0,0,43.8331113652358,0,0,0,0,0,0,0,0,0,34388.8757763975,0,0,0,0,0,0,0,45.1681299854967,0,0,0,14.7376014163388,0,0,0,0,0,0,0,0,0,0,0,43.8331113652358,0,0,0,112.111147109446,0,0,0,0,93.4590739521615,0,0,0,17.1642967198043,0,0,0,0,0,0,0,0,0,93.4590739521615,93.4590739521615,17.1642967198043,0,0,0,0,0,17.1642967198043,0,0,0,0,0,0,0,0,0,0,0,0,17.1642967198043,0,0,0,0,0,93.4590739521615,0,0,17.1642967198043
"27",2244.47011395883,27.0790321441187,111.92304115792,6.01220169113719,6.01220169113719,0,0,52.213278216997,16.3573512829477,44.8773546671854,15.6127939766511,27.9901278021314,7.76795612236053,6.35440625852412,0,89.4187291390015,18.267260614826,0,0,47.3155131550461,10.6352694221614,14.0722090039918,89.4187291390015,15.4276905005243,24.6481461512283,0,2244.47011395883,2244.47011395883,0,0,0,0,0,738.247344326414,29.5246797015861,29.5246797015861,0,119.224972185335,15.4762389272926,0,35.4264880275282,437.15823134623,9.44466228867988,60.2678044656453,15.6127939766511,8.77091051377864,0,9.80003068072867,9.80003068072867,56.4432146801461,94.2310642377756,0,48.8569827581981,33.3791842479155,0,15.4762389272926,0,0,8.75346281847574,8.75346281847574,147.454165335038,0,10.2005809662915,0,3.78310007895776,0,58.0600776006711,0,0,127.448950830742,105.000328722093,1.73010012302137,50.5557138291558,0,60.2678044656453,147.454165335038,0,0.569309471488849,39.5864165459121,0,32.8545089871172,77.3239414982348,47.3155131550461,2.3811378373481,99.5315616011505,286.078739931451,361.932951276911,111.92304115792,0,32.951625478359,16.3573512829477,148.699887496605,81.8668413659402,0,86.7737537571006,3.13788197246935,76.1964107951392,38.3015377808674,0,1.73010012302137,2244.47011395883,55.9896278218426,105.397430501061,56.4432146801461,37.4749044128043,0,38.3015377808674,47.3155131550461,0,236.678023340315,0,0.569309471488849,47.3155131550461,47.3155131550461,26.3493576252652,10.2005809662915,0,10.654582865422,47.3155131550461,29.5246797015861,8.77091051377864,47.3155131550461,47.3155131550461,0,6.01220169113719,127.448950830742,8.75346281847574,0,45.8557585328213,47.3155131550461,105.397430501061,89.4187291390015,2244.47011395883,15.3766171768755,8.77091051377864,8.77091051377864,6.01220169113719,45.8557585328213,45.8557585328213,437.15823134623,48.8569827581981,45.8557585328213,6.01220169113719,8.75346281847574,13.3615424899063,16.8247747134812,39.5864165459121,56.4432146801461,0,57.5208199139776,56.4432146801461,56.4432146801461,21.016562261107,2244.47011395883,8.75346281847574,6.01220169113719,15.4762389272926,39.5864165459121,0,174.180232802013,36.7978309213998,8.77091051377864,21.016562261107,0,6.01220169113719
"28",2244.47011395883,27.0790321441187,111.92304115792,6.01220169113719,6.01220169113719,0,0,52.213278216997,16.3573512829477,44.8773546671854,15.6127939766511,27.9901278021314,7.76795612236053,6.35440625852412,0,89.4187291390015,18.267260614826,0,0,47.3155131550461,10.6352694221614,14.0722090039918,89.4187291390015,15.4276905005243,24.6481461512283,0,2244.47011395883,2244.47011395883,0,0,0,0,0,738.247344326414,29.5246797015861,29.5246797015861,0,119.224972185335,15.4762389272926,0,35.4264880275282,437.15823134623,9.44466228867988,60.2678044656453,15.6127939766511,8.77091051377864,0,9.80003068072867,9.80003068072867,56.4432146801461,94.2310642377756,0,48.8569827581981,33.3791842479155,0,15.4762389272926,0,0,8.75346281847574,8.75346281847574,147.454165335038,0,10.2005809662915,0,3.78310007895776,0,58.0600776006711,0,0,127.448950830742,105.000328722093,1.73010012302137,50.5557138291558,0,60.2678044656453,147.454165335038,0,0.569309471488849,39.5864165459121,0,32.8545089871172,77.3239414982348,47.3155131550461,2.3811378373481,99.5315616011505,286.078739931451,361.932951276911,111.92304115792,0,32.951625478359,16.3573512829477,148.699887496605,81.8668413659402,0,86.7737537571006,3.13788197246935,76.1964107951392,38.3015377808674,0,1.73010012302137,2244.47011395883,55.9896278218426,105.397430501061,56.4432146801461,37.4749044128043,0,38.3015377808674,47.3155131550461,0,236.678023340315,0,0.569309471488849,47.3155131550461,47.3155131550461,26.3493576252652,10.2005809662915,0,10.654582865422,47.3155131550461,29.5246797015861,8.77091051377864,47.3155131550461,47.3155131550461,0,6.01220169113719,127.448950830742,8.75346281847574,0,45.8557585328213,47.3155131550461,105.397430501061,89.4187291390015,2244.47011395883,15.3766171768755,8.77091051377864,8.77091051377864,6.01220169113719,45.8557585328213,45.8557585328213,437.15823134623,48.8569827581981,45.8557585328213,6.01220169113719,8.75346281847574,13.3615424899063,16.8247747134812,39.5864165459121,56.4432146801461,0,57.5208199139776,56.4432146801461,56.4432146801461,21.016562261107,2244.47011395883,8.75346281847574,6.01220169113719,15.4762389272926,39.5864165459121,0,174.180232802013,36.7978309213998,8.77091051377864,21.016562261107,0,6.01220169113719
"29",0,2442.62161764706,0,0,0,0,0,0,0,2507.52219202899,0,0,0,112.681316370281,0,0,0,0,0,0,0,0,0,0,0,0,0,0,3114342.5625,0,0,0,0,0,0,0,0,0,0,0,0,0,180.793136102403,0,0,0,0,0,0,0,0,0,0,0,0,0,0,0,0,0,0,0,0,0,0,0,0,0,0,0,0,51.8789052739418,0,0,0,0,0,25.6058948127867,0,0,0,0,0,0,0,0,0,0,0,0,0,0,0,0,0,0,0,550.042840427411,0,51.8789052739418,0,0,0,0,0,0,550.042840427411,0,0,0,0,25.6058948127867,0,0,682.969860197368,0,0,0,0,0,0,0,0,0,0,0,0,0,0,0,0,0,0,0,0,0,0,0,0,0,0,0,0,0,0,0,0,0,0,0,0,0,0,0,0,0,0,0,0,0,521.927696078431,0,0,0,0
"30",0,0,0,0,0,0,0,0,0,0,0,0,0,0,0,0,0,0,0,0,0,0,0,0,0,0,0,0,0,3114342.5625,3114342.5625,3114342.5625,0,0,0,0,0,0,0,0,0,0,0,0,0,0,0,0,0,0,0,0,0,0,0,0,0,0,0,0,0,0,0,0,0,0,0,0,0,0,0,0,0,0,0,0,0,25.6058948127867,0,0,0,0,0,0,0,139578.37815126,0,0,0,0,0,0,0,0,0,0,0,550.042840427411,0,0,0,0,0,0,0,0,550.042840427411,0,0,0,0,25.6058948127867,0,0,339.715578129261,0,0,872.487060512677,0,0,0,0,0,0,0,0,0,0,0,0,0,0,0,0,0,0,0,0,0,0,0,0,0,0,466.044528619529,0,0,0,0,0,0,0,0,0,0,0,0,0,0,0,521.927696078431,0,0,0,0
"31",0,0,0,0,0,0,0,0,0,0,0,0,0,0,0,0,0,0,0,0,0,0,0,0,0,0,0,0,0,6228685.125,12457370.25,12457370.25,0,0,0,0,0,0,0,0,0,0,0,0,0,0,0,0,0,0,0,0,0,0,0,0,0,0,0,0,0,0,0,0,0,0,0,0,0,0,0,0,0,0,0,0,0,51.3587388067086,0,0,0,0,0,0,0,124885.917293233,0,0,0,0,0,0,0,0,0,0,0,1114.75348993289,0,0,0,0,0,0,0,0,1114.75348993289,0,0,0,0,51.3587388067086,0,0,686.545618627721,0,0,1774.30141717704,0,0,0,0,0,0,0,0,0,0,0,0,0,0,0,0,0,0,0,0,0,0,0,0,0,0,943.525732788003,0,0,0,0,0,0,0,0,0,0,0,0,0,0,0,1057.41195569137,0,0,0,0
"32",0,0,0,0,0,0,0,0,0,0,0,0,0,0,0,0,0,0,0,0,0,0,0,0,0,0,0,0,0,6228685.125,12457370.25,12457370.25,0,0,0,0,0,0,0,0,0,0,0,0,0,0,0,0,0,0,0,0,0,0,0,0,0,0,0,0,0,0,0,0,0,0,0,0,0,0,0,0,0,0,0,0,0,51.3587388067086,0,0,0,0,0,0,0,124885.917293233,0,0,0,0,0,0,0,0,0,0,0,1114.75348993289,0,0,0,0,0,0,0,0,1114.75348993289,0,0,0,0,51.3587388067086,0,0,686.545618627721,0,0,1774.30141717704,0,0,0,0,0,0,0,0,0,0,0,0,0,0,0,0,0,0,0,0,0,0,0,0,0,0,943.525732788003,0,0,0,0,0,0,0,0,0,0,0,0,0,0,0,1057.41195569137,0,0,0,0
"33",0,0,0,0,0,0,0,0,0,0,0,0,0,0,0,0,0,0,0,0,0,0,0,0,0,0,0,0,0,0,0,0,12457370.25,0,0,0,0,0,0,0,0,0,0,0,0,0,0,0,0,0,0,0,0,0,0,0,0,0,0,0,0,0,0,0,0,0,0,0,0,0,0,0,0,0,0,0,0,0,0,0,0,0,0,0,0,0,0,0,0,0,0,0,0,0,0,0,0,0,0,0,0,0,0,0,0,0,0,0,0,0,0,0,0,0,686.545618627721,0,0,0,0,0,0,0,0,0,0,0,0,0,0,0,0,0,0,0,0,0,0,0,0,0,0,0,0,0,0,0,0,0,0,0,0,0,0,0,0,0,0,0,0,0,0,0,0,0,0
"34",0,1628.41441176471,46138.4083333333,40.2991704738174,40.2991704738174,0,0,12826.1212355212,2145.14103060829,3390.45254133497,2006.01775362319,4772.93879310345,962.814101325501,150.692931602297,0,31458.0056818182,288.37005850796,0,0,10927.5177631579,150.692931602297,1729.64979693846,9886.80178571429,234.75128259487,3932.25071022727,0,738.247344326414,738.247344326414,0,0,0,0,0,5536609,1840.62799202128,1840.62799202128,0,51423.613003096,758.335707437337,0,524.250449768014,0,241.974083300555,16236.3900293255,2006.01775362319,444.101147028154,0,1046.28831496063,1046.28831496063,2595.69104547586,34388.8757763975,0,11510.6216216216,2194.74458245243,0,758.335707437337,0,0,898.071208434712,898.071208434712,0,0,265.761484183747,0,9.81320276497696,0,15266.3851102941,0,0,57673.0104166667,12826.1212355212,34.5859368492945,4056.12380952381,0,16236.3900293255,0,0,34.1901059677897,8206.43626482213,0,2145.14103060829,24607.1511111111,10927.5177631579,173.961321742773,37749.6068181818,34388.8757763975,346038.0625,0,0,6144.96004439512,2145.14103060829,22815.6964285714,8583.88992248062,0,9421.34259784458,106.456872019689,4056.12380952381,738.247344326414,0,34.5859368492945,738.247344326414,14380.8025974026,41628.6390977444,2595.69104547586,7522.56657608696,0,738.247344326414,10927.5177631579,0,167776.03030303,0,34.1901059677897,10927.5177631579,10927.5177631579,455.313240131579,265.761484183747,0,1173.01038135593,10927.5177631579,1840.62799202128,444.101147028154,10927.5177631579,10927.5177631579,0,40.2991704738174,57673.0104166667,898.071208434712,0,10387.6341463415,10927.5177631579,41628.6390977444,31458.0056818182,4615.12281189219,0,444.101147028154,444.101147028154,40.2991704738174,10387.6341463415,10387.6341463415,0,11510.6216216216,10387.6341463415,40.2991704738174,898.071208434712,625.181684733514,847.483392009796,8206.43626482213,2595.69104547586,0,4938.9910793934,2595.69104547586,2595.69104547586,455.313240131579,4615.12281189219,898.071208434712,40.2991704738174,758.335707437337,8206.43626482213,0,98868.0178571429,700.393295382669,444.101147028154,455.313240131579,0,40.2991704738174
"35",0,55.2188397606383,535.455415860735,6.80650554627386,6.80650554627386,0,0,238.515573319293,33.8506297383223,144.049147201665,164.525407108047,60.5276160883909,43.8142130813269,34.6481216253134,0,209.526032293331,20.1635930658854,1081.83849326965,1081.83849326965,214.615733482643,15.2162772194567,57.8302363718025,99.6430191169413,16.8571399735678,215.13833672976,0,29.5246797015861,29.5246797015861,0,0,0,0,0,1840.62799202128,5639.37086917157,5639.37086917157,179.695207356653,283.476396632154,92.0713611293318,0,33.525225253107,0,40.8542083048718,565.290175102242,164.525407108047,26.8199088145897,0,39.085777821355,39.085777821355,118.414190998241,221.428931370981,0,110.208079355952,69.258016945666,0,92.0713611293318,0,0,52.1239785351158,52.1239785351158,0,0,37.90360456917,0,2.35365017960763,1908.55395752341,132.525215425532,0,0,303.956916113605,118.326085201368,4.90423628464811,108.57160505932,114.147472373412,137.903449974539,0,283.476396632154,6.80903471747863,177.172747895096,0,68.0794788033298,179.695207356653,214.615733482643,4.29203664298772,234.557903408021,221.428931370981,892.425693101225,0,0,72.1814898831873,33.8506297383223,345.567706455103,90.6465221788864,0,96.4872336552835,8.32227005655127,53.9378166160081,44.4715488005141,0,4.90423628464811,29.5246797015861,127.489384728746,249.107547792353,118.414190998241,82.9059840009583,0,44.4715488005141,214.615733482643,1081.83849326965,577.451919065498,0,6.80903471747863,214.615733482643,214.615733482643,60.2159252217487,37.90360456917,0,42.7845731801556,214.615733482643,5639.37086917157,26.8199088145897,214.615733482643,214.615733482643,0,6.80650554627386,303.956916113605,52.1239785351158,0,102.972195357834,214.615733482643,249.107547792353,209.526032293331,59.1102655778465,0,26.8199088145897,26.8199088145897,6.80650554627386,102.972195357834,102.972195357834,0,110.208079355952,102.972195357834,6.80650554627386,52.1239785351158,65.1838155651625,16.4382554484659,177.172747895096,118.414190998241,0,188.51381995097,118.414190998241,118.414190998241,60.2159252217487,59.1102655778465,52.1239785351158,6.80650554627386,92.0713611293318,177.172747895096,0,420.714969604863,71.5849486444833,26.8199088145897,60.2159252217487,0,6.80650554627386
"36",0,55.2188397606383,535.455415860735,6.80650554627386,6.80650554627386,0,0,238.515573319293,33.8506297383223,144.049147201665,164.525407108047,60.5276160883909,43.8142130813269,34.6481216253134,0,209.526032293331,20.1635930658854,1081.83849326965,1081.83849326965,214.615733482643,15.2162772194567,57.8302363718025,99.6430191169413,16.8571399735678,215.13833672976,0,29.5246797015861,29.5246797015861,0,0,0,0,0,1840.62799202128,5639.37086917157,5639.37086917157,179.695207356653,283.476396632154,92.0713611293318,0,33.525225253107,0,40.8542083048718,565.290175102242,164.525407108047,26.8199088145897,0,39.085777821355,39.085777821355,118.414190998241,221.428931370981,0,110.208079355952,69.258016945666,0,92.0713611293318,0,0,52.1239785351158,52.1239785351158,0,0,37.90360456917,0,2.35365017960763,1908.55395752341,132.525215425532,0,0,303.956916113605,118.326085201368,4.90423628464811,108.57160505932,114.147472373412,137.903449974539,0,283.476396632154,6.80903471747863,177.172747895096,0,68.0794788033298,179.695207356653,214.615733482643,4.29203664298772,234.557903408021,221.428931370981,892.425693101225,0,0,72.1814898831873,33.8506297383223,345.567706455103,90.6465221788864,0,96.4872336552835,8.32227005655127,53.9378166160081,44.4715488005141,0,4.90423628464811,29.5246797015861,127.489384728746,249.107547792353,118.414190998241,82.9059840009583,0,44.4715488005141,214.615733482643,1081.83849326965,577.451919065498,0,6.80903471747863,214.615733482643,214.615733482643,60.2159252217487,37.90360456917,0,42.7845731801556,214.615733482643,5639.37086917157,26.8199088145897,214.615733482643,214.615733482643,0,6.80650554627386,303.956916113605,52.1239785351158,0,102.972195357834,214.615733482643,249.107547792353,209.526032293331,59.1102655778465,0,26.8199088145897,26.8199088145897,6.80650554627386,102.972195357834,102.972195357834,0,110.208079355952,102.972195357834,6.80650554627386,52.1239785351158,65.1838155651625,16.4382554484659,177.172747895096,118.414190998241,0,188.51381995097,118.414190998241,118.414190998241,60.2159252217487,59.1102655778465,52.1239785351158,6.80650554627386,92.0713611293318,177.172747895096,0,420.714969604863,71.5849486444833,26.8199088145897,60.2159252217487,0,6.80650554627386
"37",0,0,0,4.67591578008985,4.67591578008985,0,0,0,0,0,593.208107142857,1288.69347413793,69.0780910792264,120.778873432076,0,0,0,0,0,0,16.9625057657121,0,0,0,353.902563920454,0,0,0,0,0,0,0,0,0,179.695207356653,179.695207356653,79727.1696,0,79.2926459004654,0,0,13746.0637241379,26.7954458560194,0,593.208107142857,24.5825685425685,0,664.39308,664.39308,749.409414713623,0,0,0,0,0,79.2926459004654,0,0,0,0,0,0,88.6133125861379,0,0,0,1112.26520089286,0,5401.56975609756,0,0,20.2269439663571,363.652479474548,922.768166666667,0,0,0,15.9763641610157,0,0,630.55338184119,0,0,0,0,0,0,0,2859.65457675753,0,0,0,691.835904199931,0,0,12.1024654506594,363.652479474548,0,0,20.2269439663571,0,0,0,749.409414713623,0,0,0,0,0,0,0,15.9763641610157,0,0,49.0206404328578,88.6133125861379,0,0,0,179.695207356653,24.5825685425685,0,0,0,4.67591578008985,0,0,0,811.224761904762,0,0,0,0,0,24.5825685425685,24.5825685425685,4.67591578008985,811.224761904762,811.224761904762,13746.0637241379,0,811.224761904762,4.67591578008985,0,66.1482556750299,87.971895661385,0,749.409414713623,0,1327.90089273817,749.409414713623,749.409414713623,0,0,0,4.67591578008985,79.2926459004654,0,0,0,73.6006513791958,24.5825685425685,0,0,4.67591578008985
"38",0,252.684994929006,4789.45415224913,6.96007698486827,6.96007698486827,0,0,1642.09856648542,327.100317060202,499.769128930344,307.248002219756,682.932418727043,52.2439344296671,51.1874323939799,0,3506.15543202927,48.0949370937152,0,0,1428.43369453044,25.519959089794,267.415923836919,1308.54729516807,39.3627333804669,1159.47228685778,0,119.224972185335,119.224972185335,0,0,0,0,0,51423.613003096,283.476396632154,283.476396632154,0,172420.349480969,122.329866916092,0,85.8038681881816,0,40.5431199244294,2011.76797609916,307.248002219756,37.1515512779506,0,166.306152690864,166.306152690864,390.559086099463,3772.38859868272,0,1494.72001079881,334.147964110405,0,122.329866916092,0,0,289.495895424837,289.495895424837,0,0,44.42139791129,0,1.71331888074379,0,1908.29813878676,0,0,5724.89441636029,1642.09856648542,5.98271190762971,588.938304435698,0,2011.76797609916,0,0,11.8464601466951,1110.28255347594,0,327.100317060202,2859.65457675753,1428.43369453044,29.3725543247602,4071.03602941176,3772.38859868272,22205.6510695187,0,0,857.81268398492,327.100317060202,2684.19957983193,1155.35906234784,0,1254.23446349015,18.1450163499843,588.938304435698,119.224972185335,0,5.98271190762971,119.224972185335,1812.70620975663,19283.854876161,390.559086099463,1027.75103126805,0,119.224972185335,1428.43369453044,0,13027.3152941176,0,11.8464601466951,1428.43369453044,1428.43369453044,74.8887568006252,44.42139791129,0,185.374774928945,1428.43369453044,283.476396632154,37.1515512779506,1428.43369453044,1428.43369453044,0,6.96007698486827,5724.89441636029,289.495895424837,0,1366.50160427807,1428.43369453044,19283.854876161,3506.15543202927,662.405862412762,0,37.1515512779506,37.1515512779506,6.96007698486827,1366.50160427807,1366.50160427807,0,1494.72001079881,1366.50160427807,6.96007698486827,289.495895424837,101.648839685687,136.047618527569,1110.28255347594,390.559086099463,0,704.433054836931,390.559086099463,390.559086099463,150.508135618817,662.405862412762,289.495895424837,6.96007698486827,122.329866916092,1110.28255347594,750.613557279506,8723.64863445378,113.359861591696,37.1515512779506,150.508135618817,0,6.96007698486827
"39",0,13.7795146839224,231.067526397062,6.79722118846456,6.79722118846456,0,0,107.611448007775,67.7613315791084,92.6923875374596,64.6592391463023,28.6490923955789,24.0039698730903,10.8255482209874,0,91.7143022793533,22.3943665200059,0,0,97.4909580743428,28.6306649509039,88.0991235964194,138.169590173026,18.9037677046839,50.6842196806952,0,15.4762389272926,15.4762389272926,0,0,0,0,0,758.335707437337,92.0713611293318,92.0713611293318,79.2926459004654,122.329866916092,2305.9596001666,0,30.0175390277252,0,22.6716009647474,124.258086959124,64.6592391463023,21.0452636260315,0,20.0874702947846,20.0874702947846,57.7242540542357,96.65698922854,138.169590173026,100.675990859664,51.4119405294979,0,2305.9596001666,0,0,26.9992880306244,26.9992880306244,151.328598760933,0,13.8913228925699,553.882452981193,3.83994890803446,196.280290228425,59.5112467037377,196.280290228425,114.829289032686,130.777801398337,53.5084548104956,5.3116243314653,51.7362730806608,104.044217687075,61.7780319344796,151.328598760933,246.169979102752,5.25576874882923,122.936192417005,0,50.6009943610225,79.2926459004654,97.4909580743428,7.30467894260336,205.440037105751,96.65698922854,371.684277658432,0,122.329866916092,67.8223411813705,67.7613315791084,230.07424969988,41.7098635689049,564.960102040816,44.21234657943,9.64873270718221,158.252129423198,23.2935882830581,0,5.3116243314653,15.4762389272926,57.3854852250702,217.571284482984,57.7242540542357,38.3804417147294,0,23.2935882830581,97.4909580743428,0,242.99359227562,0,5.25576874882923,97.4909580743428,97.4909580743428,37.8442173615858,13.8913228925699,5.19360270307792,21.8454637639034,97.4909580743428,92.0713611293318,21.0452636260315,97.4909580743428,97.4909580743428,0,6.79722118846456,130.777801398337,26.9992880306244,5.19360270307792,46.9821290678434,97.4909580743428,217.571284482984,91.7143022793533,28.02613156052,0,21.0452636260315,21.0452636260315,6.79722118846456,46.9821290678434,46.9821290678434,0,100.675990859664,46.9821290678434,6.79722118846456,26.9992880306244,27.441899309815,17.1737795736392,122.936192417005,57.7242540542357,0,58.8806776488605,57.7242540542357,57.7242540542357,16.0247113721001,28.02613156052,26.9992880306244,6.79722118846456,2305.9596001666,122.936192417005,61.6320111317254,178.78484241798,45.2148941209137,21.0452636260315,16.0247113721001,0,6.79722118846456
"40",0,0,0,0,0,0,0,0,0,0,0,0,0,0,0,0,0,0,0,0,0,0,0,0,0,0,0,0,0,0,0,0,0,0,0,0,0,0,0,12457370.25,0,0,0,0,0,0,0,0,0,0,0,0,0,0,0,0,0,0,0,0,0,0,0,0,0,0,0,0,0,0,0,0,0,0,0,0,0,0,0,0,0,0,0,0,0,0,0,0,0,0,0,0,0,0,0,0,0,0,0,0,0,0,0,0,0,0,0,0,0,0,0,0,0,0,0,0,0,0,0,0,0,0,0,0,0,0,0,0,0,0,0,0,0,0,0,0,0,0,0,0,0,0,0,0,0,0,0,0,0,0,0,0,0,0,0,0,0,0,0,0,0,0,0,0,0
"41",0,10.2000902726603,244.377162782486,5.98651697564343,5.98651697564343,0,0,76.6047595987548,12.3037669474859,84.648052055272,35.545769131998,62.7651214756444,12.2323965989017,5.05260072732656,0,129.913470939282,17.2378298719517,0,0,34.6190963508883,5.05260072732656,21.3403950519575,32.5836217043314,14.6194819902418,55.4469192867825,0,35.4264880275282,35.4264880275282,0,0,0,0,0,524.250449768014,33.525225253107,33.525225253107,0,85.8038681881816,30.0175390277252,0,1590.52255099109,0,12.4553145003417,88.1686475181408,35.545769131998,4.6036514181944,219.767752947247,7.48232535615744,7.48232535615744,28.0596522999525,136.794213569205,0,35.7216713012846,50.5562524064692,1590.52255099109,30.0175390277252,0,0,27.0824907672365,27.0824907672365,105.835523129859,0,10.7167053626991,0,4.18465241955294,0,42.296047404661,0,0,91.6414360434322,38.1208519330296,2.35430792661354,56.5646959062535,0,132.898107722466,105.835523129859,85.8038681881816,1.39478047723654,58.4314013128733,0,12.3037669474859,56.0243764229699,34.6190963508883,1.88850013097982,71.8169621238326,68.0499133491476,257.804479418886,0,85.8038681881816,24.3173958301308,12.3037669474859,53.6029115623427,29.8951355554236,0,31.6424066005871,3.77389484242632,56.5646959062535,11.6630413259352,0,2.35430792661354,35.4264880275282,40.8181080941603,75.9844781445138,28.0596522999525,27.5678115477305,0,11.6630413259352,34.6190963508883,0,169.082577492747,0,1.39478047723654,34.6190963508883,34.6190963508883,20.4654326494202,10.7167053626991,0,8.11491097444436,34.6190963508883,33.525225253107,4.6036514181944,34.6190963508883,34.6190963508883,0,5.98651697564343,91.6414360434322,27.0824907672365,0,67.4628544273721,34.6190963508883,75.9844781445138,64.6286711490872,40.7826295125922,0,4.6036514181944,4.6036514181944,5.98651697564343,67.4628544273721,67.4628544273721,0,35.7216713012846,67.4628544273721,5.98651697564343,27.0824907672365,10.3133125078003,12.9002653863091,58.4314013128733,28.0596522999525,0,42.5775093051155,28.0596522999525,28.0596522999525,20.4654326494202,40.7826295125922,27.0824907672365,5.98651697564343,30.0175390277252,58.4314013128733,0,124.78833844212,16.8808833438522,4.6036514181944,20.4654326494202,219.767752947247,5.98651697564343
"42",0,0,0,24.1045270834089,24.1045270834089,0,0,0,0,0,1178.00191489362,5633.63267382702,186.777671158423,89.8759633854895,0,0,171.597985433132,0,0,0,0,0,0,139.803551939398,0,0,437.15823134623,437.15823134623,0,0,0,0,0,0,0,0,13746.0637241379,0,0,0,0,1993179.24,0,0,1178.00191489362,0,0,0,0,0,0,0,0,0,0,0,0,0,0,0,0,0,158.196361731511,0,5.87889110429448,0,0,0,0,0,0,0,0,0,0,0,0,40.9694317004588,0,0,0,0,0,0,0,0,0,25166.4045454545,0,0,0,0,0,0,0,63.5531477182869,0,0,0,0,437.15823134623,0,0,0,0,0,0,0,0,0,0,40.9694317004588,0,0,0,158.196361731511,0,0,0,0,0,0,0,0,24.1045270834089,0,0,0,0,0,0,0,2681.16658595642,0,0,0,24.1045270834089,0,0,1993179.24,0,0,24.1045270834089,0,745.671245791246,501.37828646174,0,0,0,0,0,0,0,2681.16658595642,0,24.1045270834089,0,0,0,0,414.882652678906,0,0,0,24.1045270834089
"43",0,32.2677552209811,115.288376645011,8.84009777963154,8.84009777963154,64.0448009809252,0,18.4908040410787,12.6847087717851,33.9499514046658,36.8922805264035,63.0993340500621,22.7214136059047,11.9335900650571,0,30.7732997621112,14.6422889459411,0,0,50.9203996419287,8.90413666946796,16.6328635159696,15.9097959770115,13.9620851048806,27.7927336554937,0,9.44466228867988,9.44466228867988,180.793136102403,0,0,0,0,241.974083300555,40.8542083048718,40.8542083048718,26.7954458560194,40.5431199244294,22.6716009647474,0,12.4553145003417,0,731.484872506276,107.2932177836,36.8922805264035,10.6362234417826,0,24.1159012704174,24.1159012704174,14.2998690528154,32.3534234407961,15.9097959770115,17.3735145804111,39.0610826687863,0,22.6716009647474,0,0,14.4306539474027,14.4306539474027,99.9045273281726,0,9.12782327998364,0,3.36834071496362,0,41.0046288067307,0,76.5814487461444,43.2331412418791,18.4908040410787,5.91409251417635,47.4990176952127,0,21.163679384119,99.9045273281726,40.5431199244294,4.07242373346548,43.1029993356723,0,12.6847087717851,26.7954458560194,50.9203996419287,1.09130665655374,68.4292300086516,32.3534234407961,119.622526142944,0,122.513936935276,24.15149294423,38.4992038161198,51.529703569268,14.6532774368054,0,15.4701848897284,5.99149692761242,37.8804666119321,22.2562802815955,0,5.91409251417635,9.44466228867988,19.7453254446311,72.2898719137213,14.2998690528154,13.5633384288248,0,22.2562802815955,50.9203996419287,0,78.8589639504907,0,4.07242373346548,50.9203996419287,50.9203996419287,53.9978318944315,9.12782327998364,0,8.5832644753018,50.9203996419287,40.8542083048718,10.6362234417826,50.9203996419287,50.9203996419287,0,8.84009777963154,43.2331412418791,14.4306539474027,0,49.4476953442471,50.9203996419287,72.2898719137213,30.7732997621112,30.623571361408,30.2304765690436,10.6362234417826,10.6362234417826,8.84009777963154,49.4476953442471,49.4476953442471,0,17.3735145804111,49.4476953442471,8.84009777963154,14.4306539474027,16.9568835353173,17.3861717260849,43.1029993356723,14.2998690528154,0,21.1989286835596,14.2998690528154,14.2998690528154,18.1459001282298,30.623571361408,14.4306539474027,8.84009777963154,22.6716009647474,43.1029993356723,0,58.491896974307,56.7194152478128,10.6362234417826,18.1459001282298,0,8.84009777963154
"44",0,123.64635483871,3800.00617707618,113.097671974907,113.097671974907,0,0,706.550599078341,157.913607712273,475.422245756648,300.168555164001,314.92997901709,109.675396622764,26.9788958191209,0,1405.07221407625,152.853044209131,0,0,622.059834714871,26.9788958191209,263.034300916908,574.072361751152,125.496625600772,540.121845733611,0,60.2678044656453,60.2678044656453,0,0,0,0,0,16236.3900293255,565.290175102242,565.290175102242,0,2011.76797609916,124.258086959124,0,88.1686475181408,0,107.2932177836,51851.6971904266,300.168555164001,38.9928586687826,0,82.9627155046826,82.9627155046826,186.668518511581,1500.84277582001,0,648.407669585811,325.056140121987,0,124.258086959124,0,0,72.161733463669,72.161733463669,0,0,46.441958131901,0,3.72709434329193,0,810.182768600416,0,0,2183.9709414446,706.550599078341,6.44337349740336,1133.97009728623,0,850.027822793879,0,2011.76797609916,3.18111089916252,1000.87335797212,0,157.913607712273,1169.02008211144,622.059834714871,15.4403540008379,1607.40261290323,1500.84277582001,7441.67876344086,0,0,389.107386323705,157.913607712273,1103.98531105991,512.074741288062,0,552.182278565175,19.2893714572395,554.659286716089,245.180386348875,0,6.44337349740336,60.2678044656453,773.161429967882,1726.53341880046,186.668518511581,459.7833560936,0,245.180386348875,622.059834714871,0,4579.49462365591,0,3.18111089916252,622.059834714871,622.059834714871,38.454607964192,46.441958131901,0,185.334095803439,622.059834714871,565.290175102242,38.9928586687826,622.059834714871,622.059834714871,0,113.097671974907,2183.9709414446,72.161733463669,0,597.32538569425,622.059834714871,1726.53341880046,1405.07221407625,306.113618911298,445.304999419123,38.9928586687826,38.9928586687826,113.097671974907,597.32538569425,597.32538569425,0,648.407669585811,597.32538569425,113.097671974907,72.161733463669,103.897783782769,68.4263170109074,1000.87335797212,186.668518511581,0,324.138457935718,186.668518511581,186.668518511581,38.454607964192,306.113618911298,72.161733463669,113.097671974907,124.258086959124,1000.87335797212,0,3189.29089861751,293.460877953632,38.9928586687826,38.454607964192,0,113.097671974907
"45",0,29.2942275132275,580.357337526205,9.5573505263862,9.5573505263862,503.328090909091,0,127.5716359447,36.1586272204807,102.217465152774,6151.78777777778,473.908816336513,62.1924935761524,53.2965441916948,627.733446712018,226.724365274365,14.1686409990659,1178.00191489362,1178.00191489362,349.680568421053,44.8770901186353,607.936082474227,326.965098425197,17.8064183104631,230.692041666667,0,15.6127939766511,15.6127939766511,0,0,0,0,0,2006.01775362319,164.525407108047,164.525407108047,593.208107142857,307.248002219756,64.6592391463023,0,35.545769131998,1178.00191489362,36.8922805264035,300.168555164001,6151.78777777778,93.5129408535748,0,171.180181642512,171.180181642512,83.9325248237702,239.680043290043,553.6609,486.627905954735,73.9990510558674,0,64.6592391463023,0,0,55.4215115115115,55.4215115115115,0,0,110.144284879456,713.480541237113,4.64610545454545,0,142.990934917355,1016.82442607897,580.357337526205,329.56005952381,127.5716359447,14.5849376053709,235.926664536061,375.109010840108,148.833575268817,0,307.248002219756,14.425980808171,190.654579889807,0,109.722730875941,194.26698245614,349.680568421053,4.52796051555497,253.972889908257,239.680043290043,971.334912280702,580.357337526205,0,316.96630885931,72.7304958949097,959.218468468468,399.250694068866,1488.33575268817,316.498227896341,44.9434129208923,57.8175543024227,15.6127939766511,0,14.5849376053709,15.6127939766511,419.440075757576,824.718321747766,83.9325248237702,89.156344605475,0,15.6127939766511,349.680568421053,1178.00191489362,627.733446712018,0,14.425980808171,349.680568421053,349.680568421053,31.5596180885427,110.144284879456,0,45.5538012177061,349.680568421053,164.525407108047,93.5129408535748,349.680568421053,349.680568421053,0,9.5573505263862,329.56005952381,55.4215115115115,0,338.010317460317,349.680568421053,824.718321747766,457.570991735537,63.4059665597801,102.542455858748,93.5129408535748,93.5129408535748,9.5573505263862,338.010317460317,338.010317460317,1178.00191489362,486.627905954735,338.010317460317,9.5573505263862,55.4215115115115,69.1833983105913,107.170545536665,190.654579889807,83.9325248237702,0,133.977229280097,83.9325248237702,83.9325248237702,20.9640628549792,63.4059665597801,55.4215115115115,9.5573505263862,64.6592391463023,190.654579889807,434.527848266841,456.815924092409,91.612625134442,93.5129408535748,20.9640628549792,0,9.5573505263862
"46",0,14.7993706563707,70.1751524139067,4.10850905575782,4.10850905575782,58.6333348630168,0,16.9870238649206,35.559238540536,47.2374667258208,93.5129408535748,38.4953224567271,9.64179310969352,12.129742862839,0,28.2197853167241,10.5860143336509,131.787416193914,131.787416193914,126.819921089853,6.46575779198105,79.5087431807339,668.591836734694,9.07990619336958,34.2578024453024,93.4590739521615,8.77091051377864,8.77091051377864,0,0,0,0,0,444.101147028154,26.8199088145897,26.8199088145897,24.5825685425685,37.1515512779506,21.0452636260315,0,4.6036514181944,0,10.6362234417826,38.9928586687826,93.5129408535748,668.591836734694,0,18.5776663031625,18.5776663031625,13.2025729785585,29.6644842237236,181.9191741813,97.3642806340175,23.9142576388564,0,21.0452636260315,0,0,10.0151205173427,10.0151205173427,137.720501580914,0,14.3170785821859,81.4846301020408,2.7298305712434,0,37.6496640735502,358.127347472671,70.1751524139067,79.497200099552,34.0850740296118,10.2212593742861,26.1011828154685,100.399104196134,19.4320846831227,137.720501580914,37.1515512779506,11.2916850047988,39.6335201422781,0,17.6302107049716,74.2476900726392,126.819921089853,1.02175084767449,31.2543786692759,29.6644842237236,109.42780061665,34.9665845648604,0,33.4479698421425,23.5729783583329,143.758654314968,54.4202657807309,331.864675324675,42.9438251341631,24.8829978451313,8.64845161945375,5.83335159567183,0,10.2212593742861,8.77091051377864,18.1346817117309,66.2524760176303,13.2025729785585,12.4778213992734,0,5.83335159567183,126.819921089853,131.787416193914,72.173021521776,0,11.2916850047988,126.819921089853,126.819921089853,10.4875644351052,14.3170785821859,0,11.9600016225256,126.819921089853,26.8199088145897,668.591836734694,126.819921089853,126.819921089853,0,4.10850905575782,79.497200099552,10.0151205173427,0,45.4382801664355,126.819921089853,66.2524760176303,28.2197853167241,9.34638596080554,16.6684945446323,668.591836734694,668.591836734694,4.10850905575782,45.4382801664355,45.4382801664355,0,97.3642806340175,45.4382801664355,4.10850905575782,10.0151205173427,31.9631505872641,56.5146109513836,39.6335201422781,13.2025729785585,0,19.5256280946268,13.2025729785585,13.2025729785585,8.3717725686766,9.34638596080554,10.0151205173427,4.10850905575782,21.0452636260315,39.6335201422781,93.6295322232626,53.5579728370221,14.1683799410501,668.591836734694,8.3717725686766,0,4.10850905575782
"47",0,0,0,0,0,0,0,0,0,0,0,0,0,0,0,0,0,0,0,0,0,0,0,0,0,0,0,0,0,0,0,0,0,0,0,0,0,0,0,0,219.767752947247,0,0,0,0,0,1016928.18367347,0,0,0,0,0,0,0,0,0,0,0,0,0,0,0,0,0,0,0,0,0,0,0,0,0,0,0,0,0,0,0,0,0,0,0,0,0,0,0,0,0,0,0,0,0,0,0,0,0,0,0,0,0,0,0,0,0,0,0,0,0,0,0,0,0,0,0,0,0,0,0,0,0,0,0,0,0,0,0,0,0,0,0,0,0,0,0,0,0,0,0,0,0,0,0,0,0,0,0,0,0,0,0,0,0,0,0,0,0,0,0,0,0,292.617144971196,0,0,1016928.18367347,0
"48",0,17.7962432142857,155.960816901408,4.08604992609691,4.08604992609691,0,0,71.6326770889488,65.7706398284111,29.9343581887813,171.180181642512,314.19574226601,50.6037178836194,32.5496732260962,0,124.108296388543,4.5948551471351,0,0,64.7556608187135,18.7758694110444,18.5956919345058,60.7676597560976,7.75405267457693,134.674272972973,0,9.80003068072867,9.80003068072867,0,0,0,0,0,1046.28831496063,39.085777821355,39.085777821355,664.39308,166.306152690864,20.0874702947846,0,7.48232535615744,0,24.1159012704174,82.9627155046826,171.180181642512,18.5776663031625,0,3189.086784,3189.086784,75.313781976195,130.914892610837,0,66.9188934027195,22.0728598006645,0,20.0874702947846,0,0,34.4691610894942,34.4691610894942,206.333254658385,377.496068181818,26.1023996856993,0,0.863175116115412,0,79.8549375,0,802.407101449276,177.962432142857,71.6326770889488,10.0434459505179,172.883965651835,69.2076125,82.9627155046826,206.333254658385,0,6.34824371496518,53.9280097402597,0,65.7706398284111,107.016335033557,64.7556608187135,6.00590363696628,138.415225,130.914892610837,511.0716,0,0,44.6650810084034,43.6382975369458,102.21432,284.374267370524,0,301.951104378125,9.84208279839618,33.8371825821238,49.7287802200544,0,10.0434459505179,9.80003068072867,76.9418737695426,146.719119617225,75.313781976195,50.9764511508951,0,49.7287802200544,64.7556608187135,0,333.029112781955,0,6.34824371496518,64.7556608187135,64.7556608187135,33.840055008489,26.1023996856993,0,28.0354348407061,64.7556608187135,39.085777821355,18.5776663031625,64.7556608187135,64.7556608187135,0,4.08604992609691,177.962432142857,34.4691610894942,0,126.190518518519,64.7556608187135,146.719119617225,124.108296388543,36.9209824951375,0,18.5776663031625,18.5776663031625,4.08604992609691,126.190518518519,126.190518518519,0,66.9188934027195,126.190518518519,4.08604992609691,34.4691610894942,25.9934694835681,32.9641815926569,53.9280097402597,75.313781976195,0,117.211363716554,75.313781976195,75.313781976195,26.984995633779,36.9209824951375,34.4691610894942,4.08604992609691,20.0874702947846,53.9280097402597,0,492.143022222222,38.0359570631172,18.5776663031625,26.984995633779,0,4.08604992609691
"49",0,17.7962432142857,155.960816901408,4.08604992609691,4.08604992609691,0,0,71.6326770889488,65.7706398284111,29.9343581887813,171.180181642512,314.19574226601,50.6037178836194,32.5496732260962,0,124.108296388543,4.5948551471351,0,0,64.7556608187135,18.7758694110444,18.5956919345058,60.7676597560976,7.75405267457693,134.674272972973,0,9.80003068072867,9.80003068072867,0,0,0,0,0,1046.28831496063,39.085777821355,39.085777821355,664.39308,166.306152690864,20.0874702947846,0,7.48232535615744,0,24.1159012704174,82.9627155046826,171.180181642512,18.5776663031625,0,3189.086784,3189.086784,75.313781976195,130.914892610837,0,66.9188934027195,22.0728598006645,0,20.0874702947846,0,0,34.4691610894942,34.4691610894942,206.333254658385,377.496068181818,26.1023996856993,0,0.863175116115412,0,79.8549375,0,802.407101449276,177.962432142857,71.6326770889488,10.0434459505179,172.883965651835,69.2076125,82.9627155046826,206.333254658385,0,6.34824371496518,53.9280097402597,0,65.7706398284111,107.016335033557,64.7556608187135,6.00590363696628,138.415225,130.914892610837,511.0716,0,0,44.6650810084034,43.6382975369458,102.21432,284.374267370524,0,301.951104378125,9.84208279839618,33.8371825821238,49.7287802200544,0,10.0434459505179,9.80003068072867,76.9418737695426,146.719119617225,75.313781976195,50.9764511508951,0,49.7287802200544,64.7556608187135,0,333.029112781955,0,6.34824371496518,64.7556608187135,64.7556608187135,33.840055008489,26.1023996856993,0,28.0354348407061,64.7556608187135,39.085777821355,18.5776663031625,64.7556608187135,64.7556608187135,0,4.08604992609691,177.962432142857,34.4691610894942,0,126.190518518519,64.7556608187135,146.719119617225,124.108296388543,36.9209824951375,0,18.5776663031625,18.5776663031625,4.08604992609691,126.190518518519,126.190518518519,0,66.9188934027195,126.190518518519,4.08604992609691,34.4691610894942,25.9934694835681,32.9641815926569,53.9280097402597,75.313781976195,0,117.211363716554,75.313781976195,75.313781976195,26.984995633779,36.9209824951375,34.4691610894942,4.08604992609691,20.0874702947846,53.9280097402597,0,492.143022222222,38.0359570631172,18.5776663031625,26.984995633779,0,4.08604992609691
"50",0,144.172096925859,365.019053270042,2.74098585536454,2.74098585536454,0,0,159.482408103826,43.9395976350145,125.223927744815,83.9325248237702,161.111857995053,18.0024809216152,23.5259007142827,0,286.705874568469,16.7033770470482,0,0,143.092768614027,14.0461765935398,37.1577569396544,133.634094078524,13.9192965695825,139.794531039591,0,56.4432146801461,56.4432146801461,0,0,0,0,0,2595.69104547586,118.414190998241,118.414190998241,749.409414713623,390.559086099463,57.7242540542357,0,28.0596522999525,0,14.2998690528154,186.668518511581,83.9325248237702,13.2025729785585,0,75.313781976195,75.313781976195,7984.21422848902,303.392459860814,0,148.238055006024,44.7215629644521,0,57.7242540542357,0,0,21.9354172857115,21.9354172857115,489.715003144901,0,23.3828702150374,0,3.18740949829068,0,179.191171605293,0,0,847.786188240098,321.812716352364,3.56051822192599,71.0067459248714,0,186.668518511581,489.715003144901,0,5.88476754040373,117.502407610028,0,43.9395976350145,244.952591864323,143.092768614027,5.30543809342098,321.812716352364,303.392459860814,1251.49389692586,0,0,95.8736774662765,43.9395976350145,233.266613924051,121.228699606118,0,129.27913999808,3.39172827610467,143.027873934384,18.648639211502,0,3.56051822192599,56.4432146801461,172.195720461543,342.242498128395,7984.21422848902,110.580807161752,0,18.648639211502,143.092768614027,0,805.559289975266,0,5.88476754040373,143.092768614027,143.092768614027,62.874095300103,23.3828702150374,0,27.2722640976579,143.092768614027,118.414190998241,13.2025729785585,143.092768614027,143.092768614027,0,2.74098585536454,847.786188240098,21.9354172857115,0,138.232067510549,143.092768614027,342.242498128395,286.705874568469,78.0345074911089,0,13.2025729785585,13.2025729785585,2.74098585536454,138.232067510549,138.232067510549,0,148.238055006024,138.232067510549,2.74098585536454,21.9354172857115,32.5818959683162,20.9114784355214,117.502407610028,7984.21422848902,0,7984.21422848902,7984.21422848902,7984.21422848902,24.8670579164452,78.0345074911089,21.9354172857115,2.74098585536454,57.7242540542357,117.502407610028,0,584.030485232068,54.0074427648457,13.2025729785585,24.8670579164452,0,2.74098585536454
"51",0,197.736035714286,3469.05325814536,11.217474724963,11.217474724963,0,0,1232.64022263451,254.896597762534,386.391862656152,239.680043290043,524.498768472906,83.5622069506772,20.4235841365751,0,5261.26924295217,38.3326994486588,0,0,1076.60273528649,20.4235841365751,209.078546882671,988.680178571429,31.4178408284863,441.375079719388,0,94.2310642377756,94.2310642377756,0,0,0,0,0,34388.8757763975,221.428931370981,221.428931370981,0,3772.38859868272,96.65698922854,0,136.794213569205,0,32.3534234407961,1500.84277582001,239.680043290043,29.6644842237236,0,130.914892610837,130.914892610837,303.392459860814,112992.020408163,0,1125.09835399309,260.293158026703,0,96.65698922854,0,0,113.397009728623,113.397009728623,0,0,35.4254554063306,0,6.9348621363439,0,1425.98102678571,0,3469.05325814536,4119.50074404762,1232.64022263451,4.81593903960883,918.63431226149,0,1500.84277582001,0,0,9.53634124496194,842.625152191559,0,254.896597762534,2109.18438095238,1076.60273528649,23.4878091203222,2966.04053571429,2755.90293678447,15210.4642857143,0,0,655.297550005918,254.896597762534,1983.97360248447,875.907134947002,0,948.753470040555,14.5469017666656,453.783214490616,94.2310642377756,0,4.81593903960883,94.2310642377756,1356.679490321,3202.2030075188,303.392459860814,781.565358554489,0,94.2310642377756,1076.60273528649,0,9091.31198686371,0,9.53634124496194,1076.60273528649,1076.60273528649,59.4694844253491,35.4254554063306,0,145.715575323718,1076.60273528649,221.428931370981,29.6644842237236,1076.60273528649,1076.60273528649,0,11.217474724963,4119.50074404762,113.397009728623,0,1031.21791767554,1076.60273528649,3202.2030075188,2568.00046382189,509.082263156282,0,29.6644842237236,29.6644842237236,11.217474724963,1031.21791767554,1031.21791767554,0,1125.09835399309,1031.21791767554,11.217474724963,113.397009728623,80.4786470143613,107.363125133317,842.625152191559,303.392459860814,0,540.631676594083,303.392459860814,303.392459860814,59.4694844253491,509.082263156282,113.397009728623,11.217474724963,96.65698922854,842.625152191559,0,6179.25111607143,180.333821900853,29.6644842237236,59.4694844253491,0,11.217474724963
"52",0,0,0,8.59923670840639,8.59923670840639,0,0,0,346.422976918799,167.168146135266,553.6609,0,0,41.0196835614972,2883.65052083333,0,18.7492403148611,0,0,862.698770775623,10.1717728831551,486.464005388941,1213.38021915584,15.4634685327706,0,0,0,0,0,0,0,0,0,0,0,0,0,0,138.169590173026,0,0,0,15.9097959770115,0,553.6609,181.9191741813,0,0,0,0,0,31143.425625,1844.85305442429,0,0,138.169590173026,0,0,271.402401960784,271.402401960784,5234.18918067227,0,52.4786007667032,3313.1303856383,5.03211909227307,0,0,15099.8427272727,0,0,480.979546332046,32.5487818763215,0,1922.43368055556,0,5234.18918067227,0,42.3191721919812,0,0,0,778.585640625,862.698770775623,0,0,0,0,1214.16864035088,0,832.711915106952,113.641399835796,3927.29200819672,353.300347419172,14830.2026785714,769.210882988577,36.8504556991232,0,0,0,32.5487818763215,0,0,4768.37138755981,0,0,0,0,862.698770775623,0,0,0,42.3191721919812,862.698770775623,862.698770775623,0,52.4786007667032,0,0,862.698770775623,0,181.9191741813,862.698770775623,862.698770775623,0,8.59923670840639,0,271.402401960784,0,829.661688311688,862.698770775623,4768.37138755981,0,0,320.845731026786,181.9191741813,181.9191741813,8.59923670840639,829.661688311688,829.661688311688,0,1844.85305442429,829.661688311688,8.59923670840639,271.402401960784,276.041759259259,101.267083282527,0,0,0,0,0,0,0,0,271.402401960784,8.59923670840639,138.169590173026,0,2370.32414904863,0,0,181.9191741813,0,0,8.59923670840639
"53",0,99.0252007154213,1385.53778778779,15.609232529616,15.609232529616,0,0,541.948784599489,383.796731185446,185.885815007554,486.627905954735,247.018108901271,67.0833378582561,56.0428258025072,0,1055.44101075998,20.4905702507376,0,0,970.975291802256,11.0864009625668,765.256847804863,1364.94195580716,16.883880520651,210.42855152027,0,48.8569827581981,48.8569827581981,0,0,0,0,0,11510.6216216216,110.208079355952,110.208079355952,0,1494.72001079881,100.675990859664,0,35.7216713012846,0,17.3735145804111,648.407669585811,486.627905954735,97.3642806340175,0,66.9188934027195,66.9188934027195,148.238055006024,1125.09835399309,1844.85305442429,36398.4521548576,128.359009695933,0,100.675990859664,0,0,177.086486486486,177.086486486486,0,0,38.0887700019721,0,3.88872352081812,0,618.907504471383,8162.07714987715,0,1618.68116554054,541.948784599489,18.8685873939365,215.927966927967,519.57667042042,1316.4640564318,0,0,21.3514503326156,774.880742076945,0,125.852044643466,883.10998670802,970.975291802256,12.7108759601492,1202.44886583012,1125.09835399309,5344.21718146718,0,0,1257.46286622757,253.767237559776,3511.71507100321,396.450612225414,17265.9324324324,1313.89534607779,48.2559353740124,215.927966927967,48.8569827581981,0,18.8685873939365,48.8569827581981,591.454865933127,1288.74902366481,148.238055006024,357.036778825485,0,48.8569827581981,970.975291802256,0,3325.29069069069,0,21.3514503326156,970.975291802256,970.975291802256,31.3633611953826,38.0887700019721,0,74.1108700049378,970.975291802256,110.208079355952,97.3642806340175,970.975291802256,970.975291802256,0,15.609232529616,1618.68116554054,177.086486486486,0,460.424864864865,970.975291802256,1288.74902366481,1055.44101075998,240.275241700219,234.910645339217,97.3642806340175,97.3642806340175,15.609232529616,460.424864864865,460.424864864865,0,36398.4521548576,460.424864864865,15.609232529616,177.086486486486,127.243266225409,168.013814163479,774.880742076945,148.238055006024,0,254.054467030698,148.238055006024,148.238055006024,31.3633611953826,240.275241700219,177.086486486486,15.609232529616,100.675990859664,774.880742076945,1113.01052043779,2338.09501689189,46.5726987491693,97.3642806340175,31.3633611953826,0,15.609232529616
"54",6737.35546241211,127.34342192691,631.168376652987,6.25983217193791,6.25983217193791,0,0,137.955373754153,77.8937379535446,109.768413330954,73.9990510558674,69.8592440037909,40.8094499061447,8.43610191486102,0,246.13957934046,7.48247029504935,0,0,123.965034182166,12.6847184589396,99.555424358667,115.882513953488,6.24703579264088,122.342181116436,0,33.3791842479155,33.3791842479155,0,0,0,0,0,2194.74458245243,69.258016945666,69.258016945666,0,334.147964110405,51.4119405294979,0,50.5562524064692,0,39.0610826687863,325.056140121987,73.9990510558674,23.9142576388564,0,22.0728598006645,22.0728598006645,44.7215629644521,260.293158026703,0,128.359009695933,6737.35546241211,0,51.4119405294979,0,0,19.5088407329105,19.5088407329105,0,0,13.9757243934885,0,2.58752961825362,0,154.757630813954,0,0,358.547382281833,137.955373754153,4.32713902531285,125.129590706715,0,161.126966008744,0,334.147964110405,4.2801507680129,311.066161292471,0,38.7204336920236,210.695479915433,123.965034182166,4.78679298244805,557.127470930233,260.293158026703,1061.19518272425,0,334.147964110405,83.5369910276012,117.527904618142,405.183615221987,105.271179100189,0,112.158840450531,12.3579015008199,188.979964046785,33.3791842479155,0,4.32713902531285,33.3791842479155,148.796242878131,293.224984700122,44.7215629644521,96.152102517,1182.47463217845,33.3791842479155,123.965034182166,0,684.884834240475,0,4.2801507680129,123.965034182166,123.965034182166,22.2594148969436,13.9757243934885,0,48.6165942077061,123.965034182166,69.258016945666,23.9142576388564,123.965034182166,123.965034182166,0,6.25983217193791,358.547382281833,19.5088407329105,0,119.812359339835,123.965034182166,293.224984700122,246.13957934046,68.19827798581,0,23.9142576388564,23.9142576388564,6.25983217193791,119.812359339835,119.812359339835,0,128.359009695933,119.812359339835,6.25983217193791,19.5088407329105,43.7953567473501,18.6090881862616,311.066161292471,44.7215629644521,0,71.5854422742083,44.7215629644521,44.7215629644521,22.2594148969436,68.19827798581,19.5088407329105,6.25983217193791,51.4119405294979,311.066161292471,0,497.777121793335,64.4597491049859,23.9142576388564,22.2594148969436,0,6.25983217193791
"55",0,0,0,0,0,0,0,0,0,0,0,0,0,0,0,0,0,0,0,0,0,0,0,0,0,0,0,0,0,0,0,0,0,0,0,0,0,0,0,0,1599.55961093991,0,0,0,0,0,0,0,0,0,0,0,0,0,49829481,0,0,0,0,0,0,0,0,0,0,0,0,0,0,0,0,0,0,0,0,0,0,0,0,0,0,0,0,0,0,0,0,0,0,0,0,0,0,0,0,0,0,0,0,0,0,0,0,0,0,0,0,0,0,0,0,0,0,0,0,0,0,0,0,0,0,0,0,0,0,0,0,0,0,0,0,0,0,0,0,0,0,0,0,0,0,0,0,0,0,0,0,0,0,0,0,0,0,0,0,0,0,0,0,0,0,0,0,0,0
"56",0,13.7795146839224,231.067526397062,6.79722118846456,6.79722118846456,0,0,107.611448007775,67.7613315791084,92.6923875374596,64.6592391463023,28.6490923955789,24.0039698730903,10.8255482209874,0,91.7143022793533,22.3943665200059,0,0,97.4909580743428,28.6306649509039,88.0991235964194,138.169590173026,18.9037677046839,50.6842196806952,0,15.4762389272926,15.4762389272926,0,0,0,0,0,758.335707437337,92.0713611293318,92.0713611293318,79.2926459004654,122.329866916092,2305.9596001666,0,30.0175390277252,0,22.6716009647474,124.258086959124,64.6592391463023,21.0452636260315,0,20.0874702947846,20.0874702947846,57.7242540542357,96.65698922854,138.169590173026,100.675990859664,51.4119405294979,0,2305.9596001666,0,0,26.9992880306244,26.9992880306244,151.328598760933,0,13.8913228925699,553.882452981193,3.83994890803446,196.280290228425,59.5112467037377,196.280290228425,114.829289032686,130.777801398337,53.5084548104956,5.3116243314653,51.7362730806608,104.044217687075,61.7780319344796,151.328598760933,246.169979102752,5.25576874882923,122.936192417005,0,50.6009943610225,79.2926459004654,97.4909580743428,7.30467894260336,205.440037105751,96.65698922854,371.684277658432,0,122.329866916092,67.8223411813705,67.7613315791084,230.07424969988,41.7098635689049,564.960102040816,44.21234657943,9.64873270718221,158.252129423198,23.2935882830581,0,5.3116243314653,15.4762389272926,57.3854852250702,217.571284482984,57.7242540542357,38.3804417147294,0,23.2935882830581,97.4909580743428,0,242.99359227562,0,5.25576874882923,97.4909580743428,97.4909580743428,37.8442173615858,13.8913228925699,5.19360270307792,21.8454637639034,97.4909580743428,92.0713611293318,21.0452636260315,97.4909580743428,97.4909580743428,0,6.79722118846456,130.777801398337,26.9992880306244,5.19360270307792,46.9821290678434,97.4909580743428,217.571284482984,91.7143022793533,28.02613156052,0,21.0452636260315,21.0452636260315,6.79722118846456,46.9821290678434,46.9821290678434,0,100.675990859664,46.9821290678434,6.79722118846456,26.9992880306244,27.441899309815,17.1737795736392,122.936192417005,57.7242540542357,0,58.8806776488605,57.7242540542357,57.7242540542357,16.0247113721001,28.02613156052,26.9992880306244,6.79722118846456,2305.9596001666,122.936192417005,61.6320111317254,178.78484241798,45.2148941209137,21.0452636260315,16.0247113721001,0,6.79722118846456
"57",0,0,0,0,0,0,0,0,0,0,0,0,0,0,0,0,0,0,0,0,150.692931602297,0,0,0,0,0,0,0,0,0,0,0,0,0,0,0,0,0,0,0,0,0,0,0,0,0,0,0,0,0,0,0,0,0,0,0,5536609,0,0,0,0,0,0,0,9.81320276497696,0,0,0,0,0,0,0,0,0,0,0,0,0,0,0,0,0,0,0,0,0,0,0,0,0,0,0,0,0,0,0,0,0,0,0,0,0,0,0,0,0,0,0,0,0,0,0,0,0,0,0,0,0,0,0,0,0,0,0,0,0,0,0,0,0,0,0,0,0,0,0,0,0,0,0,0,0,0,0,0,0,0,0,0,0,0,0,0,0,0,0,0,0,0,0,0,0,0,0,0
"58",0,0,0,0,0,0,0,0,0,0,0,0,69.4529163420247,0,0,0,0,0,0,0,0,0,0,0,0,0,0,0,0,0,0,0,0,0,0,0,0,0,0,0,0,0,0,0,0,0,0,0,0,0,0,0,0,0,0,0,0,294849,0,0,0,0,118.413253012048,0,0,0,0,0,0,0,0,0,0,0,0,0,16105.1974789916,0,0,0,0,0,0,0,0,0,0,0,0,0,0,0,0,0,0,0,0,0,0,0,0,0,0,0,0,0,0,0,0,0,0,0,0,0,0,118.413253012048,0,0,0,0,0,0,0,0,0,0,0,0,0,0,0,0,0,0,0,0,0,0,0,0,0,0,0,0,0,0,0,0,0,0,0,0,0,0,0,0,0,0,0,0,0,0,0,0,0
"59",0,15.7738148148148,271.602109394162,6.75681006901293,6.75681006901293,0,0,62.4019047619048,38.5692023685127,26.351628947431,55.4215115115115,33.1454082854406,22.4487761167403,2.39812407281075,286.796632996633,107.548737373737,20.9265835894063,0,0,113.606422488971,7.22544942023973,49.8501688200603,160.947936046512,17.6311089881379,29.1277830387205,0,8.75346281847574,8.75346281847574,0,0,0,0,0,898.071208434712,52.1239785351158,52.1239785351158,0,289.495895424837,26.9992880306244,0,27.0824907672365,0,14.4306539474027,72.161733463669,55.4215115115115,10.0151205173427,0,34.4691610894942,34.4691610894942,21.9354172857115,113.397009728623,271.402401960784,177.086486486486,19.5088407329105,0,26.9992880306244,0,0,2734.12790123457,2734.12790123457,0,0,23.5295000106245,0,1.59175145993927,0,69.4855547188755,466.044528619529,0,309.653747203579,189.447698887938,7.8536245966169,29.7403325007386,60.3116448801743,219.141460518504,0,0,5.15505742471008,94.7887176853279,0,19.1973405454136,186.889755274262,113.606422488971,2.71131270690094,119.840021645022,113.397009728623,439.413412698413,134.907626705653,0,159.063678804855,19.1973405454136,178.571488469602,97.5442036645525,1347.10681265207,51.4435214866434,7.13767980017726,29.7403325007386,17.5690069335364,0,7.8536245966169,8.75346281847574,66.9764592028065,385.960892296968,21.9354172857115,44.5781723027375,0,17.5690069335364,113.606422488971,0,286.796632996633,0,5.15505742471008,113.606422488971,113.606422488971,5.99589452025125,23.5295000106245,0,12.4128082683167,113.606422488971,52.1239785351158,10.0151205173427,113.606422488971,113.606422488971,0,6.75681006901293,309.653747203579,2734.12790123457,0,54.7068721901092,113.606422488971,385.960892296968,216.485200391007,32.4147946488686,18.0272169312169,10.0151205173427,10.0151205173427,6.75681006901293,54.7068721901092,54.7068721901092,0,177.086486486486,54.7068721901092,6.75681006901293,2734.12790123457,31.1049818115423,19.5253526590492,94.7887176853279,21.9354172857115,0,33.9034873396405,21.9354172857115,21.9354172857115,30.3542160087719,32.4147946488686,2734.12790123457,6.75681006901293,26.9992880306244,94.7887176853279,107.663762761303,210.677663622527,8.40580416448422,10.0151205173427,30.3542160087719,0,6.75681006901293
"60",0,15.7738148148148,271.602109394162,6.75681006901293,6.75681006901293,0,0,62.4019047619048,38.5692023685127,26.351628947431,55.4215115115115,33.1454082854406,22.4487761167403,2.39812407281075,286.796632996633,107.548737373737,20.9265835894063,0,0,113.606422488971,7.22544942023973,49.8501688200603,160.947936046512,17.6311089881379,29.1277830387205,0,8.75346281847574,8.75346281847574,0,0,0,0,0,898.071208434712,52.1239785351158,52.1239785351158,0,289.495895424837,26.9992880306244,0,27.0824907672365,0,14.4306539474027,72.161733463669,55.4215115115115,10.0151205173427,0,34.4691610894942,34.4691610894942,21.9354172857115,113.397009728623,271.402401960784,177.086486486486,19.5088407329105,0,26.9992880306244,0,0,2734.12790123457,2734.12790123457,0,0,23.5295000106245,0,1.59175145993927,0,69.4855547188755,466.044528619529,0,309.653747203579,189.447698887938,7.8536245966169,29.7403325007386,60.3116448801743,219.141460518504,0,0,5.15505742471008,94.7887176853279,0,19.1973405454136,186.889755274262,113.606422488971,2.71131270690094,119.840021645022,113.397009728623,439.413412698413,134.907626705653,0,159.063678804855,19.1973405454136,178.571488469602,97.5442036645525,1347.10681265207,51.4435214866434,7.13767980017726,29.7403325007386,17.5690069335364,0,7.8536245966169,8.75346281847574,66.9764592028065,385.960892296968,21.9354172857115,44.5781723027375,0,17.5690069335364,113.606422488971,0,286.796632996633,0,5.15505742471008,113.606422488971,113.606422488971,5.99589452025125,23.5295000106245,0,12.4128082683167,113.606422488971,52.1239785351158,10.0151205173427,113.606422488971,113.606422488971,0,6.75681006901293,309.653747203579,2734.12790123457,0,54.7068721901092,113.606422488971,385.960892296968,216.485200391007,32.4147946488686,18.0272169312169,10.0151205173427,10.0151205173427,6.75681006901293,54.7068721901092,54.7068721901092,0,177.086486486486,54.7068721901092,6.75681006901293,2734.12790123457,31.1049818115423,19.5253526590492,94.7887176853279,21.9354172857115,0,33.9034873396405,21.9354172857115,21.9354172857115,30.3542160087719,32.4147946488686,2734.12790123457,6.75681006901293,26.9992880306244,94.7887176853279,107.663762761303,210.677663622527,8.40580416448422,10.0151205173427,30.3542160087719,0,6.75681006901293
"61",0,0,0,0,0,0,0,0,0,1273.6620657925,0,0,0,62.6998078595147,0,0,0,0,0,0,31.2587704881011,0,0,0,0,0,147.454165335038,147.454165335038,0,0,0,0,0,0,0,0,0,0,151.328598760933,0,105.835523129859,0,99.9045273281726,0,0,137.720501580914,0,206.333254658385,206.333254658385,489.715003144901,0,5234.18918067227,0,0,0,151.328598760933,0,0,0,0,254232.045918367,0,0,0,8.35994983642312,0,0,44122.9170602125,0,0,0,21.9491730909057,0,0,0,254232.045918367,0,43.5840595961151,0,0,0,0,0,0,0,0,0,0,0,0,0,0,0,0,0,0,0,0,0,21.9491730909057,147.454165335038,0,0,489.715003144901,0,0,0,0,0,0,0,43.5840595961151,0,0,0,0,0,0,0,0,137.720501580914,0,0,0,0,0,0,0,1755.05357142857,0,0,0,837.86455811138,0,137.720501580914,137.720501580914,0,1755.05357142857,1755.05357142857,0,0,1755.05357142857,0,0,125.546689342404,0,0,489.715003144901,0,0,489.715003144901,489.715003144901,185.474134593911,837.86455811138,0,0,151.328598760933,0,2941.52780401417,0,0,137.720501580914,185.474134593911,0,0
"62",0,0,0,0,0,0,0,0,0,0,0,3355.97258890086,0,0,0,0,0,0,0,0,0,0,0,0,0,0,0,0,0,0,0,0,0,0,0,0,0,0,0,0,0,0,0,0,0,0,0,377.496068181818,377.496068181818,0,0,0,0,0,0,0,0,0,0,0,0,778585.640625,97.7140613234187,0,3.66587318286151,0,0,0,0,0,0,38.741707596968,0,0,0,0,0,0,0,0,0,0,0,0,0,0,0,0,0,0,0,0,0,0,0,39.4235548501842,0,0,0,38.741707596968,0,0,0,0,0,0,0,0,0,0,0,0,0,0,0,97.7140613234187,0,0,0,0,0,0,0,0,0,0,0,0,0,0,0,0,0,0,0,0,0,0,0,0,0,0,0,0,0,0,0,0,0,0,0,0,0,0,0,0,0,0,0,0,0,0,0,0,0
"63",0,29.0869763939479,83.9070849435478,4.26693195619803,4.26693195619803,70.2416277958447,54.5579055589862,40.5508404438422,6.86630288524143,27.621586968994,110.144284879456,57.124456950891,34.1952834310471,14.9544562801718,86.5189786382886,33.6899659243033,10.4230141629383,0,0,74.4349628381482,14.9544562801718,24.1295469452416,70.2169816106531,10.4263241645829,40.4770221663352,112.111147109446,10.2005809662915,10.2005809662915,0,0,0,0,0,265.761484183747,37.90360456917,37.90360456917,88.6133125861379,44.42139791129,13.8913228925699,0,10.7167053626991,158.196361731511,9.12782327998364,46.441958131901,110.144284879456,14.3170785821859,0,26.1023996856993,26.1023996856993,23.3828702150374,35.4254554063306,52.4786007667032,38.0887700019721,13.9757243934885,0,13.8913228925699,0,118.413253012048,23.5295000106245,23.5295000106245,0,97.7140613234187,803.688343736391,97.7140613234187,1.50525321625485,0,44.82939014121,70.2416277958447,41.7958223872935,95.1133068395254,40.5508404438422,4.05113110529621,51.7342426943699,39.2851192756893,46.441958131901,0,179.720159488425,6.21678774744832,31.2587312699721,0,27.7133911633238,58.8583522324592,74.4349628381482,1.16858823221504,37.3355219385003,35.4254554063306,131.311284508111,41.7958223872935,0,13.1233784241827,13.773721356622,28.0907352035881,32.0959739519425,0,16.8890537252394,9.65923387695117,10.2137701010749,13.6352943542644,0,4.05113110529621,10.2005809662915,65.2063856599418,119.236383867147,23.3828702150374,29.6955627823656,0,13.6352943542644,74.4349628381482,0,86.5189786382886,0,6.21678774744832,74.4349628381482,74.4349628381482,14.5947536835076,803.688343736391,0,9.29270478710757,74.4349628381482,37.90360456917,14.3170785821859,74.4349628381482,74.4349628381482,0,4.26693195619803,95.1133068395254,23.5295000106245,0,54.0130627774255,74.4349628381482,119.236383867147,67.6304148666311,22.1688708973481,13.0124453859394,14.3170785821859,14.3170785821859,4.26693195619803,54.0130627774255,54.0130627774255,158.196361731511,38.0887700019721,54.0130627774255,4.26693195619803,23.5295000106245,21.4036912225359,30.3094884650301,31.2587312699721,23.3828702150374,0,34.7608819854718,23.3828702150374,23.3828702150374,12.1342710156659,22.1688708973481,23.5295000106245,4.26693195619803,13.8913228925699,31.2587312699721,48.5135509309967,64.1405120481928,26.5576321409856,14.3170785821859,12.1342710156659,0,4.26693195619803
"64",0,0,0,0,0,0,0,0,0,0,713.480541237113,0,0,0,0,0,105.94082942137,0,0,0,0,617.435083762887,3313.1303856383,86.4135006243063,0,0,0,0,0,0,0,0,0,0,0,0,0,0,553.882452981193,0,0,0,0,0,713.480541237113,81.4846301020408,0,0,0,0,0,3313.1303856383,0,0,0,553.882452981193,0,0,0,0,0,0,97.7140613234187,778585.640625,3.66587318286151,0,0,0,0,0,0,12.8769528827309,0,8239.00148809524,0,0,0,12.7300999104822,0,0,0,0,0,0,0,0,0,0,0,2105.70829107505,0,0,0,0,0,39.4235548501842,0,0,0,12.8769528827309,0,0,12608.6743421053,0,0,0,0,0,0,0,0,12.7300999104822,0,0,0,97.7140613234187,0,0,0,0,81.4846301020408,0,0,0,0,0,0,0,0,0,12608.6743421053,0,0,0,81.4846301020408,81.4846301020408,0,0,0,0,0,0,0,0,0,306.922495565192,0,0,0,0,0,0,0,0,0,0,553.882452981193,0,1826.59387829912,0,0,81.4846301020408,0,0,0
"65",29.4849,1.92614924623116,3.23626899696049,1.71122391731917,1.71122391731917,5.32403222446003,2.08521216407355,2.46656177606178,2.87751138581653,5.32571085032705,4.64610545454545,3.42418885117027,1.88193517363277,1.87591574667533,0,1.31891714266052,1.68486531482402,11.7668058326938,11.7668058326938,3.783548189679,2.68799480301887,3.71174848042429,2.86903967065868,1.68298144918345,2.20350269039735,0,3.78310007895776,3.78310007895776,0,0,0,0,0,9.81320276497696,2.35365017960763,2.35365017960763,0,1.71331888074379,3.83994890803446,0,4.18465241955294,5.87889110429448,3.36834071496362,3.72709434329193,4.64610545454545,2.7298305712434,0,0.863175116115412,0.863175116115412,3.18740949829068,6.9348621363439,5.03211909227307,3.88872352081812,2.58752961825362,0,3.83994890803446,9.81320276497696,0,1.59175145993927,1.59175145993927,8.35994983642312,3.66587318286151,1.50525321625485,3.66587318286151,29.4849,0,0.899942947032307,10.6643583501426,0,7.30380525914634,4.11711815252417,1.01946088513777,3.14080383480826,3.19739489489489,3.72709434329193,8.35994983642312,3.42924356967121,1.79490913266853,4.56096739647787,0,3.19955675756893,2.31778503401361,3.783548189679,0.310347264954497,4.36564578587699,1.38276948051948,4.89532183908046,1.61690584662111,1.71331888074379,2.23185117254029,3.19955675756893,5.5800340651022,1.99568049288442,7.35425364543361,2.79696955324078,1.28006846112744,3.14080383480826,2.3288721934531,7.35425364543361,1.01946088513777,3.78310007895776,4.3732167305586,6.1365411246748,3.18740949829068,1.86136019294895,0,2.3288721934531,3.783548189679,11.7668058326938,6.51710788064269,14.7311183704842,1.79490913266853,3.783548189679,3.783548189679,3.02333335723505,1.50525321625485,0.0811877700584597,1.61150638446107,3.783548189679,2.35365017960763,2.7298305712434,3.783548189679,3.783548189679,0,1.71122391731917,7.30380525914634,1.59175145993927,0.0811877700584597,3.68377061469265,3.783548189679,6.1365411246748,1.31891714266052,5.78768185421464,1.51952690166976,2.7298305712434,2.7298305712434,1.71122391731917,3.68377061469265,3.68377061469265,5.87889110429448,3.88872352081812,3.68377061469265,1.71122391731917,1.59175145993927,3.78176936143927,0.768663575063294,4.56096739647787,3.18740949829068,9.81320276497696,3.4868432748538,3.18740949829068,3.18740949829068,2.60573555404487,5.78768185421464,1.59175145993927,1.71122391731917,3.83994890803446,4.56096739647787,3.6189990558403,7.32054430863254,3.14247755687641,2.7298305712434,2.60573555404487,0,1.71122391731917
"66",0,0,0,0,0,0,0,0,0,0,0,0,0,0,0,0,0,0,0,0,0,0,0,0,0,0,0,0,0,0,0,0,0,0,1908.55395752341,1908.55395752341,0,0,196.280290228425,0,0,0,0,0,0,0,0,0,0,0,0,0,0,0,0,196.280290228425,0,0,0,0,0,0,0,0,0,411813.892561983,0,0,0,0,0,0,0,0,0,0,0,0,0,0,0,0,0,0,0,0,0,0,0,0,0,0,0,0,0,0,0,0,0,0,0,0,0,0,0,0,0,0,0,0,0,0,0,0,0,0,0,0,0,1908.55395752341,0,0,0,0,0,0,0,0,0,0,0,0,0,0,0,0,0,0,0,0,0,0,0,0,0,0,0,0,0,0,0,0,0,0,0,0,196.280290228425,0,0,0,0,0,0,0,0
"67",0,239.5648125,1765.50031887755,10.8773927020514,10.8773927020514,0,0,674.100121753247,462.892770882878,225.676997282609,142.990934917355,301.660457429291,26.1533638100437,26.0634069720732,0,1335.48137328473,24.1309667015342,0,0,593.886834954233,12.995704305136,125.416501389336,548.299746919014,19.8517501434217,256.113697574013,0,58.0600776006711,58.0600776006711,0,0,0,0,0,15266.3851102941,132.525215425532,132.525215425532,1112.26520089286,1908.29813878676,59.5112467037377,0,42.296047404661,0,41.0046288067307,810.182768600416,142.990934917355,37.6496640735502,0,79.8549375,79.8549375,179.191171605293,1425.98102678571,0,618.907504471383,154.757630813954,0,59.5112467037377,0,0,69.4855547188755,69.4855547188755,0,0,44.82939014121,0,0.899942947032307,0,48661.6025390625,0,0,2070.70649102394,674.100121753247,12.5013750903179,262.946856003039,1310.75023674242,1646.92890666314,0,0,21.721505429779,471.870085227273,0,305.957614942529,1112.26520089286,593.886834954233,14.9137195078152,1526.63851102941,1425.98102678571,7014.28505067568,0,0,372.350856348637,151.682376899474,1050.72286184211,489.368724465745,0,527.497046493902,46.9383773602252,531.548483102919,58.0600776006711,0,12.5013750903179,58.0600776006711,737.297008167614,1639.12766447368,179.191171605293,439.6305141869,0,58.0600776006711,593.886834954233,0,4325.47578125,0,21.721505429779,593.886834954233,593.886834954233,37.0843363003096,44.82939014121,0,88.5662200688204,593.886834954233,132.525215425532,37.6496640735502,593.886834954233,593.886834954233,0,10.8773927020514,2070.70649102394,69.4855547188755,0,1157.31793478261,593.886834954233,1639.12766447368,1335.48137328473,293.252595338983,0,37.6496640735502,37.6496640735502,10.8773927020514,1157.31793478261,1157.31793478261,0,618.907504471383,1157.31793478261,10.8773927020514,69.4855547188755,202.36144005848,65.8980652242911,471.870085227273,179.191171605293,0,310.440845544258,179.191171605293,179.191171605293,112.269018114636,293.252595338983,69.4855547188755,10.8773927020514,59.5112467037377,471.870085227273,0,3017.77380087209,55.3129895300511,37.6496640735502,112.269018114636,0,10.8773927020514
"68",0,0,0,43.6235128193007,43.6235128193007,0,0,0,0,1683.37154150198,1016.82442607897,0,0,121.112018238693,0,0,152.853044209131,0,0,0,40.1338946069568,1334.30127192395,2264.97640909091,124.774902029523,0,0,0,0,0,0,0,0,0,0,0,0,0,0,196.280290228425,0,0,0,0,0,1016.82442607897,358.127347472671,0,0,0,0,0,15099.8427272727,8162.07714987715,0,0,196.280290228425,0,0,466.044528619529,466.044528619529,44122.9170602125,0,70.2416277958447,0,10.6643583501426,0,0,411813.892561983,0,0,0,65.8379628581006,0,5592.53434343434,0,44122.9170602125,9869.17825311943,83.9211691936657,0,0,536.787868015383,10658.712513369,0,0,0,0,0,18641.7811447811,0,2960.75347593583,536.787868015383,9955.94025974026,0,80892.0146103896,4419.46616407982,28.4587677676397,0,0,0,65.8379628581006,0,0,8221.32997855139,0,0,0,0,0,0,0,0,83.9211691936657,0,0,119.209284688995,70.2416277958447,0,0,0,0,358.127347472671,0,0,0,43.6235128193007,0,466.044528619529,0,4839.69318181818,0,8221.32997855139,0,0,2031.82454280413,358.127347472671,358.127347472671,43.6235128193007,4839.69318181818,4839.69318181818,0,8162.07714987715,4839.69318181818,43.6235128193007,466.044528619529,327.048792013704,0,0,0,0,0,0,0,0,0,466.044528619529,43.6235128193007,196.280290228425,0,9771.85507774198,0,181.641317542075,358.127347472671,0,0,43.6235128193007
"69",0,0,0,6.56341606247836,6.56341606247836,0,0,1521.04642857143,305.957614942529,0,580.357337526205,1961.48169579594,98.6829872560378,96.9676255527825,0,0,0,0,0,0,0,250.344049556882,0,0,0,0,0,0,0,0,0,0,0,0,0,0,5401.56975609756,0,114.829289032686,0,0,0,76.5814487461444,0,580.357337526205,70.1751524139067,0,802.407101449276,802.407101449276,0,3469.05325814536,0,0,0,0,114.829289032686,0,0,0,0,0,0,41.7958223872935,0,0,0,0,0,153794.694444444,0,0,5.64236957531979,2282.66707895279,0,0,0,0,5.57846983766181,0,0,617.856154447048,0,0,0,0,0,0,0,0,0,0,0,2182.34489554592,0,3617.12260452962,17.0952641199501,0,0,0,5.64236957531979,0,0,0,0,0,0,0,0,0,0,0,5.57846983766181,0,0,70.3865878464277,41.7958223872935,0,0,0,0,70.1751524139067,0,0,0,6.56341606247836,0,0,0,0,0,0,0,0,0,70.1751524139067,70.1751524139067,6.56341606247836,0,0,0,0,0,6.56341606247836,0,95.4653596799779,0,0,0,0,0,0,0,0,0,0,6.56341606247836,114.829289032686,0,0,0,106.432314494425,70.1751524139067,0,0,6.56341606247836
"70",0,270.81239673913,5243.0009469697,22.2870125699523,22.2870125699523,0,0,1779.62432142857,350.951381845842,537.326184006211,329.56005952381,2268.82653897523,55.7366769722242,27.1933234593018,0,3825.97366400491,51.302055192238,0,0,3152.16858552632,27.1933234593018,286.666288889912,1415.61025568182,41.9722717318059,1247.7333984375,0,127.448950830742,127.448950830742,0,0,0,0,0,57673.0104166667,303.956916113605,303.956916113605,0,5724.89441636029,130.777801398337,0,91.6414360434322,0,43.2331412418791,2183.9709414446,329.56005952381,79.497200099552,0,177.962432142857,177.962432142857,847.786188240098,4119.50074404762,0,1618.68116554054,358.547382281833,0,130.777801398337,0,0,309.653747203579,309.653747203579,0,0,95.1133068395254,0,7.30380525914634,0,2070.70649102394,0,0,194646.41015625,74931.5503759398,6.3656223939384,633.769345238095,0,2183.9709414446,0,0,12.6045918831957,1199.66970820493,0,350.951381845842,3114.3425625,3152.16858552632,31.3049592145471,4449.06080357143,4119.50074404762,24717.0044642857,0,0,925.235461229947,350.951381845842,2921.52210365854,1248.73398656776,0,1356.42097669861,19.3262169864595,633.769345238095,127.448950830742,0,6.3656223939384,127.448950830742,1966.12535511364,4820.96371904025,847.786188240098,1109.88687188168,0,127.448950830742,3152.16858552632,0,14418.2526041667,0,12.6045918831957,3152.16858552632,3152.16858552632,79.9574470474968,95.1133068395254,0,198.441605868485,3152.16858552632,303.956916113605,79.497200099552,3152.16858552632,3152.16858552632,0,22.2870125699523,194646.41015625,309.653747203579,0,1478.79513888889,3152.16858552632,4820.96371904025,3825.97366400491,713.317123797526,0,79.497200099552,79.497200099552,22.2870125699523,1478.79513888889,1478.79513888889,0,1618.68116554054,1478.79513888889,22.2870125699523,309.653747203579,108.612072347772,292.880289885738,1199.66970820493,847.786188240098,0,1539.08700889548,847.786188240098,847.786188240098,79.9574470474968,713.317123797526,309.653747203579,22.2870125699523,130.777801398337,1199.66970820493,0,9612.16840277778,121.161786589636,79.497200099552,79.9574470474968,0,22.2870125699523
"71",0,106.246228144989,1521.04642857143,9.90071320449931,9.90071320449931,0,0,589.523584738243,135.242657655824,200.323548212024,127.5716359447,818.218078817734,23.6388904833855,11.7841282716787,0,1155.60020871985,21.8201519938519,0,0,1055.3739489569,11.7841282716787,112.040564818042,480.979546332046,17.9680628149537,458.666062223859,0,105.000328722093,105.000328722093,0,0,0,0,0,12826.1212355212,118.326085201368,118.326085201368,0,1642.09856648542,53.5084548104956,0,38.1208519330296,0,18.4908040410787,706.550599078341,127.5716359447,34.0850740296118,0,71.6326770889488,71.6326770889488,321.812716352364,1232.64022263451,480.979546332046,541.948784599489,137.955373754153,0,53.5084548104956,0,0,189.447698887938,189.447698887938,0,0,40.5508404438422,0,4.11711815252417,0,674.100121753247,0,0,40677.1273469388,40677.1273469388,2.83384181504255,470.800085034014,0,706.550599078341,0,0,11.2547191034076,840.436515432619,0,135.242657655824,965.21997094431,1055.3739489569,13.5157919148521,1318.24023809524,2510.93378684807,5932.08107142857,0,0,328.419713297084,135.242657655824,912.627857142857,429.990775337619,0,462.991693379791,8.44264111878444,232.973237954976,52.213278216997,0,2.83384181504255,105.000328722093,643.916534212057,1413.80283728188,321.812716352364,386.874852484472,0,52.213278216997,1055.3739489569,0,3678.80996677741,0,11.2547191034076,1055.3739489569,1055.3739489569,33.4515849892589,40.5508404438422,0,79.3766423473939,1055.3739489569,118.326085201368,34.0850740296118,1055.3739489569,1055.3739489569,0,9.90071320449931,40677.1273469388,189.447698887938,0,500.070058708415,1055.3739489569,1413.80283728188,1155.60020871985,524.576071165386,0,34.0850740296118,34.0850740296118,9.90071320449931,500.070058708415,500.070058708415,0,541.948784599489,500.070058708415,9.90071320449931,189.447698887938,44.8381033365727,119.098164392074,840.436515432619,321.812716352364,0,555.048521303258,321.812716352364,321.812716352364,33.4515849892589,524.576071165386,189.447698887938,9.90071320449931,53.5084548104956,840.436515432619,0,2579.16568322981,49.7605626207702,34.0850740296118,33.4515849892589,0,9.90071320449931
"72",0,5.49678782597185,104.057688613051,1.19235473297768,1.19235473297768,9.32503503240497,0,2.83384181504255,49.5480256922382,13.8960459523015,14.5849376053709,4.98600751421072,4.50196682936251,5.00357151651153,0,4.59058526840694,2.61138349189631,20.6919311839745,20.6919311839745,18.3466347689313,5.00357151651153,24.2915476467558,14.8776695289734,2.57969622116902,7.49083727116253,14.7376014163388,1.73010012302137,1.73010012302137,51.8789052739418,0,0,0,0,34.5859368492945,4.90423628464811,4.90423628464811,20.2269439663571,5.98271190762971,5.3116243314653,0,2.35430792661354,0,5.91409251417635,6.44337349740336,14.5849376053709,10.2212593742861,0,10.0434459505179,10.0434459505179,3.56051822192599,4.81593903960883,32.5487818763215,18.8685873939365,4.32713902531285,0,5.3116243314653,0,0,7.8536245966169,7.8536245966169,21.9491730909057,38.741707596968,4.05113110529621,12.8769528827309,1.01946088513777,0,12.5013750903179,65.8379628581006,5.64236957531979,6.3656223939384,2.83384181504255,104.057688613051,3.03581106348073,11.0509393063584,6.44337349740336,21.9491730909057,5.98271190762971,7.85972579856395,11.1938690026476,0,6.42440295492093,8.0568302679979,18.3466347689313,0.46852094136475,10.1419606366523,4.81593903960883,17.2185367097636,5.64236957531979,5.98271190762971,43.0821639728342,9.67414964445561,31.2060327281609,23.097969693739,25.9021296835364,7.21763319614747,32.2752749663085,4.55977206941687,3.47263210321414,0,104.057688613051,1.73010012302137,6.03612226163973,16.0588582783745,3.56051822192599,2.12400213911366,0,3.47263210321414,18.3466347689313,20.6919311839745,11.429828654005,0,7.85972579856395,18.3466347689313,18.3466347689313,6.11272669951029,4.05113110529621,0.246474165914425,3.7902895315418,18.3466347689313,4.90423628464811,10.2212593742861,18.3466347689313,18.3466347689313,0,1.19235473297768,6.3656223939384,7.8536245966169,0.246474165914425,36.0515998742351,18.3466347689313,16.0588582783745,104.057688613051,3.25894053179295,4.06313648211887,10.2212593742861,10.2212593742861,1.19235473297768,36.0515998742351,36.0515998742351,0,18.8685873939365,36.0515998742351,1.19235473297768,7.8536245966169,17.8663582289562,14.746261948548,11.1938690026476,3.56051822192599,0,3.382320886833,3.56051822192599,3.56051822192599,3.0319124429571,3.25894053179295,7.8536245966169,1.19235473297768,5.3116243314653,11.1938690026476,15.966279494508,8.53578953535221,7.35375005312819,10.2212593742861,3.0319124429571,0,1.19235473297768
"73",0,98.2539307897072,1112.43901948965,8.82633919703814,8.82633919703814,0,0,232.973237954976,61.0155166903605,176.353209109731,235.926664536061,229.192739164631,35.853680490948,24.5083009638901,0,428.000077303649,10.9946502294603,0,0,208.143195488722,12.1916293060168,155.810127294729,193.858858543417,9.12750727433088,401.902511614402,0,50.5557138291558,50.5557138291558,0,0,0,0,0,4056.12380952381,108.57160505932,108.57160505932,363.652479474548,588.938304435698,51.7362730806608,0,56.5646959062535,0,47.4990176952127,1133.97009728623,235.926664536061,26.1011828154685,0,172.883965651835,172.883965651835,71.0067459248714,918.63431226149,0,215.927966927967,125.129590706715,0,51.7362730806608,0,0,29.7403325007386,29.7403325007386,0,0,51.7342426943699,0,3.14080383480826,0,262.946856003039,0,2282.66707895279,633.769345238095,470.800085034014,3.03581106348073,12554.6689342404,0,274.347604182152,0,588.938304435698,7.53590184587509,518.538555194805,0,122.85556739005,363.652479474548,208.143195488722,6.94054179411322,482.283013937282,453.783214490616,1938.58858543417,0,0,137.24520958826,61.0155166903605,345.69237012987,175.1814269894,0,771.652822299652,22.2065535818568,100.437351473923,25.1580566448406,0,3.03581106348073,50.5557138291558,252.294782410572,513.933816021535,71.0067459248714,159.207758224063,0,25.1580566448406,208.143195488722,0,1237.78426112229,0,7.53590184587509,208.143195488722,208.143195488722,49.9543669172932,51.7342426943699,0,37.2384248049502,208.143195488722,108.57160505932,26.1011828154685,208.143195488722,208.143195488722,0,8.82633919703814,633.769345238095,29.7403325007386,0,405.612380952381,208.143195488722,513.933816021535,428.000077303649,110.792007684149,56.8084567160197,26.1011828154685,26.1011828154685,8.82633919703814,405.612380952381,405.612380952381,0,215.927966927967,405.612380952381,8.82633919703814,29.7403325007386,21.7963002330562,85.7825974683283,518.538555194805,71.0067459248714,0,116.606832206567,71.0067459248714,71.0067459248714,33.1702303567684,110.792007684149,29.7403325007386,8.82633919703814,51.7362730806608,518.538555194805,0,890.702863577864,97.539048323732,26.1011828154685,33.1702303567684,0,8.82633919703814
"74",0,0,0,12.8342578576843,12.8342578576843,0,0,0,397.744899425287,590.005221653879,375.109010840108,0,0,11.4254886665676,3495.33396464646,0,42.4280733213788,6920.76125,6920.76125,1539.08700889548,11.4254886665676,442.468552705187,461.384083333333,34.9378999179655,218.458372790404,0,0,0,0,0,0,0,0,0,114.147472373412,114.147472373412,922.768166666667,0,104.044217687075,0,0,0,0,0,375.109010840108,100.399104196134,0,69.2076125,69.2076125,0,0,1922.43368055556,519.57667042042,0,0,104.044217687075,0,0,60.3116448801743,60.3116448801743,0,0,39.2851192756893,8239.00148809524,3.19739489489489,0,1310.75023674242,5592.53434343434,0,0,0,11.0509393063584,0,38448.6736111111,0,0,0,33.1454082854406,0,0,0,922.768166666667,1539.08700889548,0,0,0,0,1450.89334381551,0,315.584188326493,0,3671.49137931035,0,0,444.20803915276,32.9866364004671,224.190516682864,0,0,11.0509393063584,0,0,2749.06107249255,0,0,0,0,1539.08700889548,6920.76125,0,0,33.1454082854406,1539.08700889548,1539.08700889548,0,39.2851192756893,0,76.6673451866622,1539.08700889548,114.147472373412,100.399104196134,1539.08700889548,1539.08700889548,0,12.8342578576843,0,60.3116448801743,0,0,1539.08700889548,2749.06107249255,0,0,243.367428571429,100.399104196134,100.399104196134,12.8342578576843,0,0,0,519.57667042042,0,12.8342578576843,60.3116448801743,359.753671215075,414.913744004796,0,0,0,0,0,0,0,0,60.3116448801743,12.8342578576843,104.044217687075,0,1463.16305496829,0,0,100.399104196134,0,0,12.8342578576843
"75",0,249.209707426857,1860.41969086021,11.245060009257,11.245060009257,0,0,706.550599078341,157.913607712273,235.310000425007,148.833575268817,314.92997901709,27.1012563083277,13.4520810178442,0,1405.07221407625,50.190551829864,0,0,622.059834714871,13.4520810178442,397.707862986365,574.072361751152,41.2630628392562,267.187934325669,0,60.2678044656453,60.2678044656453,0,0,0,0,0,16236.3900293255,137.903449974539,137.903449974539,0,2011.76797609916,61.7780319344796,0,132.898107722466,0,21.163679384119,850.027822793879,148.833575268817,19.4320846831227,0,82.9627155046826,82.9627155046826,186.668518511581,1500.84277582001,0,1316.4640564318,161.126966008744,0,61.7780319344796,0,0,219.141460518504,219.141460518504,0,0,46.441958131901,0,3.72709434329193,0,1646.92890666314,0,0,2183.9709414446,706.550599078341,6.44337349740336,274.347604182152,0,51851.6971904266,0,0,6.37099727666756,493.674021161924,0,157.913607712273,1169.02008211144,622.059834714871,15.4403540008379,1607.40261290323,1500.84277582001,7441.67876344086,0,0,787.942457305503,157.913607712273,1103.98531105991,512.074741288062,0,552.182278565175,29.0026213024134,554.659286716089,182.8463898195,0,6.44337349740336,60.2678044656453,773.161429967882,1726.53341880046,186.668518511581,459.7833560936,0,182.8463898195,622.059834714871,0,4579.49462365591,0,6.37099727666756,622.059834714871,622.059834714871,38.454607964192,46.441958131901,0,185.334095803439,622.059834714871,137.903449974539,19.4320846831227,622.059834714871,622.059834714871,0,11.245060009257,2183.9709414446,219.141460518504,0,597.32538569425,622.059834714871,1726.53341880046,1405.07221407625,306.113618911298,0,19.4320846831227,19.4320846831227,11.245060009257,597.32538569425,597.32538569425,0,1316.4640564318,597.32538569425,11.245060009257,219.141460518504,51.6783247461171,68.4263170109074,493.674021161924,186.668518511581,0,324.138457935718,186.668518511581,186.668518511581,38.454607964192,306.113618911298,219.141460518504,11.245060009257,61.7780319344796,493.674021161924,0,3189.29089861751,115.449444293847,19.4320846831227,38.454607964192,0,11.245060009257
"76",0,0,0,0,0,0,0,0,0,1273.6620657925,0,0,0,62.6998078595147,0,0,0,0,0,0,31.2587704881011,0,0,0,0,0,147.454165335038,147.454165335038,0,0,0,0,0,0,0,0,0,0,151.328598760933,0,105.835523129859,0,99.9045273281726,0,0,137.720501580914,0,206.333254658385,206.333254658385,489.715003144901,0,5234.18918067227,0,0,0,151.328598760933,0,0,0,0,254232.045918367,0,0,0,8.35994983642312,0,0,44122.9170602125,0,0,0,21.9491730909057,0,0,0,254232.045918367,0,43.5840595961151,0,0,0,0,0,0,0,0,0,0,0,0,0,0,0,0,0,0,0,0,0,21.9491730909057,147.454165335038,0,0,489.715003144901,0,0,0,0,0,0,0,43.5840595961151,0,0,0,0,0,0,0,0,137.720501580914,0,0,0,0,0,0,0,1755.05357142857,0,0,0,837.86455811138,0,137.720501580914,137.720501580914,0,1755.05357142857,1755.05357142857,0,0,1755.05357142857,0,0,125.546689342404,0,0,489.715003144901,0,0,489.715003144901,489.715003144901,185.474134593911,837.86455811138,0,0,151.328598760933,0,2941.52780401417,0,0,137.720501580914,185.474134593911,0,0
"77",0,0,4789.45415224913,13.9413737166416,13.9413737166416,0,0,0,0,499.769128930344,307.248002219756,0,104.916097830069,25.519959089794,0,0,0,0,0,0,25.519959089794,267.415923836919,0,0,572.489441636029,0,0,0,0,0,0,0,0,0,283.476396632154,283.476396632154,0,0,246.169979102752,0,85.8038681881816,0,40.5431199244294,2011.76797609916,307.248002219756,37.1515512779506,0,0,0,0,0,0,0,334.147964110405,0,246.169979102752,0,16105.1974789916,0,0,0,0,179.720159488425,0,3.42924356967121,0,0,9869.17825311943,0,0,0,5.98271190762971,588.938304435698,0,0,0,172420.349480969,0,1110.28255347594,0,0,0,0,0,0,0,0,0,0,0,0,0,0,0,0,18.1450163499843,0,0,0,5.98271190762971,0,0,0,0,0,0,0,0,0,0,0,0,0,0,150.508135618817,179.720159488425,0,0,0,283.476396632154,37.1515512779506,0,0,0,13.9413737166416,0,0,0,0,0,0,0,0,0,37.1515512779506,37.1515512779506,13.9413737166416,0,0,0,0,0,13.9413737166416,0,0,0,1110.28255347594,0,0,0,0,0,0,0,0,13.9413737166416,246.169979102752,1110.28255347594,0,0,461.634135156543,37.1515512779506,0,0,13.9413737166416
"78",0,7.26843471030982,5.57846983766181,2.38911733493127,2.38911733493127,18.4639798572667,0,2.80211670827991,29.3900171989129,12.3523260691083,14.425980808171,4.9309482916951,6.90912513175727,6.28516360515593,11.2995710064002,4.53873981847038,3.23845219480049,61.5421907420215,61.5421907420215,18.140830133782,4.29585541070823,20.077395970135,14.7111127184695,3.12824191007773,2.95160298056364,43.8331113652358,0.569309471488849,0.569309471488849,25.6058948127867,25.6058948127867,51.3587388067086,51.3587388067086,0,34.1901059677897,6.80903471747863,6.80903471747863,15.9763641610157,11.8464601466951,5.25576874882923,0,1.39478047723654,40.9694317004588,4.07242373346548,3.18111089916252,14.425980808171,11.2916850047988,0,6.34824371496518,6.34824371496518,5.88476754040373,9.53634124496194,42.3191721919812,21.3514503326156,4.2801507680129,0,5.25576874882923,0,0,5.15505742471008,5.15505742471008,43.5840595961151,0,6.21678774744832,12.7300999104822,1.79490913266853,0,21.721505429779,83.9211691936657,5.57846983766181,12.6045918831957,11.2547191034076,7.85972579856395,7.53590184587509,33.1454082854406,6.37099727666756,43.5840595961151,0,102.865060196195,6.62335776765928,0,4.22552237006193,15.9763641610157,18.140830133782,0.463968698295304,15.0618685616869,9.53634124496194,34.0924199507389,33.7071948665498,5.9149109299861,28.7665067086756,6.35459831327846,42.6016932198458,2.25606862975206,51.2851589516846,9.52904294367307,11.3347909712434,13.6369679802956,9.27376972615853,0,7.85972579856395,0.569309471488849,8.96494889763984,31.8880923004462,5.88476754040373,6.31823985672928,0,9.27376972615853,18.140830133782,61.5421907420215,11.2995710064002,0,102.865060196195,18.140830133782,18.140830133782,3.4333572423715,6.21678774744832,0.244068514933563,7.54638691042159,18.140830133782,6.80903471747863,11.2916850047988,18.140830133782,18.140830133782,17.0218929853903,2.38911733493127,12.6045918831957,5.15505742471008,0.244068514933563,59.3007736826811,18.140830133782,31.8880923004462,9.09015768112643,1.60936208911909,10.1254588508283,11.2916850047988,11.2916850047988,2.38911733493127,59.3007736826811,59.3007736826811,40.9694317004588,21.3514503326156,59.3007736826811,2.38911733493127,5.15505742471008,50.5072888159095,14.5892891131294,6.62335776765928,5.88476754040373,0,6.70780520427721,5.88476754040373,5.88476754040373,4.30149494692092,1.60936208911909,5.15505742471008,2.38911733493127,5.25576874882923,6.62335776765928,31.9656076928669,8.43871780958884,5.01359116922631,11.2916850047988,4.30149494692092,0,2.38911733493127
"79",0,79.194979338843,2097.20037878788,12.9908255086888,12.9908255086888,0,0,414.830844155844,305.088417172806,295.727432966563,190.654579889807,193.323353456035,73.5370013178653,18.3453861407135,0,791.94979338843,33.7255827080646,0,0,367.929891015417,27.5920525422828,340.879886987871,341.110904983571,27.8406540359033,333.870343321183,0,39.5864165459121,39.5864165459121,0,0,0,0,0,8206.43626482213,177.172747895096,177.172747895096,0,1110.28255347594,122.936192417005,0,58.4314013128733,0,43.1029993356723,1000.87335797212,190.654579889807,39.6335201422781,0,53.9280097402597,53.9280097402597,117.502407610028,842.625152191559,0,774.880742076945,311.066161292471,0,122.936192417005,0,0,94.7887176853279,94.7887176853279,0,0,31.2587312699721,0,4.56096739647787,0,471.870085227273,0,0,1199.66970820493,840.436515432619,11.1938690026476,518.538555194805,0,493.674021161924,0,1110.28255347594,6.62335776765928,25738.368285124,0,100.1315830721,666.169532085562,367.929891015417,10.4755263675718,1826.59387829912,842.625152191559,3852.00069573284,0,1110.28255347594,236.230330526795,201.815593788729,1281.0952540107,306.243430109642,0,328.829327684511,19.8230037553904,342.400061842919,79.5873505425668,0,11.1938690026476,39.5864165459121,451.550320791649,961.3651991048,117.502407610028,276.621447128836,0,79.5873505425668,367.929891015417,0,2419.84659090909,0,6.62335776765928,367.929891015417,367.929891015417,51.3833123659462,31.2587312699721,0,119.966970820493,367.929891015417,177.172747895096,39.6335201422781,367.929891015417,367.929891015417,0,12.9908255086888,1199.66970820493,94.7887176853279,0,354.12389135255,367.929891015417,961.3651991048,1608.64801782025,188.183483639989,0,39.6335201422781,39.6335201422781,12.9908255086888,354.12389135255,354.12389135255,0,774.880742076945,354.12389135255,12.9908255086888,94.7887176853279,68.5359600911071,44.7659184340839,25738.368285124,117.502407610028,0,198.682141148325,117.502407610028,117.502407610028,51.3833123659462,188.183483639989,94.7887176853279,12.9908255086888,122.936192417005,25738.368285124,0,1715.89121900826,114.462118915045,39.6335201422781,51.3833123659462,0,12.9908255086888
"80",0,0,0,0,0,0,0,0,0,0,0,0,0,0,0,0,0,0,0,0,0,0,0,0,0,0,0,0,0,0,0,0,0,0,0,0,0,0,0,0,0,0,0,0,0,0,0,0,0,0,0,0,0,0,0,0,0,0,0,0,0,0,0,0,0,0,0,0,0,0,0,0,0,0,0,0,0,0,0,49829481,0,0,0,0,0,0,0,0,0,0,0,0,0,0,0,0,0,0,0,0,0,0,0,0,0,0,0,0,0,0,0,0,0,0,0,0,0,3609.26271186441,0,0,0,0,0,0,0,0,0,0,0,0,0,0,0,0,0,0,0,0,0,0,0,0,0,0,0,0,0,0,0,0,0,0,0,0,0,0,0,0,0,0,0,0,0,0,0
"81",0,30.7931535038932,305.957614942529,3.69736503419709,3.69736503419709,0,0,135.242657655824,76.550742471587,53.5533104415534,109.722730875941,280.143142661978,32.0654268935401,29.4710314258709,0,241.057514803204,14.7929297787183,0,0,121.551921725894,12.5087028392767,32.2659374216897,113.641399835796,12.3504615670601,59.6617349137931,0,32.8545089871172,32.8545089871172,0,0,0,0,0,2145.14103060829,68.0794788033298,68.0794788033298,630.55338184119,327.100317060202,50.6009943610225,0,12.3037669474859,0,12.6847087717851,157.913607712273,109.722730875941,17.6302107049716,0,65.7706398284111,65.7706398284111,43.9395976350145,254.896597762534,0,125.852044643466,38.7204336920236,0,50.6009943610225,0,0,19.1973405454136,19.1973405454136,0,0,27.7133911633238,0,3.19955675756893,0,305.957614942529,536.787868015383,617.856154447048,350.951381845842,135.242657655824,6.42440295492093,122.85556739005,0,157.913607712273,0,0,4.22552237006193,100.1315830721,0,6583.36385255648,416.547385579937,121.551921725894,4.71976279890248,270.16634677944,254.896597762534,1037.5953898051,617.856154447048,0,81.9740453946492,76.550742471587,196.68703817734,314.641634410775,0,109.996668940352,6.06967407959066,61.0155166903605,49.4932731951851,0,6.42440295492093,32.8545089871172,145.849924922947,287.094062743065,43.9395976350145,190.09381187269,0,49.4932731951851,121.551921725894,0,669.886146400484,0,4.22552237006193,121.551921725894,121.551921725894,10.9220567347905,27.7133911633238,0,47.8210449338243,121.551921725894,68.0794788033298,17.6302107049716,121.551921725894,121.551921725894,0,3.69736503419709,350.951381845842,19.1973405454136,0,117.487724137931,121.551921725894,287.094062743065,241.057514803204,66.949462907354,71.5225593372145,17.6302107049716,17.6302107049716,3.69736503419709,117.487724137931,117.487724137931,0,125.852044643466,117.487724137931,3.69736503419709,19.1973405454136,28.6276130940378,18.3134342181427,100.1315830721,43.9395976350145,0,70.2677775944564,43.9395976350145,43.9395976350145,33.0053393299509,66.949462907354,19.1973405454136,3.69736503419709,50.6009943610225,100.1315830721,73.8559194290669,487.034570724842,47.3858405867803,17.6302107049716,33.0053393299509,0,3.69736503419709
"82",0,160.740261290323,2636.48047619048,14.0700633201799,14.0700633201799,0,0,965.21997094431,206.397353215284,310.60920056101,194.26698245614,419.087308662742,34.4025275730535,16.9625057657121,0,1969.54470355731,95.8581849660944,0,0,846.001375212224,16.9625057657121,169.82016188123,778.585640625,78.6212309512853,353.902563920454,0,77.3239414982348,77.3239414982348,0,0,0,0,0,24607.1511111111,179.695207356653,179.695207356653,0,2859.65457675753,79.2926459004654,0,56.0243764229699,0,26.7954458560194,1169.02008211144,194.26698245614,74.2476900726392,0,107.016335033557,107.016335033557,244.952591864323,2109.18438095238,778.585640625,883.10998670802,210.695479915433,0,79.2926459004654,0,0,186.889755274262,186.889755274262,0,0,58.8583522324592,0,2.31778503401361,0,1112.26520089286,10658.712513369,0,3114.3425625,965.21997094431,8.0568302679979,363.652479474548,922.768166666667,1169.02008211144,0,0,15.9763641610157,666.169532085562,0,416.547385579937,79727.1696,846.001375212224,19.4920517133469,2264.97640909091,2109.18438095238,11073.218,5401.56975609756,0,521.092611764706,630.55338184119,1533.2148,691.835904199931,0,747.909658536585,12.1024654506594,1116.62702521008,77.3239414982348,0,8.0568302679979,77.3239414982348,1059.6380861244,4995.43669172932,244.952591864323,618.999763975155,0,77.3239414982348,846.001375212224,0,6711.04121212121,0,15.9763641610157,846.001375212224,846.001375212224,49.0206404328578,58.8583522324592,0,118.953165433278,846.001375212224,179.695207356653,74.2476900726392,846.001375212224,846.001375212224,0,14.0700633201799,3114.3425625,186.889755274262,0,811.224761904762,846.001375212224,4995.43669172932,1969.54470355731,407.020469675311,384.264360902256,74.2476900726392,74.2476900726392,14.0700633201799,811.224761904762,811.224761904762,0,883.10998670802,811.224761904762,14.0700633201799,186.889755274262,66.1482556750299,87.971895661385,666.169532085562,244.952591864323,0,431.70440545809,244.952591864323,244.952591864323,49.0206404328578,407.020469675311,186.889755274262,14.0700633201799,79.2926459004654,666.169532085562,929.221090909091,4613.84083333333,73.6006513791958,74.2476900726392,49.0206404328578,0,14.0700633201799
"83",0,95.7154840568575,1324.5476076555,6.04346574236133,6.04346574236133,0,0,520.357988721804,1030.59407138536,931.587192085072,349.680568421053,481.035264702475,21.5271059457423,43.415209421974,0,1010.24817533047,19.8790572369618,0,0,34507.9508310249,76.6062569565909,203.286897384536,862.698770775623,16.3851322201543,202.86233471209,0,47.3155131550461,47.3155131550461,0,0,0,0,0,10927.5177631579,214.615733482643,214.615733482643,0,1428.43369453044,97.4909580743428,0,34.6190963508883,0,50.9203996419287,622.059834714871,349.680568421053,126.819921089853,0,64.7556608187135,64.7556608187135,143.092768614027,1076.60273528649,862.698770775623,970.975291802256,123.965034182166,0,97.4909580743428,0,0,113.606422488971,113.606422488971,0,0,74.4349628381482,0,3.783548189679,0,593.886834954233,0,0,3152.16858552632,1055.3739489569,18.3466347689313,208.143195488722,1539.08700889548,622.059834714871,0,0,18.140830133782,367.929891015417,0,121.551921725894,846.001375212224,34507.9508310249,12.3405056613867,1150.26502770083,1076.60273528649,5082.56640146879,1324.5476076555,0,292.179619335773,245.080297463592,2480.3949525453,381.192480110159,7995.74470474968,410.038189987163,62.7958113005913,208.143195488722,47.3155131550461,0,18.3466347689313,47.3155131550461,567.663260423787,1232.42681539375,143.092768614027,343.452627443412,0,47.3155131550461,34507.9508310249,0,3167.39645308924,0,18.140830133782,34507.9508310249,34507.9508310249,92.0212022160665,74.4349628381482,0,144.321167904353,34507.9508310249,214.615733482643,126.819921089853,34507.9508310249,34507.9508310249,0,6.04346574236133,3152.16858552632,113.606422488971,0,896.616842105263,34507.9508310249,1232.42681539375,1010.24817533047,231.515206846566,0,126.819921089853,126.819921089853,6.04346574236133,896.616842105263,896.616842105263,0,970.975291802256,896.616842105263,6.04346574236133,113.606422488971,293.581363815411,388.451752901085,367.929891015417,143.092768614027,0,244.737239936347,143.092768614027,143.092768614027,30.403480908392,231.515206846566,113.606422488971,6.04346574236133,97.4909580743428,367.929891015417,523.996855775803,2230.10566595059,136.764928199723,126.819921089853,30.403480908392,0,6.04346574236133
"84",0,3.97503757299212,27.6553896103896,0.80040120923362,0.80040120923362,0,0,13.5157919148521,9.46354474690879,6.2358938182539,4.52796051555497,7.64213647712703,5.30191727539688,1.53461068187623,0,22.3520349849101,2.48411238295312,0,0,12.3405056613867,2.3055353876301,4.1284074007548,11.6559098862233,2.13837397773888,13.6641916571604,0,2.3811378373481,2.3811378373481,0,0,0,0,0,173.961321742773,4.29203664298772,4.29203664298772,0,29.3725543247602,7.30467894260336,0,1.88850013097982,0,1.09130665655374,15.4403540008379,4.52796051555497,1.02175084767449,0,6.00590363696628,6.00590363696628,5.30543809342098,23.4878091203222,0,12.7108759601492,4.78679298244805,0,7.30467894260336,0,0,2.71131270690094,2.71131270690094,0,0,1.16858823221504,0,0.310347264954497,0,14.9137195078152,0,0,31.3049592145471,13.5157919148521,0.46852094136475,6.94054179411322,0,15.4403540008379,0,0,0.463968698295304,10.4755263675718,0,4.71976279890248,19.4920517133469,12.3405056613867,525.272822145387,24.7376191469081,23.4878091203222,86.1469804157504,0,0,8.86099404210643,9.46354474690879,18.6860740610741,10.7497693834405,0,11.3389423339486,1.17319818144147,6.94054179411322,2.3811378373481,0,0.46852094136475,2.3811378373481,28.9235772272779,26.1194751728736,5.30543809342098,9.96329777194108,0,2.3811378373481,12.3405056613867,0,56.8860862239027,0,0.463968698295304,12.3405056613867,12.3405056613867,3.43344713966,1.16858823221504,525.272822145387,3.22600257668553,12.3405056613867,4.29203664298772,1.02175084767449,12.3405056613867,12.3405056613867,0,0.80040120923362,31.3049592145471,2.71131270690094,525.272822145387,11.9893307559493,12.3405056613867,26.1194751728736,22.3520349849101,7.49208248683797,0,1.02175084767449,1.02175084767449,0.80040120923362,11.9893307559493,11.9893307559493,0,12.7108759601492,11.9893307559493,0.80040120923362,2.71131270690094,4.26780703864037,2.60967237508112,10.4755263675718,5.30543809342098,0,7.7975722585685,5.30543809342098,5.30543809342098,1.7132693976573,7.49208248683797,2.71131270690094,0.80040120923362,7.30467894260336,10.4755263675718,0,525.272822145387,2.29872164280732,1.02175084767449,1.7132693976573,0,0.80040120923362
"85",0,209.367567226891,3740.95202702703,11.7962215241265,11.7962215241265,0,5392.80097402597,1318.24023809524,545.478719211823,410.321813241107,253.972889908257,557.875962830273,88.0955412548839,43.1353119400272,0,2762.16635254989,40.4053395932665,0,0,1150.26502770083,64.8888959787478,446.700860600627,1055.70934322034,33.1048903800159,469.02749435241,0,99.5315616011505,99.5315616011505,0,0,0,0,0,37749.6068181818,234.557903408021,234.557903408021,0,4071.03602941176,205.440037105751,0,71.8169621238326,0,68.4292300086516,1607.40261290323,253.972889908257,31.2543786692759,0,138.415225,138.415225,321.812716352364,2966.04053571429,0,1202.44886583012,557.127470930233,0,205.440037105751,0,0,119.840021645022,119.840021645022,0,0,37.3355219385003,0,4.36564578587699,0,1526.63851102941,0,0,4449.06080357143,1318.24023809524,10.1419606366523,482.283013937282,0,1607.40261290323,0,0,15.0618685616869,1826.59387829912,0,270.16634677944,2264.97640909091,1150.26502770083,24.7376191469081,124573.7025,2966.04053571429,16609.827,0,4071.03602941176,1416.01253196931,545.478719211823,4355.72386363636,934.536402850713,0,1012.79432926829,15.3112305035582,976.474250440917,200.255117952015,0,10.1419606366523,99.5315616011505,1451.90795454545,7088.11963015647,321.812716352364,1692.57747961957,0,200.255117952015,1150.26502770083,0,9886.80178571428,0,15.0618685616869,1150.26502770083,1150.26502770083,126.086743421053,37.3355219385003,0,310.502748005982,1150.26502770083,234.557903408021,31.2543786692759,1150.26502770083,1150.26502770083,0,11.7962215241265,4449.06080357143,119.840021645022,0,1101.4474137931,1150.26502770083,7088.11963015647,2762.16635254989,541.389406779661,0,31.2543786692759,31.2543786692759,11.7962215241265,1101.4474137931,1101.4474137931,0,1202.44886583012,1101.4474137931,11.7962215241265,119.840021645022,257.75647113594,113.444770512704,1826.59387829912,321.812716352364,0,575.132513850416,321.812716352364,321.812716352364,126.086743421053,541.389406779661,119.840021645022,11.7962215241265,205.440037105751,1826.59387829912,0,6697.51088709677,190.457825937392,31.2543786692759,126.086743421053,0,11.7962215241265
"86",0,197.736035714286,3469.05325814536,5.60025213197852,5.60025213197852,0,0,1232.64022263451,254.896597762534,386.391862656152,239.680043290043,524.498768472906,41.6133078790521,40.9638744682163,0,2568.00046382189,38.3326994486588,0,0,1076.60273528649,40.9638744682163,209.078546882671,988.680178571429,31.4178408284863,441.375079719388,0,286.078739931451,286.078739931451,0,112992.020408163,112992.020408163,112992.020408163,0,34388.8757763975,221.428931370981,221.428931370981,0,3772.38859868272,96.65698922854,0,68.0499133491476,0,32.3534234407961,1500.84277582001,239.680043290043,29.6644842237236,0,130.914892610837,130.914892610837,303.392459860814,2755.90293678447,0,1125.09835399309,260.293158026703,0,96.65698922854,0,0,113.397009728623,113.397009728623,0,0,35.4254554063306,0,1.38276948051948,0,1425.98102678571,0,0,4119.50074404762,2510.93378684807,4.81593903960883,453.783214490616,0,1500.84277582001,0,0,9.53634124496194,842.625152191559,0,254.896597762534,2109.18438095238,1076.60273528649,23.4878091203222,2966.04053571429,112992.020408163,15210.4642857143,0,0,655.297550005918,254.896597762534,1983.97360248447,875.907134947002,0,948.753470040555,29.1642485782061,453.783214490616,189.583926859334,0,4.81593903960883,286.078739931451,1356.679490321,3202.2030075188,303.392459860814,781.565358554489,0,189.583926859334,1076.60273528649,0,9091.31198686371,0,9.53634124496194,1076.60273528649,1076.60273528649,180.123919172932,35.4254554063306,0,293.558385323695,1076.60273528649,221.428931370981,29.6644842237236,1076.60273528649,1076.60273528649,0,5.60025213197852,4119.50074404762,113.397009728623,0,1031.21791767554,1076.60273528649,3202.2030075188,2568.00046382189,1031.21791767554,0,29.6644842237236,29.6644842237236,5.60025213197852,1031.21791767554,1031.21791767554,0,1125.09835399309,1031.21791767554,5.60025213197852,113.397009728623,161.846560846561,107.363125133317,842.625152191559,303.392459860814,0,540.631676594083,303.392459860814,303.392459860814,59.4694844253491,1031.21791767554,113.397009728623,5.60025213197852,96.65698922854,842.625152191559,0,6179.25111607143,180.333821900853,29.6644842237236,59.4694844253491,0,5.60025213197852
"87",0,790.944142857143,20060.1775362319,20.0560113116599,20.0560113116599,0,0,5932.08107142857,1037.5953898051,1626.5008813161,971.334912280702,2272.82799671593,154.982896652111,74.6737294993526,0,13981.3358585859,142.412262500857,0,0,5082.56640146879,74.6737294993526,839.388872043663,4613.84083333333,116.071467505241,1880.64164402174,0,361.932951276911,361.932951276911,0,0,0,0,0,346038.0625,892.425693101225,892.425693101225,0,22205.6510695187,371.684277658432,0,257.804479418886,0,119.622526142944,7441.67876344086,971.334912280702,109.42780061665,0,511.0716,511.0716,1251.49389692586,15210.4642857143,0,5344.21718146718,1061.19518272425,0,371.684277658432,0,0,439.413412698413,439.413412698413,0,0,131.311284508111,0,4.89532183908046,0,7014.28505067568,0,0,24717.0044642857,5932.08107142857,17.2185367097636,1938.58858543417,0,7441.67876344086,0,0,34.0924199507389,3852.00069573284,0,1037.5953898051,11073.218,5082.56640146879,86.1469804157504,16609.827,15210.4642857143,1384152.25,0,0,2907.88287815126,2097.99507389163,10303.8629032258,4023.69840116279,0,4403.45360551432,52.8282222052593,1938.58858543417,361.932951276911,0,17.2185367097636,361.932951276911,6622.73803827751,18212.5296052632,1251.49389692586,3540.03132992327,0,361.932951276911,5082.56640146879,0,65912.0119047619,0,34.0924199507389,5082.56640146879,5082.56640146879,224.154210526316,131.311284508111,0,572.200186027284,5082.56640146879,892.425693101225,109.42780061665,5082.56640146879,5082.56640146879,0,20.0560113116599,24717.0044642857,439.413412698413,0,4839.69318181818,5082.56640146879,18212.5296052632,13981.3358585859,2199.39446504237,0,109.42780061665,109.42780061665,20.0560113116599,4839.69318181818,4839.69318181818,0,5344.21718146718,4839.69318181818,20.0560113116599,439.413412698413,306.975438012863,414.913744004796,3852.00069573284,1251.49389692586,0,2350.00382003396,1251.49389692586,1251.49389692586,224.154210526316,2199.39446504237,439.413412698413,20.0560113116599,371.684277658432,3852.00069573284,0,40710.3602941177,343.547344254157,109.42780061665,224.154210526316,0,20.0560113116599
"88",0,0,0,19.750279431909,19.750279431909,0,0,0,0,0,580.357337526205,636.39183908046,49.1409184506692,24.0329244365733,0,0,90.8459922881286,0,0,1324.5476076555,0,0,0,74.3518297186598,0,34388.8757763975,111.92304115792,111.92304115792,0,0,0,0,0,0,0,0,0,0,0,0,0,25166.4045454545,0,0,580.357337526205,34.9665845648604,0,0,0,0,0,1214.16864035088,0,0,0,0,0,0,134.907626705653,134.907626705653,0,0,41.7958223872935,0,1.61690584662111,0,0,18641.7811447811,0,0,0,5.64236957531979,0,1450.89334381551,0,0,0,33.7071948665498,0,0,617.856154447048,5401.56975609756,1324.5476076555,0,0,0,0,153794.694444444,0,0,305.957614942529,0,0,0,0,34.2739197721926,0,0,0,5.64236957531979,111.92304115792,0,4047.22880116959,0,0,0,0,1324.5476076555,0,0,0,33.7071948665498,1324.5476076555,1324.5476076555,0,41.7958223872935,0,0,1324.5476076555,0,34.9665845648604,1324.5476076555,1324.5476076555,0,19.750279431909,0,134.907626705653,0,3943.4537037037,1324.5476076555,4047.22880116959,0,617.373884924175,568.615487316422,34.9665845648604,34.9665845648604,19.750279431909,3943.4537037037,3943.4537037037,25166.4045454545,0,3943.4537037037,19.750279431909,134.907626705653,289.632192927391,387.971293095394,0,0,0,0,0,0,0,617.373884924175,134.907626705653,19.750279431909,0,0,1417.82560819462,0,0,34.9665845648604,0,0,19.750279431909
"89",0,0,0,6.96007698486827,6.96007698486827,0,0,1642.09856648542,327.100317060202,0,0,0,52.2439344296671,25.519959089794,0,0,0,0,0,0,25.519959089794,267.415923836919,0,0,0,0,0,0,0,0,0,0,0,0,0,0,2859.65457675753,0,122.329866916092,0,85.8038681881816,0,122.513936935276,0,0,0,0,0,0,0,0,0,0,334.147964110405,0,122.329866916092,0,0,0,0,0,0,0,0,1.71331888074379,0,0,0,0,0,0,5.98271190762971,0,0,0,0,0,5.9149109299861,1110.28255347594,0,0,0,0,0,4071.03602941176,0,0,0,172420.349480969,0,327.100317060202,2684.19957983193,0,0,0,0,588.938304435698,119.224972185335,0,5.98271190762971,0,0,0,0,0,0,119.224972185335,0,0,0,0,5.9149109299861,0,0,74.8887568006252,0,0,185.374774928945,0,0,0,0,0,0,6.96007698486827,0,0,0,0,0,0,0,0,0,0,0,6.96007698486827,0,0,0,0,0,6.96007698486827,0,101.648839685687,0,1110.28255347594,0,0,0,0,0,74.8887568006252,0,0,6.96007698486827,122.329866916092,1110.28255347594,1522.67321619557,0,113.359861591696,0,74.8887568006252,0,6.96007698486827
"90",0,65.1365764705882,798.242358708189,8.8619584865474,8.8619584865474,0,0,328.419713297084,972.715641021546,118.99264974532,316.96630885931,155.978391931485,30.6948775426101,23.3652395888088,0,616.823640819964,14.1455697334456,0,0,292.179619335773,47.103328745524,425.605625261576,271.402401960784,11.7046857988478,133.915658862229,0,32.951625478359,32.951625478359,0,0,0,0,0,6144.96004439512,72.1814898831873,72.1814898831873,0,857.81268398492,67.8223411813705,0,24.3173958301308,0,24.15149294423,389.107386323705,316.96630885931,33.4479698421425,0,44.6650810084034,44.6650810084034,95.8736774662765,655.297550005918,832.711915106952,1257.46286622757,83.5369910276012,0,67.8223411813705,0,0,159.063678804855,159.063678804855,0,0,13.1233784241827,2105.70829107505,2.23185117254029,0,372.350856348637,2960.75347593583,0,925.235461229947,328.419713297084,43.0821639728342,137.24520958826,315.584188326493,787.942457305503,0,0,28.7665067086756,236.230330526795,0,81.9740453946492,521.092611764706,292.179619335773,8.86099404210643,1416.01253196931,655.297550005918,2907.88287815126,0,0,19157.8166089965,165.153591456867,1523.4646263911,244.32324257535,9217.44006659268,1083.20249119603,98.4974797191518,137.24520958826,66.2360956585197,0,43.0821639728342,32.951625478359,356.717286257329,745.269753668058,95.8736774662765,221.251958120205,0,66.2360956585197,292.179619335773,0,1840.01628447989,0,28.7665067086756,292.179619335773,292.179619335773,21.4265054179567,13.1233784241827,0,99.1625542534074,292.179619335773,72.1814898831873,33.4479698421425,292.179619335773,292.179619335773,0,8.8619584865474,925.235461229947,159.063678804855,0,281.48909451421,292.179619335773,745.269753668058,616.823640819964,151.92795009467,153.382833133253,33.4479698421425,33.4479698421425,8.8619584865474,281.48909451421,281.48909451421,0,1257.46286622757,281.48909451421,8.8619584865474,159.063678804855,144.979915577342,37.1911479219985,236.230330526795,95.8736774662765,0,160.198171349209,95.8736774662765,95.8736774662765,21.4265054179567,151.92795009467,159.063678804855,8.8619584865474,67.8223411813705,236.230330526795,341.625401069519,1313.2374288425,31.4578269441651,33.4479698421425,21.4265054179567,0,8.8619584865474
"91",0,61.9192059645853,305.957614942529,6.17932146102556,6.17932146102556,0,0,135.242657655824,76.550742471587,162.760061145898,72.7304958949097,138.112528375311,23.9722360801546,16.7185561297901,0,241.057514803204,14.7929297787183,0,0,245.080297463592,38.0766137772603,97.8674013508709,113.641399835796,18.5787745636291,181.403923724371,0,16.3573512829477,16.3573512829477,0,0,0,0,0,2145.14103060829,33.8506297383223,33.8506297383223,0,327.100317060202,67.7613315791084,0,12.3037669474859,0,38.4992038161198,157.913607712273,72.7304958949097,23.5729783583329,0,43.6382975369458,43.6382975369458,43.9395976350145,254.896597762534,113.641399835796,253.767237559776,117.527904618142,0,67.7613315791084,0,0,19.1973405454136,19.1973405454136,0,0,13.773721356622,0,3.19955675756893,0,151.682376899474,536.787868015383,0,350.951381845842,135.242657655824,9.67414964445561,61.0155166903605,0,157.913607712273,0,0,6.35459831327846,201.815593788729,0,76.550742471587,630.55338184119,245.080297463592,9.46354474690879,545.478719211823,254.896597762534,2097.99507389163,305.957614942529,327.100317060202,165.153591456867,6583.36385255648,600.789498432602,103.254489845396,0,221.739316752773,50.0193356408418,790.548868422931,66.2754750257364,0,9.67414964445561,16.3573512829477,145.849924922947,287.094062743065,43.9395976350145,94.3268536186452,0,66.2754750257364,245.080297463592,0,669.886146400484,0,6.35459831327846,245.080297463592,245.080297463592,44.1683173450869,13.773721356622,0,47.8210449338243,245.080297463592,33.8506297383223,23.5729783583329,245.080297463592,245.080297463592,0,6.17932146102556,350.951381845842,19.1973405454136,0,236.870411568409,245.080297463592,287.094062743065,241.057514803204,66.949462907354,35.559238540536,23.5729783583329,23.5729783583329,6.17932146102556,236.870411568409,236.870411568409,0,253.767237559776,236.870411568409,6.17932146102556,19.1973405454136,57.7226157896109,18.3134342181427,201.815593788729,43.9395976350145,0,70.2677775944564,43.9395976350145,43.9395976350145,55.4133760809224,66.949462907354,19.1973405454136,6.17932146102556,67.7613315791084,201.815593788729,73.8559194290669,984.111091361536,47.3858405867803,23.5729783583329,55.4133760809224,0,6.17932146102556
"92",0,153.32148,2476.12209302326,22.5822390901678,22.5822390901678,0,0,912.627857142857,600.789498432602,295.485430157262,959.218468468468,398.113523057748,66.1587068712567,65.6100408240117,0,1853.49951644101,60.9802726824379,0,0,2480.3949525453,32.6202033956002,837.200113576795,1497.280078125,50.0494483253901,680.581853693182,0,148.699887496605,148.699887496605,0,0,0,0,0,22815.6964285714,345.567706455103,345.567706455103,0,2684.19957983193,230.07424969988,0,53.6029115623427,0,51.529703569268,1103.98531105991,959.218468468468,143.758654314968,0,102.21432,102.21432,233.266613924051,1983.97360248447,3927.29200819672,3511.71507100321,405.183615221987,0,230.07424969988,0,0,178.571488469602,178.571488469602,0,0,28.0907352035881,0,5.5800340651022,0,1050.72286184211,9955.94025974026,0,2921.52210365854,912.627857142857,31.2060327281609,345.69237012987,3671.49137931035,1103.98531105991,0,0,42.6016932198458,1281.0952540107,0,196.68703817734,1533.2148,2480.3949525453,18.6860740610741,4355.72386363636,1983.97360248447,10303.8629032258,0,2684.19957983193,1523.4646263911,600.789498432602,73712.25,655.444083447332,16521.7112068966,2191.1415777439,46.7717322335025,699.331691297209,148.699887496605,0,31.2060327281609,148.699887496605,1001.315830721,2292.48624401914,233.266613924051,586.80909369259,0,148.699887496605,2480.3949525453,0,6263.13235294118,0,42.6016932198458,2480.3949525453,2480.3949525453,94.2704623708805,28.0907352035881,0,228.756087371688,2480.3949525453,345.567706455103,143.758654314968,2480.3949525453,2480.3949525453,10303.8629032258,22.5822390901678,2921.52210365854,178.571488469602,0,767.8359375,2480.3949525453,2292.48624401914,1853.49951644101,782.731672452522,554.227443609023,143.758654314968,143.758654314968,22.5822390901678,767.8359375,767.8359375,0,3511.71507100321,767.8359375,22.5822390901678,178.571488469602,390.011904761905,84.0725785225478,1281.0952540107,233.266613924051,0,410.038189987163,233.266613924051,233.266613924051,94.2704623708805,782.731672452522,178.571488469602,22.5822390901678,230.07424969988,1281.0952540107,1810.17095631641,4316.48310810811,141.539714190761,143.758654314968,94.2704623708805,0,22.5822390901678
"93",0,81.6074041925974,1072.98624031008,5.3015822030958,5.3015822030958,0,0,429.990775337619,103.254489845396,151.302407564288,399.250694068866,823.906960209658,18.6729586286418,37.8484572396467,2524.67350661195,823.029218419662,17.2549492924982,0,0,381.192480110159,28.3098298760161,173.139868449856,715.324160206718,14.2440555532528,170.817384955024,0,81.8668413659402,81.8668413659402,0,0,0,0,0,8583.88992248062,90.6465221788864,90.6465221788864,691.835904199931,1155.35906234784,41.7098635689049,0,29.8951355554236,0,14.6532774368054,512.074741288062,399.250694068866,54.4202657807309,0,284.374267370524,284.374267370524,121.228699606118,875.907134947002,353.300347419172,396.450612225414,105.271179100189,0,41.7098635689049,0,0,97.5442036645525,97.5442036645525,0,0,32.0959739519425,0,1.99568049288442,0,489.368724465745,0,2182.34489554592,1248.73398656776,429.990775337619,23.097969693739,175.1814269894,0,512.074741288062,0,0,2.25606862975206,306.243430109642,0,314.641634410775,691.835904199931,381.192480110159,10.7497693834405,934.536402850713,875.907134947002,4023.69840116279,0,0,244.32324257535,103.254489845396,655.444083447332,26949.4218496485,0,340.53045534378,20.3307411787682,175.1814269894,81.8668413659402,0,23.097969693739,81.8668413659402,468.212177589852,3101.22695682841,121.228699606118,286.271032493795,0,81.8668413659402,381.192480110159,0,2524.67350661195,0,2.25606862975206,381.192480110159,381.192480110159,26.2891365593213,32.0959739519425,0,61.378450187229,381.192480110159,90.6465221788864,54.4202657807309,381.192480110159,381.192480110159,0,5.3015822030958,1248.73398656776,97.5442036645525,0,366.832902670112,381.192480110159,3101.22695682841,823.029218419662,194.466376830825,0,54.4202657807309,54.4202657807309,5.3015822030958,366.832902670112,366.832902670112,0,396.450612225414,366.832902670112,5.3015822030958,97.5442036645525,35.0649098140548,92.6319056382801,306.243430109642,121.228699606118,0,205.356218241163,121.228699606118,121.228699606118,52.8058846905848,194.466376830825,97.5442036645525,5.3015822030958,41.7098635689049,306.243430109642,0,1788.3104005168,78.0826857715035,54.4202657807309,52.8058846905848,0,5.3015822030958
"94",0,0,0,0,0,0,0,0,0,0,1488.33575268817,0,0,0,0,0,0,0,0,7995.74470474968,0,2594.47469540768,14830.2026785714,0,0,0,0,0,0,0,0,0,0,0,0,0,0,0,564.960102040816,0,0,0,0,0,1488.33575268817,331.864675324675,0,0,0,0,0,14830.2026785714,17265.9324324324,0,0,564.960102040816,0,0,1347.10681265207,1347.10681265207,0,0,0,0,7.35425364543361,0,0,80892.0146103896,0,0,0,25.9021296835364,0,0,0,0,0,51.2851589516846,0,0,0,0,7995.74470474968,0,0,0,0,0,0,9217.44006659268,0,16521.7112068966,0,3114342.5625,0,79.6415390172486,0,0,0,25.9021296835364,0,0,0,0,0,0,0,7995.74470474968,0,0,0,51.2851589516846,7995.74470474968,7995.74470474968,0,0,0,0,7995.74470474968,0,331.864675324675,7995.74470474968,7995.74470474968,0,0,0,1347.10681265207,0,0,7995.74470474968,0,0,0,0,331.864675324675,331.864675324675,0,0,0,0,17265.9324324324,0,0,1347.10681265207,466.044528619529,0,0,0,0,0,0,0,0,0,1347.10681265207,0,564.960102040816,0,7947.28564593301,0,0,331.864675324675,0,0,0
"95",0,86.8109425087108,1164.13141295206,11.1859989702847,11.1859989702847,0,0,462.991693379791,109.996668940352,161.594627725296,316.498227896341,654.823919785534,19.7294393779638,29.8517229170523,0,891.021404048351,18.2263792552894,0,0,410.038189987163,29.8517229170523,278.431430726678,379.79787347561,15.0368474496994,182.595131478659,0,86.7737537571006,86.7737537571006,0,0,0,0,0,9421.34259784458,96.4872336552835,96.4872336552835,0,1254.23446349015,44.21234657943,0,31.6424066005871,0,15.4701848897284,552.182278565175,316.498227896341,42.9438251341631,0,301.951104378125,301.951104378125,129.27913999808,948.753470040555,769.210882988577,1313.89534607779,112.158840450531,0,44.21234657943,0,0,51.4435214866434,51.4435214866434,0,0,16.8890537252394,0,2.79696955324078,0,527.497046493902,4419.46616407982,3617.12260452962,1356.42097669861,462.991693379791,7.21763319614747,771.652822299652,444.20803915276,552.182278565175,0,0,9.52904294367307,328.829327684511,0,109.996668940352,747.909658536585,410.038189987163,11.3389423339486,1012.79432926829,948.753470040555,4403.45360551432,0,0,1083.20249119603,221.739316752773,2191.1415777439,340.53045534378,0,29642.760856633,14.2478188429438,187.294374344576,265.980419125026,0,7.21763319614747,86.7737537571006,504.505269872126,1084.16877352538,129.27913999808,307.217693407976,0,265.980419125026,410.038189987163,0,2755.90293678447,0,9.52904294367307,410.038189987163,410.038189987163,55.865465186024,16.8890537252394,0,403.906013666318,410.038189987163,96.4872336552835,42.9438251341631,410.038189987163,410.038189987163,0,11.1859989702847,1356.42097669861,51.4435214866434,0,394.467119481321,410.038189987163,1084.16877352538,891.021404048351,208.072794919012,205.46968641115,42.9438251341631,42.9438251341631,11.1859989702847,394.467119481321,394.467119481321,0,1313.89534607779,394.467119481321,11.1859989702847,51.4435214866434,74.6485593711659,48.8466378008099,328.829327684511,129.27913999808,0,219.814287415799,129.27913999808,129.27913999808,27.8112859295641,208.072794919012,51.4435214866434,11.1859989702847,44.21234657943,328.829327684511,470.155974902109,1947.68140243902,41.1579530333554,42.9438251341631,27.8112859295641,0,11.1859989702847
"96",0,7.72733792012571,34.2739197721926,2.90150417452948,2.90150417452948,28.4587677676397,0,8.44264111878444,124.695493901478,28.1367705223664,44.9434129208923,14.5692455217791,6.27584180028736,7.52351139593812,0,13.8522194917186,5.91719590222664,0,0,62.7958113005913,10.2827919311744,69.9475487585676,14.6378199027073,5.86480080964048,13.0292682650471,45.1681299854967,3.13788197246935,3.13788197246935,0,0,0,0,0,106.456872019689,8.32227005655127,8.32227005655127,12.1024654506594,18.1450163499843,9.64873270718221,0,3.77389484242632,63.5531477182869,5.99149692761242,19.2893714572395,44.9434129208923,24.8829978451313,0,9.84208279839618,9.84208279839618,3.39172827610467,14.5469017666656,36.8504556991232,48.2559353740124,12.3579015008199,0,9.64873270718221,0,0,7.13767980017726,7.13767980017726,0,39.4235548501842,9.65923387695117,39.4235548501842,1.28006846112744,0,46.9383773602252,28.4587677676397,17.0952641199501,19.3262169864595,8.44264111878444,32.2752749663085,22.2065535818568,32.9866364004671,29.0026213024134,0,18.1450163499843,11.3347909712434,19.8230037553904,0,6.06967407959066,12.1024654506594,62.7958113005913,1.17319818144147,15.3112305035582,29.1642485782061,52.8282222052593,34.2739197721926,0,98.4974797191518,50.0193356408418,46.7717322335025,20.3307411787682,79.6415390172486,14.2478188429438,320.991786698962,26.7069504718384,4.71553929751644,0,32.2752749663085,3.13788197246935,8.99635538194557,16.1562038783075,3.39172827610467,18.8743553814632,0,4.71553929751644,62.7958113005913,0,34.9559878273607,0,11.3347909712434,62.7958113005913,62.7958113005913,5.74814853010594,9.65923387695117,0.62012495567112,6.31701062032854,62.7958113005913,8.32227005655127,24.8829978451313,62.7958113005913,62.7958113005913,0,2.90150417452948,19.3262169864595,7.13767980017726,0.62012495567112,68.8338700794943,62.7958113005913,16.1562038783075,13.8522194917186,9.50586372726452,8.65013660750017,24.8829978451313,24.8829978451313,2.90150417452948,68.8338700794943,68.8338700794943,63.5531477182869,48.2559353740124,68.8338700794943,2.90150417452948,7.13767980017726,33.6880408017278,52.3531482645646,19.8230037553904,3.39172827610467,0,4.93063407249087,3.39172827610467,3.39172827610467,4.59059034335357,9.50586372726452,7.13767980017726,2.90150417452948,9.64873270718221,19.8230037553904,15.4672764728158,26.0227909381463,12.2687391523291,24.8829978451313,4.59059034335357,0,2.90150417452948
"97",0,98.2539307897072,549.266765873016,10.606781258561,10.606781258561,0,0,232.973237954976,185.536979323749,87.5035007033016,57.8175543024227,113.641399835796,35.853680490948,18.3342149154421,0,428.000077303649,33.204579121079,0,0,208.143195488722,43.2220036378682,155.810127294729,193.858858543417,27.5510296495957,197.736035714286,0,76.1964107951392,76.1964107951392,0,0,0,0,0,4056.12380952381,53.9378166160081,53.9378166160081,363.652479474548,588.938304435698,158.252129423198,0,56.5646959062535,0,37.8804666119321,554.659286716089,57.8175543024227,8.64845161945375,0,33.8371825821238,33.8371825821238,143.027873934384,453.783214490616,0,215.927966927967,188.979964046785,0,158.252129423198,0,0,29.7403325007386,29.7403325007386,0,0,10.2137701010749,0,3.14080383480826,0,531.548483102919,0,0,633.769345238095,232.973237954976,4.55977206941687,100.437351473923,224.190516682864,554.659286716089,0,0,13.6369679802956,342.400061842919,0,61.0155166903605,1116.62702521008,208.143195488722,6.94054179411322,976.474250440917,453.783214490616,1938.58858543417,0,588.938304435698,137.24520958826,790.548868422931,699.331691297209,175.1814269894,0,187.294374344576,26.7069504718384,12554.6689342404,50.5557138291558,0,4.55977206941687,76.1964107951392,252.294782410572,513.933816021535,143.027873934384,159.207758224063,0,50.5557138291558,208.143195488722,0,1237.78426112229,0,13.6369679802956,208.143195488722,208.143195488722,49.9543669172932,10.2137701010749,0,74.8929213954306,208.143195488722,53.9378166160081,8.64845161945375,208.143195488722,208.143195488722,0,10.606781258561,633.769345238095,29.7403325007386,0,200.798208392268,208.143195488722,513.933816021535,428.000077303649,110.792007684149,0,8.64845161945375,8.64845161945375,10.606781258561,200.798208392268,200.798208392268,0,215.927966927967,200.798208392268,10.606781258561,29.7403325007386,43.7880829794133,28.3096797615213,342.400061842919,143.027873934384,0,235.190051399686,143.027873934384,143.027873934384,66.8733158196697,110.792007684149,29.7403325007386,10.606781258561,158.252129423198,342.400061842919,0,890.702863577864,147.701987461651,8.64845161945375,66.8733158196697,0,10.606781258561
"98",0,40.7836642658373,111.92304115792,5.33734529216044,5.33734529216044,0,0,105.000328722093,32.8545089871172,44.8773546671854,15.6127939766511,84.793622459398,15.6189919893452,8.49034113533895,0,89.4187291390015,21.9780968025498,0,0,47.3155131550461,12.789248039308,56.9866315037686,44.4715488005141,18.5586041609248,24.6481461512283,0,38.3015377808674,38.3015377808674,550.042840427411,550.042840427411,1114.75348993289,1114.75348993289,0,738.247344326414,44.4715488005141,44.4715488005141,0,119.224972185335,23.2935882830581,0,11.6630413259352,0,22.2562802815955,245.180386348875,15.6127939766511,5.83335159567183,0,49.7287802200544,49.7287802200544,18.648639211502,94.2310642377756,0,48.8569827581981,33.3791842479155,0,23.2935882830581,0,0,17.5690069335364,17.5690069335364,0,0,13.6352943542644,0,2.3288721934531,0,58.0600776006711,0,0,127.448950830742,52.213278216997,3.47263210321414,25.1580566448406,0,182.8463898195,0,0,9.27376972615853,79.5873505425668,0,49.4932731951851,77.3239414982348,47.3155131550461,2.3811378373481,200.255117952015,189.583926859334,361.932951276911,0,119.224972185335,66.2360956585197,66.2754750257364,148.699887496605,81.8668413659402,0,265.980419125026,4.71553929751644,50.5557138291558,2244.47011395883,0,3.47263210321414,38.3015377808674,55.9896278218426,105.397430501061,18.648639211502,37.4749044128043,0,2244.47011395883,47.3155131550461,0,236.678023340315,0,9.27376972615853,47.3155131550461,47.3155131550461,53.4996075795658,13.6352943542644,0,110.277005533162,47.3155131550461,44.4715488005141,5.83335159567183,47.3155131550461,47.3155131550461,0,5.33734529216044,127.448950830742,17.5690069335364,0,139.054489388718,47.3155131550461,105.397430501061,179.895668090299,82.9498256254318,30.882449624145,5.83335159567183,5.83335159567183,5.33734529216044,139.054489388718,139.054489388718,0,48.8569827581981,139.054489388718,5.33734529216044,17.5690069335364,33.7313450112832,8.38307590253593,79.5873505425668,18.648639211502,0,28.6201152742718,18.648639211502,18.648639211502,26.3493576252652,82.9498256254318,17.5690069335364,5.33734529216044,23.2935882830581,79.5873505425668,29.9530718298133,174.180232802013,74.8558615318887,5.83335159567183,26.3493576252652,0,5.33734529216044
"99",0,0,0,0,0,0,0,0,0,0,0,7159.40818965517,0,0,0,0,0,0,0,0,0,0,0,0,0,0,0,0,0,0,0,0,0,0,0,0,0,0,0,0,0,0,0,0,0,0,0,0,0,0,0,0,0,0,0,0,0,0,0,0,0,0,0,0,7.35425364543361,0,0,0,0,0,0,0,0,0,0,0,0,0,0,0,0,0,0,0,0,0,0,0,0,0,0,0,0,0,0,0,0,0,3114342.5625,0,0,0,0,0,0,0,0,0,0,0,0,0,0,0,0,0,0,0,0,0,0,0,0,0,0,0,0,0,0,0,0,0,0,0,0,0,0,0,0,0,0,0,0,0,0,0,0,0,0,0,0,0,0,0,0,0,0,0,0,0,0,0,0,0,0
"100",0,5.49678782597185,104.057688613051,1.19235473297768,1.19235473297768,9.32503503240497,0,2.83384181504255,49.5480256922382,13.8960459523015,14.5849376053709,4.98600751421072,4.50196682936251,5.00357151651153,0,4.59058526840694,2.61138349189631,20.6919311839745,20.6919311839745,18.3466347689313,5.00357151651153,24.2915476467558,14.8776695289734,2.57969622116902,7.49083727116253,14.7376014163388,1.73010012302137,1.73010012302137,51.8789052739418,0,0,0,0,34.5859368492945,4.90423628464811,4.90423628464811,20.2269439663571,5.98271190762971,5.3116243314653,0,2.35430792661354,0,5.91409251417635,6.44337349740336,14.5849376053709,10.2212593742861,0,10.0434459505179,10.0434459505179,3.56051822192599,4.81593903960883,32.5487818763215,18.8685873939365,4.32713902531285,0,5.3116243314653,0,0,7.8536245966169,7.8536245966169,21.9491730909057,38.741707596968,4.05113110529621,12.8769528827309,1.01946088513777,0,12.5013750903179,65.8379628581006,5.64236957531979,6.3656223939384,2.83384181504255,104.057688613051,3.03581106348073,11.0509393063584,6.44337349740336,21.9491730909057,5.98271190762971,7.85972579856395,11.1938690026476,0,6.42440295492093,8.0568302679979,18.3466347689313,0.46852094136475,10.1419606366523,4.81593903960883,17.2185367097636,5.64236957531979,5.98271190762971,43.0821639728342,9.67414964445561,31.2060327281609,23.097969693739,25.9021296835364,7.21763319614747,32.2752749663085,4.55977206941687,3.47263210321414,0,104.057688613051,1.73010012302137,6.03612226163973,16.0588582783745,3.56051822192599,2.12400213911366,0,3.47263210321414,18.3466347689313,20.6919311839745,11.429828654005,0,7.85972579856395,18.3466347689313,18.3466347689313,6.11272669951029,4.05113110529621,0.246474165914425,3.7902895315418,18.3466347689313,4.90423628464811,10.2212593742861,18.3466347689313,18.3466347689313,0,1.19235473297768,6.3656223939384,7.8536245966169,0.246474165914425,36.0515998742351,18.3466347689313,16.0588582783745,104.057688613051,3.25894053179295,4.06313648211887,10.2212593742861,10.2212593742861,1.19235473297768,36.0515998742351,36.0515998742351,0,18.8685873939365,36.0515998742351,1.19235473297768,7.8536245966169,17.8663582289562,14.746261948548,11.1938690026476,3.56051822192599,0,3.382320886833,3.56051822192599,3.56051822192599,3.0319124429571,3.25894053179295,7.8536245966169,1.19235473297768,5.3116243314653,11.1938690026476,15.966279494508,8.53578953535221,7.35375005312819,10.2212593742861,3.0319124429571,0,1.19235473297768
"101",2244.47011395883,27.0790321441187,111.92304115792,6.01220169113719,6.01220169113719,0,0,52.213278216997,16.3573512829477,44.8773546671854,15.6127939766511,27.9901278021314,7.76795612236053,6.35440625852412,0,89.4187291390015,18.267260614826,0,0,47.3155131550461,10.6352694221614,14.0722090039918,89.4187291390015,15.4276905005243,24.6481461512283,0,2244.47011395883,2244.47011395883,0,0,0,0,0,738.247344326414,29.5246797015861,29.5246797015861,0,119.224972185335,15.4762389272926,0,35.4264880275282,437.15823134623,9.44466228867988,60.2678044656453,15.6127939766511,8.77091051377864,0,9.80003068072867,9.80003068072867,56.4432146801461,94.2310642377756,0,48.8569827581981,33.3791842479155,0,15.4762389272926,0,0,8.75346281847574,8.75346281847574,147.454165335038,0,10.2005809662915,0,3.78310007895776,0,58.0600776006711,0,0,127.448950830742,105.000328722093,1.73010012302137,50.5557138291558,0,60.2678044656453,147.454165335038,0,0.569309471488849,39.5864165459121,0,32.8545089871172,77.3239414982348,47.3155131550461,2.3811378373481,99.5315616011505,286.078739931451,361.932951276911,111.92304115792,0,32.951625478359,16.3573512829477,148.699887496605,81.8668413659402,0,86.7737537571006,3.13788197246935,76.1964107951392,38.3015377808674,0,1.73010012302137,2244.47011395883,55.9896278218426,105.397430501061,56.4432146801461,37.4749044128043,0,38.3015377808674,47.3155131550461,0,236.678023340315,0,0.569309471488849,47.3155131550461,47.3155131550461,26.3493576252652,10.2005809662915,0,10.654582865422,47.3155131550461,29.5246797015861,8.77091051377864,47.3155131550461,47.3155131550461,0,6.01220169113719,127.448950830742,8.75346281847574,0,45.8557585328213,47.3155131550461,105.397430501061,89.4187291390015,2244.47011395883,15.3766171768755,8.77091051377864,8.77091051377864,6.01220169113719,45.8557585328213,45.8557585328213,437.15823134623,48.8569827581981,45.8557585328213,6.01220169113719,8.75346281847574,13.3615424899063,16.8247747134812,39.5864165459121,56.4432146801461,0,57.5208199139776,56.4432146801461,56.4432146801461,21.016562261107,2244.47011395883,8.75346281847574,6.01220169113719,15.4762389272926,39.5864165459121,0,174.180232802013,36.7978309213998,8.77091051377864,21.016562261107,0,6.01220169113719
"102",0,114.392747933884,1677.7603030303,3.50025214300481,3.50025214300481,0,0,643.916534212057,145.849924922947,437.676600790514,419.440075757576,289.269017763845,25.2636696736983,25.2037901675364,0,1271.03053259871,46.7994505726723,0,0,567.663260423787,25.2037901675364,120.673241646869,524.30009469697,38.5003639145149,245.765669389205,0,55.9896278218426,55.9896278218426,0,0,0,0,0,14380.8025974026,127.489384728746,127.489384728746,0,1812.70620975663,57.3854852250702,0,40.8181080941603,0,19.7453254446311,773.161429967882,419.440075757576,18.1346817117309,0,76.9418737695426,76.9418737695426,172.195720461543,1356.679490321,0,591.454865933127,148.796242878131,0,57.3854852250702,0,0,66.9764592028065,66.9764592028065,0,0,65.2063856599418,0,4.3732167305586,0,737.297008167614,0,0,1966.12535511364,643.916534212057,6.03612226163973,252.294782410572,0,773.161429967882,0,0,8.96494889763984,451.550320791649,0,145.849924922947,1059.6380861244,567.663260423787,28.9235772272779,1451.90795454545,1356.679490321,6622.73803827751,0,0,356.717286257329,145.849924922947,1001.315830721,468.212177589852,0,504.505269872126,8.99635538194557,252.294782410572,55.9896278218426,0,6.03612226163973,55.9896278218426,45757.0991735537,1558.29130312412,172.195720461543,420.842885375494,0,55.9896278218426,567.663260423787,0,4092.09830007391,0,8.96494889763984,567.663260423787,567.663260423787,35.7985839906893,65.2063856599418,15.5527384715647,85.3098459167951,567.663260423787,127.489384728746,18.1346817117309,567.663260423787,567.663260423787,0,3.50025214300481,1966.12535511364,66.9764592028065,15.5527384715647,545.317541613316,567.663260423787,1558.29130312412,1271.03053259871,281.241250275149,0,18.1346817117309,18.1346817117309,3.50025214300481,545.317541613316,545.317541613316,0,591.454865933127,545.317541613316,3.50025214300481,66.9764592028065,48.0458276927349,63.5274631969066,451.550320791649,172.195720461543,0,297.651147787753,172.195720461543,172.195720461543,35.7985839906893,281.241250275149,66.9764592028065,3.50025214300481,57.3854852250702,451.550320791649,0,2859.81869834711,53.3469094763212,18.1346817117309,35.7985839906893,0,3.50025214300481
"103",0,222.254598572703,4047.22880116959,12.4359462236432,12.4359462236432,0,5854.0273731203,1413.80283728188,287.094062743065,883.924591559789,824.718321747766,594.96466950043,46.3660743446758,91.5985632313324,10792.6101364522,2980.23211722488,85.7284343343977,0,0,1232.42681539375,22.702795757909,474.33609389725,2300.53005540166,70.1887933402354,499.734044046855,0,105.397430501061,105.397430501061,0,0,0,0,0,41628.6390977444,249.107547792353,249.107547792353,0,19283.854876161,217.571284482984,0,75.9844781445138,0,72.2898719137213,1726.53341880046,824.718321747766,66.2524760176303,0,146.719119617225,146.719119617225,342.242498128395,3202.2030075188,4768.37138755981,1288.74902366481,293.224984700122,0,217.571284482984,0,0,385.960892296968,385.960892296968,0,0,119.236383867147,12608.6743421053,6.1365411246748,0,1639.12766447368,8221.32997855139,0,4820.96371904025,1413.80283728188,16.0588582783745,513.933816021535,2749.06107249255,1726.53341880046,0,0,31.8880923004462,961.3651991048,0,287.094062743065,4995.43669172932,1232.42681539375,26.1194751728736,7088.11963015647,3202.2030075188,18212.5296052632,4047.22880116959,0,745.269753668058,287.094062743065,2292.48624401914,3101.22695682841,0,1084.16877352538,16.1562038783075,513.933816021535,105.397430501061,0,16.0588582783745,105.397430501061,1558.29130312412,138031.8033241,342.242498128395,1809.94083033671,0,105.397430501061,1232.42681539375,0,10792.6101364522,0,31.8880923004462,1232.42681539375,1232.42681539375,66.3614439058172,119.236383867147,0,163.422498950517,1232.42681539375,249.107547792353,66.2524760176303,1232.42681539375,1232.42681539375,0,12.4359462236432,4820.96371904025,385.960892296968,0,1179.75900277008,1232.42681539375,138031.8033241,2980.23211722488,577.28467161741,264.402083189626,66.2524760176303,66.2524760176303,12.4359462236432,1179.75900277008,1179.75900277008,0,1288.74902366481,1179.75900277008,12.4359462236432,385.960892296968,89.9384178037687,365.180449731895,961.3651991048,342.242498128395,0,613.474681440443,342.242498128395,342.242498128395,133.364061182705,577.28467161741,385.960892296968,12.4359462236432,217.571284482984,961.3651991048,2724.78365003418,7285.01184210526,100.24096101968,66.2524760176303,133.364061182705,0,12.4359462236432
"104",0,144.172096925859,365.019053270042,2.74098585536454,2.74098585536454,0,0,159.482408103826,43.9395976350145,125.223927744815,83.9325248237702,161.111857995053,18.0024809216152,23.5259007142827,0,286.705874568469,16.7033770470482,0,0,143.092768614027,14.0461765935398,37.1577569396544,133.634094078524,13.9192965695825,139.794531039591,0,56.4432146801461,56.4432146801461,0,0,0,0,0,2595.69104547586,118.414190998241,118.414190998241,749.409414713623,390.559086099463,57.7242540542357,0,28.0596522999525,0,14.2998690528154,186.668518511581,83.9325248237702,13.2025729785585,0,75.313781976195,75.313781976195,7984.21422848902,303.392459860814,0,148.238055006024,44.7215629644521,0,57.7242540542357,0,0,21.9354172857115,21.9354172857115,489.715003144901,0,23.3828702150374,0,3.18740949829068,0,179.191171605293,0,0,847.786188240098,321.812716352364,3.56051822192599,71.0067459248714,0,186.668518511581,489.715003144901,0,5.88476754040373,117.502407610028,0,43.9395976350145,244.952591864323,143.092768614027,5.30543809342098,321.812716352364,303.392459860814,1251.49389692586,0,0,95.8736774662765,43.9395976350145,233.266613924051,121.228699606118,0,129.27913999808,3.39172827610467,143.027873934384,18.648639211502,0,3.56051822192599,56.4432146801461,172.195720461543,342.242498128395,7984.21422848902,110.580807161752,0,18.648639211502,143.092768614027,0,805.559289975266,0,5.88476754040373,143.092768614027,143.092768614027,62.874095300103,23.3828702150374,0,27.2722640976579,143.092768614027,118.414190998241,13.2025729785585,143.092768614027,143.092768614027,0,2.74098585536454,847.786188240098,21.9354172857115,0,138.232067510549,143.092768614027,342.242498128395,286.705874568469,78.0345074911089,0,13.2025729785585,13.2025729785585,2.74098585536454,138.232067510549,138.232067510549,0,148.238055006024,138.232067510549,2.74098585536454,21.9354172857115,32.5818959683162,20.9114784355214,117.502407610028,7984.21422848902,0,7984.21422848902,7984.21422848902,7984.21422848902,24.8670579164452,78.0345074911089,21.9354172857115,2.74098585536454,57.7242540542357,117.502407610028,0,584.030485232068,54.0074427648457,13.2025729785585,24.8670579164452,0,2.74098585536454
"105",0,150.451331521739,955.246549344375,7.41200418039605,7.41200418039605,0,1311.44017791346,386.874852484472,94.3268536186452,137.71288926475,89.156344605475,181.327349674677,17.2640421215141,26.2512622652921,0,734.904740133325,48.2172877662477,0,0,343.452627443412,17.4541725995009,78.6445177113781,318.602819693095,39.8155937376815,155.282337579777,0,37.4749044128043,37.4749044128043,0,0,0,0,0,7522.56657608696,82.9059840009583,82.9059840009583,0,1027.75103126805,38.3804417147294,0,27.5678115477305,0,13.5633384288248,459.7833560936,89.156344605475,12.4778213992734,0,50.9764511508951,50.9764511508951,110.580807161752,781.565358554489,0,357.036778825485,96.152102517,0,38.3804417147294,0,0,44.5781723027375,44.5781723027375,0,0,29.6955627823656,0,1.86136019294895,0,439.6305141869,0,0,1109.88687188168,386.874852484472,2.12400213911366,159.207758224063,0,459.7833560936,0,0,6.31823985672928,276.621447128836,0,190.09381187269,618.999763975155,343.452627443412,9.96329777194108,1692.57747961957,781.565358554489,3540.03132992327,0,0,221.251958120205,94.3268536186452,586.80909369259,286.271032493795,0,307.217693407976,18.8743553814632,159.207758224063,37.4749044128043,0,2.12400213911366,37.4749044128043,420.842885375494,1809.94083033671,110.580807161752,23548.9040642722,0,37.4749044128043,343.452627443412,0,2228.90861513688,0,6.31823985672928,343.452627443412,343.452627443412,48.729176201373,29.6955627823656,0,56.3195168429095,343.452627443412,82.9059840009583,12.4778213992734,343.452627443412,343.452627443412,0,7.41200418039605,1109.88687188168,44.5781723027375,0,330.662267080745,343.452627443412,1809.94083033671,734.904740133325,176.540023949889,0,12.4778213992734,12.4778213992734,7.41200418039605,330.662267080745,330.662267080745,0,357.036778825485,330.662267080745,7.41200418039605,44.5781723027375,32.3030234077808,42.3541440004896,276.621447128836,110.580807161752,0,186.317438417014,110.580807161752,110.580807161752,24.2609090023857,176.540023949889,44.5781723027375,7.41200418039605,38.3804417147294,276.621447128836,0,1583.69822654462,35.7578922214472,12.4778213992734,24.2609090023857,0,7.41200418039605
"106",0,0,0,0,0,0,0,0,0,580.053326348874,0,0,0,0,0,0,0,0,0,0,29.0902876658348,0,0,0,0,0,0,0,0,0,0,0,0,0,0,0,0,0,0,0,0,0,0,0,0,0,0,0,0,0,0,0,0,1182.47463217845,0,0,0,0,0,0,0,0,0,0,0,0,0,0,0,0,0,0,0,0,0,0,0,0,0,0,0,0,0,0,0,0,0,0,0,0,0,0,0,0,0,0,0,0,0,0,0,0,0,0,0,221464.36,0,0,0,0,0,0,0,0,0,0,0,0,0,0,0,0,0,0,0,0,0,0,0,0,0,0,0,0,0,0,0,0,0,0,0,0,0,0,234.35382010582,0,0,0,0,0,0,0,0,0,0,0,0,0,0,0,130.013126687801,0,0,0,0
"107",0,40.7836642658373,111.92304115792,5.33734529216044,5.33734529216044,0,0,105.000328722093,32.8545089871172,44.8773546671854,15.6127939766511,84.793622459398,15.6189919893452,8.49034113533895,0,89.4187291390015,21.9780968025498,0,0,47.3155131550461,12.789248039308,56.9866315037686,44.4715488005141,18.5586041609248,24.6481461512283,0,38.3015377808674,38.3015377808674,550.042840427411,550.042840427411,1114.75348993289,1114.75348993289,0,738.247344326414,44.4715488005141,44.4715488005141,0,119.224972185335,23.2935882830581,0,11.6630413259352,0,22.2562802815955,245.180386348875,15.6127939766511,5.83335159567183,0,49.7287802200544,49.7287802200544,18.648639211502,94.2310642377756,0,48.8569827581981,33.3791842479155,0,23.2935882830581,0,0,17.5690069335364,17.5690069335364,0,0,13.6352943542644,0,2.3288721934531,0,58.0600776006711,0,0,127.448950830742,52.213278216997,3.47263210321414,25.1580566448406,0,182.8463898195,0,0,9.27376972615853,79.5873505425668,0,49.4932731951851,77.3239414982348,47.3155131550461,2.3811378373481,200.255117952015,189.583926859334,361.932951276911,0,119.224972185335,66.2360956585197,66.2754750257364,148.699887496605,81.8668413659402,0,265.980419125026,4.71553929751644,50.5557138291558,2244.47011395883,0,3.47263210321414,38.3015377808674,55.9896278218426,105.397430501061,18.648639211502,37.4749044128043,0,2244.47011395883,47.3155131550461,0,236.678023340315,0,9.27376972615853,47.3155131550461,47.3155131550461,53.4996075795658,13.6352943542644,0,110.277005533162,47.3155131550461,44.4715488005141,5.83335159567183,47.3155131550461,47.3155131550461,0,5.33734529216044,127.448950830742,17.5690069335364,0,139.054489388718,47.3155131550461,105.397430501061,179.895668090299,82.9498256254318,30.882449624145,5.83335159567183,5.83335159567183,5.33734529216044,139.054489388718,139.054489388718,0,48.8569827581981,139.054489388718,5.33734529216044,17.5690069335364,33.7313450112832,8.38307590253593,79.5873505425668,18.648639211502,0,28.6201152742718,18.648639211502,18.648639211502,26.3493576252652,82.9498256254318,17.5690069335364,5.33734529216044,23.2935882830581,79.5873505425668,29.9530718298133,174.180232802013,74.8558615318887,5.83335159567183,26.3493576252652,0,5.33734529216044
"108",0,95.7154840568575,1324.5476076555,6.04346574236133,6.04346574236133,0,0,520.357988721804,1030.59407138536,931.587192085072,349.680568421053,481.035264702475,21.5271059457423,43.415209421974,0,1010.24817533047,19.8790572369618,0,0,34507.9508310249,76.6062569565909,203.286897384536,862.698770775623,16.3851322201543,202.86233471209,0,47.3155131550461,47.3155131550461,0,0,0,0,0,10927.5177631579,214.615733482643,214.615733482643,0,1428.43369453044,97.4909580743428,0,34.6190963508883,0,50.9203996419287,622.059834714871,349.680568421053,126.819921089853,0,64.7556608187135,64.7556608187135,143.092768614027,1076.60273528649,862.698770775623,970.975291802256,123.965034182166,0,97.4909580743428,0,0,113.606422488971,113.606422488971,0,0,74.4349628381482,0,3.783548189679,0,593.886834954233,0,0,3152.16858552632,1055.3739489569,18.3466347689313,208.143195488722,1539.08700889548,622.059834714871,0,0,18.140830133782,367.929891015417,0,121.551921725894,846.001375212224,34507.9508310249,12.3405056613867,1150.26502770083,1076.60273528649,5082.56640146879,1324.5476076555,0,292.179619335773,245.080297463592,2480.3949525453,381.192480110159,7995.74470474968,410.038189987163,62.7958113005913,208.143195488722,47.3155131550461,0,18.3466347689313,47.3155131550461,567.663260423787,1232.42681539375,143.092768614027,343.452627443412,0,47.3155131550461,34507.9508310249,0,3167.39645308924,0,18.140830133782,34507.9508310249,34507.9508310249,92.0212022160665,74.4349628381482,0,144.321167904353,34507.9508310249,214.615733482643,126.819921089853,34507.9508310249,34507.9508310249,0,6.04346574236133,3152.16858552632,113.606422488971,0,896.616842105263,34507.9508310249,1232.42681539375,1010.24817533047,231.515206846566,0,126.819921089853,126.819921089853,6.04346574236133,896.616842105263,896.616842105263,0,970.975291802256,896.616842105263,6.04346574236133,113.606422488971,293.581363815411,388.451752901085,367.929891015417,143.092768614027,0,244.737239936347,143.092768614027,143.092768614027,30.403480908392,231.515206846566,113.606422488971,6.04346574236133,97.4909580743428,367.929891015417,523.996855775803,2230.10566595059,136.764928199723,126.819921089853,30.403480908392,0,6.04346574236133
"109",0,0,0,0,0,0,0,0,0,0,1178.00191489362,0,0,0,0,0,0,1993179.24,1993179.24,0,461.786008192316,0,0,0,0,0,0,0,0,0,0,0,0,0,1081.83849326965,1081.83849326965,0,0,0,0,0,0,0,0,1178.00191489362,131.787416193914,0,0,0,0,0,0,0,0,0,0,0,0,0,0,0,0,0,0,11.7668058326938,0,0,0,0,0,0,20.6919311839745,0,6920.76125,0,0,0,61.5421907420215,0,0,0,0,0,0,0,0,0,0,0,0,0,0,0,0,0,0,0,0,0,20.6919311839745,0,0,0,0,0,0,0,0,1993179.24,0,0,61.5421907420215,0,0,0,0,0,3737.02422378881,0,1081.83849326965,131.787416193914,0,0,0,0,0,0,0,0,0,0,0,0,0,131.787416193914,131.787416193914,0,0,0,0,0,0,0,0,1125.32703252033,0,0,0,0,0,0,0,0,0,0,0,0,0,0,0,0,131.787416193914,0,0,0
"110",0,512.648981481481,11830.3611111111,13.3088683177527,13.3088683177527,0,0,3678.80996677741,669.886146400484,1042.08714473932,627.733446712018,1446.34508881923,102.01405855582,49.3419333565044,0,8388.80151515151,93.7883726051531,0,0,3167.39645308924,98.97583081571,543.604221894944,2883.65052083333,76.5306379155436,1201.52105034722,0,236.678023340315,236.678023340315,0,0,0,0,0,167776.03030303,577.451919065498,577.451919065498,0,13027.3152941176,242.99359227562,0,169.082577492747,0,78.8589639504907,4579.49462365591,627.733446712018,72.173021521776,0,333.029112781955,333.029112781955,805.559289975266,9091.31198686371,0,3325.29069069069,684.884834240475,0,242.99359227562,0,0,286.796632996633,286.796632996633,0,0,86.5189786382886,0,6.51710788064269,0,4325.47578125,0,0,14418.2526041667,3678.80996677741,11.429828654005,1237.78426112229,0,4579.49462365591,0,0,11.2995710064002,2419.84659090909,0,669.886146400484,6711.04121212121,3167.39645308924,56.8860862239027,9886.80178571428,9091.31198686371,65912.0119047619,0,0,1840.01628447989,669.886146400484,6263.13235294118,2524.67350661195,0,2755.90293678447,34.9559878273607,1237.78426112229,236.678023340315,0,11.429828654005,236.678023340315,4092.09830007391,10792.6101364522,805.559289975266,2228.90861513688,0,236.678023340315,3167.39645308924,0,615178.777777778,0,11.2995710064002,3167.39645308924,3167.39645308924,147.171956406167,86.5189786382886,0,372.384248049502,3167.39645308924,577.451919065498,72.173021521776,3167.39645308924,3167.39645308924,0,13.3088683177527,14418.2526041667,286.796632996633,0,3020.51773049645,3167.39645308924,10792.6101364522,8388.80151515151,1400.60941057425,0,72.173021521776,72.173021521776,13.3088683177527,3020.51773049645,3020.51773049645,0,3325.29069069069,3020.51773049645,13.3088683177527,286.796632996633,201.038816267248,270.964077717418,2419.84659090909,805.559289975266,0,1494.36140350877,805.559289975266,805.559289975266,147.171956406167,1400.60941057425,286.796632996633,13.3088683177527,242.99359227562,2419.84659090909,0,23069.2041666667,224.763893963382,72.173021521776,147.171956406167,0,13.3088683177527
"111",0,0,0,0,0,0,0,0,0,0,0,15341.5889778325,0,0,0,0,0,0,0,0,0,0,0,0,0,0,0,0,0,0,0,0,0,0,0,0,0,0,0,0,0,0,0,0,0,0,0,0,0,0,0,0,0,0,0,0,0,0,0,0,0,0,0,0,14.7311183704842,0,0,0,0,0,0,0,0,0,0,0,0,0,0,0,0,0,0,0,0,0,0,0,0,0,0,0,0,0,0,0,0,0,0,0,0,0,0,0,0,0,0,0,0,0,12457370.25,0,0,0,0,0,0,0,0,0,0,0,0,0,0,0,0,0,0,0,0,0,0,0,0,0,0,0,0,0,0,0,0,0,0,0,0,0,0,0,0,0,0,0,0,0,0,0,0,0,0,0,0,0,0
"112",0,7.26843471030982,5.57846983766181,2.38911733493127,2.38911733493127,18.4639798572667,0,2.80211670827991,29.3900171989129,12.3523260691083,14.425980808171,4.9309482916951,6.90912513175727,6.28516360515593,11.2995710064002,4.53873981847038,3.23845219480049,61.5421907420215,61.5421907420215,18.140830133782,4.29585541070823,20.077395970135,14.7111127184695,3.12824191007773,2.95160298056364,43.8331113652358,0.569309471488849,0.569309471488849,25.6058948127867,25.6058948127867,51.3587388067086,51.3587388067086,0,34.1901059677897,6.80903471747863,6.80903471747863,15.9763641610157,11.8464601466951,5.25576874882923,0,1.39478047723654,40.9694317004588,4.07242373346548,3.18111089916252,14.425980808171,11.2916850047988,0,6.34824371496518,6.34824371496518,5.88476754040373,9.53634124496194,42.3191721919812,21.3514503326156,4.2801507680129,0,5.25576874882923,0,0,5.15505742471008,5.15505742471008,43.5840595961151,0,6.21678774744832,12.7300999104822,1.79490913266853,0,21.721505429779,83.9211691936657,5.57846983766181,12.6045918831957,11.2547191034076,7.85972579856395,7.53590184587509,33.1454082854406,6.37099727666756,43.5840595961151,0,102.865060196195,6.62335776765928,0,4.22552237006193,15.9763641610157,18.140830133782,0.463968698295304,15.0618685616869,9.53634124496194,34.0924199507389,33.7071948665498,5.9149109299861,28.7665067086756,6.35459831327846,42.6016932198458,2.25606862975206,51.2851589516846,9.52904294367307,11.3347909712434,13.6369679802956,9.27376972615853,0,7.85972579856395,0.569309471488849,8.96494889763984,31.8880923004462,5.88476754040373,6.31823985672928,0,9.27376972615853,18.140830133782,61.5421907420215,11.2995710064002,0,102.865060196195,18.140830133782,18.140830133782,3.4333572423715,6.21678774744832,0.244068514933563,7.54638691042159,18.140830133782,6.80903471747863,11.2916850047988,18.140830133782,18.140830133782,17.0218929853903,2.38911733493127,12.6045918831957,5.15505742471008,0.244068514933563,59.3007736826811,18.140830133782,31.8880923004462,9.09015768112643,1.60936208911909,10.1254588508283,11.2916850047988,11.2916850047988,2.38911733493127,59.3007736826811,59.3007736826811,40.9694317004588,21.3514503326156,59.3007736826811,2.38911733493127,5.15505742471008,50.5072888159095,14.5892891131294,6.62335776765928,5.88476754040373,0,6.70780520427721,5.88476754040373,5.88476754040373,4.30149494692092,1.60936208911909,5.15505742471008,2.38911733493127,5.25576874882923,6.62335776765928,31.9656076928669,8.43871780958884,5.01359116922631,11.2916850047988,4.30149494692092,0,2.38911733493127
"113",0,95.7154840568575,1324.5476076555,6.04346574236133,6.04346574236133,0,0,520.357988721804,1030.59407138536,931.587192085072,349.680568421053,481.035264702475,21.5271059457423,43.415209421974,0,1010.24817533047,19.8790572369618,0,0,34507.9508310249,76.6062569565909,203.286897384536,862.698770775623,16.3851322201543,202.86233471209,0,47.3155131550461,47.3155131550461,0,0,0,0,0,10927.5177631579,214.615733482643,214.615733482643,0,1428.43369453044,97.4909580743428,0,34.6190963508883,0,50.9203996419287,622.059834714871,349.680568421053,126.819921089853,0,64.7556608187135,64.7556608187135,143.092768614027,1076.60273528649,862.698770775623,970.975291802256,123.965034182166,0,97.4909580743428,0,0,113.606422488971,113.606422488971,0,0,74.4349628381482,0,3.783548189679,0,593.886834954233,0,0,3152.16858552632,1055.3739489569,18.3466347689313,208.143195488722,1539.08700889548,622.059834714871,0,0,18.140830133782,367.929891015417,0,121.551921725894,846.001375212224,34507.9508310249,12.3405056613867,1150.26502770083,1076.60273528649,5082.56640146879,1324.5476076555,0,292.179619335773,245.080297463592,2480.3949525453,381.192480110159,7995.74470474968,410.038189987163,62.7958113005913,208.143195488722,47.3155131550461,0,18.3466347689313,47.3155131550461,567.663260423787,1232.42681539375,143.092768614027,343.452627443412,0,47.3155131550461,34507.9508310249,0,3167.39645308924,0,18.140830133782,34507.9508310249,34507.9508310249,92.0212022160665,74.4349628381482,0,144.321167904353,34507.9508310249,214.615733482643,126.819921089853,34507.9508310249,34507.9508310249,0,6.04346574236133,3152.16858552632,113.606422488971,0,896.616842105263,34507.9508310249,1232.42681539375,1010.24817533047,231.515206846566,0,126.819921089853,126.819921089853,6.04346574236133,896.616842105263,896.616842105263,0,970.975291802256,896.616842105263,6.04346574236133,113.606422488971,293.581363815411,388.451752901085,367.929891015417,143.092768614027,0,244.737239936347,143.092768614027,143.092768614027,30.403480908392,231.515206846566,113.606422488971,6.04346574236133,97.4909580743428,367.929891015417,523.996855775803,2230.10566595059,136.764928199723,126.819921089853,30.403480908392,0,6.04346574236133
"114",0,95.7154840568575,1324.5476076555,6.04346574236133,6.04346574236133,0,0,520.357988721804,1030.59407138536,931.587192085072,349.680568421053,481.035264702475,21.5271059457423,43.415209421974,0,1010.24817533047,19.8790572369618,0,0,34507.9508310249,76.6062569565909,203.286897384536,862.698770775623,16.3851322201543,202.86233471209,0,47.3155131550461,47.3155131550461,0,0,0,0,0,10927.5177631579,214.615733482643,214.615733482643,0,1428.43369453044,97.4909580743428,0,34.6190963508883,0,50.9203996419287,622.059834714871,349.680568421053,126.819921089853,0,64.7556608187135,64.7556608187135,143.092768614027,1076.60273528649,862.698770775623,970.975291802256,123.965034182166,0,97.4909580743428,0,0,113.606422488971,113.606422488971,0,0,74.4349628381482,0,3.783548189679,0,593.886834954233,0,0,3152.16858552632,1055.3739489569,18.3466347689313,208.143195488722,1539.08700889548,622.059834714871,0,0,18.140830133782,367.929891015417,0,121.551921725894,846.001375212224,34507.9508310249,12.3405056613867,1150.26502770083,1076.60273528649,5082.56640146879,1324.5476076555,0,292.179619335773,245.080297463592,2480.3949525453,381.192480110159,7995.74470474968,410.038189987163,62.7958113005913,208.143195488722,47.3155131550461,0,18.3466347689313,47.3155131550461,567.663260423787,1232.42681539375,143.092768614027,343.452627443412,0,47.3155131550461,34507.9508310249,0,3167.39645308924,0,18.140830133782,34507.9508310249,34507.9508310249,92.0212022160665,74.4349628381482,0,144.321167904353,34507.9508310249,214.615733482643,126.819921089853,34507.9508310249,34507.9508310249,0,6.04346574236133,3152.16858552632,113.606422488971,0,896.616842105263,34507.9508310249,1232.42681539375,1010.24817533047,231.515206846566,0,126.819921089853,126.819921089853,6.04346574236133,896.616842105263,896.616842105263,0,970.975291802256,896.616842105263,6.04346574236133,113.606422488971,293.581363815411,388.451752901085,367.929891015417,143.092768614027,0,244.737239936347,143.092768614027,143.092768614027,30.403480908392,231.515206846566,113.606422488971,6.04346574236133,97.4909580743428,367.929891015417,523.996855775803,2230.10566595059,136.764928199723,126.819921089853,30.403480908392,0,6.04346574236133
"115",0,64.8700701134462,213.219858793325,7.01101203257046,7.01101203257046,0,0,33.4515849892589,33.0053393299509,59.6215802934446,31.5596180885427,18.3066052153978,19.4579957626079,15.5054319364193,0,56.4972913217987,10.3277549127557,0,0,92.0212022160665,15.5054319364193,18.97344375589,28.6310509078373,8.77748989886757,48.9779182611659,0,26.3493576252652,26.3493576252652,682.969860197368,339.715578129261,686.545618627721,686.545618627721,686.545618627721,455.313240131579,60.2159252217487,60.2159252217487,49.0206404328578,74.8887568006252,37.8442173615858,0,20.4654326494202,0,53.9978318944315,38.454607964192,31.5596180885427,10.4875644351052,0,33.840055008489,33.840055008489,62.874095300103,59.4694844253491,0,31.3633611953826,22.2594148969436,0,37.8442173615858,0,0,5.99589452025125,5.99589452025125,0,0,14.5947536835076,0,3.02333335723505,0,37.0843363003096,119.209284688995,70.3865878464277,79.9574470474968,33.4515849892589,6.11272669951029,49.9543669172932,0,38.454607964192,0,150.508135618817,3.4333572423715,51.3833123659462,0,10.9220567347905,49.0206404328578,92.0212022160665,3.43344713966,126.086743421053,180.123919172932,224.154210526316,0,74.8887568006252,21.4265054179567,44.1683173450869,94.2704623708805,26.2891365593213,0,55.865465186024,5.74814853010594,49.9543669172932,53.4996075795658,0,6.11272669951029,26.3493576252652,35.7985839906893,66.3614439058172,62.874095300103,48.729176201373,0,53.4996075795658,92.0212022160665,0,147.171956406167,0,3.4333572423715,92.0212022160665,92.0212022160665,1380.318033241,14.5947536835076,1.82683495622589,29.2440261279872,92.0212022160665,60.2159252217487,10.4875644351052,92.0212022160665,92.0212022160665,0,7.01101203257046,79.9574470474968,5.99589452025125,1.82683495622589,29.4939750692521,92.0212022160665,66.3614439058172,56.4972913217987,54.208438676269,0,10.4875644351052,10.4875644351052,7.01101203257046,29.4939750692521,29.4939750692521,0,31.3633611953826,29.4939750692521,7.01101203257046,5.99589452025125,23.3269671537152,23.2217311624385,51.3833123659462,62.874095300103,0,95.0632254298207,62.874095300103,62.874095300103,64.6429932922781,54.208438676269,5.99589452025125,7.01101203257046,37.8442173615858,51.3833123659462,0,108.731520031422,219.903608236924,10.4875644351052,64.6429932922781,0,7.01101203257046
"116",0,29.0869763939479,83.9070849435478,4.26693195619803,4.26693195619803,70.2416277958447,54.5579055589862,40.5508404438422,6.86630288524143,27.621586968994,110.144284879456,57.124456950891,34.1952834310471,14.9544562801718,86.5189786382886,33.6899659243033,10.4230141629383,0,0,74.4349628381482,14.9544562801718,24.1295469452416,70.2169816106531,10.4263241645829,40.4770221663352,112.111147109446,10.2005809662915,10.2005809662915,0,0,0,0,0,265.761484183747,37.90360456917,37.90360456917,88.6133125861379,44.42139791129,13.8913228925699,0,10.7167053626991,158.196361731511,9.12782327998364,46.441958131901,110.144284879456,14.3170785821859,0,26.1023996856993,26.1023996856993,23.3828702150374,35.4254554063306,52.4786007667032,38.0887700019721,13.9757243934885,0,13.8913228925699,0,118.413253012048,23.5295000106245,23.5295000106245,0,97.7140613234187,803.688343736391,97.7140613234187,1.50525321625485,0,44.82939014121,70.2416277958447,41.7958223872935,95.1133068395254,40.5508404438422,4.05113110529621,51.7342426943699,39.2851192756893,46.441958131901,0,179.720159488425,6.21678774744832,31.2587312699721,0,27.7133911633238,58.8583522324592,74.4349628381482,1.16858823221504,37.3355219385003,35.4254554063306,131.311284508111,41.7958223872935,0,13.1233784241827,13.773721356622,28.0907352035881,32.0959739519425,0,16.8890537252394,9.65923387695117,10.2137701010749,13.6352943542644,0,4.05113110529621,10.2005809662915,65.2063856599418,119.236383867147,23.3828702150374,29.6955627823656,0,13.6352943542644,74.4349628381482,0,86.5189786382886,0,6.21678774744832,74.4349628381482,74.4349628381482,14.5947536835076,803.688343736391,0,9.29270478710757,74.4349628381482,37.90360456917,14.3170785821859,74.4349628381482,74.4349628381482,0,4.26693195619803,95.1133068395254,23.5295000106245,0,54.0130627774255,74.4349628381482,119.236383867147,67.6304148666311,22.1688708973481,13.0124453859394,14.3170785821859,14.3170785821859,4.26693195619803,54.0130627774255,54.0130627774255,158.196361731511,38.0887700019721,54.0130627774255,4.26693195619803,23.5295000106245,21.4036912225359,30.3094884650301,31.2587312699721,23.3828702150374,0,34.7608819854718,23.3828702150374,23.3828702150374,12.1342710156659,22.1688708973481,23.5295000106245,4.26693195619803,13.8913228925699,31.2587312699721,48.5135509309967,64.1405120481928,26.5576321409856,14.3170785821859,12.1342710156659,0,4.26693195619803
"117",0,0,0,0.561765427402759,0.561765427402759,0,0,0,5.06538006909238,0,0,0,1.40290377359425,0.812441923574685,0,0,1.31903249507323,0,0,0,0,0,0,1.13438572248124,7.32689942619325,0,0,0,0,0,0,0,0,0,0,0,0,0,5.19360270307792,0,0,0,0,0,0,0,0,0,0,0,0,0,0,0,0,5.19360270307792,0,0,0,0,0,0,0,0,0.0811877700584597,0,0,0,0,0,0,0.246474165914425,0,0,0,0,0,0.244068514933563,0,0,0,0,0,13482.0024350649,0,0,0,0,0,0,0,0,0,0,0,0.62012495567112,0,0,0,0.246474165914425,0,15.5527384715647,0,0,0,0,0,0,0,0,0,0.244068514933563,0,0,1.82683495622589,0,568.725814919649,0,0,0,0,0,0,0,0.561765427402759,0,0,568.725814919649,0,0,0,0,0,0,0,0,0.561765427402759,0,0,0,0,0,0.561765427402759,0,2.27385851387493,0,0,0,0,0,0,0,0,0,0,0.561765427402759,5.19360270307792,0,0,0,0,0,0,0,0.561765427402759
"118",0,39.1003460451977,173.779315756434,6.13234424481559,6.13234424481559,0,0,79.3766423473939,47.8210449338243,32.9035170085816,45.5538012177061,126.255851292048,32.4463422982599,14.3669108519139,0,138.091477203445,9.95423978521152,3578.67573972996,3578.67573972996,144.321167904353,29.0610861879261,40.8773764375525,67.2426333261362,8.36495294979717,36.4540519067797,0,10.654582865422,10.654582865422,0,872.487060512677,1774.30141717704,1774.30141717704,0,1173.01038135593,42.7845731801556,42.7845731801556,0,185.374774928945,21.8454637639034,0,8.11491097444436,0,8.5832644753018,185.334095803439,45.5538012177061,11.9600016225256,0,28.0354348407061,28.0354348407061,27.2722640976579,145.715575323718,0,74.1108700049378,48.6165942077061,0,21.8454637639034,0,0,12.4128082683167,12.4128082683167,0,0,9.29270478710757,0,1.61150638446107,0,88.5662200688204,0,0,198.441605868485,79.3766423473939,3.7902895315418,37.2384248049502,76.6673451866622,185.334095803439,0,0,7.54638691042159,119.966970820493,3578.67573972996,47.8210449338243,118.953165433278,144.321167904353,3.22600257668553,310.502748005982,293.558385323695,572.200186027284,0,185.374774928945,99.1625542534074,47.8210449338243,228.756087371688,61.378450187229,0,403.906013666318,6.31701062032854,74.8929213954306,110.277005533162,0,3.7902895315418,10.654582865422,85.3098459167951,163.422498950517,27.2722640976579,56.3195168429095,0,110.277005533162,144.321167904353,3578.67573972996,372.384248049502,0,7.54638691042159,144.321167904353,144.321167904353,29.2440261279872,9.29270478710757,0,3578.67573972996,144.321167904353,42.7845731801556,11.9600016225256,144.321167904353,144.321167904353,0,6.13234424481559,198.441605868485,12.4128082683167,0,69.4088983050847,144.321167904353,163.422498950517,138.091477203445,40.6667697696587,0,11.9600016225256,11.9600016225256,6.13234424481559,69.4088983050847,69.4088983050847,0,74.1108700049378,69.4088983050847,6.13234424481559,12.4128082683167,66.8381983678594,11.8672363221711,119.966970820493,27.2722640976579,0,42.5775093051155,27.2722640976579,27.2722640976579,14.5264443511571,40.6667697696587,12.4128082683167,6.13234424481559,21.8454637639034,119.966970820493,44.6388728634393,272.79311194324,30.8957958214908,11.9600016225256,14.5264443511571,0,6.13234424481559
"119",0,95.7154840568575,1324.5476076555,6.04346574236133,6.04346574236133,0,0,520.357988721804,1030.59407138536,931.587192085072,349.680568421053,481.035264702475,21.5271059457423,43.415209421974,0,1010.24817533047,19.8790572369618,0,0,34507.9508310249,76.6062569565909,203.286897384536,862.698770775623,16.3851322201543,202.86233471209,0,47.3155131550461,47.3155131550461,0,0,0,0,0,10927.5177631579,214.615733482643,214.615733482643,0,1428.43369453044,97.4909580743428,0,34.6190963508883,0,50.9203996419287,622.059834714871,349.680568421053,126.819921089853,0,64.7556608187135,64.7556608187135,143.092768614027,1076.60273528649,862.698770775623,970.975291802256,123.965034182166,0,97.4909580743428,0,0,113.606422488971,113.606422488971,0,0,74.4349628381482,0,3.783548189679,0,593.886834954233,0,0,3152.16858552632,1055.3739489569,18.3466347689313,208.143195488722,1539.08700889548,622.059834714871,0,0,18.140830133782,367.929891015417,0,121.551921725894,846.001375212224,34507.9508310249,12.3405056613867,1150.26502770083,1076.60273528649,5082.56640146879,1324.5476076555,0,292.179619335773,245.080297463592,2480.3949525453,381.192480110159,7995.74470474968,410.038189987163,62.7958113005913,208.143195488722,47.3155131550461,0,18.3466347689313,47.3155131550461,567.663260423787,1232.42681539375,143.092768614027,343.452627443412,0,47.3155131550461,34507.9508310249,0,3167.39645308924,0,18.140830133782,34507.9508310249,34507.9508310249,92.0212022160665,74.4349628381482,0,144.321167904353,34507.9508310249,214.615733482643,126.819921089853,34507.9508310249,34507.9508310249,0,6.04346574236133,3152.16858552632,113.606422488971,0,896.616842105263,34507.9508310249,1232.42681539375,1010.24817533047,231.515206846566,0,126.819921089853,126.819921089853,6.04346574236133,896.616842105263,896.616842105263,0,970.975291802256,896.616842105263,6.04346574236133,113.606422488971,293.581363815411,388.451752901085,367.929891015417,143.092768614027,0,244.737239936347,143.092768614027,143.092768614027,30.403480908392,231.515206846566,113.606422488971,6.04346574236133,97.4909580743428,367.929891015417,523.996855775803,2230.10566595059,136.764928199723,126.819921089853,30.403480908392,0,6.04346574236133
"120",0,55.2188397606383,535.455415860735,6.80650554627386,6.80650554627386,0,0,238.515573319293,33.8506297383223,144.049147201665,164.525407108047,60.5276160883909,43.8142130813269,34.6481216253134,0,209.526032293331,20.1635930658854,1081.83849326965,1081.83849326965,214.615733482643,15.2162772194567,57.8302363718025,99.6430191169413,16.8571399735678,215.13833672976,0,29.5246797015861,29.5246797015861,0,0,0,0,0,1840.62799202128,5639.37086917157,5639.37086917157,179.695207356653,283.476396632154,92.0713611293318,0,33.525225253107,0,40.8542083048718,565.290175102242,164.525407108047,26.8199088145897,0,39.085777821355,39.085777821355,118.414190998241,221.428931370981,0,110.208079355952,69.258016945666,0,92.0713611293318,0,0,52.1239785351158,52.1239785351158,0,0,37.90360456917,0,2.35365017960763,1908.55395752341,132.525215425532,0,0,303.956916113605,118.326085201368,4.90423628464811,108.57160505932,114.147472373412,137.903449974539,0,283.476396632154,6.80903471747863,177.172747895096,0,68.0794788033298,179.695207356653,214.615733482643,4.29203664298772,234.557903408021,221.428931370981,892.425693101225,0,0,72.1814898831873,33.8506297383223,345.567706455103,90.6465221788864,0,96.4872336552835,8.32227005655127,53.9378166160081,44.4715488005141,0,4.90423628464811,29.5246797015861,127.489384728746,249.107547792353,118.414190998241,82.9059840009583,0,44.4715488005141,214.615733482643,1081.83849326965,577.451919065498,0,6.80903471747863,214.615733482643,214.615733482643,60.2159252217487,37.90360456917,0,42.7845731801556,214.615733482643,5639.37086917157,26.8199088145897,214.615733482643,214.615733482643,0,6.80650554627386,303.956916113605,52.1239785351158,0,102.972195357834,214.615733482643,249.107547792353,209.526032293331,59.1102655778465,0,26.8199088145897,26.8199088145897,6.80650554627386,102.972195357834,102.972195357834,0,110.208079355952,102.972195357834,6.80650554627386,52.1239785351158,65.1838155651625,16.4382554484659,177.172747895096,118.414190998241,0,188.51381995097,118.414190998241,118.414190998241,60.2159252217487,59.1102655778465,52.1239785351158,6.80650554627386,92.0713611293318,177.172747895096,0,420.714969604863,71.5849486444833,26.8199088145897,60.2159252217487,0,6.80650554627386
"121",0,14.7993706563707,70.1751524139067,4.10850905575782,4.10850905575782,58.6333348630168,0,16.9870238649206,35.559238540536,47.2374667258208,93.5129408535748,38.4953224567271,9.64179310969352,12.129742862839,0,28.2197853167241,10.5860143336509,131.787416193914,131.787416193914,126.819921089853,6.46575779198105,79.5087431807339,668.591836734694,9.07990619336958,34.2578024453024,93.4590739521615,8.77091051377864,8.77091051377864,0,0,0,0,0,444.101147028154,26.8199088145897,26.8199088145897,24.5825685425685,37.1515512779506,21.0452636260315,0,4.6036514181944,0,10.6362234417826,38.9928586687826,93.5129408535748,668.591836734694,0,18.5776663031625,18.5776663031625,13.2025729785585,29.6644842237236,181.9191741813,97.3642806340175,23.9142576388564,0,21.0452636260315,0,0,10.0151205173427,10.0151205173427,137.720501580914,0,14.3170785821859,81.4846301020408,2.7298305712434,0,37.6496640735502,358.127347472671,70.1751524139067,79.497200099552,34.0850740296118,10.2212593742861,26.1011828154685,100.399104196134,19.4320846831227,137.720501580914,37.1515512779506,11.2916850047988,39.6335201422781,0,17.6302107049716,74.2476900726392,126.819921089853,1.02175084767449,31.2543786692759,29.6644842237236,109.42780061665,34.9665845648604,0,33.4479698421425,23.5729783583329,143.758654314968,54.4202657807309,331.864675324675,42.9438251341631,24.8829978451313,8.64845161945375,5.83335159567183,0,10.2212593742861,8.77091051377864,18.1346817117309,66.2524760176303,13.2025729785585,12.4778213992734,0,5.83335159567183,126.819921089853,131.787416193914,72.173021521776,0,11.2916850047988,126.819921089853,126.819921089853,10.4875644351052,14.3170785821859,0,11.9600016225256,126.819921089853,26.8199088145897,668.591836734694,126.819921089853,126.819921089853,0,4.10850905575782,79.497200099552,10.0151205173427,0,45.4382801664355,126.819921089853,66.2524760176303,28.2197853167241,9.34638596080554,16.6684945446323,668.591836734694,668.591836734694,4.10850905575782,45.4382801664355,45.4382801664355,0,97.3642806340175,45.4382801664355,4.10850905575782,10.0151205173427,31.9631505872641,56.5146109513836,39.6335201422781,13.2025729785585,0,19.5256280946268,13.2025729785585,13.2025729785585,8.3717725686766,9.34638596080554,10.0151205173427,4.10850905575782,21.0452636260315,39.6335201422781,93.6295322232626,53.5579728370221,14.1683799410501,668.591836734694,8.3717725686766,0,4.10850905575782
"122",0,95.7154840568575,1324.5476076555,6.04346574236133,6.04346574236133,0,0,520.357988721804,1030.59407138536,931.587192085072,349.680568421053,481.035264702475,21.5271059457423,43.415209421974,0,1010.24817533047,19.8790572369618,0,0,34507.9508310249,76.6062569565909,203.286897384536,862.698770775623,16.3851322201543,202.86233471209,0,47.3155131550461,47.3155131550461,0,0,0,0,0,10927.5177631579,214.615733482643,214.615733482643,0,1428.43369453044,97.4909580743428,0,34.6190963508883,0,50.9203996419287,622.059834714871,349.680568421053,126.819921089853,0,64.7556608187135,64.7556608187135,143.092768614027,1076.60273528649,862.698770775623,970.975291802256,123.965034182166,0,97.4909580743428,0,0,113.606422488971,113.606422488971,0,0,74.4349628381482,0,3.783548189679,0,593.886834954233,0,0,3152.16858552632,1055.3739489569,18.3466347689313,208.143195488722,1539.08700889548,622.059834714871,0,0,18.140830133782,367.929891015417,0,121.551921725894,846.001375212224,34507.9508310249,12.3405056613867,1150.26502770083,1076.60273528649,5082.56640146879,1324.5476076555,0,292.179619335773,245.080297463592,2480.3949525453,381.192480110159,7995.74470474968,410.038189987163,62.7958113005913,208.143195488722,47.3155131550461,0,18.3466347689313,47.3155131550461,567.663260423787,1232.42681539375,143.092768614027,343.452627443412,0,47.3155131550461,34507.9508310249,0,3167.39645308924,0,18.140830133782,34507.9508310249,34507.9508310249,92.0212022160665,74.4349628381482,0,144.321167904353,34507.9508310249,214.615733482643,126.819921089853,34507.9508310249,34507.9508310249,0,6.04346574236133,3152.16858552632,113.606422488971,0,896.616842105263,34507.9508310249,1232.42681539375,1010.24817533047,231.515206846566,0,126.819921089853,126.819921089853,6.04346574236133,896.616842105263,896.616842105263,0,970.975291802256,896.616842105263,6.04346574236133,113.606422488971,293.581363815411,388.451752901085,367.929891015417,143.092768614027,0,244.737239936347,143.092768614027,143.092768614027,30.403480908392,231.515206846566,113.606422488971,6.04346574236133,97.4909580743428,367.929891015417,523.996855775803,2230.10566595059,136.764928199723,126.819921089853,30.403480908392,0,6.04346574236133
"123",0,95.7154840568575,1324.5476076555,6.04346574236133,6.04346574236133,0,0,520.357988721804,1030.59407138536,931.587192085072,349.680568421053,481.035264702475,21.5271059457423,43.415209421974,0,1010.24817533047,19.8790572369618,0,0,34507.9508310249,76.6062569565909,203.286897384536,862.698770775623,16.3851322201543,202.86233471209,0,47.3155131550461,47.3155131550461,0,0,0,0,0,10927.5177631579,214.615733482643,214.615733482643,0,1428.43369453044,97.4909580743428,0,34.6190963508883,0,50.9203996419287,622.059834714871,349.680568421053,126.819921089853,0,64.7556608187135,64.7556608187135,143.092768614027,1076.60273528649,862.698770775623,970.975291802256,123.965034182166,0,97.4909580743428,0,0,113.606422488971,113.606422488971,0,0,74.4349628381482,0,3.783548189679,0,593.886834954233,0,0,3152.16858552632,1055.3739489569,18.3466347689313,208.143195488722,1539.08700889548,622.059834714871,0,0,18.140830133782,367.929891015417,0,121.551921725894,846.001375212224,34507.9508310249,12.3405056613867,1150.26502770083,1076.60273528649,5082.56640146879,1324.5476076555,0,292.179619335773,245.080297463592,2480.3949525453,381.192480110159,7995.74470474968,410.038189987163,62.7958113005913,208.143195488722,47.3155131550461,0,18.3466347689313,47.3155131550461,567.663260423787,1232.42681539375,143.092768614027,343.452627443412,0,47.3155131550461,34507.9508310249,0,3167.39645308924,0,18.140830133782,34507.9508310249,34507.9508310249,92.0212022160665,74.4349628381482,0,144.321167904353,34507.9508310249,214.615733482643,126.819921089853,34507.9508310249,34507.9508310249,0,6.04346574236133,3152.16858552632,113.606422488971,0,896.616842105263,34507.9508310249,1232.42681539375,1010.24817533047,231.515206846566,0,126.819921089853,126.819921089853,6.04346574236133,896.616842105263,896.616842105263,0,970.975291802256,896.616842105263,6.04346574236133,113.606422488971,293.581363815411,388.451752901085,367.929891015417,143.092768614027,0,244.737239936347,143.092768614027,143.092768614027,30.403480908392,231.515206846566,113.606422488971,6.04346574236133,97.4909580743428,367.929891015417,523.996855775803,2230.10566595059,136.764928199723,126.819921089853,30.403480908392,0,6.04346574236133
"124",0,0,0,0,0,0,0,0,0,0,0,0,0,149.793272309149,0,0,0,0,0,0,0,0,0,0,0,0,0,0,0,0,0,0,0,0,0,0,0,0,0,0,0,0,0,0,0,0,0,0,0,0,0,0,0,0,0,0,0,0,0,0,0,0,0,0,0,0,0,0,0,0,0,0,0,0,0,0,0,17.0218929853903,0,0,0,0,0,0,0,0,0,0,0,0,0,10303.8629032258,0,0,0,0,0,0,0,0,0,0,0,0,0,0,0,0,0,0,0,17.0218929853903,0,0,0,0,0,0,0,0,0,0,0,1384152.25,0,0,0,0,0,0,0,0,0,0,0,0,0,0,0,0,0,0,0,0,0,0,0,0,0,0,0,0,0,0,0,0,0,0,0,0,0,0,0,0,0
"125",0,6.34588570155051,13.146812082529,121.2747267457,121.2747267457,21.7446433130052,0,6.59068247935513,2.46151482992919,6.38314241031274,9.5573505263862,7.71392704976371,5.9554968087025,2.44132314488301,0,5.33762014858512,72.2799626629417,0,0,6.04346574236133,3.68111734385181,5.46666712451258,8.59923670840639,62.9163638779857,5.19077856864275,17.1642967198043,6.01220169113719,6.01220169113719,0,0,0,0,0,40.2991704738174,6.80650554627386,6.80650554627386,4.67591578008985,6.96007698486827,6.79722118846456,0,5.98651697564343,24.1045270834089,8.84009777963154,113.097671974907,9.5573505263862,4.10850905575782,0,4.08604992609691,4.08604992609691,2.74098585536454,11.217474724963,8.59923670840639,15.609232529616,6.25983217193791,0,6.79722118846456,0,0,6.75681006901293,6.75681006901293,0,0,4.26693195619803,0,1.71122391731917,0,10.8773927020514,43.6235128193007,6.56341606247836,22.2870125699523,9.90071320449931,1.19235473297768,8.82633919703814,12.8342578576843,11.245060009257,0,13.9413737166416,2.38911733493127,12.9908255086888,0,3.69736503419709,14.0700633201799,6.04346574236133,0.80040120923362,11.7962215241265,5.60025213197852,20.0560113116599,19.750279431909,6.96007698486827,8.8619584865474,6.17932146102556,22.5822390901678,5.3015822030958,0,11.1859989702847,2.90150417452948,10.606781258561,5.33734529216044,0,1.19235473297768,6.01220169113719,3.50025214300481,12.4359462236432,2.74098585536454,7.41200418039605,0,5.33734529216044,6.04346574236133,0,13.3088683177527,0,2.38911733493127,6.04346574236133,6.04346574236133,7.01101203257046,4.26693195619803,0.561765427402759,6.13234424481559,6.04346574236133,6.80650554627386,4.10850905575782,6.04346574236133,6.04346574236133,0,121.2747267457,22.2870125699523,6.75681006901293,0.561765427402759,2.93558022144155,6.04346574236133,12.4359462236432,5.33762014858512,11.3911639492005,121.2747267457,4.10850905575782,4.10850905575782,121.2747267457,2.93558022144155,2.93558022144155,24.1045270834089,15.609232529616,2.93558022144155,121.2747267457,6.75681006901293,4.82876619886598,2.88278201601994,12.9908255086888,2.74098585536454,0,3.91899071607147,2.74098585536454,2.74098585536454,3.9770851106475,11.3911639492005,6.75681006901293,121.2747267457,6.79722118846456,12.9908255086888,8.16995268985746,9.93572339519348,7.79671027972456,4.10850905575782,3.9770851106475,0,121.2747267457
"126",0,270.81239673913,5243.0009469697,22.2870125699523,22.2870125699523,0,0,1779.62432142857,350.951381845842,537.326184006211,329.56005952381,2268.82653897523,55.7366769722242,27.1933234593018,0,3825.97366400491,51.302055192238,0,0,3152.16858552632,27.1933234593018,286.666288889912,1415.61025568182,41.9722717318059,1247.7333984375,0,127.448950830742,127.448950830742,0,0,0,0,0,57673.0104166667,303.956916113605,303.956916113605,0,5724.89441636029,130.777801398337,0,91.6414360434322,0,43.2331412418791,2183.9709414446,329.56005952381,79.497200099552,0,177.962432142857,177.962432142857,847.786188240098,4119.50074404762,0,1618.68116554054,358.547382281833,0,130.777801398337,0,0,309.653747203579,309.653747203579,0,0,95.1133068395254,0,7.30380525914634,0,2070.70649102394,0,0,194646.41015625,74931.5503759398,6.3656223939384,633.769345238095,0,2183.9709414446,0,0,12.6045918831957,1199.66970820493,0,350.951381845842,3114.3425625,3152.16858552632,31.3049592145471,4449.06080357143,4119.50074404762,24717.0044642857,0,0,925.235461229947,350.951381845842,2921.52210365854,1248.73398656776,0,1356.42097669861,19.3262169864595,633.769345238095,127.448950830742,0,6.3656223939384,127.448950830742,1966.12535511364,4820.96371904025,847.786188240098,1109.88687188168,0,127.448950830742,3152.16858552632,0,14418.2526041667,0,12.6045918831957,3152.16858552632,3152.16858552632,79.9574470474968,95.1133068395254,0,198.441605868485,3152.16858552632,303.956916113605,79.497200099552,3152.16858552632,3152.16858552632,0,22.2870125699523,194646.41015625,309.653747203579,0,1478.79513888889,3152.16858552632,4820.96371904025,3825.97366400491,713.317123797526,0,79.497200099552,79.497200099552,22.2870125699523,1478.79513888889,1478.79513888889,0,1618.68116554054,1478.79513888889,22.2870125699523,309.653747203579,108.612072347772,292.880289885738,1199.66970820493,847.786188240098,0,1539.08700889548,847.786188240098,847.786188240098,79.9574470474968,713.317123797526,309.653747203579,22.2870125699523,130.777801398337,1199.66970820493,0,9612.16840277778,121.161786589636,79.497200099552,79.9574470474968,0,22.2870125699523
"127",0,15.7738148148148,271.602109394162,6.75681006901293,6.75681006901293,0,0,62.4019047619048,38.5692023685127,26.351628947431,55.4215115115115,33.1454082854406,22.4487761167403,2.39812407281075,286.796632996633,107.548737373737,20.9265835894063,0,0,113.606422488971,7.22544942023973,49.8501688200603,160.947936046512,17.6311089881379,29.1277830387205,0,8.75346281847574,8.75346281847574,0,0,0,0,0,898.071208434712,52.1239785351158,52.1239785351158,0,289.495895424837,26.9992880306244,0,27.0824907672365,0,14.4306539474027,72.161733463669,55.4215115115115,10.0151205173427,0,34.4691610894942,34.4691610894942,21.9354172857115,113.397009728623,271.402401960784,177.086486486486,19.5088407329105,0,26.9992880306244,0,0,2734.12790123457,2734.12790123457,0,0,23.5295000106245,0,1.59175145993927,0,69.4855547188755,466.044528619529,0,309.653747203579,189.447698887938,7.8536245966169,29.7403325007386,60.3116448801743,219.141460518504,0,0,5.15505742471008,94.7887176853279,0,19.1973405454136,186.889755274262,113.606422488971,2.71131270690094,119.840021645022,113.397009728623,439.413412698413,134.907626705653,0,159.063678804855,19.1973405454136,178.571488469602,97.5442036645525,1347.10681265207,51.4435214866434,7.13767980017726,29.7403325007386,17.5690069335364,0,7.8536245966169,8.75346281847574,66.9764592028065,385.960892296968,21.9354172857115,44.5781723027375,0,17.5690069335364,113.606422488971,0,286.796632996633,0,5.15505742471008,113.606422488971,113.606422488971,5.99589452025125,23.5295000106245,0,12.4128082683167,113.606422488971,52.1239785351158,10.0151205173427,113.606422488971,113.606422488971,0,6.75681006901293,309.653747203579,2734.12790123457,0,54.7068721901092,113.606422488971,385.960892296968,216.485200391007,32.4147946488686,18.0272169312169,10.0151205173427,10.0151205173427,6.75681006901293,54.7068721901092,54.7068721901092,0,177.086486486486,54.7068721901092,6.75681006901293,2734.12790123457,31.1049818115423,19.5253526590492,94.7887176853279,21.9354172857115,0,33.9034873396405,21.9354172857115,21.9354172857115,30.3542160087719,32.4147946488686,2734.12790123457,6.75681006901293,26.9992880306244,94.7887176853279,107.663762761303,210.677663622527,8.40580416448422,10.0151205173427,30.3542160087719,0,6.75681006901293
"128",0,0,0,0.561765427402759,0.561765427402759,0,0,0,5.06538006909238,0,0,0,1.40290377359425,0.812441923574685,0,0,1.31903249507323,0,0,0,0,0,0,1.13438572248124,7.32689942619325,0,0,0,0,0,0,0,0,0,0,0,0,0,5.19360270307792,0,0,0,0,0,0,0,0,0,0,0,0,0,0,0,0,5.19360270307792,0,0,0,0,0,0,0,0,0.0811877700584597,0,0,0,0,0,0,0.246474165914425,0,0,0,0,0,0.244068514933563,0,0,0,0,0,13482.0024350649,0,0,0,0,0,0,0,0,0,0,0,0.62012495567112,0,0,0,0.246474165914425,0,15.5527384715647,0,0,0,0,0,0,0,0,0,0.244068514933563,0,0,1.82683495622589,0,568.725814919649,0,0,0,0,0,0,0,0.561765427402759,0,0,568.725814919649,0,0,0,0,0,0,0,0,0.561765427402759,0,0,0,0,0,0.561765427402759,0,2.27385851387493,0,0,0,0,0,0,0,0,0,0,0.561765427402759,5.19360270307792,0,0,0,0,0,0,0,0.561765427402759
"129",0,92.5854347826087,1267.53869047619,2.93558022144155,2.93558022144155,0,0,1014.03095238095,358.194280908326,529.059627329192,338.010317460317,229.468211206897,20.896570335116,52.8774986549683,0,967.938636363636,19.2994124133347,0,0,896.616842105263,42.186419691942,196.596245576242,409.5125,15.9123108537269,195.722886029412,0,45.8557585328213,45.8557585328213,0,0,0,0,0,10387.6341463415,102.972195357834,102.972195357834,811.224761904762,1366.50160427807,46.9821290678434,0,67.4628544273721,0,49.4476953442471,597.32538569425,338.010317460317,45.4382801664355,0,126.190518518519,126.190518518519,138.232067510549,1031.21791767554,829.661688311688,460.424864864865,119.812359339835,0,46.9821290678434,0,0,54.7068721901092,54.7068721901092,1755.05357142857,0,54.0130627774255,0,3.68377061469265,0,1157.31793478261,4839.69318181818,0,1478.79513888889,500.070058708415,36.0515998742351,405.612380952381,0,597.32538569425,1755.05357142857,0,59.3007736826811,354.12389135255,0,117.487724137931,811.224761904762,896.616842105263,11.9893307559493,1101.4474137931,1031.21791767554,4839.69318181818,3943.4537037037,0,281.48909451421,236.870411568409,767.8359375,366.832902670112,0,394.467119481321,68.8338700794943,200.798208392268,139.054489388718,0,36.0515998742351,45.8557585328213,545.317541613316,1179.75900277008,138.232067510549,330.662267080745,0,139.054489388718,896.616842105263,0,3020.51773049645,0,59.3007736826811,896.616842105263,896.616842105263,29.4939750692521,54.0130627774255,0,69.4088983050847,896.616842105263,102.972195357834,45.4382801664355,896.616842105263,896.616842105263,0,2.93558022144155,1478.79513888889,54.7068721901092,0,32761,896.616842105263,1179.75900277008,967.938636363636,223.253363620479,0,45.4382801664355,45.4382801664355,2.93558022144155,32761,32761,0,460.424864864865,32761,2.93558022144155,54.7068721901092,545.371256895193,211.308856363185,354.12389135255,138.232067510549,0,235.951800554017,138.232067510549,138.232067510549,29.4939750692521,223.253363620479,54.7068721901092,2.93558022144155,46.9821290678434,354.12389135255,249.790615835777,2129.465,43.7216918180885,45.4382801664355,29.4939750692521,0,2.93558022144155
"130",0,95.7154840568575,1324.5476076555,6.04346574236133,6.04346574236133,0,0,520.357988721804,1030.59407138536,931.587192085072,349.680568421053,481.035264702475,21.5271059457423,43.415209421974,0,1010.24817533047,19.8790572369618,0,0,34507.9508310249,76.6062569565909,203.286897384536,862.698770775623,16.3851322201543,202.86233471209,0,47.3155131550461,47.3155131550461,0,0,0,0,0,10927.5177631579,214.615733482643,214.615733482643,0,1428.43369453044,97.4909580743428,0,34.6190963508883,0,50.9203996419287,622.059834714871,349.680568421053,126.819921089853,0,64.7556608187135,64.7556608187135,143.092768614027,1076.60273528649,862.698770775623,970.975291802256,123.965034182166,0,97.4909580743428,0,0,113.606422488971,113.606422488971,0,0,74.4349628381482,0,3.783548189679,0,593.886834954233,0,0,3152.16858552632,1055.3739489569,18.3466347689313,208.143195488722,1539.08700889548,622.059834714871,0,0,18.140830133782,367.929891015417,0,121.551921725894,846.001375212224,34507.9508310249,12.3405056613867,1150.26502770083,1076.60273528649,5082.56640146879,1324.5476076555,0,292.179619335773,245.080297463592,2480.3949525453,381.192480110159,7995.74470474968,410.038189987163,62.7958113005913,208.143195488722,47.3155131550461,0,18.3466347689313,47.3155131550461,567.663260423787,1232.42681539375,143.092768614027,343.452627443412,0,47.3155131550461,34507.9508310249,0,3167.39645308924,0,18.140830133782,34507.9508310249,34507.9508310249,92.0212022160665,74.4349628381482,0,144.321167904353,34507.9508310249,214.615733482643,126.819921089853,34507.9508310249,34507.9508310249,0,6.04346574236133,3152.16858552632,113.606422488971,0,896.616842105263,34507.9508310249,1232.42681539375,1010.24817533047,231.515206846566,0,126.819921089853,126.819921089853,6.04346574236133,896.616842105263,896.616842105263,0,970.975291802256,896.616842105263,6.04346574236133,113.606422488971,293.581363815411,388.451752901085,367.929891015417,143.092768614027,0,244.737239936347,143.092768614027,143.092768614027,30.403480908392,231.515206846566,113.606422488971,6.04346574236133,97.4909580743428,367.929891015417,523.996855775803,2230.10566595059,136.764928199723,126.819921089853,30.403480908392,0,6.04346574236133
"131",0,222.254598572703,4047.22880116959,12.4359462236432,12.4359462236432,0,5854.0273731203,1413.80283728188,287.094062743065,883.924591559789,824.718321747766,594.96466950043,46.3660743446758,91.5985632313324,10792.6101364522,2980.23211722488,85.7284343343977,0,0,1232.42681539375,22.702795757909,474.33609389725,2300.53005540166,70.1887933402354,499.734044046855,0,105.397430501061,105.397430501061,0,0,0,0,0,41628.6390977444,249.107547792353,249.107547792353,0,19283.854876161,217.571284482984,0,75.9844781445138,0,72.2898719137213,1726.53341880046,824.718321747766,66.2524760176303,0,146.719119617225,146.719119617225,342.242498128395,3202.2030075188,4768.37138755981,1288.74902366481,293.224984700122,0,217.571284482984,0,0,385.960892296968,385.960892296968,0,0,119.236383867147,12608.6743421053,6.1365411246748,0,1639.12766447368,8221.32997855139,0,4820.96371904025,1413.80283728188,16.0588582783745,513.933816021535,2749.06107249255,1726.53341880046,0,0,31.8880923004462,961.3651991048,0,287.094062743065,4995.43669172932,1232.42681539375,26.1194751728736,7088.11963015647,3202.2030075188,18212.5296052632,4047.22880116959,0,745.269753668058,287.094062743065,2292.48624401914,3101.22695682841,0,1084.16877352538,16.1562038783075,513.933816021535,105.397430501061,0,16.0588582783745,105.397430501061,1558.29130312412,138031.8033241,342.242498128395,1809.94083033671,0,105.397430501061,1232.42681539375,0,10792.6101364522,0,31.8880923004462,1232.42681539375,1232.42681539375,66.3614439058172,119.236383867147,0,163.422498950517,1232.42681539375,249.107547792353,66.2524760176303,1232.42681539375,1232.42681539375,0,12.4359462236432,4820.96371904025,385.960892296968,0,1179.75900277008,1232.42681539375,138031.8033241,2980.23211722488,577.28467161741,264.402083189626,66.2524760176303,66.2524760176303,12.4359462236432,1179.75900277008,1179.75900277008,0,1288.74902366481,1179.75900277008,12.4359462236432,385.960892296968,89.9384178037687,365.180449731895,961.3651991048,342.242498128395,0,613.474681440443,342.242498128395,342.242498128395,133.364061182705,577.28467161741,385.960892296968,12.4359462236432,217.571284482984,961.3651991048,2724.78365003418,7285.01184210526,100.24096101968,66.2524760176303,133.364061182705,0,12.4359462236432
"132",0,187.18813298272,3226.46212121212,5.33762014858512,5.33762014858512,0,0,1155.60020871985,241.057514803204,364.730500658762,457.570991735537,494.320473393913,39.5629067090115,19.4398552002447,0,2394.26681722083,36.449572080639,0,0,1010.24817533047,19.4398552002447,197.883663209061,928.269020119225,29.8848978637143,416.355957553476,0,89.4187291390015,89.4187291390015,0,0,0,0,0,31458.0056818182,209.526032293331,209.526032293331,0,3506.15543202927,91.7143022793533,0,64.6286711490872,0,30.7732997621112,1405.07221407625,457.570991735537,28.2197853167241,0,124.108296388543,124.108296388543,286.705874568469,2568.00046382189,0,1055.44101075998,246.13957934046,0,91.7143022793533,0,0,216.485200391007,216.485200391007,0,0,67.6304148666311,0,1.31891714266052,0,1335.48137328473,0,0,3825.97366400491,1155.60020871985,107.474508239151,428.000077303649,0,1405.07221407625,0,0,9.09015768112643,1608.64801782025,0,241.057514803204,1969.54470355731,1010.24817533047,22.3520349849101,2762.16635254989,2568.00046382189,13981.3358585859,0,0,616.823640819964,241.057514803204,1853.49951644101,823.029218419662,0,891.021404048351,13.8522194917186,428.000077303649,179.895668090299,0,107.474508239151,89.4187291390015,1271.03053259871,2980.23211722488,286.705874568469,734.904740133325,0,179.895668090299,1010.24817533047,0,8388.80151515151,0,9.09015768112643,1010.24817533047,1010.24817533047,56.4972913217987,67.6304148666311,0,138.091477203445,1010.24817533047,209.526032293331,28.2197853167241,1010.24817533047,1010.24817533047,0,5.33762014858512,3825.97366400491,216.485200391007,0,967.938636363636,1010.24817533047,2980.23211722488,102953.473140496,479.867883281972,0,28.2197853167241,28.2197853167241,5.33762014858512,967.938636363636,967.938636363636,0,1055.44101075998,967.938636363636,5.33762014858512,216.485200391007,76.400742396644,101.842464437541,1608.64801782025,286.705874568469,0,509.441387559809,286.705874568469,286.705874568469,113.532652084757,479.867883281972,216.485200391007,5.33762014858512,91.7143022793533,1608.64801782025,0,5719.63739669422,171.141819418256,28.2197853167241,113.532652084757,0,5.33762014858512
"133",0,53.4536376314096,617.373884924175,11.3911639492005,11.3911639492005,0,0,259.467734124815,66.949462907354,96.3788057259239,63.4059665597801,125.530242951289,12.8504096674873,6.5592888619535,0,479.867883281972,48.0783010034026,0,0,231.515206846566,19.779560986821,56.1734269754753,215.450886371498,39.838088423409,108.166940903723,0,3715.84496644295,3715.84496644295,0,0,0,0,0,4615.12281189219,59.1102655778465,59.1102655778465,0,662.405862412762,28.02613156052,0,40.7826295125922,2681.16658595642,30.623571361408,306.113618911298,63.4059665597801,9.34638596080554,0,36.9209824951375,36.9209824951375,78.0345074911089,509.082263156282,0,240.275241700219,68.19827798581,0,28.02613156052,0,0,32.4147946488686,32.4147946488686,837.86455811138,0,22.1688708973481,0,5.78768185421464,0,293.252595338983,0,0,713.317123797526,524.576071165386,3.25894053179295,110.792007684149,0,306.113618911298,837.86455811138,0,1.60936208911909,188.183483639989,0,66.949462907354,407.020469675311,231.515206846566,7.49208248683797,541.389406779661,1031.21791767554,2199.39446504237,617.373884924175,0,151.92795009467,66.949462907354,782.731672452522,194.466376830825,0,208.072794919012,9.50586372726452,110.792007684149,82.9498256254318,0,3.25894053179295,3715.84496644295,281.241250275149,577.28467161741,78.0345074911089,176.540023949889,0,82.9498256254318,231.515206846566,0,1400.60941057425,0,1.60936208911909,231.515206846566,231.515206846566,54.208438676269,22.1688708973481,0,40.6667697696587,231.515206846566,59.1102655778465,9.34638596080554,231.515206846566,231.515206846566,0,11.3911639492005,713.317123797526,32.4147946488686,0,223.253363620479,231.515206846566,577.28467161741,479.867883281972,14314.7029589199,62.2883305978517,9.34638596080554,9.34638596080554,11.3911639492005,223.253363620479,223.253363620479,2681.16658595642,240.275241700219,223.253363620479,11.3911639492005,32.4147946488686,47.610771440119,30.8427664819878,188.183483639989,78.0345074911089,0,128.843245549393,78.0345074911089,78.0345074911089,54.208438676269,14314.7029589199,32.4147946488686,11.3911639492005,28.02613156052,188.183483639989,0,1005.43746973366,79.2351510063112,9.34638596080554,54.208438676269,0,11.3911639492005
"134",0,0,0,141.340181534534,141.340181534534,0,0,0,0,0,102.542455858748,0,15.0387716427924,7.87766816696467,0,0,109.10075996926,0,0,0,0,60.7002232885173,0,90.8941594011588,0,0,15.3766171768755,15.3766171768755,0,0,0,0,0,0,0,0,0,0,0,0,0,0,30.2304765690436,445.304999419123,102.542455858748,16.6684945446323,0,0,0,0,0,320.845731026786,234.910645339217,0,0,0,0,0,18.0272169312169,18.0272169312169,0,0,13.0124453859394,0,1.51952690166976,0,0,2031.82454280413,0,0,0,4.06313648211887,56.8084567160197,243.367428571429,0,0,0,10.1254588508283,0,0,71.5225593372145,384.264360902256,0,0,0,0,0,568.615487316422,0,153.382833133253,35.559238540536,554.227443609023,0,0,205.46968641115,8.65013660750017,0,30.882449624145,0,4.06313648211887,15.3766171768755,0,264.402083189626,0,0,0,30.882449624145,0,0,0,0,10.1254588508283,0,0,0,13.0124453859394,0,0,0,0,16.6684945446323,0,0,0,141.340181534534,0,18.0272169312169,0,0,0,264.402083189626,0,62.2883305978517,6017.32653061225,16.6684945446323,16.6684945446323,141.340181534534,0,0,0,234.910645339217,0,141.340181534534,18.0272169312169,13.4131078357269,0,0,0,0,0,0,0,0,62.2883305978517,18.0272169312169,141.340181534534,0,0,280.449021401134,0,29.5779568025557,16.6684945446323,0,0,141.340181534534
"135",0,14.7993706563707,70.1751524139067,4.10850905575782,4.10850905575782,58.6333348630168,0,16.9870238649206,35.559238540536,47.2374667258208,93.5129408535748,38.4953224567271,9.64179310969352,12.129742862839,0,28.2197853167241,10.5860143336509,131.787416193914,131.787416193914,126.819921089853,6.46575779198105,79.5087431807339,668.591836734694,9.07990619336958,34.2578024453024,93.4590739521615,8.77091051377864,8.77091051377864,0,0,0,0,0,444.101147028154,26.8199088145897,26.8199088145897,24.5825685425685,37.1515512779506,21.0452636260315,0,4.6036514181944,0,10.6362234417826,38.9928586687826,93.5129408535748,668.591836734694,0,18.5776663031625,18.5776663031625,13.2025729785585,29.6644842237236,181.9191741813,97.3642806340175,23.9142576388564,0,21.0452636260315,0,0,10.0151205173427,10.0151205173427,137.720501580914,0,14.3170785821859,81.4846301020408,2.7298305712434,0,37.6496640735502,358.127347472671,70.1751524139067,79.497200099552,34.0850740296118,10.2212593742861,26.1011828154685,100.399104196134,19.4320846831227,137.720501580914,37.1515512779506,11.2916850047988,39.6335201422781,0,17.6302107049716,74.2476900726392,126.819921089853,1.02175084767449,31.2543786692759,29.6644842237236,109.42780061665,34.9665845648604,0,33.4479698421425,23.5729783583329,143.758654314968,54.4202657807309,331.864675324675,42.9438251341631,24.8829978451313,8.64845161945375,5.83335159567183,0,10.2212593742861,8.77091051377864,18.1346817117309,66.2524760176303,13.2025729785585,12.4778213992734,0,5.83335159567183,126.819921089853,131.787416193914,72.173021521776,0,11.2916850047988,126.819921089853,126.819921089853,10.4875644351052,14.3170785821859,0,11.9600016225256,126.819921089853,26.8199088145897,668.591836734694,126.819921089853,126.819921089853,0,4.10850905575782,79.497200099552,10.0151205173427,0,45.4382801664355,126.819921089853,66.2524760176303,28.2197853167241,9.34638596080554,16.6684945446323,668.591836734694,668.591836734694,4.10850905575782,45.4382801664355,45.4382801664355,0,97.3642806340175,45.4382801664355,4.10850905575782,10.0151205173427,31.9631505872641,56.5146109513836,39.6335201422781,13.2025729785585,0,19.5256280946268,13.2025729785585,13.2025729785585,8.3717725686766,9.34638596080554,10.0151205173427,4.10850905575782,21.0452636260315,39.6335201422781,93.6295322232626,53.5579728370221,14.1683799410501,668.591836734694,8.3717725686766,0,4.10850905575782
"136",0,14.7993706563707,70.1751524139067,4.10850905575782,4.10850905575782,58.6333348630168,0,16.9870238649206,35.559238540536,47.2374667258208,93.5129408535748,38.4953224567271,9.64179310969352,12.129742862839,0,28.2197853167241,10.5860143336509,131.787416193914,131.787416193914,126.819921089853,6.46575779198105,79.5087431807339,668.591836734694,9.07990619336958,34.2578024453024,93.4590739521615,8.77091051377864,8.77091051377864,0,0,0,0,0,444.101147028154,26.8199088145897,26.8199088145897,24.5825685425685,37.1515512779506,21.0452636260315,0,4.6036514181944,0,10.6362234417826,38.9928586687826,93.5129408535748,668.591836734694,0,18.5776663031625,18.5776663031625,13.2025729785585,29.6644842237236,181.9191741813,97.3642806340175,23.9142576388564,0,21.0452636260315,0,0,10.0151205173427,10.0151205173427,137.720501580914,0,14.3170785821859,81.4846301020408,2.7298305712434,0,37.6496640735502,358.127347472671,70.1751524139067,79.497200099552,34.0850740296118,10.2212593742861,26.1011828154685,100.399104196134,19.4320846831227,137.720501580914,37.1515512779506,11.2916850047988,39.6335201422781,0,17.6302107049716,74.2476900726392,126.819921089853,1.02175084767449,31.2543786692759,29.6644842237236,109.42780061665,34.9665845648604,0,33.4479698421425,23.5729783583329,143.758654314968,54.4202657807309,331.864675324675,42.9438251341631,24.8829978451313,8.64845161945375,5.83335159567183,0,10.2212593742861,8.77091051377864,18.1346817117309,66.2524760176303,13.2025729785585,12.4778213992734,0,5.83335159567183,126.819921089853,131.787416193914,72.173021521776,0,11.2916850047988,126.819921089853,126.819921089853,10.4875644351052,14.3170785821859,0,11.9600016225256,126.819921089853,26.8199088145897,668.591836734694,126.819921089853,126.819921089853,0,4.10850905575782,79.497200099552,10.0151205173427,0,45.4382801664355,126.819921089853,66.2524760176303,28.2197853167241,9.34638596080554,16.6684945446323,668.591836734694,668.591836734694,4.10850905575782,45.4382801664355,45.4382801664355,0,97.3642806340175,45.4382801664355,4.10850905575782,10.0151205173427,31.9631505872641,56.5146109513836,39.6335201422781,13.2025729785585,0,19.5256280946268,13.2025729785585,13.2025729785585,8.3717725686766,9.34638596080554,10.0151205173427,4.10850905575782,21.0452636260315,39.6335201422781,93.6295322232626,53.5579728370221,14.1683799410501,668.591836734694,8.3717725686766,0,4.10850905575782
"137",0,6.34588570155051,13.146812082529,121.2747267457,121.2747267457,21.7446433130052,0,6.59068247935513,2.46151482992919,6.38314241031274,9.5573505263862,7.71392704976371,5.9554968087025,2.44132314488301,0,5.33762014858512,72.2799626629417,0,0,6.04346574236133,3.68111734385181,5.46666712451258,8.59923670840639,62.9163638779857,5.19077856864275,17.1642967198043,6.01220169113719,6.01220169113719,0,0,0,0,0,40.2991704738174,6.80650554627386,6.80650554627386,4.67591578008985,6.96007698486827,6.79722118846456,0,5.98651697564343,24.1045270834089,8.84009777963154,113.097671974907,9.5573505263862,4.10850905575782,0,4.08604992609691,4.08604992609691,2.74098585536454,11.217474724963,8.59923670840639,15.609232529616,6.25983217193791,0,6.79722118846456,0,0,6.75681006901293,6.75681006901293,0,0,4.26693195619803,0,1.71122391731917,0,10.8773927020514,43.6235128193007,6.56341606247836,22.2870125699523,9.90071320449931,1.19235473297768,8.82633919703814,12.8342578576843,11.245060009257,0,13.9413737166416,2.38911733493127,12.9908255086888,0,3.69736503419709,14.0700633201799,6.04346574236133,0.80040120923362,11.7962215241265,5.60025213197852,20.0560113116599,19.750279431909,6.96007698486827,8.8619584865474,6.17932146102556,22.5822390901678,5.3015822030958,0,11.1859989702847,2.90150417452948,10.606781258561,5.33734529216044,0,1.19235473297768,6.01220169113719,3.50025214300481,12.4359462236432,2.74098585536454,7.41200418039605,0,5.33734529216044,6.04346574236133,0,13.3088683177527,0,2.38911733493127,6.04346574236133,6.04346574236133,7.01101203257046,4.26693195619803,0.561765427402759,6.13234424481559,6.04346574236133,6.80650554627386,4.10850905575782,6.04346574236133,6.04346574236133,0,121.2747267457,22.2870125699523,6.75681006901293,0.561765427402759,2.93558022144155,6.04346574236133,12.4359462236432,5.33762014858512,11.3911639492005,121.2747267457,4.10850905575782,4.10850905575782,121.2747267457,2.93558022144155,2.93558022144155,24.1045270834089,15.609232529616,2.93558022144155,121.2747267457,6.75681006901293,4.82876619886598,2.88278201601994,12.9908255086888,2.74098585536454,0,3.91899071607147,2.74098585536454,2.74098585536454,3.9770851106475,11.3911639492005,6.75681006901293,121.2747267457,6.79722118846456,12.9908255086888,8.16995268985746,9.93572339519348,7.79671027972456,4.10850905575782,3.9770851106475,0,121.2747267457
"138",0,92.5854347826087,1267.53869047619,2.93558022144155,2.93558022144155,0,0,1014.03095238095,358.194280908326,529.059627329192,338.010317460317,229.468211206897,20.896570335116,52.8774986549683,0,967.938636363636,19.2994124133347,0,0,896.616842105263,42.186419691942,196.596245576242,409.5125,15.9123108537269,195.722886029412,0,45.8557585328213,45.8557585328213,0,0,0,0,0,10387.6341463415,102.972195357834,102.972195357834,811.224761904762,1366.50160427807,46.9821290678434,0,67.4628544273721,0,49.4476953442471,597.32538569425,338.010317460317,45.4382801664355,0,126.190518518519,126.190518518519,138.232067510549,1031.21791767554,829.661688311688,460.424864864865,119.812359339835,0,46.9821290678434,0,0,54.7068721901092,54.7068721901092,1755.05357142857,0,54.0130627774255,0,3.68377061469265,0,1157.31793478261,4839.69318181818,0,1478.79513888889,500.070058708415,36.0515998742351,405.612380952381,0,597.32538569425,1755.05357142857,0,59.3007736826811,354.12389135255,0,117.487724137931,811.224761904762,896.616842105263,11.9893307559493,1101.4474137931,1031.21791767554,4839.69318181818,3943.4537037037,0,281.48909451421,236.870411568409,767.8359375,366.832902670112,0,394.467119481321,68.8338700794943,200.798208392268,139.054489388718,0,36.0515998742351,45.8557585328213,545.317541613316,1179.75900277008,138.232067510549,330.662267080745,0,139.054489388718,896.616842105263,0,3020.51773049645,0,59.3007736826811,896.616842105263,896.616842105263,29.4939750692521,54.0130627774255,0,69.4088983050847,896.616842105263,102.972195357834,45.4382801664355,896.616842105263,896.616842105263,0,2.93558022144155,1478.79513888889,54.7068721901092,0,32761,896.616842105263,1179.75900277008,967.938636363636,223.253363620479,0,45.4382801664355,45.4382801664355,2.93558022144155,32761,32761,0,460.424864864865,32761,2.93558022144155,54.7068721901092,545.371256895193,211.308856363185,354.12389135255,138.232067510549,0,235.951800554017,138.232067510549,138.232067510549,29.4939750692521,223.253363620479,54.7068721901092,2.93558022144155,46.9821290678434,354.12389135255,249.790615835777,2129.465,43.7216918180885,45.4382801664355,29.4939750692521,0,2.93558022144155
"139",0,92.5854347826087,1267.53869047619,2.93558022144155,2.93558022144155,0,0,1014.03095238095,358.194280908326,529.059627329192,338.010317460317,229.468211206897,20.896570335116,52.8774986549683,0,967.938636363636,19.2994124133347,0,0,896.616842105263,42.186419691942,196.596245576242,409.5125,15.9123108537269,195.722886029412,0,45.8557585328213,45.8557585328213,0,0,0,0,0,10387.6341463415,102.972195357834,102.972195357834,811.224761904762,1366.50160427807,46.9821290678434,0,67.4628544273721,0,49.4476953442471,597.32538569425,338.010317460317,45.4382801664355,0,126.190518518519,126.190518518519,138.232067510549,1031.21791767554,829.661688311688,460.424864864865,119.812359339835,0,46.9821290678434,0,0,54.7068721901092,54.7068721901092,1755.05357142857,0,54.0130627774255,0,3.68377061469265,0,1157.31793478261,4839.69318181818,0,1478.79513888889,500.070058708415,36.0515998742351,405.612380952381,0,597.32538569425,1755.05357142857,0,59.3007736826811,354.12389135255,0,117.487724137931,811.224761904762,896.616842105263,11.9893307559493,1101.4474137931,1031.21791767554,4839.69318181818,3943.4537037037,0,281.48909451421,236.870411568409,767.8359375,366.832902670112,0,394.467119481321,68.8338700794943,200.798208392268,139.054489388718,0,36.0515998742351,45.8557585328213,545.317541613316,1179.75900277008,138.232067510549,330.662267080745,0,139.054489388718,896.616842105263,0,3020.51773049645,0,59.3007736826811,896.616842105263,896.616842105263,29.4939750692521,54.0130627774255,0,69.4088983050847,896.616842105263,102.972195357834,45.4382801664355,896.616842105263,896.616842105263,0,2.93558022144155,1478.79513888889,54.7068721901092,0,32761,896.616842105263,1179.75900277008,967.938636363636,223.253363620479,0,45.4382801664355,45.4382801664355,2.93558022144155,32761,32761,0,460.424864864865,32761,2.93558022144155,54.7068721901092,545.371256895193,211.308856363185,354.12389135255,138.232067510549,0,235.951800554017,138.232067510549,138.232067510549,29.4939750692521,223.253363620479,54.7068721901092,2.93558022144155,46.9821290678434,354.12389135255,249.790615835777,2129.465,43.7216918180885,45.4382801664355,29.4939750692521,0,2.93558022144155
"140",0,0,0,24.1045270834089,24.1045270834089,0,0,0,0,0,1178.00191489362,5633.63267382702,186.777671158423,89.8759633854895,0,0,171.597985433132,0,0,0,0,0,0,139.803551939398,0,0,437.15823134623,437.15823134623,0,0,0,0,0,0,0,0,13746.0637241379,0,0,0,0,1993179.24,0,0,1178.00191489362,0,0,0,0,0,0,0,0,0,0,0,0,0,0,0,0,0,158.196361731511,0,5.87889110429448,0,0,0,0,0,0,0,0,0,0,0,0,40.9694317004588,0,0,0,0,0,0,0,0,0,25166.4045454545,0,0,0,0,0,0,0,63.5531477182869,0,0,0,0,437.15823134623,0,0,0,0,0,0,0,0,0,0,40.9694317004588,0,0,0,158.196361731511,0,0,0,0,0,0,0,0,24.1045270834089,0,0,0,0,0,0,0,2681.16658595642,0,0,0,24.1045270834089,0,0,1993179.24,0,0,24.1045270834089,0,745.671245791246,501.37828646174,0,0,0,0,0,0,0,2681.16658595642,0,24.1045270834089,0,0,0,0,414.882652678906,0,0,0,24.1045270834089
"141",0,99.0252007154213,1385.53778778779,15.609232529616,15.609232529616,0,0,541.948784599489,383.796731185446,185.885815007554,486.627905954735,247.018108901271,67.0833378582561,56.0428258025072,0,1055.44101075998,20.4905702507376,0,0,970.975291802256,11.0864009625668,765.256847804863,1364.94195580716,16.883880520651,210.42855152027,0,48.8569827581981,48.8569827581981,0,0,0,0,0,11510.6216216216,110.208079355952,110.208079355952,0,1494.72001079881,100.675990859664,0,35.7216713012846,0,17.3735145804111,648.407669585811,486.627905954735,97.3642806340175,0,66.9188934027195,66.9188934027195,148.238055006024,1125.09835399309,1844.85305442429,36398.4521548576,128.359009695933,0,100.675990859664,0,0,177.086486486486,177.086486486486,0,0,38.0887700019721,0,3.88872352081812,0,618.907504471383,8162.07714987715,0,1618.68116554054,541.948784599489,18.8685873939365,215.927966927967,519.57667042042,1316.4640564318,0,0,21.3514503326156,774.880742076945,0,125.852044643466,883.10998670802,970.975291802256,12.7108759601492,1202.44886583012,1125.09835399309,5344.21718146718,0,0,1257.46286622757,253.767237559776,3511.71507100321,396.450612225414,17265.9324324324,1313.89534607779,48.2559353740124,215.927966927967,48.8569827581981,0,18.8685873939365,48.8569827581981,591.454865933127,1288.74902366481,148.238055006024,357.036778825485,0,48.8569827581981,970.975291802256,0,3325.29069069069,0,21.3514503326156,970.975291802256,970.975291802256,31.3633611953826,38.0887700019721,0,74.1108700049378,970.975291802256,110.208079355952,97.3642806340175,970.975291802256,970.975291802256,0,15.609232529616,1618.68116554054,177.086486486486,0,460.424864864865,970.975291802256,1288.74902366481,1055.44101075998,240.275241700219,234.910645339217,97.3642806340175,97.3642806340175,15.609232529616,460.424864864865,460.424864864865,0,36398.4521548576,460.424864864865,15.609232529616,177.086486486486,127.243266225409,168.013814163479,774.880742076945,148.238055006024,0,254.054467030698,148.238055006024,148.238055006024,31.3633611953826,240.275241700219,177.086486486486,15.609232529616,100.675990859664,774.880742076945,1113.01052043779,2338.09501689189,46.5726987491693,97.3642806340175,31.3633611953826,0,15.609232529616
"142",0,92.5854347826087,1267.53869047619,2.93558022144155,2.93558022144155,0,0,1014.03095238095,358.194280908326,529.059627329192,338.010317460317,229.468211206897,20.896570335116,52.8774986549683,0,967.938636363636,19.2994124133347,0,0,896.616842105263,42.186419691942,196.596245576242,409.5125,15.9123108537269,195.722886029412,0,45.8557585328213,45.8557585328213,0,0,0,0,0,10387.6341463415,102.972195357834,102.972195357834,811.224761904762,1366.50160427807,46.9821290678434,0,67.4628544273721,0,49.4476953442471,597.32538569425,338.010317460317,45.4382801664355,0,126.190518518519,126.190518518519,138.232067510549,1031.21791767554,829.661688311688,460.424864864865,119.812359339835,0,46.9821290678434,0,0,54.7068721901092,54.7068721901092,1755.05357142857,0,54.0130627774255,0,3.68377061469265,0,1157.31793478261,4839.69318181818,0,1478.79513888889,500.070058708415,36.0515998742351,405.612380952381,0,597.32538569425,1755.05357142857,0,59.3007736826811,354.12389135255,0,117.487724137931,811.224761904762,896.616842105263,11.9893307559493,1101.4474137931,1031.21791767554,4839.69318181818,3943.4537037037,0,281.48909451421,236.870411568409,767.8359375,366.832902670112,0,394.467119481321,68.8338700794943,200.798208392268,139.054489388718,0,36.0515998742351,45.8557585328213,545.317541613316,1179.75900277008,138.232067510549,330.662267080745,0,139.054489388718,896.616842105263,0,3020.51773049645,0,59.3007736826811,896.616842105263,896.616842105263,29.4939750692521,54.0130627774255,0,69.4088983050847,896.616842105263,102.972195357834,45.4382801664355,896.616842105263,896.616842105263,0,2.93558022144155,1478.79513888889,54.7068721901092,0,32761,896.616842105263,1179.75900277008,967.938636363636,223.253363620479,0,45.4382801664355,45.4382801664355,2.93558022144155,32761,32761,0,460.424864864865,32761,2.93558022144155,54.7068721901092,545.371256895193,211.308856363185,354.12389135255,138.232067510549,0,235.951800554017,138.232067510549,138.232067510549,29.4939750692521,223.253363620479,54.7068721901092,2.93558022144155,46.9821290678434,354.12389135255,249.790615835777,2129.465,43.7216918180885,45.4382801664355,29.4939750692521,0,2.93558022144155
"143",0,6.34588570155051,13.146812082529,121.2747267457,121.2747267457,21.7446433130052,0,6.59068247935513,2.46151482992919,6.38314241031274,9.5573505263862,7.71392704976371,5.9554968087025,2.44132314488301,0,5.33762014858512,72.2799626629417,0,0,6.04346574236133,3.68111734385181,5.46666712451258,8.59923670840639,62.9163638779857,5.19077856864275,17.1642967198043,6.01220169113719,6.01220169113719,0,0,0,0,0,40.2991704738174,6.80650554627386,6.80650554627386,4.67591578008985,6.96007698486827,6.79722118846456,0,5.98651697564343,24.1045270834089,8.84009777963154,113.097671974907,9.5573505263862,4.10850905575782,0,4.08604992609691,4.08604992609691,2.74098585536454,11.217474724963,8.59923670840639,15.609232529616,6.25983217193791,0,6.79722118846456,0,0,6.75681006901293,6.75681006901293,0,0,4.26693195619803,0,1.71122391731917,0,10.8773927020514,43.6235128193007,6.56341606247836,22.2870125699523,9.90071320449931,1.19235473297768,8.82633919703814,12.8342578576843,11.245060009257,0,13.9413737166416,2.38911733493127,12.9908255086888,0,3.69736503419709,14.0700633201799,6.04346574236133,0.80040120923362,11.7962215241265,5.60025213197852,20.0560113116599,19.750279431909,6.96007698486827,8.8619584865474,6.17932146102556,22.5822390901678,5.3015822030958,0,11.1859989702847,2.90150417452948,10.606781258561,5.33734529216044,0,1.19235473297768,6.01220169113719,3.50025214300481,12.4359462236432,2.74098585536454,7.41200418039605,0,5.33734529216044,6.04346574236133,0,13.3088683177527,0,2.38911733493127,6.04346574236133,6.04346574236133,7.01101203257046,4.26693195619803,0.561765427402759,6.13234424481559,6.04346574236133,6.80650554627386,4.10850905575782,6.04346574236133,6.04346574236133,0,121.2747267457,22.2870125699523,6.75681006901293,0.561765427402759,2.93558022144155,6.04346574236133,12.4359462236432,5.33762014858512,11.3911639492005,121.2747267457,4.10850905575782,4.10850905575782,121.2747267457,2.93558022144155,2.93558022144155,24.1045270834089,15.609232529616,2.93558022144155,121.2747267457,6.75681006901293,4.82876619886598,2.88278201601994,12.9908255086888,2.74098585536454,0,3.91899071607147,2.74098585536454,2.74098585536454,3.9770851106475,11.3911639492005,6.75681006901293,121.2747267457,6.79722118846456,12.9908255086888,8.16995268985746,9.93572339519348,7.79671027972456,4.10850905575782,3.9770851106475,0,121.2747267457
"144",0,15.7738148148148,271.602109394162,6.75681006901293,6.75681006901293,0,0,62.4019047619048,38.5692023685127,26.351628947431,55.4215115115115,33.1454082854406,22.4487761167403,2.39812407281075,286.796632996633,107.548737373737,20.9265835894063,0,0,113.606422488971,7.22544942023973,49.8501688200603,160.947936046512,17.6311089881379,29.1277830387205,0,8.75346281847574,8.75346281847574,0,0,0,0,0,898.071208434712,52.1239785351158,52.1239785351158,0,289.495895424837,26.9992880306244,0,27.0824907672365,0,14.4306539474027,72.161733463669,55.4215115115115,10.0151205173427,0,34.4691610894942,34.4691610894942,21.9354172857115,113.397009728623,271.402401960784,177.086486486486,19.5088407329105,0,26.9992880306244,0,0,2734.12790123457,2734.12790123457,0,0,23.5295000106245,0,1.59175145993927,0,69.4855547188755,466.044528619529,0,309.653747203579,189.447698887938,7.8536245966169,29.7403325007386,60.3116448801743,219.141460518504,0,0,5.15505742471008,94.7887176853279,0,19.1973405454136,186.889755274262,113.606422488971,2.71131270690094,119.840021645022,113.397009728623,439.413412698413,134.907626705653,0,159.063678804855,19.1973405454136,178.571488469602,97.5442036645525,1347.10681265207,51.4435214866434,7.13767980017726,29.7403325007386,17.5690069335364,0,7.8536245966169,8.75346281847574,66.9764592028065,385.960892296968,21.9354172857115,44.5781723027375,0,17.5690069335364,113.606422488971,0,286.796632996633,0,5.15505742471008,113.606422488971,113.606422488971,5.99589452025125,23.5295000106245,0,12.4128082683167,113.606422488971,52.1239785351158,10.0151205173427,113.606422488971,113.606422488971,0,6.75681006901293,309.653747203579,2734.12790123457,0,54.7068721901092,113.606422488971,385.960892296968,216.485200391007,32.4147946488686,18.0272169312169,10.0151205173427,10.0151205173427,6.75681006901293,54.7068721901092,54.7068721901092,0,177.086486486486,54.7068721901092,6.75681006901293,2734.12790123457,31.1049818115423,19.5253526590492,94.7887176853279,21.9354172857115,0,33.9034873396405,21.9354172857115,21.9354172857115,30.3542160087719,32.4147946488686,2734.12790123457,6.75681006901293,26.9992880306244,94.7887176853279,107.663762761303,210.677663622527,8.40580416448422,10.0151205173427,30.3542160087719,0,6.75681006901293
"145",0,23.6607222222222,95.4653596799779,4.82876619886598,4.82876619886598,0,0,44.8381033365727,102.266824461966,98.6242750060565,69.1833983105913,73.3170321521267,20.9327548724929,23.1835279388149,0,76.400742396644,3.21746222687122,1125.32703252033,1125.32703252033,293.581363815411,21.207476888705,62.4217446401674,76.8973472222222,5.46218670612899,42.9114660838294,0,13.3615424899063,13.3615424899063,0,466.044528619529,943.525732788003,943.525732788003,0,625.181684733514,65.1838155651625,65.1838155651625,66.1482556750299,101.648839685687,27.441899309815,0,10.3133125078003,745.671245791246,16.9568835353173,103.897783782769,69.1833983105913,31.9631505872641,0,25.9934694835681,25.9934694835681,32.5818959683162,80.4786470143613,276.041759259259,127.243266225409,43.7953567473501,0,27.441899309815,0,0,31.1049818115423,31.1049818115423,125.546689342404,0,21.4036912225359,0,3.78176936143927,0,202.36144005848,327.048792013704,95.4653596799779,108.612072347772,44.8381033365727,17.8663582289562,21.7963002330562,359.753671215075,51.6783247461171,125.546689342404,0,50.5072888159095,68.5359600911071,0,28.6276130940378,66.1482556750299,293.581363815411,4.26780703864037,257.75647113594,161.846560846561,306.975438012863,289.632192927391,101.648839685687,144.979915577342,57.7226157896109,390.011904761905,35.0649098140548,466.044528619529,74.6485593711659,33.6880408017278,43.7880829794133,33.7313450112832,0,17.8663582289562,13.3615424899063,48.0458276927349,89.9384178037687,32.5818959683162,32.3030234077808,234.35382010582,33.7313450112832,293.581363815411,1125.32703252033,201.038816267248,0,50.5072888159095,293.581363815411,293.581363815411,23.3269671537152,21.4036912225359,2.27385851387493,66.8381983678594,293.581363815411,65.1838155651625,31.9631505872641,293.581363815411,293.581363815411,0,4.82876619886598,108.612072347772,31.1049818115423,2.27385851387493,545.371256895193,293.581363815411,89.9384178037687,76.400742396644,47.610771440119,13.4131078357269,31.9631505872641,31.9631505872641,4.82876619886598,545.371256895193,545.371256895193,745.671245791246,127.243266225409,545.371256895193,4.82876619886598,31.1049818115423,1898.69993141289,76.0437560604438,68.5359600911071,32.5818959683162,0,49.7355305827292,32.5818959683162,32.5818959683162,18.6079485111246,47.610771440119,31.1049818115423,4.82876619886598,27.441899309815,68.5359600911071,78.4000141602945,148.164445514879,59.129063608014,31.9631505872641,18.6079485111246,0,4.82876619886598
"146",0,30.2519388033877,127.665767386091,2.88278201601994,2.88278201601994,0,0,59.2048678480832,170.897254800641,76.0308536203911,107.170545536665,160.957917932895,25.9464986962395,6.95741555639216,270.964077717418,101.842464437541,3.97861863445328,0,0,388.451752901085,11.6455665406277,146.526603087392,152.763696656311,3.3567627212898,84.0200331609712,0,16.8247747134812,16.8247747134812,0,0,0,0,0,847.483392009796,16.4382554484659,16.4382554484659,87.971895661385,136.047618527569,17.1737795736392,0,12.9002653863091,501.37828646174,17.3861717260849,68.4263170109074,107.170545536665,56.5146109513836,0,32.9641815926569,32.9641815926569,20.9114784355214,107.363125133317,101.267083282527,168.013814163479,18.6090881862616,0,17.1737795736392,0,0,19.5253526590492,19.5253526590492,0,0,30.3094884650301,306.922495565192,0.768663575063294,0,65.8980652242911,0,0,292.880289885738,119.098164392074,14.746261948548,85.7825974683283,414.913744004796,68.4263170109074,0,0,14.5892891131294,44.7659184340839,0,18.3134342181427,87.971895661385,388.451752901085,2.60967237508112,113.444770512704,107.363125133317,414.913744004796,387.971293095394,0,37.1911479219985,18.3134342181427,84.0725785225478,92.6319056382801,0,48.8466378008099,52.3531482645646,28.3096797615213,8.38307590253593,0,14.746261948548,16.8247747134812,63.5274631969066,365.180449731895,20.9114784355214,42.3541440004896,0,8.38307590253593,388.451752901085,0,270.964077717418,0,14.5892891131294,388.451752901085,388.451752901085,23.2217311624385,30.3094884650301,0,11.8672363221711,388.451752901085,16.4382554484659,56.5146109513836,388.451752901085,388.451752901085,0,2.88278201601994,292.880289885738,19.5253526590492,0,211.308856363185,388.451752901085,365.180449731895,101.842464437541,30.8427664819878,0,56.5146109513836,56.5146109513836,2.88278201601994,211.308856363185,211.308856363185,501.37828646174,168.013814163479,211.308856363185,2.88278201601994,19.5253526590492,76.0437560604438,2579.03219295068,44.7659184340839,20.9114784355214,0,32.2524043922757,20.9114784355214,20.9114784355214,5.7523343199638,30.8427664819878,19.5253526590492,2.88278201601994,17.1737795736392,44.7659184340839,67.8949762916939,199.158597122302,16.1589125454201,56.5146109513836,5.7523343199638,0,2.88278201601994
"147",0,79.194979338843,2097.20037878788,12.9908255086888,12.9908255086888,0,0,414.830844155844,305.088417172806,295.727432966563,190.654579889807,193.323353456035,73.5370013178653,18.3453861407135,0,791.94979338843,33.7255827080646,0,0,367.929891015417,27.5920525422828,340.879886987871,341.110904983571,27.8406540359033,333.870343321183,0,39.5864165459121,39.5864165459121,0,0,0,0,0,8206.43626482213,177.172747895096,177.172747895096,0,1110.28255347594,122.936192417005,0,58.4314013128733,0,43.1029993356723,1000.87335797212,190.654579889807,39.6335201422781,0,53.9280097402597,53.9280097402597,117.502407610028,842.625152191559,0,774.880742076945,311.066161292471,0,122.936192417005,0,0,94.7887176853279,94.7887176853279,0,0,31.2587312699721,0,4.56096739647787,0,471.870085227273,0,0,1199.66970820493,840.436515432619,11.1938690026476,518.538555194805,0,493.674021161924,0,1110.28255347594,6.62335776765928,25738.368285124,0,100.1315830721,666.169532085562,367.929891015417,10.4755263675718,1826.59387829912,842.625152191559,3852.00069573284,0,1110.28255347594,236.230330526795,201.815593788729,1281.0952540107,306.243430109642,0,328.829327684511,19.8230037553904,342.400061842919,79.5873505425668,0,11.1938690026476,39.5864165459121,451.550320791649,961.3651991048,117.502407610028,276.621447128836,0,79.5873505425668,367.929891015417,0,2419.84659090909,0,6.62335776765928,367.929891015417,367.929891015417,51.3833123659462,31.2587312699721,0,119.966970820493,367.929891015417,177.172747895096,39.6335201422781,367.929891015417,367.929891015417,0,12.9908255086888,1199.66970820493,94.7887176853279,0,354.12389135255,367.929891015417,961.3651991048,1608.64801782025,188.183483639989,0,39.6335201422781,39.6335201422781,12.9908255086888,354.12389135255,354.12389135255,0,774.880742076945,354.12389135255,12.9908255086888,94.7887176853279,68.5359600911071,44.7659184340839,25738.368285124,117.502407610028,0,198.682141148325,117.502407610028,117.502407610028,51.3833123659462,188.183483639989,94.7887176853279,12.9908255086888,122.936192417005,25738.368285124,0,1715.89121900826,114.462118915045,39.6335201422781,51.3833123659462,0,12.9908255086888
"148",0,144.172096925859,365.019053270042,2.74098585536454,2.74098585536454,0,0,159.482408103826,43.9395976350145,125.223927744815,83.9325248237702,161.111857995053,18.0024809216152,23.5259007142827,0,286.705874568469,16.7033770470482,0,0,143.092768614027,14.0461765935398,37.1577569396544,133.634094078524,13.9192965695825,139.794531039591,0,56.4432146801461,56.4432146801461,0,0,0,0,0,2595.69104547586,118.414190998241,118.414190998241,749.409414713623,390.559086099463,57.7242540542357,0,28.0596522999525,0,14.2998690528154,186.668518511581,83.9325248237702,13.2025729785585,0,75.313781976195,75.313781976195,7984.21422848902,303.392459860814,0,148.238055006024,44.7215629644521,0,57.7242540542357,0,0,21.9354172857115,21.9354172857115,489.715003144901,0,23.3828702150374,0,3.18740949829068,0,179.191171605293,0,0,847.786188240098,321.812716352364,3.56051822192599,71.0067459248714,0,186.668518511581,489.715003144901,0,5.88476754040373,117.502407610028,0,43.9395976350145,244.952591864323,143.092768614027,5.30543809342098,321.812716352364,303.392459860814,1251.49389692586,0,0,95.8736774662765,43.9395976350145,233.266613924051,121.228699606118,0,129.27913999808,3.39172827610467,143.027873934384,18.648639211502,0,3.56051822192599,56.4432146801461,172.195720461543,342.242498128395,7984.21422848902,110.580807161752,0,18.648639211502,143.092768614027,0,805.559289975266,0,5.88476754040373,143.092768614027,143.092768614027,62.874095300103,23.3828702150374,0,27.2722640976579,143.092768614027,118.414190998241,13.2025729785585,143.092768614027,143.092768614027,0,2.74098585536454,847.786188240098,21.9354172857115,0,138.232067510549,143.092768614027,342.242498128395,286.705874568469,78.0345074911089,0,13.2025729785585,13.2025729785585,2.74098585536454,138.232067510549,138.232067510549,0,148.238055006024,138.232067510549,2.74098585536454,21.9354172857115,32.5818959683162,20.9114784355214,117.502407610028,7984.21422848902,0,7984.21422848902,7984.21422848902,7984.21422848902,24.8670579164452,78.0345074911089,21.9354172857115,2.74098585536454,57.7242540542357,117.502407610028,0,584.030485232068,54.0074427648457,13.2025729785585,24.8670579164452,0,2.74098585536454
"149",0,0,0,0,0,0,0,0,0,0,0,0,0,0,0,0,0,0,0,0,0,0,0,0,0,0,0,0,0,0,0,0,0,0,0,0,0,0,0,0,0,0,0,0,0,0,0,0,0,0,0,0,0,0,0,0,0,0,0,0,0,0,0,0,9.81320276497696,0,0,0,0,0,0,0,0,0,0,0,0,0,0,0,0,0,0,0,0,0,0,0,0,0,0,0,0,0,0,0,0,0,0,0,0,0,0,0,0,0,0,0,0,0,0,0,0,0,0,0,0,0,0,0,0,0,0,0,0,0,0,0,0,0,0,0,0,0,0,0,0,0,0,0,0,0,0,0,0,0,0,0,5536609,0,0,0,0,0,0,0,0,0,0,0,0,0,0,0,0
"150",0,228.549391124871,656.307373162636,3.91899071607147,3.91899071607147,0,0,274.474543501611,70.2677775944564,204.348158263822,133.977229280097,132.214371000095,26.8836158759036,27.5113740260773,0,509.441387559809,12.399140785088,0,0,244.737239936347,13.6844140233338,58.9044822486781,227.656620065789,10.2768638224021,229.569700906678,0,57.5208199139776,57.5208199139776,0,0,0,0,0,4938.9910793934,188.51381995097,188.51381995097,1327.90089273817,704.433054836931,58.8806776488605,0,42.5775093051155,0,21.1989286835596,324.138457935718,133.977229280097,19.5256280946268,0,117.211363716554,117.211363716554,28670.587456847,540.631676594083,0,254.054467030698,71.5854422742083,0,58.8806776488605,0,0,33.9034873396405,33.9034873396405,0,0,34.7608819854718,0,3.4868432748538,0,310.440845544258,0,0,1539.08700889548,555.048521303258,3.382320886833,116.606832206567,0,324.138457935718,0,0,6.70780520427721,198.682141148325,0,70.2677775944564,431.70440545809,244.737239936347,7.7975722585685,575.132513850416,540.631676594083,2350.00382003396,0,0,160.198171349209,70.2677775944564,410.038189987163,205.356218241163,0,219.814287415799,4.93063407249087,235.190051399686,28.6201152742718,0,3.382320886833,57.5208199139776,297.651147787753,613.474681440443,28670.587456847,186.317438417014,0,28.6201152742718,244.737239936347,0,1494.36140350877,0,6.70780520427721,244.737239936347,244.737239936347,95.0632254298207,34.7608819854718,0,42.5775093051155,244.737239936347,188.51381995097,19.5256280946268,244.737239936347,244.737239936347,0,3.91899071607147,1539.08700889548,33.9034873396405,0,235.951800554017,244.737239936347,613.474681440443,509.441387559809,128.843245549393,0,19.5256280946268,19.5256280946268,3.91899071607147,235.951800554017,235.951800554017,0,254.054467030698,235.951800554017,3.91899071607147,33.9034873396405,49.7355305827292,32.2524043922757,198.682141148325,28670.587456847,0,15336.8670360111,28670.587456847,28670.587456847,18.7034963853794,128.843245549393,33.9034873396405,3.91899071607147,58.8806776488605,198.682141148325,0,1071.32527089783,82.807750407562,19.5256280946268,18.7034963853794,0,3.91899071607147
"151",0,144.172096925859,365.019053270042,2.74098585536454,2.74098585536454,0,0,159.482408103826,43.9395976350145,125.223927744815,83.9325248237702,161.111857995053,18.0024809216152,23.5259007142827,0,286.705874568469,16.7033770470482,0,0,143.092768614027,14.0461765935398,37.1577569396544,133.634094078524,13.9192965695825,139.794531039591,0,56.4432146801461,56.4432146801461,0,0,0,0,0,2595.69104547586,118.414190998241,118.414190998241,749.409414713623,390.559086099463,57.7242540542357,0,28.0596522999525,0,14.2998690528154,186.668518511581,83.9325248237702,13.2025729785585,0,75.313781976195,75.313781976195,7984.21422848902,303.392459860814,0,148.238055006024,44.7215629644521,0,57.7242540542357,0,0,21.9354172857115,21.9354172857115,489.715003144901,0,23.3828702150374,0,3.18740949829068,0,179.191171605293,0,0,847.786188240098,321.812716352364,3.56051822192599,71.0067459248714,0,186.668518511581,489.715003144901,0,5.88476754040373,117.502407610028,0,43.9395976350145,244.952591864323,143.092768614027,5.30543809342098,321.812716352364,303.392459860814,1251.49389692586,0,0,95.8736774662765,43.9395976350145,233.266613924051,121.228699606118,0,129.27913999808,3.39172827610467,143.027873934384,18.648639211502,0,3.56051822192599,56.4432146801461,172.195720461543,342.242498128395,7984.21422848902,110.580807161752,0,18.648639211502,143.092768614027,0,805.559289975266,0,5.88476754040373,143.092768614027,143.092768614027,62.874095300103,23.3828702150374,0,27.2722640976579,143.092768614027,118.414190998241,13.2025729785585,143.092768614027,143.092768614027,0,2.74098585536454,847.786188240098,21.9354172857115,0,138.232067510549,143.092768614027,342.242498128395,286.705874568469,78.0345074911089,0,13.2025729785585,13.2025729785585,2.74098585536454,138.232067510549,138.232067510549,0,148.238055006024,138.232067510549,2.74098585536454,21.9354172857115,32.5818959683162,20.9114784355214,117.502407610028,7984.21422848902,0,7984.21422848902,7984.21422848902,7984.21422848902,24.8670579164452,78.0345074911089,21.9354172857115,2.74098585536454,57.7242540542357,117.502407610028,0,584.030485232068,54.0074427648457,13.2025729785585,24.8670579164452,0,2.74098585536454
"152",0,144.172096925859,365.019053270042,2.74098585536454,2.74098585536454,0,0,159.482408103826,43.9395976350145,125.223927744815,83.9325248237702,161.111857995053,18.0024809216152,23.5259007142827,0,286.705874568469,16.7033770470482,0,0,143.092768614027,14.0461765935398,37.1577569396544,133.634094078524,13.9192965695825,139.794531039591,0,56.4432146801461,56.4432146801461,0,0,0,0,0,2595.69104547586,118.414190998241,118.414190998241,749.409414713623,390.559086099463,57.7242540542357,0,28.0596522999525,0,14.2998690528154,186.668518511581,83.9325248237702,13.2025729785585,0,75.313781976195,75.313781976195,7984.21422848902,303.392459860814,0,148.238055006024,44.7215629644521,0,57.7242540542357,0,0,21.9354172857115,21.9354172857115,489.715003144901,0,23.3828702150374,0,3.18740949829068,0,179.191171605293,0,0,847.786188240098,321.812716352364,3.56051822192599,71.0067459248714,0,186.668518511581,489.715003144901,0,5.88476754040373,117.502407610028,0,43.9395976350145,244.952591864323,143.092768614027,5.30543809342098,321.812716352364,303.392459860814,1251.49389692586,0,0,95.8736774662765,43.9395976350145,233.266613924051,121.228699606118,0,129.27913999808,3.39172827610467,143.027873934384,18.648639211502,0,3.56051822192599,56.4432146801461,172.195720461543,342.242498128395,7984.21422848902,110.580807161752,0,18.648639211502,143.092768614027,0,805.559289975266,0,5.88476754040373,143.092768614027,143.092768614027,62.874095300103,23.3828702150374,0,27.2722640976579,143.092768614027,118.414190998241,13.2025729785585,143.092768614027,143.092768614027,0,2.74098585536454,847.786188240098,21.9354172857115,0,138.232067510549,143.092768614027,342.242498128395,286.705874568469,78.0345074911089,0,13.2025729785585,13.2025729785585,2.74098585536454,138.232067510549,138.232067510549,0,148.238055006024,138.232067510549,2.74098585536454,21.9354172857115,32.5818959683162,20.9114784355214,117.502407610028,7984.21422848902,0,7984.21422848902,7984.21422848902,7984.21422848902,24.8670579164452,78.0345074911089,21.9354172857115,2.74098585536454,57.7242540542357,117.502407610028,0,584.030485232068,54.0074427648457,13.2025729785585,24.8670579164452,0,2.74098585536454
"153",0,9.07475523584047,70.3865878464277,3.9770851106475,3.9770851106475,0,0,33.4515849892589,33.0053393299509,14.7320765259965,20.9640628549792,18.3066052153978,16.6378988326415,13.9276331007016,0,56.4972913217987,7.72763351746684,0,0,30.403480908392,6.13019398027873,28.5603774846584,28.6310509078373,6.5685530050707,32.5223742951128,0,21.016562261107,21.016562261107,0,0,0,0,0,455.313240131579,60.2159252217487,60.2159252217487,0,150.508135618817,16.0247113721001,0,20.4654326494202,0,18.1459001282298,38.454607964192,20.9640628549792,8.3717725686766,0,26.984995633779,26.984995633779,24.8670579164452,59.4694844253491,0,31.3633611953826,22.2594148969436,0,16.0247113721001,0,0,30.3542160087719,30.3542160087719,185.474134593911,0,12.1342710156659,0,2.60573555404487,0,112.269018114636,0,0,79.9574470474968,33.4515849892589,3.0319124429571,33.1702303567684,0,38.454607964192,185.474134593911,0,4.30149494692092,51.3833123659462,0,33.0053393299509,49.0206404328578,30.403480908392,1.7132693976573,126.086743421053,59.4694844253491,224.154210526316,0,74.8887568006252,21.4265054179567,55.4133760809224,94.2704623708805,52.8058846905848,0,27.8112859295641,4.59059034335357,66.8733158196697,26.3493576252652,0,3.0319124429571,21.016562261107,35.7985839906893,133.364061182705,24.8670579164452,24.2609090023857,0,26.3493576252652,30.403480908392,0,147.171956406167,0,4.30149494692092,30.403480908392,30.403480908392,64.6429932922781,12.1342710156659,0,14.5264443511571,30.403480908392,60.2159252217487,8.3717725686766,30.403480908392,30.403480908392,0,3.9770851106475,79.9574470474968,30.3542160087719,0,29.4939750692521,30.403480908392,133.364061182705,113.532652084757,54.208438676269,0,8.3717725686766,8.3717725686766,3.9770851106475,29.4939750692521,29.4939750692521,0,31.3633611953826,29.4939750692521,3.9770851106475,30.3542160087719,18.6079485111246,5.7523343199638,51.3833123659462,24.8670579164452,0,18.7034963853794,24.8670579164452,24.8670579164452,1380.318033241,54.208438676269,30.3542160087719,3.9770851106475,16.0247113721001,51.3833123659462,0,108.731520031422,15.1245920597341,8.3717725686766,1380.318033241,0,3.9770851106475
"154",0,53.4536376314096,617.373884924175,11.3911639492005,11.3911639492005,0,0,259.467734124815,66.949462907354,96.3788057259239,63.4059665597801,125.530242951289,12.8504096674873,6.5592888619535,0,479.867883281972,48.0783010034026,0,0,231.515206846566,19.779560986821,56.1734269754753,215.450886371498,39.838088423409,108.166940903723,0,3715.84496644295,3715.84496644295,0,0,0,0,0,4615.12281189219,59.1102655778465,59.1102655778465,0,662.405862412762,28.02613156052,0,40.7826295125922,2681.16658595642,30.623571361408,306.113618911298,63.4059665597801,9.34638596080554,0,36.9209824951375,36.9209824951375,78.0345074911089,509.082263156282,0,240.275241700219,68.19827798581,0,28.02613156052,0,0,32.4147946488686,32.4147946488686,837.86455811138,0,22.1688708973481,0,5.78768185421464,0,293.252595338983,0,0,713.317123797526,524.576071165386,3.25894053179295,110.792007684149,0,306.113618911298,837.86455811138,0,1.60936208911909,188.183483639989,0,66.949462907354,407.020469675311,231.515206846566,7.49208248683797,541.389406779661,1031.21791767554,2199.39446504237,617.373884924175,0,151.92795009467,66.949462907354,782.731672452522,194.466376830825,0,208.072794919012,9.50586372726452,110.792007684149,82.9498256254318,0,3.25894053179295,3715.84496644295,281.241250275149,577.28467161741,78.0345074911089,176.540023949889,0,82.9498256254318,231.515206846566,0,1400.60941057425,0,1.60936208911909,231.515206846566,231.515206846566,54.208438676269,22.1688708973481,0,40.6667697696587,231.515206846566,59.1102655778465,9.34638596080554,231.515206846566,231.515206846566,0,11.3911639492005,713.317123797526,32.4147946488686,0,223.253363620479,231.515206846566,577.28467161741,479.867883281972,14314.7029589199,62.2883305978517,9.34638596080554,9.34638596080554,11.3911639492005,223.253363620479,223.253363620479,2681.16658595642,240.275241700219,223.253363620479,11.3911639492005,32.4147946488686,47.610771440119,30.8427664819878,188.183483639989,78.0345074911089,0,128.843245549393,78.0345074911089,78.0345074911089,54.208438676269,14314.7029589199,32.4147946488686,11.3911639492005,28.02613156052,188.183483639989,0,1005.43746973366,79.2351510063112,9.34638596080554,54.208438676269,0,11.3911639492005
"155",0,15.7738148148148,271.602109394162,6.75681006901293,6.75681006901293,0,0,62.4019047619048,38.5692023685127,26.351628947431,55.4215115115115,33.1454082854406,22.4487761167403,2.39812407281075,286.796632996633,107.548737373737,20.9265835894063,0,0,113.606422488971,7.22544942023973,49.8501688200603,160.947936046512,17.6311089881379,29.1277830387205,0,8.75346281847574,8.75346281847574,0,0,0,0,0,898.071208434712,52.1239785351158,52.1239785351158,0,289.495895424837,26.9992880306244,0,27.0824907672365,0,14.4306539474027,72.161733463669,55.4215115115115,10.0151205173427,0,34.4691610894942,34.4691610894942,21.9354172857115,113.397009728623,271.402401960784,177.086486486486,19.5088407329105,0,26.9992880306244,0,0,2734.12790123457,2734.12790123457,0,0,23.5295000106245,0,1.59175145993927,0,69.4855547188755,466.044528619529,0,309.653747203579,189.447698887938,7.8536245966169,29.7403325007386,60.3116448801743,219.141460518504,0,0,5.15505742471008,94.7887176853279,0,19.1973405454136,186.889755274262,113.606422488971,2.71131270690094,119.840021645022,113.397009728623,439.413412698413,134.907626705653,0,159.063678804855,19.1973405454136,178.571488469602,97.5442036645525,1347.10681265207,51.4435214866434,7.13767980017726,29.7403325007386,17.5690069335364,0,7.8536245966169,8.75346281847574,66.9764592028065,385.960892296968,21.9354172857115,44.5781723027375,0,17.5690069335364,113.606422488971,0,286.796632996633,0,5.15505742471008,113.606422488971,113.606422488971,5.99589452025125,23.5295000106245,0,12.4128082683167,113.606422488971,52.1239785351158,10.0151205173427,113.606422488971,113.606422488971,0,6.75681006901293,309.653747203579,2734.12790123457,0,54.7068721901092,113.606422488971,385.960892296968,216.485200391007,32.4147946488686,18.0272169312169,10.0151205173427,10.0151205173427,6.75681006901293,54.7068721901092,54.7068721901092,0,177.086486486486,54.7068721901092,6.75681006901293,2734.12790123457,31.1049818115423,19.5253526590492,94.7887176853279,21.9354172857115,0,33.9034873396405,21.9354172857115,21.9354172857115,30.3542160087719,32.4147946488686,2734.12790123457,6.75681006901293,26.9992880306244,94.7887176853279,107.663762761303,210.677663622527,8.40580416448422,10.0151205173427,30.3542160087719,0,6.75681006901293
"156",0,6.34588570155051,13.146812082529,121.2747267457,121.2747267457,21.7446433130052,0,6.59068247935513,2.46151482992919,6.38314241031274,9.5573505263862,7.71392704976371,5.9554968087025,2.44132314488301,0,5.33762014858512,72.2799626629417,0,0,6.04346574236133,3.68111734385181,5.46666712451258,8.59923670840639,62.9163638779857,5.19077856864275,17.1642967198043,6.01220169113719,6.01220169113719,0,0,0,0,0,40.2991704738174,6.80650554627386,6.80650554627386,4.67591578008985,6.96007698486827,6.79722118846456,0,5.98651697564343,24.1045270834089,8.84009777963154,113.097671974907,9.5573505263862,4.10850905575782,0,4.08604992609691,4.08604992609691,2.74098585536454,11.217474724963,8.59923670840639,15.609232529616,6.25983217193791,0,6.79722118846456,0,0,6.75681006901293,6.75681006901293,0,0,4.26693195619803,0,1.71122391731917,0,10.8773927020514,43.6235128193007,6.56341606247836,22.2870125699523,9.90071320449931,1.19235473297768,8.82633919703814,12.8342578576843,11.245060009257,0,13.9413737166416,2.38911733493127,12.9908255086888,0,3.69736503419709,14.0700633201799,6.04346574236133,0.80040120923362,11.7962215241265,5.60025213197852,20.0560113116599,19.750279431909,6.96007698486827,8.8619584865474,6.17932146102556,22.5822390901678,5.3015822030958,0,11.1859989702847,2.90150417452948,10.606781258561,5.33734529216044,0,1.19235473297768,6.01220169113719,3.50025214300481,12.4359462236432,2.74098585536454,7.41200418039605,0,5.33734529216044,6.04346574236133,0,13.3088683177527,0,2.38911733493127,6.04346574236133,6.04346574236133,7.01101203257046,4.26693195619803,0.561765427402759,6.13234424481559,6.04346574236133,6.80650554627386,4.10850905575782,6.04346574236133,6.04346574236133,0,121.2747267457,22.2870125699523,6.75681006901293,0.561765427402759,2.93558022144155,6.04346574236133,12.4359462236432,5.33762014858512,11.3911639492005,121.2747267457,4.10850905575782,4.10850905575782,121.2747267457,2.93558022144155,2.93558022144155,24.1045270834089,15.609232529616,2.93558022144155,121.2747267457,6.75681006901293,4.82876619886598,2.88278201601994,12.9908255086888,2.74098585536454,0,3.91899071607147,2.74098585536454,2.74098585536454,3.9770851106475,11.3911639492005,6.75681006901293,121.2747267457,6.79722118846456,12.9908255086888,8.16995268985746,9.93572339519348,7.79671027972456,4.10850905575782,3.9770851106475,0,121.2747267457
"157",0,13.7795146839224,231.067526397062,6.79722118846456,6.79722118846456,0,0,107.611448007775,67.7613315791084,92.6923875374596,64.6592391463023,28.6490923955789,24.0039698730903,10.8255482209874,0,91.7143022793533,22.3943665200059,0,0,97.4909580743428,28.6306649509039,88.0991235964194,138.169590173026,18.9037677046839,50.6842196806952,0,15.4762389272926,15.4762389272926,0,0,0,0,0,758.335707437337,92.0713611293318,92.0713611293318,79.2926459004654,122.329866916092,2305.9596001666,0,30.0175390277252,0,22.6716009647474,124.258086959124,64.6592391463023,21.0452636260315,0,20.0874702947846,20.0874702947846,57.7242540542357,96.65698922854,138.169590173026,100.675990859664,51.4119405294979,0,2305.9596001666,0,0,26.9992880306244,26.9992880306244,151.328598760933,0,13.8913228925699,553.882452981193,3.83994890803446,196.280290228425,59.5112467037377,196.280290228425,114.829289032686,130.777801398337,53.5084548104956,5.3116243314653,51.7362730806608,104.044217687075,61.7780319344796,151.328598760933,246.169979102752,5.25576874882923,122.936192417005,0,50.6009943610225,79.2926459004654,97.4909580743428,7.30467894260336,205.440037105751,96.65698922854,371.684277658432,0,122.329866916092,67.8223411813705,67.7613315791084,230.07424969988,41.7098635689049,564.960102040816,44.21234657943,9.64873270718221,158.252129423198,23.2935882830581,0,5.3116243314653,15.4762389272926,57.3854852250702,217.571284482984,57.7242540542357,38.3804417147294,0,23.2935882830581,97.4909580743428,0,242.99359227562,0,5.25576874882923,97.4909580743428,97.4909580743428,37.8442173615858,13.8913228925699,5.19360270307792,21.8454637639034,97.4909580743428,92.0713611293318,21.0452636260315,97.4909580743428,97.4909580743428,0,6.79722118846456,130.777801398337,26.9992880306244,5.19360270307792,46.9821290678434,97.4909580743428,217.571284482984,91.7143022793533,28.02613156052,0,21.0452636260315,21.0452636260315,6.79722118846456,46.9821290678434,46.9821290678434,0,100.675990859664,46.9821290678434,6.79722118846456,26.9992880306244,27.441899309815,17.1737795736392,122.936192417005,57.7242540542357,0,58.8806776488605,57.7242540542357,57.7242540542357,16.0247113721001,28.02613156052,26.9992880306244,6.79722118846456,2305.9596001666,122.936192417005,61.6320111317254,178.78484241798,45.2148941209137,21.0452636260315,16.0247113721001,0,6.79722118846456
"158",0,79.194979338843,2097.20037878788,12.9908255086888,12.9908255086888,0,0,414.830844155844,305.088417172806,295.727432966563,190.654579889807,193.323353456035,73.5370013178653,18.3453861407135,0,791.94979338843,33.7255827080646,0,0,367.929891015417,27.5920525422828,340.879886987871,341.110904983571,27.8406540359033,333.870343321183,0,39.5864165459121,39.5864165459121,0,0,0,0,0,8206.43626482213,177.172747895096,177.172747895096,0,1110.28255347594,122.936192417005,0,58.4314013128733,0,43.1029993356723,1000.87335797212,190.654579889807,39.6335201422781,0,53.9280097402597,53.9280097402597,117.502407610028,842.625152191559,0,774.880742076945,311.066161292471,0,122.936192417005,0,0,94.7887176853279,94.7887176853279,0,0,31.2587312699721,0,4.56096739647787,0,471.870085227273,0,0,1199.66970820493,840.436515432619,11.1938690026476,518.538555194805,0,493.674021161924,0,1110.28255347594,6.62335776765928,25738.368285124,0,100.1315830721,666.169532085562,367.929891015417,10.4755263675718,1826.59387829912,842.625152191559,3852.00069573284,0,1110.28255347594,236.230330526795,201.815593788729,1281.0952540107,306.243430109642,0,328.829327684511,19.8230037553904,342.400061842919,79.5873505425668,0,11.1938690026476,39.5864165459121,451.550320791649,961.3651991048,117.502407610028,276.621447128836,0,79.5873505425668,367.929891015417,0,2419.84659090909,0,6.62335776765928,367.929891015417,367.929891015417,51.3833123659462,31.2587312699721,0,119.966970820493,367.929891015417,177.172747895096,39.6335201422781,367.929891015417,367.929891015417,0,12.9908255086888,1199.66970820493,94.7887176853279,0,354.12389135255,367.929891015417,961.3651991048,1608.64801782025,188.183483639989,0,39.6335201422781,39.6335201422781,12.9908255086888,354.12389135255,354.12389135255,0,774.880742076945,354.12389135255,12.9908255086888,94.7887176853279,68.5359600911071,44.7659184340839,25738.368285124,117.502407610028,0,198.682141148325,117.502407610028,117.502407610028,51.3833123659462,188.183483639989,94.7887176853279,12.9908255086888,122.936192417005,25738.368285124,0,1715.89121900826,114.462118915045,39.6335201422781,51.3833123659462,0,12.9908255086888
"159",0,0,0,8.16995268985746,8.16995268985746,0,0,0,73.8559194290669,106.750390436711,434.527848266841,0,0,21.4396732025675,1597.86695526696,0,25.964078742373,0,0,523.996855775803,21.4396732025675,317.690779029512,995.594025974026,21.5020900352762,0,0,0,0,0,0,0,0,0,0,0,0,0,750.613557279506,61.6320111317254,0,0,0,0,0,434.527848266841,93.6295322232626,0,0,0,0,0,2370.32414904863,1113.01052043779,0,0,61.6320111317254,0,0,107.663762761303,107.663762761303,2941.52780401417,0,48.5135509309967,1826.59387829912,3.6189990558403,0,0,9771.85507774198,0,0,0,15.966279494508,0,1463.16305496829,0,2941.52780401417,0,31.9656076928669,0,0,73.8559194290669,929.221090909091,523.996855775803,0,0,0,0,1417.82560819462,1522.67321619557,341.625401069519,73.8559194290669,1810.17095631641,0,7947.28564593301,470.155974902109,15.4672764728158,0,29.9530718298133,0,15.966279494508,0,0,2724.78365003418,0,0,0,29.9530718298133,523.996855775803,0,0,0,31.9656076928669,523.996855775803,523.996855775803,0,48.5135509309967,0,44.6388728634393,523.996855775803,0,93.6295322232626,523.996855775803,523.996855775803,0,8.16995268985746,0,107.663762761303,0,249.790615835777,523.996855775803,2724.78365003418,0,0,280.449021401134,93.6295322232626,93.6295322232626,8.16995268985746,249.790615835777,249.790615835777,0,1113.01052043779,249.790615835777,8.16995268985746,107.663762761303,78.4000141602945,67.8949762916939,0,0,0,0,0,0,0,0,107.663762761303,8.16995268985746,61.6320111317254,0,16472.5557024793,0,0,93.6295322232626,0,0,8.16995268985746
"160",0,374.095202702703,7954.89798850575,9.93572339519348,9.93572339519348,0,0,2579.16568322981,487.034570724842,752.256657608696,456.815924092409,1037.5953898051,228.567213129793,36.6818320347697,0,5719.63739669422,69.4971841004184,0,0,2230.10566595059,110.692822551982,396.378078465063,2035.51801470588,56.774087366694,865.09515625,0,174.180232802013,174.180232802013,0,0,0,0,0,98868.0178571429,420.714969604863,420.714969604863,0,8723.64863445378,178.78484241798,0,124.78833844212,0,58.491896974307,3189.29089861751,456.815924092409,53.5579728370221,0,492.143022222222,492.143022222222,584.030485232068,6179.25111607143,0,2338.09501689189,497.777121793335,0,178.78484241798,0,0,210.677663622527,210.677663622527,0,0,64.1405120481928,0,7.32054430863254,0,3017.77380087209,0,0,9612.16840277778,2579.16568322981,8.53578953535221,890.702863577864,0,3189.29089861751,0,0,8.43871780958884,1715.89121900826,0,487.034570724842,4613.84083333333,2230.10566595059,546.567666286416,6697.51088709677,6179.25111607143,40710.3602941177,0,0,1313.2374288425,984.111091361536,4316.48310810811,1788.3104005168,0,1947.68140243902,26.0227909381463,890.702863577864,174.180232802013,0,8.53578953535221,174.180232802013,2859.81869834711,7285.01184210526,584.030485232068,1583.69822654462,0,174.180232802013,2230.10566595059,0,23069.2041666667,0,8.43871780958884,2230.10566595059,2230.10566595059,108.731520031422,64.1405120481928,0,272.79311194324,2230.10566595059,420.714969604863,53.5579728370221,2230.10566595059,2230.10566595059,0,9.93572339519348,9612.16840277778,210.677663622527,0,2129.465,2230.10566595059,7285.01184210526,5719.63739669422,1005.43746973366,0,53.5579728370221,53.5579728370221,9.93572339519348,2129.465,2129.465,0,2338.09501689189,2129.465,9.93572339519348,210.677663622527,148.164445514879,199.158597122302,1715.89121900826,584.030485232068,0,1071.32527089783,584.030485232068,584.030485232068,108.731520031422,1005.43746973366,210.677663622527,9.93572339519348,178.78484241798,1715.89121900826,0,346038.0625,165.489269488283,53.5579728370221,108.731520031422,0,9.93572339519348
"161",0,52.3185353177415,214.124183006536,7.79671027972456,7.79671027972456,0,0,49.7605626207702,47.3858405867803,108.756722885508,91.612625134442,26.7391529025403,15.0496930455831,18.6430016929653,0,85.0791228717192,14.0483493229065,0,0,136.764928199723,22.8822372200479,40.7800261721618,42.4066253063725,11.8743189263674,120.018750867092,0,36.7978309213998,36.7978309213998,521.927696078431,521.927696078431,1057.41195569137,1057.41195569137,0,700.393295382669,71.5849486444833,71.5849486444833,73.6006513791958,113.359861591696,45.2148941209137,0,16.8808833438522,414.882652678906,56.7194152478128,293.460877953632,91.612625134442,14.1683799410501,292.617144971196,38.0359570631172,38.0359570631172,54.0074427648457,180.333821900853,0,46.5726987491693,64.4597491049859,0,45.2148941209137,0,0,8.40580416448422,8.40580416448422,0,0,26.5576321409856,0,3.14247755687641,0,55.3129895300511,181.641317542075,106.432314494425,121.161786589636,49.7605626207702,7.35375005312819,97.539048323732,0,115.449444293847,0,461.634135156543,5.01359116922631,114.462118915045,0,47.3858405867803,73.6006513791958,136.764928199723,2.29872164280732,190.457825937392,180.333821900853,343.547344254157,0,113.359861591696,31.4578269441651,47.3858405867803,141.539714190761,78.0826857715035,0,41.1579530333554,12.2687391523291,147.701987461651,74.8558615318887,0,7.35375005312819,36.7978309213998,53.3469094763212,100.24096101968,54.0074427648457,35.7578922214472,130.013126687801,74.8558615318887,136.764928199723,0,224.763893963382,0,5.01359116922631,136.764928199723,136.764928199723,219.903608236924,26.5576321409856,0,30.8957958214908,136.764928199723,71.5849486444833,14.1683799410501,136.764928199723,136.764928199723,0,7.79671027972456,121.161786589636,8.40580416448422,0,43.7216918180885,136.764928199723,100.24096101968,171.141819418256,79.2351510063112,29.5779568025557,14.1683799410501,14.1683799410501,7.79671027972456,43.7216918180885,43.7216918180885,414.882652678906,46.5726987491693,43.7216918180885,7.79671027972456,8.40580416448422,59.129063608014,16.1589125454201,114.462118915045,54.0074427648457,0,82.807750407562,54.0074427648457,54.0074427648457,15.1245920597341,79.2351510063112,8.40580416448422,7.79671027972456,45.2148941209137,114.462118915045,0,165.489269488283,2128.6462898885,14.1683799410501,15.1245920597341,292.617144971196,7.79671027972456
"162",0,14.7993706563707,70.1751524139067,4.10850905575782,4.10850905575782,58.6333348630168,0,16.9870238649206,35.559238540536,47.2374667258208,93.5129408535748,38.4953224567271,9.64179310969352,12.129742862839,0,28.2197853167241,10.5860143336509,131.787416193914,131.787416193914,126.819921089853,6.46575779198105,79.5087431807339,668.591836734694,9.07990619336958,34.2578024453024,93.4590739521615,8.77091051377864,8.77091051377864,0,0,0,0,0,444.101147028154,26.8199088145897,26.8199088145897,24.5825685425685,37.1515512779506,21.0452636260315,0,4.6036514181944,0,10.6362234417826,38.9928586687826,93.5129408535748,668.591836734694,0,18.5776663031625,18.5776663031625,13.2025729785585,29.6644842237236,181.9191741813,97.3642806340175,23.9142576388564,0,21.0452636260315,0,0,10.0151205173427,10.0151205173427,137.720501580914,0,14.3170785821859,81.4846301020408,2.7298305712434,0,37.6496640735502,358.127347472671,70.1751524139067,79.497200099552,34.0850740296118,10.2212593742861,26.1011828154685,100.399104196134,19.4320846831227,137.720501580914,37.1515512779506,11.2916850047988,39.6335201422781,0,17.6302107049716,74.2476900726392,126.819921089853,1.02175084767449,31.2543786692759,29.6644842237236,109.42780061665,34.9665845648604,0,33.4479698421425,23.5729783583329,143.758654314968,54.4202657807309,331.864675324675,42.9438251341631,24.8829978451313,8.64845161945375,5.83335159567183,0,10.2212593742861,8.77091051377864,18.1346817117309,66.2524760176303,13.2025729785585,12.4778213992734,0,5.83335159567183,126.819921089853,131.787416193914,72.173021521776,0,11.2916850047988,126.819921089853,126.819921089853,10.4875644351052,14.3170785821859,0,11.9600016225256,126.819921089853,26.8199088145897,668.591836734694,126.819921089853,126.819921089853,0,4.10850905575782,79.497200099552,10.0151205173427,0,45.4382801664355,126.819921089853,66.2524760176303,28.2197853167241,9.34638596080554,16.6684945446323,668.591836734694,668.591836734694,4.10850905575782,45.4382801664355,45.4382801664355,0,97.3642806340175,45.4382801664355,4.10850905575782,10.0151205173427,31.9631505872641,56.5146109513836,39.6335201422781,13.2025729785585,0,19.5256280946268,13.2025729785585,13.2025729785585,8.3717725686766,9.34638596080554,10.0151205173427,4.10850905575782,21.0452636260315,39.6335201422781,93.6295322232626,53.5579728370221,14.1683799410501,668.591836734694,8.3717725686766,0,4.10850905575782
"163",0,9.07475523584047,70.3865878464277,3.9770851106475,3.9770851106475,0,0,33.4515849892589,33.0053393299509,14.7320765259965,20.9640628549792,18.3066052153978,16.6378988326415,13.9276331007016,0,56.4972913217987,7.72763351746684,0,0,30.403480908392,6.13019398027873,28.5603774846584,28.6310509078373,6.5685530050707,32.5223742951128,0,21.016562261107,21.016562261107,0,0,0,0,0,455.313240131579,60.2159252217487,60.2159252217487,0,150.508135618817,16.0247113721001,0,20.4654326494202,0,18.1459001282298,38.454607964192,20.9640628549792,8.3717725686766,0,26.984995633779,26.984995633779,24.8670579164452,59.4694844253491,0,31.3633611953826,22.2594148969436,0,16.0247113721001,0,0,30.3542160087719,30.3542160087719,185.474134593911,0,12.1342710156659,0,2.60573555404487,0,112.269018114636,0,0,79.9574470474968,33.4515849892589,3.0319124429571,33.1702303567684,0,38.454607964192,185.474134593911,0,4.30149494692092,51.3833123659462,0,33.0053393299509,49.0206404328578,30.403480908392,1.7132693976573,126.086743421053,59.4694844253491,224.154210526316,0,74.8887568006252,21.4265054179567,55.4133760809224,94.2704623708805,52.8058846905848,0,27.8112859295641,4.59059034335357,66.8733158196697,26.3493576252652,0,3.0319124429571,21.016562261107,35.7985839906893,133.364061182705,24.8670579164452,24.2609090023857,0,26.3493576252652,30.403480908392,0,147.171956406167,0,4.30149494692092,30.403480908392,30.403480908392,64.6429932922781,12.1342710156659,0,14.5264443511571,30.403480908392,60.2159252217487,8.3717725686766,30.403480908392,30.403480908392,0,3.9770851106475,79.9574470474968,30.3542160087719,0,29.4939750692521,30.403480908392,133.364061182705,113.532652084757,54.208438676269,0,8.3717725686766,8.3717725686766,3.9770851106475,29.4939750692521,29.4939750692521,0,31.3633611953826,29.4939750692521,3.9770851106475,30.3542160087719,18.6079485111246,5.7523343199638,51.3833123659462,24.8670579164452,0,18.7034963853794,24.8670579164452,24.8670579164452,1380.318033241,54.208438676269,30.3542160087719,3.9770851106475,16.0247113721001,51.3833123659462,0,108.731520031422,15.1245920597341,8.3717725686766,1380.318033241,0,3.9770851106475
"164",0,0,0,0,0,0,0,0,0,0,0,0,0,0,0,0,0,0,0,0,0,0,0,0,0,0,0,0,0,0,0,0,0,0,0,0,0,0,0,0,219.767752947247,0,0,0,0,0,1016928.18367347,0,0,0,0,0,0,0,0,0,0,0,0,0,0,0,0,0,0,0,0,0,0,0,0,0,0,0,0,0,0,0,0,0,0,0,0,0,0,0,0,0,0,0,0,0,0,0,0,0,0,0,0,0,0,0,0,0,0,0,0,0,0,0,0,0,0,0,0,0,0,0,0,0,0,0,0,0,0,0,0,0,0,0,0,0,0,0,0,0,0,0,0,0,0,0,0,0,0,0,0,0,0,0,0,0,0,0,0,0,0,0,0,0,292.617144971196,0,0,1016928.18367347,0
"165",0,6.34588570155051,13.146812082529,121.2747267457,121.2747267457,21.7446433130052,0,6.59068247935513,2.46151482992919,6.38314241031274,9.5573505263862,7.71392704976371,5.9554968087025,2.44132314488301,0,5.33762014858512,72.2799626629417,0,0,6.04346574236133,3.68111734385181,5.46666712451258,8.59923670840639,62.9163638779857,5.19077856864275,17.1642967198043,6.01220169113719,6.01220169113719,0,0,0,0,0,40.2991704738174,6.80650554627386,6.80650554627386,4.67591578008985,6.96007698486827,6.79722118846456,0,5.98651697564343,24.1045270834089,8.84009777963154,113.097671974907,9.5573505263862,4.10850905575782,0,4.08604992609691,4.08604992609691,2.74098585536454,11.217474724963,8.59923670840639,15.609232529616,6.25983217193791,0,6.79722118846456,0,0,6.75681006901293,6.75681006901293,0,0,4.26693195619803,0,1.71122391731917,0,10.8773927020514,43.6235128193007,6.56341606247836,22.2870125699523,9.90071320449931,1.19235473297768,8.82633919703814,12.8342578576843,11.245060009257,0,13.9413737166416,2.38911733493127,12.9908255086888,0,3.69736503419709,14.0700633201799,6.04346574236133,0.80040120923362,11.7962215241265,5.60025213197852,20.0560113116599,19.750279431909,6.96007698486827,8.8619584865474,6.17932146102556,22.5822390901678,5.3015822030958,0,11.1859989702847,2.90150417452948,10.606781258561,5.33734529216044,0,1.19235473297768,6.01220169113719,3.50025214300481,12.4359462236432,2.74098585536454,7.41200418039605,0,5.33734529216044,6.04346574236133,0,13.3088683177527,0,2.38911733493127,6.04346574236133,6.04346574236133,7.01101203257046,4.26693195619803,0.561765427402759,6.13234424481559,6.04346574236133,6.80650554627386,4.10850905575782,6.04346574236133,6.04346574236133,0,121.2747267457,22.2870125699523,6.75681006901293,0.561765427402759,2.93558022144155,6.04346574236133,12.4359462236432,5.33762014858512,11.3911639492005,121.2747267457,4.10850905575782,4.10850905575782,121.2747267457,2.93558022144155,2.93558022144155,24.1045270834089,15.609232529616,2.93558022144155,121.2747267457,6.75681006901293,4.82876619886598,2.88278201601994,12.9908255086888,2.74098585536454,0,3.91899071607147,2.74098585536454,2.74098585536454,3.9770851106475,11.3911639492005,6.75681006901293,121.2747267457,6.79722118846456,12.9908255086888,8.16995268985746,9.93572339519348,7.79671027972456,4.10850905575782,3.9770851106475,0,121.2747267457
